{"type":"FeatureCollection","features":[{"type":"Feature","id":1,"properties":{"nome":null},"geometry":{"type":"Polygon","coordinates":[[[-48.85222400621895,-27.03026024199404],[-48.852188665645826,-27.02875142781034],[-48.85236368877825,-27.028279292071733],[-48.85246022900843,-27.027969879601525],[-48.85245000871541,-27.027712904572223],[-48.85230282243596,-27.027507906012953],[-48.852034799980565,-27.027301063884824],[-48.85122582158337,-27.026123749903256],[-48.85100440390934,-27.02585003350931],[-48.8507502065794,-27.025710983452697],[-48.85035878207818,-27.02563742188367],[-48.84969831801312,-27.025411063259327],[-48.848593064261266,-27.02467552095197],[-48.84843129879426,-27.02444326297838],[-48.84726447269999,-27.023873188665732],[-48.84436827152758,-27.02186370139147],[-48.84254456377268,-27.020686002047462],[-48.84070966917933,-27.019117836825284],[-48.83938567678541,-27.01831880121402],[-48.83709702748201,-27.017374470404306],[-48.83574634933622,-27.016280944690454],[-48.83311031217547,-27.015293441830767],[-48.831336156208465,-27.014548003583048],[-48.83086386687982,-27.013608445662115],[-48.830425506133764,-27.012283621035397],[-48.82948232994722,-27.01044062113901],[-48.82934992739142,-27.010291208321625],[-48.82776225695662,-27.00898659899064],[-48.825352950958475,-27.006942247353148],[-48.82434106309306,-27.006152578447566],[-48.82396924058354,-27.005562247088932],[-48.82365621582477,-27.00518080143833],[-48.82345872254008,-27.004997876709186],[-48.8230809527448,-27.00471660715134],[-48.822618541010925,-27.004409572567933],[-48.822128966686606,-27.004169252312277],[-48.8176707871635,-27.00041245861869],[-48.81588796902021,-26.998453006899247],[-48.8152366698435,-26.997162786479194],[-48.815153357092385,-26.996090850605796],[-48.81519359098792,-26.99400196868707],[-48.81513357970726,-26.99307004335898],[-48.814835969649515,-26.99232063174211],[-48.814405663550076,-26.991708808167417],[-48.81248718189311,-26.990049787231676],[-48.81004798452975,-26.988238617056115],[-48.805942307742264,-26.985381751584512],[-48.803093689256784,-26.983237719598243],[-48.80256536824864,-26.98232176440353],[-48.801888756612215,-26.981007822010948],[-48.8012713692693,-26.980383475576296],[-48.800866683362656,-26.98016724984781],[-48.80054218808837,-26.980023039231153],[-48.80011377402071,-26.979752708083872],[-48.79968161081533,-26.979362886381104],[-48.79873241636964,-26.97839716749432],[-48.7969655441864,-26.97820050452475],[-48.79614441174329,-26.977934091559874],[-48.79551827188339,-26.977353762455113],[-48.79482408152184,-26.9764095201788],[-48.79350639327912,-26.974973122053225],[-48.79230959788316,-26.97484703602196],[-48.78902767786648,-26.972387175251075],[-48.78376276116036,-26.96874242384927],[-48.76751442567777,-26.957373054255175],[-48.763327593840984,-26.954502825816547],[-48.76412762874564,-26.952700159398503],[-48.764051223736274,-26.95089252382857],[-48.762422206750806,-26.947234615056765],[-48.76126695060943,-26.945402912177173],[-48.75919643037792,-26.943299586427976],[-48.75557496243133,-26.941427771126932],[-48.75471837227823,-26.94164179289825],[-48.75425075158894,-26.9418829798105],[-48.753947033494065,-26.9424168482119],[-48.753519820813,-26.94365578141954],[-48.753183879091864,-26.944258198293554],[-48.75252969029199,-26.945285498639773],[-48.752248228086714,-26.945474393862433],[-48.75190890779078,-26.945468984579776],[-48.75140075299488,-26.945419443408664],[-48.75109584609273,-26.94523501337098],[-48.75061189135991,-26.94474384254441],[-48.75029650185228,-26.944310609575563],[-48.74971973963259,-26.94383176738467],[-48.749063121657024,-26.943489777895525],[-48.74792792061181,-26.94331078996368],[-48.74722796433549,-26.943274518050185],[-48.74630535647479,-26.94315940465488],[-48.74449765643459,-26.942452993858254],[-48.743666607552285,-26.941962934393167],[-48.742660962731904,-26.941796283844976],[-48.741511731309224,-26.941802975283725],[-48.741002470017825,-26.941953724719447],[-48.74014973575271,-26.94255169984802],[-48.73930106040031,-26.94294585747543],[-48.73802054310647,-26.943035103678056],[-48.73690093916518,-26.94289569064374],[-48.73457652598897,-26.942380555908183],[-48.73442313380833,-26.942238207690735],[-48.73419653972834,-26.941849883342964],[-48.73379700035195,-26.941808490816797],[-48.73352174233358,-26.941900238356357],[-48.733430036706075,-26.94209110765014],[-48.733214401431376,-26.94213135534149],[-48.7321443455369,-26.94185049573323],[-48.73197178229809,-26.94169034998954],[-48.731800969590076,-26.941442804027876],[-48.731695783423476,-26.9408106255846],[-48.73157202982411,-26.94065126449219],[-48.73136720696493,-26.940639226832264],[-48.73123977917292,-26.940663405618444],[-48.73103057891573,-26.940869866999837],[-48.73060644532972,-26.94108161235616],[-48.730214746276445,-26.94113650884776],[-48.728731941253486,-26.940499375378533],[-48.7280183997579,-26.940451996962015],[-48.726223290575085,-26.940370609390975],[-48.72527738783628,-26.940206178589897],[-48.72435645436198,-26.940357435134235],[-48.723303821140924,-26.940691359269437],[-48.722674326102684,-26.940917249445626],[-48.72091931515784,-26.9417206635263],[-48.72008289879359,-26.94205622738658],[-48.719703141802164,-26.942372533601578],[-48.7184172805121,-26.942666968199195],[-48.71785544445505,-26.942729575047647],[-48.71725125486744,-26.942726314274314],[-48.71657652055667,-26.942611102367245],[-48.71618947613795,-26.942631916023583],[-48.71527198683796,-26.94334796721677],[-48.71511586546681,-26.943508387782394],[-48.714998893828565,-26.943532564843093],[-48.714832426034405,-26.94348424080884],[-48.714132261663025,-26.94318610086032],[-48.71144279941763,-26.941804189270083],[-48.708811415304595,-26.940637636381364],[-48.70775829746242,-26.940198322390327],[-48.707639658559174,-26.940135625591644],[-48.70760779195114,-26.94005363817653],[-48.70791014534138,-26.93916129590418],[-48.70859620712635,-26.937746290494562],[-48.70868486392722,-26.93728949670872],[-48.7074414338115,-26.93640957301316],[-48.70678021573215,-26.938022873270782],[-48.70637320330077,-26.938611203187246],[-48.70617163858268,-26.939444180789426],[-48.69939151878189,-26.93775115927693],[-48.698949606599896,-26.937421250795087],[-48.69924757711087,-26.936646923870608],[-48.70052365230963,-26.935193590766794],[-48.70155559203745,-26.934110635802007],[-48.70195100424716,-26.934122107969017],[-48.702431161169294,-26.93418703010346],[-48.7025723403467,-26.934143650184968],[-48.7029893747536,-26.933862088375903],[-48.703331688541326,-26.93335003082166],[-48.7033195053654,-26.933007234693882],[-48.70321905082793,-26.93276798721857],[-48.70301261032002,-26.932570486913583],[-48.70459715269454,-26.93091720699349],[-48.70881725982789,-26.921252248370134],[-48.71372467792816,-26.908898676644363],[-48.73244800591069,-26.92020114455256],[-48.74706203029476,-26.929227604200868],[-48.75007193974761,-26.930528587300977],[-48.75212497937512,-26.931049755738844],[-48.753871918045476,-26.931459837387347],[-48.75583873271135,-26.932744091230855],[-48.75712303516594,-26.93376262980393],[-48.758573977734464,-26.935092943595023],[-48.75877121956091,-26.936038889925122],[-48.75925091937792,-26.938627737500905],[-48.76107264382797,-26.942736137622813],[-48.76265740343499,-26.94427276525361],[-48.76424017770159,-26.94591206669948],[-48.76765972153772,-26.94929736555043],[-48.76851470181474,-26.950068106460566],[-48.768604430915026,-26.950178117724803],[-48.76896031067817,-26.950428141913463],[-48.77027210432735,-26.950652074922107],[-48.77095022600792,-26.950728833156244],[-48.771706028821946,-26.950894862667408],[-48.772318491591435,-26.95116868313741],[-48.77270632346704,-26.95164439701155],[-48.773642006454736,-26.9529872240072],[-48.774242488206404,-26.953422268137796],[-48.77514070632128,-26.953961610827545],[-48.77725501256302,-26.954636426164196],[-48.77971498972634,-26.95432299901357],[-48.78096578591521,-26.95400517604198],[-48.78204590292543,-26.9538387397235],[-48.78294810145406,-26.953742871174384],[-48.78369031976977,-26.95370318003106],[-48.784340277795295,-26.953867479406743],[-48.78621498560653,-26.95459397511477],[-48.786711359135346,-26.954939285509113],[-48.7871882255092,-26.95537967332241],[-48.78773052763052,-26.95608523022599],[-48.78845169640125,-26.95712377132304],[-48.789201357964416,-26.958060032816004],[-48.79011754918943,-26.95905760066519],[-48.79081285747837,-26.960066375685834],[-48.791785841833885,-26.961321629892986],[-48.79399776054886,-26.963777585781678],[-48.79489628242235,-26.96432727131134],[-48.79615692012733,-26.964867939948608],[-48.79741442964131,-26.965569969841514],[-48.798472690082924,-26.966078106750594],[-48.799320585625836,-26.96650957716085],[-48.800178168710595,-26.966897169678557],[-48.80059845659687,-26.967119378729823],[-48.800835354137156,-26.967304782298346],[-48.80127190703955,-26.967553726225372],[-48.80173279924825,-26.96791310832076],[-48.80214842791373,-26.968330482489062],[-48.80253901595838,-26.96821917540104],[-48.80358936032823,-26.967773296194352],[-48.803837888404786,-26.967703795638567],[-48.80408371256938,-26.96777366165329],[-48.80434678795254,-26.967700590153132],[-48.80541742926204,-26.96850495618197],[-48.80725588505508,-26.970762397587805],[-48.807633122888994,-26.972770407017283],[-48.80904789449124,-26.975231245012736],[-48.81053354182046,-26.97638048973977],[-48.813232442539324,-26.97673965491631],[-48.815590572185094,-26.97854556927127],[-48.81650603269606,-26.979630674444465],[-48.81752822082098,-26.980577743600822],[-48.81742468717872,-26.98310046112957],[-48.81975605883216,-26.98371590301729],[-48.82056487720565,-26.985614756149467],[-48.823206829944574,-26.98630504373119],[-48.82589059816307,-26.989664192129933],[-48.82675481048674,-26.992006099297573],[-48.828733609410975,-26.99380352145274],[-48.8285605615231,-26.99782031598438],[-48.828751175671975,-26.99843190196286],[-48.830397559174536,-26.999910630694206],[-48.8317360996519,-27.001795254196445],[-48.83380281351275,-27.003257129767647],[-48.836086789372175,-27.004336832605556],[-48.837377243438375,-27.006084435227606],[-48.83925743231115,-27.006460205421575],[-48.83996519466455,-27.006913985706472],[-48.841019003407375,-27.007664465565938],[-48.84302567998885,-27.00851726058814],[-48.843673492347875,-27.010065753573578],[-48.84588509591723,-27.012929268464905],[-48.848376013318905,-27.01552755026816],[-48.85252515159602,-27.022899396680558],[-48.855471149404316,-27.024232987262362],[-48.8574210164469,-27.026686923231697],[-48.85765065925169,-27.02724677037404],[-48.85787097506534,-27.027553589546212],[-48.857988322186586,-27.027749952027275],[-48.858030132994934,-27.027887709914527],[-48.858072300968054,-27.027943571082567],[-48.8577721317763,-27.027778391548942],[-48.85727394962402,-27.027615601495597],[-48.85699251258704,-27.027736952371928],[-48.856184742841755,-27.02869921355916],[-48.8565512014752,-27.02879219141635],[-48.856819354021354,-27.028913963893746],[-48.857048677024345,-27.029045842599764],[-48.85713596229056,-27.02919695594086],[-48.857153995663495,-27.02960378813875],[-48.85682296460632,-27.03008019592294],[-48.856328143061624,-27.030441451697115],[-48.856552831951284,-27.03067258609435],[-48.85669804064825,-27.0309263432205],[-48.856727596652135,-27.03127966397737],[-48.856962500823606,-27.03199193314004],[-48.8571393352436,-27.032314884748036],[-48.85738221188399,-27.03257467263966],[-48.85822019027172,-27.032942480677576],[-48.858748502697246,-27.033041646991602],[-48.85913815531889,-27.032911243501434],[-48.86025544541019,-27.032727807198466],[-48.86074001433717,-27.032597317308905],[-48.861283964253786,-27.032605586279836],[-48.86221284645885,-27.032568162059295],[-48.86288579753729,-27.03261271069083],[-48.86315294634349,-27.032702667358866],[-48.86336511181844,-27.032833011402257],[-48.86389404286185,-27.032787547485857],[-48.864151361255935,-27.03280215262968],[-48.864560763928,-27.03294745299016],[-48.86509629881333,-27.033233750706096],[-48.86534921287299,-27.033470311731932],[-48.86566030220187,-27.033666535616526],[-48.865873023809854,-27.03384296809597],[-48.86602866703932,-27.034082557808034],[-48.86611176535922,-27.03430460659253],[-48.86589991496964,-27.034635336440168],[-48.865741992588006,-27.034833434390876],[-48.86669715624774,-27.03592191441839],[-48.86708704803077,-27.0365182152726],[-48.86800881858557,-27.037329056662994],[-48.86749480638739,-27.03794360142061],[-48.86684108070981,-27.03823060943816],[-48.86508603874185,-27.037999400043862],[-48.86487427508721,-27.038395805570456],[-48.86458628401527,-27.038690022387772],[-48.86380339592142,-27.038811353601133],[-48.86321353902622,-27.03829289144204],[-48.86257903243314,-27.037793367762685],[-48.86171149382036,-27.037225013331394],[-48.86016573452446,-27.03607851427395],[-48.85857317033426,-27.034977184599633],[-48.857124021709424,-27.033878132446052],[-48.85538952519974,-27.032673857960095],[-48.852927870756325,-27.03078088893258],[-48.85222400621895,-27.03026024199404]]]}},{"type":"Feature","id":2,"properties":{"nome":null},"geometry":{"type":"Polygon","coordinates":[[[-48.76333214312124,-26.955106797170544],[-48.77714650071451,-26.964899072302476],[-48.775876147374085,-26.964675265686186],[-48.77475708359474,-26.964861367750874],[-48.77355852567553,-26.96561674467255],[-48.77232998012854,-26.96673841231663],[-48.77177660075476,-26.96709643998044],[-48.77072555175082,-26.96715791738024],[-48.76954782380085,-26.966854012673718],[-48.76869271247573,-26.966351443143132],[-48.76812420061442,-26.966322065647656],[-48.76773452766472,-26.966458528592952],[-48.76741432762894,-26.966534962096496],[-48.764726438963685,-26.96536901088599],[-48.76473207201124,-26.965083831852812],[-48.765036349969165,-26.964660752811746],[-48.76520127460397,-26.964378098613782],[-48.76507679421978,-26.963741955658868],[-48.76482902405672,-26.962766876469605],[-48.764311785353506,-26.961524709565026],[-48.76360649453754,-26.960700116063077],[-48.76310283719045,-26.95911541777023],[-48.762969536869555,-26.958146263999275],[-48.76288256832636,-26.956492217235052],[-48.76297649036326,-26.955721088015085],[-48.76333214312124,-26.955106797170544]]]}},{"type":"Feature","id":3,"properties":{"nome":null},"geometry":{"type":"MultiPolygon","coordinates":[[[[-48.684365718810696,-26.892930103415996],[-48.684646203114355,-26.892393413765443],[-48.684746526143364,-26.891914368780814],[-48.684777674279495,-26.89153674394199],[-48.68463888107869,-26.89099259112651],[-48.68454629515756,-26.890487956402385],[-48.68448902191637,-26.89026049431432],[-48.6851688673381,-26.89079922268304],[-48.68567732461794,-26.891161470771706],[-48.68627832033136,-26.891516683872215],[-48.68653630360337,-26.891783070344037],[-48.68699928054544,-26.892223217028377],[-48.68739968861531,-26.892549603467515],[-48.68766059912007,-26.89285208112447],[-48.68801730864951,-26.89332081169255],[-48.68852401113872,-26.894146851238332],[-48.68861775627014,-26.894394159904557],[-48.68870258712745,-26.89471996899531],[-48.688781752931476,-26.89514201223956],[-48.688710516848666,-26.895406281408544],[-48.68850868075292,-26.89561598085499],[-48.688242279540255,-26.895762360137994],[-48.68791204448118,-26.89580938489117],[-48.687675380767374,-26.89575307658659],[-48.68735673430739,-26.89559056291796],[-48.68662992648276,-26.895279827875754],[-48.686371469237464,-26.89503637343243],[-48.68612922965995,-26.894894770564395],[-48.686031148809164,-26.8948603929936],[-48.68587842403487,-26.894635055184082],[-48.68542289538736,-26.894311549179054],[-48.685302353671425,-26.89412278526504],[-48.685126440611036,-26.894009348427513],[-48.68497862367143,-26.89382277940937],[-48.68469946126243,-26.893650168548866],[-48.68446659660065,-26.893207865817914],[-48.68442531822346,-26.893089796549223],[-48.6844143515256,-26.8929975430925],[-48.684365718810696,-26.892930103415996]]],[[[-48.684314327700136,-26.88962159155595],[-48.68453025850048,-26.889588915982856],[-48.68468965663333,-26.889637710881022],[-48.68502967267458,-26.889958861783686],[-48.68549160564496,-26.89034101971273],[-48.68584286954087,-26.89067261479587],[-48.685855499301105,-26.890745992151896],[-48.68580129578136,-26.890848642930838],[-48.68539161189555,-26.89053162644578],[-48.685243101511524,-26.89043808301831],[-48.685159546452674,-26.89036018495865],[-48.68504461239053,-26.890285847814805],[-48.6848851869419,-26.89013933714685],[-48.684728485082154,-26.890032812750345],[-48.684314327700136,-26.88962159155595]]]]}},{"type":"Feature","id":4,"properties":{"nome":null},"geometry":{"type":"Polygon","coordinates":[[[-48.71874129898974,-26.87859594025936],[-48.719065312098394,-26.87858663898193],[-48.72031750883726,-26.87842230253932],[-48.72137621532469,-26.877954937655172],[-48.72223036404574,-26.877415057904464],[-48.72245814945152,-26.877291851728103],[-48.722257224707576,-26.87768078442609],[-48.72191013082969,-26.878616701675668],[-48.72178828010473,-26.87891463322847],[-48.72169448104285,-26.87909767225123],[-48.72117100264031,-26.87919880486447],[-48.720929776220906,-26.879328720821203],[-48.72081092705268,-26.879476750529196],[-48.720647725269025,-26.879589462654618],[-48.720409258563286,-26.879602915034937],[-48.72019723270749,-26.879582192067797],[-48.71977415024815,-26.879171655415767],[-48.71929294131939,-26.87878513810962],[-48.71874129898974,-26.87859594025936]]]}},{"type":"Feature","id":5,"properties":{"nome":null},"geometry":{"type":"Polygon","coordinates":[[[-48.70306165671063,-26.902087956542307],[-48.70329211421971,-26.902100690958676],[-48.70346349611107,-26.90205855752518],[-48.703626301871665,-26.90194441216353],[-48.70368581752403,-26.901857224473233],[-48.703692329825444,-26.901138849287108],[-48.70358221705541,-26.900634121364376],[-48.70351190784924,-26.9001444095511],[-48.70351655906186,-26.899914572098954],[-48.70361511530262,-26.899801216952078],[-48.703737293701096,-26.899709801671296],[-48.70390598707421,-26.899698175928368],[-48.704017822617246,-26.89972154965402],[-48.70412003631299,-26.899823799016925],[-48.704212632414695,-26.900013727428735],[-48.70425319349499,-26.90038799687192],[-48.70425179446893,-26.901250152097795],[-48.704274890776766,-26.902091150795936],[-48.70436313025217,-26.902487751260583],[-48.70460025318268,-26.903059207604482],[-48.70306165671063,-26.902087956542307]]]}},{"type":"Feature","id":6,"properties":{"nome":null},"geometry":{"type":"Polygon","coordinates":[[[-48.690373702104765,-26.930572506665484],[-48.69028559850264,-26.930610840615717],[-48.68943821206713,-26.93110947871926],[-48.68894249386484,-26.931120481298617],[-48.688357601852935,-26.930686350872048],[-48.687900192449504,-26.930067316677178],[-48.68728408134487,-26.928791014691015],[-48.687101980876335,-26.92834149409193],[-48.68706322481292,-26.927789966388563],[-48.68715552964372,-26.927499305675774],[-48.68726699607183,-26.927445276184752],[-48.68730484579411,-26.92747167737259],[-48.68765556032481,-26.927215330416225],[-48.68779536826463,-26.927183248333787],[-48.687847078365216,-26.927235656336727],[-48.68794983103949,-26.927138516848885],[-48.68806573898215,-26.927101746305794],[-48.688214089799985,-26.927121364275934],[-48.68867560180724,-26.926977279866936],[-48.68948447291032,-26.92648349357893],[-48.68965127905662,-26.92739466593433],[-48.68952850363705,-26.927465088940455],[-48.68964405370538,-26.927758765925816],[-48.689765830693425,-26.927866949549976],[-48.68980685570993,-26.928234459483473],[-48.69016583265446,-26.929671686748765],[-48.690162269034445,-26.930110868650566],[-48.69004841754562,-26.930142792307148],[-48.690047335694,-26.930195870128014],[-48.690100041791766,-26.930254654055652],[-48.69017489553069,-26.930284840656075],[-48.690261021289444,-26.93029107802557],[-48.690393480369345,-26.930404263254175],[-48.690373702104765,-26.930572506665484]]]}},{"type":"Feature","id":7,"properties":{"nome":null},"geometry":{"type":"Polygon","coordinates":[[[-48.69009883028743,-26.933237979127025],[-48.69002838432998,-26.933289101562533],[-48.68990933505922,-26.93329130574167],[-48.68962074080843,-26.933504208572813],[-48.689328633374636,-26.933462351648473],[-48.688440339598,-26.93343967582505],[-48.688257885106694,-26.93349571906366],[-48.68777392919105,-26.93358375546333],[-48.68706427846416,-26.93375315614533],[-48.68600566626806,-26.934035498249333],[-48.68566678558659,-26.933983888082043],[-48.68543390425679,-26.934256141011467],[-48.685286217210304,-26.93433234616706],[-48.68519370745995,-26.934260710002707],[-48.68514327704377,-26.93419190766829],[-48.684879800913286,-26.93376353388379],[-48.68488570775624,-26.933610237508056],[-48.684913842280515,-26.933537419229907],[-48.68492219756742,-26.93337781894621],[-48.68495786304868,-26.93326464032338],[-48.685024731994254,-26.93286335214027],[-48.68504109363579,-26.932546269202696],[-48.68502322503054,-26.931825208152983],[-48.684963751925316,-26.93154071451005],[-48.684988145798734,-26.93146512026846],[-48.685589037202305,-26.931470409998614],[-48.68563531984763,-26.931441940546144],[-48.685669622558656,-26.931360663695006],[-48.68568155965725,-26.93125563699101],[-48.685682492443874,-26.930890294054233],[-48.68562261712975,-26.930465497553005],[-48.68564778698011,-26.930351919024513],[-48.685720173816186,-26.930323877802675],[-48.685787864687555,-26.930365908183944],[-48.6860057639322,-26.930565314932938],[-48.686713658203416,-26.930960205530294],[-48.68727217245903,-26.93131391761874],[-48.688292551782396,-26.93199968429156],[-48.68853509297847,-26.932204791278675],[-48.68879809038164,-26.93237935454879],[-48.68892036132505,-26.93252313905894],[-48.68909042283991,-26.932671004843712],[-48.68920393555557,-26.932702540100706],[-48.68940445578306,-26.932801444918123],[-48.69009883028743,-26.933237979127025]]]}},{"type":"Feature","id":8,"properties":{"nome":null},"geometry":{"type":"Polygon","coordinates":[[[-48.71413499081222,-26.908130270158868],[-48.714197193701374,-26.90801337050588],[-48.71436244282494,-26.90758630173021],[-48.7145204032734,-26.907246296208903],[-48.71484194171114,-26.906289394384967],[-48.71501508166765,-26.905898884871533],[-48.715240255621275,-26.90596065636326],[-48.717540344613575,-26.906757697255212],[-48.71763562429877,-26.906660459878847],[-48.71753339153159,-26.90499478163288],[-48.71595720513182,-26.904482994941045],[-48.71609846124822,-26.90403989939708],[-48.71628744423242,-26.903599342776626],[-48.716611765855205,-26.903705410631147],[-48.7168274074181,-26.90361815960358],[-48.717117463761824,-26.903189317668286],[-48.71754225602215,-26.903337337590564],[-48.71764455062791,-26.90328858005613],[-48.71761615805554,-26.90134226391341],[-48.71781131404227,-26.901153857689376],[-48.71806070978931,-26.901067150161218],[-48.71809710456818,-26.900936670756053],[-48.718273305302645,-26.9011310793545],[-48.718434807843984,-26.90149664826334],[-48.71860036518261,-26.901660638085307],[-48.71882441849964,-26.901714669546436],[-48.71885736113639,-26.902241607128875],[-48.71901399931271,-26.90249675834046],[-48.7192114882962,-26.902680127344986],[-48.719394013511625,-26.902749999984263],[-48.71995689709031,-26.903079259333534],[-48.72006286427957,-26.903240557807738],[-48.720150046655505,-26.903478770696786],[-48.72041934117662,-26.903828891482867],[-48.72095890668214,-26.904151627645277],[-48.721307142696105,-26.90427050408689],[-48.721863873343935,-26.904336763258957],[-48.72215588625046,-26.904392956822818],[-48.72261750320763,-26.904669360831555],[-48.72303574562703,-26.904999771044437],[-48.72372656911295,-26.90501091310314],[-48.72439067595319,-26.90491846941602],[-48.72513906716122,-26.904930532596047],[-48.7256546015391,-26.905067780177],[-48.726369560482624,-26.90531138914209],[-48.72748595644672,-26.905638822517783],[-48.72791462754633,-26.90580045108227],[-48.728661478056175,-26.90588983535654],[-48.729341989369864,-26.906416543465088],[-48.72976499170628,-26.906861743519393],[-48.730604742979196,-26.907111220452418],[-48.73145952807143,-26.90756335748256],[-48.732114369915735,-26.907934912671266],[-48.73288538880316,-26.908256755166267],[-48.733541269779884,-26.9085767456897],[-48.733913419836966,-26.9086858732222],[-48.73442589384427,-26.90897776794078],[-48.73510696725557,-26.909478671575457],[-48.735647719199946,-26.909796804385977],[-48.736420304196294,-26.910041290017457],[-48.73664853411456,-26.910148102350654],[-48.73695952080643,-26.91043675708117],[-48.737495654894495,-26.910986901928293],[-48.73825591616238,-26.911850093420238],[-48.738738601935765,-26.912193072216535],[-48.7391955873709,-26.91238091039262],[-48.73979990363279,-26.9128097316614],[-48.740729203433965,-26.91292635703328],[-48.74109831973493,-26.912647378186506],[-48.741546516574076,-26.911820236303935],[-48.7423451483179,-26.9105103193714],[-48.74242220010571,-26.910063870405306],[-48.74286187560381,-26.90966391902912],[-48.743202596151086,-26.90966936755755],[-48.744487278440204,-26.90917480211164],[-48.74495855454674,-26.9083276665878],[-48.74548219922398,-26.90827498435397],[-48.74597949231511,-26.90840502194312],[-48.74700057071834,-26.90855785185276],[-48.748359536554574,-26.90870399395358],[-48.74888178502107,-26.908717302379834],[-48.74938608051252,-26.90879504051704],[-48.749836528257106,-26.908888177990992],[-48.75028696308115,-26.909159204471056],[-48.75063777112656,-26.909408730044763],[-48.751002290504374,-26.909807819214713],[-48.75125342082825,-26.910182811143113],[-48.7515314376034,-26.910536923090326],[-48.752142906907224,-26.910808399534],[-48.75319456717792,-26.91055082516773],[-48.75429861584059,-26.910225495755487],[-48.75519263888248,-26.910193997794636],[-48.75571856315423,-26.910705283369648],[-48.755836657079165,-26.911187223552133],[-48.75635354663863,-26.91215556466602],[-48.75827498280718,-26.914476142573722],[-48.758986033220985,-26.914838260881336],[-48.76054677150181,-26.915155391802223],[-48.76205147642666,-26.91500384903795],[-48.76264122453707,-26.91489625844605],[-48.76387677164502,-26.91514972549353],[-48.765699771156875,-26.915412484150128],[-48.766187301361335,-26.91544130182161],[-48.76653771406998,-26.91571102067852],[-48.767077372481914,-26.916192154428547],[-48.76811852775049,-26.91664232364089],[-48.76884566378718,-26.91706388806287],[-48.76915836064387,-26.917391914639936],[-48.76945395434419,-26.918589507019146],[-48.76975863896799,-26.91940630732428],[-48.770073787633734,-26.919610108024973],[-48.77058558997908,-26.919692752357452],[-48.771237576703584,-26.919703052109398],[-48.77204494504278,-26.919566687242387],[-48.77279403815032,-26.919578512980117],[-48.77444540869606,-26.91973228465994],[-48.77514594140607,-26.92045445761314],[-48.7756821301826,-26.921458487562177],[-48.77571137052463,-26.9229867826851],[-48.776006982494145,-26.92327942113404],[-48.774457267272616,-26.924537276199942],[-48.77164692451122,-26.927029546192617],[-48.768137293598585,-26.929813598711796],[-48.76620713002201,-26.931367902129246],[-48.76526858312756,-26.931900119011473],[-48.7647612489633,-26.93237842738493],[-48.76246437066102,-26.934084751101455],[-48.759920795995725,-26.93536395338183],[-48.759206493412485,-26.935760591253835],[-48.759075239811196,-26.935282567734998],[-48.75814263224448,-26.934217883483594],[-48.75616391189187,-26.93229666586214],[-48.75409519211455,-26.930975910693927],[-48.751491633933206,-26.930612477151765],[-48.74813833810281,-26.929280558107937],[-48.72321259298599,-26.914319805026192],[-48.72246725140464,-26.91381281663347],[-48.72217659471476,-26.913655967582898],[-48.72153767688248,-26.91323150101124],[-48.72053187754402,-26.912653849680613],[-48.7169037007813,-26.910473869525706],[-48.71659871987485,-26.910163665529662],[-48.71395846123762,-26.908717753902522],[-48.71396974564939,-26.908525484154676],[-48.71413499081222,-26.908130270158868]]]}},{"type":"Feature","id":9,"properties":{"nome":null},"geometry":{"type":"Polygon","coordinates":[[[-48.82448545819968,-27.00675536161142],[-48.82710519944829,-27.00909650049872],[-48.8282306394209,-27.009948475241337],[-48.828387539895374,-27.010152351322883],[-48.82830410879011,-27.010309352096787],[-48.82803107041689,-27.01029075096657],[-48.827185057000385,-27.00996112110422],[-48.82613475262008,-27.009383704783655],[-48.82437870104775,-27.008590737431927],[-48.82359923581104,-27.00814699671664],[-48.823350875178726,-27.007682685697606],[-48.82332370843682,-27.007423249591827],[-48.8235227312034,-27.00710974956004],[-48.823914118387634,-27.00682800409879],[-48.82448545819968,-27.00675536161142]]]}},{"type":"Feature","id":10,"properties":{"nome":null},"geometry":{"type":"Polygon","coordinates":[[[-48.83018072987457,-27.01298703420817],[-48.83071406066877,-27.01434770911508],[-48.83080014315181,-27.014608081159977],[-48.831027272452424,-27.01489156572557],[-48.83130193148798,-27.015109034266967],[-48.83161990900687,-27.015320581531803],[-48.83162935253466,-27.015507013225726],[-48.83154810201306,-27.01567166452311],[-48.8312566731529,-27.015855712702624],[-48.83082417808522,-27.016057470697113],[-48.83003642671609,-27.016320444979037],[-48.829569231956135,-27.016388273772247],[-48.82929925447792,-27.016375773650157],[-48.82888377346275,-27.01613536789445],[-48.82864703079136,-27.015848263535897],[-48.828623252498694,-27.01563113870598],[-48.82864541072743,-27.015448069783847],[-48.82923799957306,-27.01467354664389],[-48.82984470154539,-27.013649131703584],[-48.83018072987457,-27.01298703420817]]]}},{"type":"Feature","id":11,"properties":{"nome":null},"geometry":{"type":"Polygon","coordinates":[[[-48.86108366623181,-27.0371355730567],[-48.86084096846876,-27.037253464739592],[-48.86066222451612,-27.037306861461293],[-48.8603920704967,-27.03721858046606],[-48.86021633810825,-27.037113032015142],[-48.86000075334504,-27.036903999563737],[-48.859712536571756,-27.036665805530948],[-48.8594636439338,-27.036559142326208],[-48.85910917688826,-27.036477692217577],[-48.85852512054631,-27.036403336604376],[-48.858118032529035,-27.036369081613568],[-48.85796225103079,-27.036806095092654],[-48.85786729627287,-27.036851410576855],[-48.85773195521597,-27.036821292584722],[-48.85766340947516,-27.03657708680635],[-48.857626929409655,-27.0362959595906],[-48.857654046465356,-27.035969038657793],[-48.85758479114083,-27.035762229922284],[-48.85741066080979,-27.035572530759467],[-48.856960863748334,-27.035544776130653],[-48.85682694837742,-27.035439860604814],[-48.85673998581308,-27.03506444005133],[-48.85653789501397,-27.03494860537354],[-48.856314126736535,-27.034931751038172],[-48.85583263490486,-27.03479566978329],[-48.85556640826582,-27.034577748653877],[-48.85538343277638,-27.034303739727022],[-48.85404685399361,-27.033016779970882],[-48.85370586915671,-27.032814819238958],[-48.85319697256687,-27.032704348892697],[-48.85288350900055,-27.03288322707121],[-48.852700736828915,-27.03301912753325],[-48.85258577805837,-27.03333598124332],[-48.85260288014999,-27.03374971372644],[-48.852635433586656,-27.034090646066538],[-48.852568274903604,-27.03432343031217],[-48.8523135209738,-27.034525294804496],[-48.85212503726991,-27.034541121504468],[-48.851845872792325,-27.03437786965443],[-48.851725439964845,-27.03411416452405],[-48.85170067209364,-27.033767747467273],[-48.8517166422897,-27.03347806771984],[-48.8517430630922,-27.033188547515717],[-48.85195000379112,-27.03275214389991],[-48.85204037861675,-27.032398133961024],[-48.85208747316372,-27.030601139464288],[-48.852164071646094,-27.030531125506876],[-48.8522830091723,-27.030606623043475],[-48.8526993060563,-27.031009216040303],[-48.85322737490507,-27.031448358916183],[-48.85398930333839,-27.032021204635477],[-48.856924185083074,-27.034159338168006],[-48.858235963791046,-27.03507840856535],[-48.85930251779959,-27.035891742538695],[-48.860634902086744,-27.036840246752373],[-48.86108366623181,-27.0371355730567]]]}},{"type":"Feature","id":12,"properties":{"nome":null},"geometry":{"type":"Polygon","coordinates":[[[-48.706278242592155,-26.939888450343613],[-48.70721391500413,-26.9402092841775],[-48.710023446610776,-26.94140828921285],[-48.711621003491,-26.942217668613637],[-48.71306592958381,-26.942978628687882],[-48.713237154934866,-26.943072817194114],[-48.713244504050344,-26.943148450753625],[-48.7131695011154,-26.943326394992944],[-48.713042113821295,-26.943479330404532],[-48.71289567147227,-26.94347695535085],[-48.71266683481296,-26.943377857603153],[-48.712462700366785,-26.943374546301598],[-48.71236917664119,-26.943560713143412],[-48.71199266144314,-26.943948846130265],[-48.71182218187604,-26.94403749252354],[-48.7111229175478,-26.944348825600038],[-48.71076639282765,-26.944637143893463],[-48.71041020820589,-26.945128162599975],[-48.70937657213412,-26.94701942795343],[-48.70877712367827,-26.94770027912682],[-48.70783447723957,-26.948718488255004],[-48.70732499885783,-26.94921034633314],[-48.707181939056746,-26.949556945527533],[-48.70713278831575,-26.950864896575293],[-48.70730275328761,-26.951425655453352],[-48.70492418645316,-26.954756450036914],[-48.70489619588207,-26.956137114389335],[-48.706327070866514,-26.958119667463812],[-48.707446231489904,-26.959551114851344],[-48.708180351598806,-26.960849373003818],[-48.70859626268109,-26.962193886772706],[-48.708552963602855,-26.963886062062393],[-48.708669921838315,-26.965017608700414],[-48.708859804532196,-26.965503384342295],[-48.70832646068831,-26.967862703482513],[-48.706829546264856,-26.96947662781216],[-48.70574294884281,-26.969632877918983],[-48.70434531251942,-26.96830112548098],[-48.70309156183704,-26.967531302984582],[-48.7021123135905,-26.967433862298016],[-48.7017064664863,-26.96638967251851],[-48.70157118497552,-26.964039277801685],[-48.7009313913401,-26.96249978945538],[-48.69930234285103,-26.961153710761607],[-48.69604030655127,-26.959571378000085],[-48.69343534340222,-26.957307884327687],[-48.6927920958126,-26.955135322263317],[-48.69302355876324,-26.953292699649555],[-48.693414906391396,-26.95051515352605],[-48.69437179271033,-26.948610307137944],[-48.696003251207216,-26.94649966239806],[-48.69613750985235,-26.945237966538457],[-48.69617012936232,-26.943634332647996],[-48.69542261566371,-26.9416287904326],[-48.695275480149,-26.941032211843343],[-48.69571042866639,-26.94031832001656],[-48.697505314854055,-26.938462699387323],[-48.698285966935906,-26.937901488989922],[-48.703895284603455,-26.939296076529228],[-48.7038874244522,-26.939694563107164],[-48.70399193800712,-26.940031588615376],[-48.704250808898934,-26.940244247882248],[-48.70461417546675,-26.94029547670398],[-48.70544558378223,-26.940227441535573],[-48.70604560629968,-26.939830622177897],[-48.706278242592155,-26.939888450343613]]]}},{"type":"Feature","id":13,"properties":{"nome":null},"geometry":{"type":"Polygon","coordinates":[[[-48.791631333017335,-26.974973165416024],[-48.790323178882744,-26.975979783301014],[-48.789403200913185,-26.977148680651066],[-48.78815193431906,-26.977246412825632],[-48.78742614459679,-26.976134386274364],[-48.78790762767267,-26.972829805358653],[-48.78789889211514,-26.972464184625224],[-48.78809539464952,-26.972401440719796],[-48.78847036391558,-26.972658459259893],[-48.791631333017335,-26.974973165416024]]]}},{"type":"Feature","id":14,"properties":{"nome":null},"geometry":{"type":"Polygon","coordinates":[[[-48.758784900625855,-26.936112723501594],[-48.759206493412485,-26.935760591253835],[-48.759920795995725,-26.93536395338183],[-48.76246437066102,-26.934084751101455],[-48.7647612489633,-26.93237842738493],[-48.76526858312756,-26.931900119011473],[-48.76620713002201,-26.931367902129246],[-48.768137293598585,-26.929813598711796],[-48.77164692451122,-26.927029546192617],[-48.774457267272616,-26.924537276199942],[-48.776006982494145,-26.92327942113404],[-48.78131102268458,-26.931100581217184],[-48.78896255749692,-26.94289739334206],[-48.79014283555714,-26.9459289126682],[-48.79357186424389,-26.9516914920931],[-48.799799811672244,-26.959242094394032],[-48.80316906370834,-26.96559093158148],[-48.80434678795254,-26.967700590153132],[-48.80408371256938,-26.96777366165329],[-48.803837888404786,-26.967703795638567],[-48.80358936032823,-26.967773296194352],[-48.80253901595838,-26.96821917540104],[-48.80214842791373,-26.968330482489062],[-48.80173279924825,-26.96791310832076],[-48.80127190703955,-26.967553726225372],[-48.800835354137156,-26.967304782298346],[-48.80059845659687,-26.967119378729823],[-48.800178168710595,-26.966897169678557],[-48.799320585625836,-26.96650957716085],[-48.798472690082924,-26.966078106750594],[-48.79741442964131,-26.965569969841514],[-48.79615692012733,-26.964867939948608],[-48.79489628242235,-26.96432727131134],[-48.79399776054886,-26.963777585781678],[-48.791785841833885,-26.961321629892986],[-48.79081285747837,-26.960066375685834],[-48.79011754918943,-26.95905760066519],[-48.789201357964416,-26.958060032816004],[-48.78845169640125,-26.95712377132304],[-48.78773052763052,-26.95608523022599],[-48.7871882255092,-26.95537967332241],[-48.786711359135346,-26.954939285509113],[-48.78621498560653,-26.95459397511477],[-48.784340277795295,-26.953867479406743],[-48.78369031976977,-26.95370318003106],[-48.78294810145406,-26.953742871174384],[-48.78204590292543,-26.9538387397235],[-48.78096578591521,-26.95400517604198],[-48.77971498972634,-26.95432299901357],[-48.77725501256302,-26.954636426164196],[-48.77514070632128,-26.953961610827545],[-48.774242488206404,-26.953422268137796],[-48.773642006454736,-26.9529872240072],[-48.77270632346704,-26.95164439701155],[-48.772318491591435,-26.95116868313741],[-48.771706028821946,-26.950894862667408],[-48.77095022600792,-26.950728833156244],[-48.77027210432735,-26.950652074922107],[-48.76896031067817,-26.950428141913463],[-48.768604430915026,-26.950178117724803],[-48.76851470181474,-26.950068106460566],[-48.76765972153772,-26.94929736555043],[-48.76424017770159,-26.94591206669948],[-48.76265740343499,-26.94427276525361],[-48.76107264382797,-26.942736137622813],[-48.75925091937792,-26.938627737500905],[-48.758784900625855,-26.936112723501594]]]}},{"type":"Feature","id":15,"properties":{"nome":null},"geometry":{"type":"Polygon","coordinates":[[[-48.696509787967685,-26.93682491254584],[-48.6964409792639,-26.9369503795188],[-48.69656938670664,-26.937058350355965],[-48.696665554516954,-26.937189497914908],[-48.696621412161264,-26.93727726882501],[-48.696499993986535,-26.937346395822615],[-48.69637057580655,-26.93737151387253],[-48.696246117142024,-26.937537569279407],[-48.696224648832995,-26.93768590909738],[-48.69629541066559,-26.937835754556858],[-48.696514746987106,-26.937938463213047],[-48.69662290477209,-26.938064138459794],[-48.69660110101424,-26.93822899373266],[-48.69612751952888,-26.938802040515274],[-48.69536281193686,-26.939656903337948],[-48.69524793410091,-26.939861539824967],[-48.69518185946237,-26.939934805169827],[-48.69513523900061,-26.939958824967842],[-48.69515420672204,-26.93948002298272],[-48.695300786277585,-26.939077651647903],[-48.6956341769005,-26.938562684780667],[-48.695952645228225,-26.93787400184977],[-48.69610326591206,-26.937110089052076],[-48.69604744597557,-26.936668195433867],[-48.696295512691485,-26.936766549242304],[-48.696448026913565,-26.936797575296822],[-48.696509787967685,-26.93682491254584]]]}},{"type":"Feature","id":16,"properties":{"nome":null},"geometry":{"type":"Polygon","coordinates":[[[-48.69177822474628,-26.93366021755559],[-48.69203177842422,-26.933881845835028],[-48.69218920426876,-26.93405714832543],[-48.69251293280546,-26.934334129553296],[-48.69302170223409,-26.934569095448403],[-48.69353498890542,-26.934552376139862],[-48.69361917611101,-26.934435984296336],[-48.69403441172605,-26.934301524656135],[-48.69419134895329,-26.93427441649741],[-48.6944581776192,-26.93418080917564],[-48.694581104497935,-26.93412267575334],[-48.6948551789898,-26.934098444293166],[-48.695214460931055,-26.93424416043257],[-48.695316030455515,-26.934412694649165],[-48.69530985060737,-26.934523520898725],[-48.695380194655385,-26.934678617480078],[-48.69549088474148,-26.93479616417518],[-48.69564749415035,-26.934839854058946],[-48.69572072811652,-26.934917437080518],[-48.695691508189185,-26.935059735658367],[-48.69569376533918,-26.93515257437675],[-48.69575803839638,-26.93566307571643],[-48.695787126770696,-26.93606898491634],[-48.69584045881035,-26.936345210582076],[-48.69570024865538,-26.936317974811786],[-48.69570095972964,-26.936283011686314],[-48.69563060543007,-26.936247367576133],[-48.69538409197892,-26.936203466563654],[-48.69455372509146,-26.93591521295697],[-48.69436234539011,-26.935836769222544],[-48.69415675781068,-26.935727079019046],[-48.69403984565789,-26.93563656035047],[-48.69392356466966,-26.935515039778423],[-48.6938200496748,-26.935495626154175],[-48.69367876654035,-26.935386986725202],[-48.69338055058726,-26.93520932647028],[-48.693133242345645,-26.934961612114712],[-48.69292235090977,-26.934869555467202],[-48.69280013292414,-26.93479667104636],[-48.692412322787845,-26.93449883359233],[-48.6922092783914,-26.93430497810379],[-48.692108999614334,-26.934289480453952],[-48.691990550216616,-26.93419500316083],[-48.69192979598141,-26.93413858155989],[-48.691789623394975,-26.93389725577423],[-48.69177782678892,-26.93376027011597],[-48.69175301152047,-26.9337226467758],[-48.69177822474628,-26.93366021755559]]]}},{"type":"Feature","id":17,"properties":{"nome":null},"geometry":{"type":"Polygon","coordinates":[[[-48.69583118015284,-26.9365625285197],[-48.69581828788581,-26.93680915081908],[-48.695836188414,-26.937135139911266],[-48.69579798810276,-26.937596484516916],[-48.69526512329075,-26.938870680418514],[-48.695135785603966,-26.93898305396906],[-48.69503612374819,-26.939213347010437],[-48.69491246739082,-26.93977359713764],[-48.694969586718585,-26.93993687494095],[-48.69500640770387,-26.940107552110206],[-48.69472864963375,-26.940330185220756],[-48.694051699403836,-26.94098838211351],[-48.69314913975826,-26.941806726098182],[-48.69301522698466,-26.941810241522653],[-48.692795923439526,-26.941545422016024],[-48.69250063779762,-26.94164900794797],[-48.69221983806566,-26.941667238192696],[-48.69200019419696,-26.941812004344655],[-48.69186686262547,-26.941786997791137],[-48.691677119763504,-26.941715417306064],[-48.69142957087661,-26.941665715489165],[-48.69117323417419,-26.941421859120485],[-48.69102020823604,-26.941425059738943],[-48.69081435118723,-26.941518694136704],[-48.69061428491557,-26.941640954331334],[-48.69035225001472,-26.941676606360208],[-48.69002417666245,-26.941825299465023],[-48.68963192954162,-26.94226593098054],[-48.6896585499334,-26.94252314583344],[-48.68959795044686,-26.942681926650543],[-48.6893554923113,-26.942695072240905],[-48.688990349761326,-26.94278609368757],[-48.68884427568293,-26.942760875422035],[-48.688785188062006,-26.942845499874895],[-48.68854840279008,-26.942892974355544],[-48.68809717269522,-26.943142355839743],[-48.6875121706953,-26.94334556035616],[-48.68726007823478,-26.943518317748964],[-48.68705825653042,-26.943726136520098],[-48.686863738747995,-26.943888425345907],[-48.686645973054766,-26.944223383367515],[-48.68628416583224,-26.944462813432313],[-48.68624994015552,-26.944890214751013],[-48.68649640639045,-26.945305104344957],[-48.68643059527609,-26.945406735515782],[-48.68608339093134,-26.945555105619473],[-48.68572449324398,-26.945651926540588],[-48.68559982469292,-26.94599514353394],[-48.68505036992914,-26.94633307632446],[-48.684002395807426,-26.947044467286112],[-48.68369105219658,-26.9471087434169],[-48.682269749706876,-26.947756162250773],[-48.68195509029708,-26.947982290788616],[-48.681708310857374,-26.94804762379558],[-48.68143215269166,-26.94828594871733],[-48.680567984075296,-26.948817854667162],[-48.680112701663205,-26.94900494919233],[-48.68005026530129,-26.948899836825632],[-48.67987160415434,-26.948792811039656],[-48.67993877763701,-26.94866670036216],[-48.680159495442346,-26.94861250728135],[-48.68044643858969,-26.948478447512922],[-48.680709922036534,-26.948228350652744],[-48.68059475643685,-26.947544117356205],[-48.68074154125851,-26.947315230693743],[-48.680839512333904,-26.94694676024619],[-48.680935115248765,-26.94669390134454],[-48.68102882484567,-26.94653353170502],[-48.68167615478818,-26.946463220547187],[-48.68178159261473,-26.946360868050746],[-48.68206710843755,-26.946296171514902],[-48.682823659158984,-26.945938524085424],[-48.68329421898186,-26.94566869442659],[-48.68344988938352,-26.945636557222638],[-48.68374997043728,-26.945491140439028],[-48.68398926405466,-26.945410721896515],[-48.68435559245196,-26.94522352556006],[-48.68487775232785,-26.944832503933984],[-48.68498342211426,-26.94471858798576],[-48.68509121837793,-26.944500620649528],[-48.68522389509763,-26.944329322878815],[-48.685381689645965,-26.944193132065372],[-48.68564656959867,-26.943873657242023],[-48.6857761738565,-26.94385265413391],[-48.68598561996231,-26.94371730934026],[-48.68597603966946,-26.9435993408155],[-48.68608099760942,-26.943520107057523],[-48.68616083906402,-26.943405766267247],[-48.6861354845554,-26.943382220050786],[-48.68609910709714,-26.943265972230083],[-48.68624280584825,-26.943187374924133],[-48.68639894351476,-26.943132110827],[-48.68657901977651,-26.943169760923876],[-48.68665720661415,-26.94313634787039],[-48.68668539362923,-26.94302115933869],[-48.68673940734298,-26.94290639446891],[-48.686857750675635,-26.942804250359266],[-48.68695168362574,-26.942632314268177],[-48.68704057737518,-26.942121727030305],[-48.68702978876443,-26.942017463754684],[-48.68698096958276,-26.94187788185917],[-48.68682955480173,-26.9417019213516],[-48.68677254465047,-26.941330903111812],[-48.686791596208124,-26.941030523104303],[-48.68685875793555,-26.94090440913315],[-48.68702851346538,-26.94081467178068],[-48.6875858918784,-26.940719727005877],[-48.68777958498579,-26.940722902937043],[-48.68827318805553,-26.940670228207015],[-48.68839034700508,-26.94062588826588],[-48.688445301364425,-26.940464877568505],[-48.68846080950903,-26.940337916050435],[-48.68844253249204,-26.939967532168975],[-48.68829324193399,-26.939687522524476],[-48.68834843076583,-26.93951495102003],[-48.688441414790844,-26.939389258506083],[-48.68862431670156,-26.939288170769412],[-48.6888067455802,-26.93921020434239],[-48.6889102832777,-26.939200335530558],[-48.68927018899985,-26.939287189211115],[-48.68966812602908,-26.93940935992122],[-48.689784811646966,-26.939388141198382],[-48.6902672983706,-26.939164741779763],[-48.69064247408443,-26.93913618999877],[-48.69088946541106,-26.93905927889219],[-48.69108527681515,-26.93895839829173],[-48.691164402985585,-26.938878738313683],[-48.69155815586684,-26.938675250220637],[-48.69175208157408,-26.938666859659403],[-48.691855147589244,-26.93868011117429],[-48.69208804668871,-26.93866079241525],[-48.69219440992034,-26.93851218677275],[-48.69232447922609,-26.938468054628324],[-48.69237824937281,-26.938364847850302],[-48.692639092803404,-26.93824189966735],[-48.69287175553336,-26.93823414037341],[-48.69322016159443,-26.938251405048213],[-48.69332510963558,-26.938172165201188],[-48.69335328934109,-26.938056974767346],[-48.693451428053876,-26.9379218287014],[-48.69356873752607,-26.937864967209116],[-48.69369503930477,-26.937862510566482],[-48.6938399700779,-26.93793722590243],[-48.693962880224554,-26.93785332579737],[-48.69406384703737,-26.937854976664084],[-48.694234746143344,-26.938142630266377],[-48.69429504982144,-26.93815718064526],[-48.694726555704044,-26.93804667360803],[-48.69488994372547,-26.937958913103895],[-48.694979628781056,-26.937770472551783],[-48.69499202443045,-26.93765763537387],[-48.69510538764672,-26.937546449214274],[-48.69492649742906,-26.937403356815047],[-48.69492072317763,-26.93719074828649],[-48.69489768848604,-26.937081854133375],[-48.69492954139604,-26.937005508120176],[-48.6950944919694,-26.93684090530481],[-48.69519059411974,-26.936833432529387],[-48.695276967541744,-26.93680771502793],[-48.69532378145573,-26.936740656678612],[-48.69532516064513,-26.936672854976333],[-48.69524549113892,-26.936617294242833],[-48.694902755608595,-26.936584564103022],[-48.694863657196436,-26.936520622951925],[-48.69487990493848,-26.93646662966274],[-48.69499151980531,-26.936441323963173],[-48.69546023012046,-26.93651054920832],[-48.69556582498127,-26.9365388025194],[-48.695703194371454,-26.93652225644794],[-48.69583118015284,-26.9365625285197]]]}},{"type":"Feature","id":18,"properties":{"nome":null},"geometry":{"type":"Polygon","coordinates":[[[-48.70098268887322,-26.932652519990732],[-48.70087301449117,-26.932993213374715],[-48.70093507119552,-26.93333207367171],[-48.70097141495973,-26.93345291031396],[-48.70104757663715,-26.933579233904524],[-48.70105383307105,-26.933635662358906],[-48.70118559269939,-26.93370738949855],[-48.701232654693236,-26.93377040387694],[-48.70092917337496,-26.93411780843287],[-48.700339137118995,-26.934695442791377],[-48.700011294019355,-26.934958709030024],[-48.698870988013525,-26.93608170778714],[-48.69876602149939,-26.936079995180236],[-48.698618341444,-26.935995727427013],[-48.698423685158986,-26.935958176396134],[-48.69823719538364,-26.93595513304002],[-48.69803264814921,-26.935986755057165],[-48.6978618479042,-26.93606554109242],[-48.69727592755406,-26.93646782579271],[-48.69700071885147,-26.936576611255585],[-48.69684326961041,-26.936574040202146],[-48.69665446910776,-26.936535344192176],[-48.69653649414422,-26.93654098617778],[-48.69646729255937,-26.93652800879059],[-48.696224578262125,-26.936426307159827],[-48.695989794618676,-26.936398272257676],[-48.69596020567708,-26.936187860995915],[-48.69586931404849,-26.93500351835998],[-48.69577504749525,-26.93488174161126],[-48.69573376611448,-26.93478151604347],[-48.695729467585245,-26.93462829727497],[-48.69565386168513,-26.934511997171544],[-48.69516920514779,-26.934045584758202],[-48.69543957750229,-26.934028023810058],[-48.69571976818476,-26.933978098096706],[-48.69619020824985,-26.9339417719905],[-48.69659300975988,-26.93394447191413],[-48.696874987218,-26.93390741469594],[-48.69710475104071,-26.933737479975193],[-48.6971976812078,-26.933596326728416],[-48.69724395301561,-26.933476644973297],[-48.69726626243618,-26.933217374978838],[-48.69721563692906,-26.933034056230014],[-48.69712238790391,-26.932868252724674],[-48.696836169341786,-26.93254229997315],[-48.69645462588263,-26.93220344187345],[-48.69648455419712,-26.932075182929808],[-48.696650117941964,-26.931994201082624],[-48.69703644005039,-26.932088056927793],[-48.697522613806726,-26.932313911116093],[-48.69805949424623,-26.932496007308853],[-48.69886792340604,-26.932548638328026],[-48.699687049244815,-26.93253886786782],[-48.70015285509092,-26.932553406858663],[-48.70098268887322,-26.932652519990732]]]}},{"type":"Feature","id":19,"properties":{"nome":null},"geometry":{"type":"Polygon","coordinates":[[[-48.69234766372862,-26.87856870428321],[-48.69172269719709,-26.87742671829942],[-48.69023892813325,-26.874898057821994],[-48.68942276296424,-26.873064069237394],[-48.688919386238204,-26.870810763570883],[-48.6890546804933,-26.868993628385915],[-48.69025061551054,-26.86717692937266],[-48.69223447839164,-26.865107099622296],[-48.69451337874138,-26.8641799570169],[-48.69712411985908,-26.864178810196083],[-48.700542989173854,-26.865415510211427],[-48.703084004961426,-26.866451485035988],[-48.703948436707684,-26.86704588117333],[-48.7038877057856,-26.868369993515177],[-48.704093944527564,-26.872183297083495],[-48.70403035892783,-26.8722815433854],[-48.703882798850934,-26.872445768800176],[-48.703600353230286,-26.872517643691857],[-48.70190021472282,-26.87261824401284],[-48.70104098066918,-26.87275297643689],[-48.699688136921026,-26.873129645156013],[-48.69876763243033,-26.873485709400995],[-48.69795309521439,-26.873853007777548],[-48.69688175631481,-26.87441567233176],[-48.69681263264259,-26.87451475873178],[-48.696764384309965,-26.874687675767106],[-48.696754357277094,-26.87481444966697],[-48.69677414854199,-26.874941708847427],[-48.69686929961153,-26.875030112093707],[-48.69712818761233,-26.875134546235024],[-48.6974492839024,-26.875113057426876],[-48.69786403390113,-26.87488598564971],[-48.6981669625333,-26.874657090495614],[-48.69895044990595,-26.874328270886707],[-48.6991594548917,-26.87431831279305],[-48.699404515102316,-26.8743690713181],[-48.69966367180661,-26.874460142761905],[-48.69988690856518,-26.874483820161583],[-48.70021464809411,-26.87450251870824],[-48.70043883244358,-26.874479444285363],[-48.700663961946695,-26.874409618496287],[-48.70093517162499,-26.87427373445511],[-48.70104183451049,-26.874161894310454],[-48.70117226147329,-26.874056851751604],[-48.701357256448745,-26.873759221320682],[-48.70154835551426,-26.87352849868025],[-48.701744310566134,-26.873484152426606],[-48.70226044057693,-26.873405697265273],[-48.70278240478172,-26.8734075045411],[-48.70321572410397,-26.873367783921527],[-48.70363669556624,-26.873200923458413],[-48.703958192216284,-26.873159383628618],[-48.704360610872854,-26.87317260354795],[-48.70453884926355,-26.873208904757096],[-48.70472379564609,-26.873346726026682],[-48.705344257653515,-26.8739933668238],[-48.70549849036689,-26.87423598459686],[-48.705538877849214,-26.874724367684944],[-48.705576348575526,-26.87494257825456],[-48.70578737112012,-26.87527615958326],[-48.70595331269405,-26.8753538901327],[-48.70692034138018,-26.875648414382443],[-48.7072876833004,-26.875706901173835],[-48.70774530838385,-26.875856894502512],[-48.708116483382824,-26.87614054736852],[-48.70849433302291,-26.876530918013525],[-48.708506883829095,-26.876635789051416],[-48.707812241906446,-26.87619818808707],[-48.70724890002541,-26.875962859393432],[-48.706571753434005,-26.87573698942826],[-48.7060093451612,-26.875692739446894],[-48.70522991814654,-26.87591876530842],[-48.70478090660787,-26.876273368396248],[-48.704335316716396,-26.87702623971641],[-48.70411140419788,-26.877486282406174],[-48.70381100932779,-26.878020762057588],[-48.70332038745915,-26.878320265124064],[-48.70213670549591,-26.87886593566361],[-48.70122001969077,-26.87926702121126],[-48.700505532928105,-26.879653304848098],[-48.699778181132295,-26.879677635790866],[-48.69877411520114,-26.879408062584176],[-48.698070247160004,-26.87926998412005],[-48.69780932366357,-26.87919338367417],[-48.6976709702166,-26.87904643203001],[-48.697551699261446,-26.87895405330958],[-48.697484033682585,-26.87878261361346],[-48.69758811528834,-26.8783546652299],[-48.697833144370094,-26.878018117476294],[-48.697982751396225,-26.877913485630273],[-48.698261762697896,-26.87778997159109],[-48.6983663431364,-26.877610805698854],[-48.69839385492489,-26.877249513885626],[-48.69818319505439,-26.876685385188154],[-48.69773877071466,-26.87632165628866],[-48.69713162560462,-26.876135593804328],[-48.69659861180355,-26.876171205798677],[-48.69588743221306,-26.87639473711021],[-48.69521991831014,-26.876456195861298],[-48.69492010458745,-26.876306607234838],[-48.6946779058105,-26.876302654686953],[-48.69426983725805,-26.87651303837573],[-48.693942134379576,-26.876742819556235],[-48.69373355528274,-26.876961466762822],[-48.69367020679804,-26.877208640402582],[-48.693563415845816,-26.87749628838399],[-48.693335156307654,-26.877800038460467],[-48.69300146616382,-26.87806504266456],[-48.69270277455711,-26.878406613027316],[-48.692518357073766,-26.878528969085206],[-48.69234766372862,-26.87856870428321]]]}},{"type":"Feature","id":20,"properties":{"nome":null},"geometry":{"type":"MultiPolygon","coordinates":[[[[-48.71401654290832,-26.887348951655017],[-48.7140438076081,-26.888200531688703],[-48.713254484813405,-26.88765997533544],[-48.71261451981065,-26.887181261168394],[-48.71225042180692,-26.886745536355825],[-48.71171425689253,-26.88592865159307],[-48.71152332618143,-26.88532951130871],[-48.71144697330434,-26.88464130528115],[-48.71137052913988,-26.882837211711276],[-48.71130321275217,-26.882260280050424],[-48.71115191143384,-26.881450093920936],[-48.71095981356105,-26.880550027061496],[-48.710598652502725,-26.879129259095684],[-48.71051327985939,-26.878629060903616],[-48.71049459314181,-26.87837222508939],[-48.71040275872781,-26.87819258825069],[-48.71010157267485,-26.877751446298404],[-48.71017197829039,-26.87769315347662],[-48.71195089027146,-26.879119528064166],[-48.712234410896166,-26.879389562577074],[-48.712746759388025,-26.879923873882063],[-48.713106770567,-26.88033616811157],[-48.71322565060296,-26.880529371012127],[-48.712909630525935,-26.882436668443358],[-48.71233586060429,-26.883887631320697],[-48.71214303004949,-26.88470387000062],[-48.71205018156534,-26.885602624199365],[-48.71208940438623,-26.885775409313194],[-48.71223179820864,-26.886038462534803],[-48.71320340562434,-26.886972008575835],[-48.71401654290832,-26.887348951655017]]],[[[-48.710026796306636,-26.877835003489107],[-48.71029039099994,-26.878169313820226],[-48.710414636471974,-26.878579718050254],[-48.71045311924457,-26.87894433079554],[-48.710571909013915,-26.879360199231165],[-48.71101151435455,-26.881558211220312],[-48.71123098329305,-26.88245274195974],[-48.71133440371204,-26.884683248771125],[-48.7113774545369,-26.885071306802857],[-48.711618603272974,-26.885946409458946],[-48.71195116931492,-26.88648346853953],[-48.71225321669033,-26.88690517736772],[-48.712844079328136,-26.887457811287486],[-48.71405298894634,-26.88830247716273],[-48.71404112637701,-26.88881557672279],[-48.71387880809838,-26.888794725888044],[-48.71358483070536,-26.888577373435986],[-48.71267763070583,-26.887833790673092],[-48.71181799066997,-26.88701517769466],[-48.711481594091936,-26.886548095915806],[-48.71126769738001,-26.886058703179707],[-48.71113038542651,-26.885389222166015],[-48.71103998241782,-26.884493966743207],[-48.710951008990506,-26.88243962951237],[-48.71049872505058,-26.88065096532212],[-48.71020552655391,-26.879029592563747],[-48.71009912841068,-26.878350915043676],[-48.709990253641,-26.878181486326856],[-48.70982647718592,-26.877984291652727],[-48.710026796306636,-26.877835003489107]]],[[[-48.71638638773587,-26.89123442261701],[-48.71627064091051,-26.89118684532042],[-48.71609079252719,-26.89105501199764],[-48.715750806805296,-26.890737612439956],[-48.71550446994907,-26.8905377539299],[-48.71484968162819,-26.88981327774086],[-48.71420101699339,-26.88893531694794],[-48.71417671133186,-26.888854933374233],[-48.714178184595,-26.888388636132404],[-48.71458746320659,-26.888885965837115],[-48.71563035902733,-26.89006007699226],[-48.71654020902845,-26.890992749593778],[-48.71675893131616,-26.89115517490523],[-48.71638638773587,-26.89123442261701]]],[[[-48.71759959421176,-26.890944259521127],[-48.71689753276084,-26.891111241405333],[-48.71670078097329,-26.89102285185955],[-48.716411986819175,-26.890781078192965],[-48.71422104583845,-26.88831730206969],[-48.714153355296716,-26.888275278616778],[-48.71414384089191,-26.887402620476653],[-48.71469646260814,-26.887681656086183],[-48.715090955181054,-26.88791380205141],[-48.71618770498252,-26.888962347609414],[-48.7168801428456,-26.889680382062668],[-48.71733199941261,-26.89010000904891],[-48.71750685266084,-26.890397350127895],[-48.717568148986444,-26.8906192275603],[-48.71761287394277,-26.890878107290938],[-48.71759959421176,-26.890944259521127]]]]}},{"type":"Feature","id":21,"properties":{"nome":null},"geometry":{"type":"Polygon","coordinates":[[[-48.720213069308706,-26.845299102579077],[-48.72029738252878,-26.845696517379483],[-48.721056572681235,-26.846467452569954],[-48.724744498217206,-26.849301071019013],[-48.72574342497026,-26.850955254269323],[-48.7263866453448,-26.852771926756635],[-48.72644761689948,-26.854146803634883],[-48.72729384736018,-26.857542313113584],[-48.72764356478334,-26.859303841646177],[-48.72810987022487,-26.86105513025022],[-48.728969908187146,-26.86376390527012],[-48.72905438568357,-26.86413634686406],[-48.72921687873804,-26.864600921176844],[-48.729589333937085,-26.86535679916552],[-48.72970568600854,-26.865936578063177],[-48.72963758818018,-26.866259046294758],[-48.7294427325116,-26.866381442034488],[-48.728846054626445,-26.866630611130063],[-48.72875739239708,-26.866837455192805],[-48.728818205522266,-26.86731920433708],[-48.728689126411616,-26.867785064409738],[-48.72858487798166,-26.868062127636314],[-48.72844059367801,-26.86893706345153],[-48.7284223260748,-26.86949846506348],[-48.728477274291336,-26.8695687715865],[-48.728483435139374,-26.86961304935919],[-48.72837629107592,-26.86968706057035],[-48.72838070443653,-26.870516545061456],[-48.72832276552058,-26.87094049127205],[-48.72818000918879,-26.87138629002347],[-48.72711983126691,-26.87331038931081],[-48.7270270210174,-26.873372008173465],[-48.72687322970283,-26.873312733239654],[-48.72688266902399,-26.87319297172182],[-48.727496724633504,-26.87208390314555],[-48.72737148069236,-26.872006154560548],[-48.727042017611986,-26.871925120309882],[-48.72710125718431,-26.87178091565908],[-48.72724812998275,-26.871833768107138],[-48.72744341645043,-26.871931577899748],[-48.72753471202301,-26.87194566818668],[-48.727687389468976,-26.871708299798115],[-48.72782706558278,-26.871418865333414],[-48.72774357024305,-26.871367032871483],[-48.72732306601656,-26.871259290699374],[-48.727410725370795,-26.87110292044283],[-48.72790051461519,-26.871268578859905],[-48.72820371982077,-26.869844553367045],[-48.72838250668938,-26.867596236489604],[-48.72851459304367,-26.86697891388705],[-48.72852566892092,-26.86677713447348],[-48.72847789053303,-26.866700631512582],[-48.72802042597832,-26.86668065357571],[-48.727809750497556,-26.865577080674317],[-48.727523839556646,-26.865080210317156],[-48.72700463359101,-26.863686810957738],[-48.72614911178634,-26.862906207309436],[-48.72359820204035,-26.85940260115556],[-48.721631246372134,-26.85718468232824],[-48.71988323982534,-26.852768333318256],[-48.71936148993424,-26.849189346702474],[-48.719528390124545,-26.84657968791054],[-48.720213069308706,-26.845299102579077]]]}},{"type":"Feature","id":22,"properties":{"nome":null},"geometry":{"type":"MultiPolygon","coordinates":[[[[-48.70530580494162,-26.917318339336408],[-48.705532308745745,-26.917461898040067],[-48.70566827356073,-26.91763059366156],[-48.705665671435995,-26.917759198688987],[-48.705578026804815,-26.918124795928303],[-48.70563107540308,-26.918216468332236],[-48.70577309666645,-26.91829445253638],[-48.70578736340398,-26.918428158983573],[-48.70570868641431,-26.918559309205946],[-48.70561504478641,-26.918803730348206],[-48.70561874490892,-26.919038382464606],[-48.70572507781294,-26.919215346318715],[-48.706153455750155,-26.91954392888023],[-48.706274455394656,-26.91989294455612],[-48.706310452942006,-26.920078648155002],[-48.70630814913423,-26.920192529314857],[-48.705998754546755,-26.92091534786053],[-48.70598677364268,-26.921114511040436],[-48.70610890680163,-26.921365695536764],[-48.706027119125935,-26.92147828439524],[-48.70589778492821,-26.921582980775117],[-48.70585516260264,-26.92172468641241],[-48.70594449451124,-26.922025176734138],[-48.70612428286133,-26.922177618782655],[-48.70641544772047,-26.922305706781138],[-48.70641069583726,-26.92254058785486],[-48.70633757615296,-26.922617718318616],[-48.705816003076656,-26.922459719344083],[-48.70549098198258,-26.922411714301493],[-48.70521099674047,-26.922394244985146],[-48.70475874188639,-26.92284124040395],[-48.70372117740617,-26.923765186705964],[-48.703274925163264,-26.92420647899066],[-48.70289348865447,-26.92453692539069],[-48.70274724086682,-26.924691183003855],[-48.702616602732434,-26.924859934205035],[-48.70268712996921,-26.924910921613762],[-48.70356650867983,-26.925097041003763],[-48.703923907101384,-26.92511709768321],[-48.70421728487026,-26.92515747149507],[-48.7043905689535,-26.92523861117545],[-48.704388695129545,-26.925331139312867],[-48.704337976195355,-26.925479832766975],[-48.70403623595652,-26.92585227895571],[-48.7041622612794,-26.92591128911189],[-48.70467676197317,-26.926026460073455],[-48.704769840393,-26.926141893789044],[-48.70467128508293,-26.92629692841443],[-48.70474755559291,-26.92651508130724],[-48.70561180385282,-26.926635938875894],[-48.70566701202993,-26.926658196580266],[-48.70569635854215,-26.926779712583212],[-48.7056278696704,-26.92702067618717],[-48.70547180084998,-26.92726733643274],[-48.705372093629784,-26.92747931202485],[-48.70482289884919,-26.92891066628759],[-48.70454463589513,-26.9294640982208],[-48.70444872989657,-26.929804145654575],[-48.70423610311162,-26.930256162160614],[-48.703945581930356,-26.930786619101752],[-48.70348748300058,-26.931428216702415],[-48.70327992335608,-26.93162980168087],[-48.70296460315154,-26.932084190181968],[-48.70279424830581,-26.932222613968875],[-48.70261552354218,-26.932166793256588],[-48.70171620465227,-26.932135178111494],[-48.701363746454284,-26.932231222534586],[-48.70078729093759,-26.93244477615863],[-48.70022336696841,-26.932447057399152],[-48.69983501343405,-26.93232310872189],[-48.69949342700987,-26.932357656767827],[-48.69901924057558,-26.932358527897524],[-48.69829937249971,-26.932309489857115],[-48.69801229372862,-26.932218674794708],[-48.697861809788535,-26.932088824718893],[-48.69695982764959,-26.93179963945719],[-48.69673324826974,-26.931755777902595],[-48.696504686155215,-26.931809419697387],[-48.69622825814685,-26.931853673734864],[-48.696159776414895,-26.93191279729231],[-48.696142479564905,-26.93197562656944],[-48.69613873279424,-26.93207598020743],[-48.69620986005926,-26.932230284221557],[-48.69642472336569,-26.9323990255833],[-48.69696988800072,-26.933056575545624],[-48.697039173578546,-26.933412353869212],[-48.696929656487086,-26.933701391646288],[-48.69668422891937,-26.933818286867147],[-48.695785174471055,-26.93384188826876],[-48.694813239038155,-26.933845742378963],[-48.69398858131817,-26.934084831067562],[-48.69331316159663,-26.934353979879326],[-48.69307083015138,-26.9343500165573],[-48.69274497717375,-26.93428672148624],[-48.69235104877747,-26.933959887938904],[-48.69194824160043,-26.933524146851816],[-48.692032732792626,-26.933314811239384],[-48.69189212949473,-26.933197725523584],[-48.691726616767035,-26.933221147877457],[-48.691606059663485,-26.932933954628023],[-48.691437699514566,-26.932612934532425],[-48.69133787840911,-26.932176679971057],[-48.69125349153491,-26.931354258822363],[-48.69137226009161,-26.93110231486618],[-48.69126195264526,-26.930950405055654],[-48.691226911224554,-26.93097632064046],[-48.69101367240256,-26.930948767815174],[-48.690795886794994,-26.930718836413362],[-48.69061670482427,-26.93057468488202],[-48.69063204793788,-26.930065071347798],[-48.690510519112685,-26.929424802554355],[-48.69016828677481,-26.928206541249047],[-48.68973179019388,-26.926925909809615],[-48.68964584295258,-26.92638357218175],[-48.689810706621046,-26.92588232357545],[-48.689781001023256,-26.92551223659377],[-48.689947134026795,-26.925139040297644],[-48.690615516970205,-26.924638282324885],[-48.69108880888282,-26.92397229621517],[-48.691211328407036,-26.92371845041764],[-48.69122554004099,-26.923269831279942],[-48.69110778186103,-26.92303946567596],[-48.69080376043994,-26.922174340559877],[-48.690796971876004,-26.92193730353783],[-48.69012704792576,-26.92133174820052],[-48.689879800915385,-26.921151985557263],[-48.68961007471921,-26.921022410558905],[-48.68859848507539,-26.921070026070975],[-48.68809041954855,-26.921152108651224],[-48.68776185436961,-26.92127188382747],[-48.6873381659453,-26.921468071952937],[-48.68722344114294,-26.92164590638835],[-48.687134137412166,-26.92182539015577],[-48.68724263433773,-26.92196959420475],[-48.6873980279232,-26.922137245906736],[-48.687759047563844,-26.922456499313917],[-48.68811288923723,-26.9230436631358],[-48.68837205012299,-26.92364874941722],[-48.688339512993316,-26.923993804764415],[-48.688260486991304,-26.924263470751182],[-48.688084076345554,-26.92433998326526],[-48.68783485622948,-26.924601491289156],[-48.68730866272956,-26.92461059213705],[-48.68691198165843,-26.924482147764294],[-48.68655743704236,-26.924252031296863],[-48.68624071131162,-26.92423790685413],[-48.68510335787818,-26.923947969610673],[-48.684403961454414,-26.923852924303414],[-48.68420542065761,-26.9237148269457],[-48.68400801116544,-26.923549516134862],[-48.684020975085204,-26.923468694229175],[-48.68393340680849,-26.923325445973283],[-48.68399141204395,-26.923116213816222],[-48.68429681812199,-26.922843608320466],[-48.68486997304999,-26.92247316208433],[-48.68594659497501,-26.921432796665904],[-48.68675302673715,-26.92075421226098],[-48.68744143021523,-26.920298164882798],[-48.68797725678853,-26.919970796912796],[-48.688368074138225,-26.919657249798984],[-48.68852799447106,-26.919370311313898],[-48.688624935868134,-26.919051950604395],[-48.688562484516936,-26.918787677809135],[-48.68814410664602,-26.91845682386162],[-48.68702147245881,-26.917773969987465],[-48.68590689486779,-26.917544477633815],[-48.68482503937506,-26.91697409185121],[-48.68416219720633,-26.916453996043565],[-48.68384011936682,-26.916160062495475],[-48.683544515018895,-26.91554642243992],[-48.68352225680375,-26.914899291301527],[-48.683274487971815,-26.91422072095319],[-48.684320035384914,-26.912644243858278],[-48.684593940891226,-26.912031692526117],[-48.68477316395228,-26.91076010532905],[-48.68501966790985,-26.910835126238304],[-48.685078971025625,-26.91090207586106],[-48.68528683111125,-26.91090936565146],[-48.685576104686,-26.911050037911853],[-48.68602442552357,-26.91116605585964],[-48.68695454138276,-26.91145685132687],[-48.6870429840949,-26.911582491965426],[-48.68742333960173,-26.9116314156794],[-48.68767917118797,-26.911623964415426],[-48.687842239752534,-26.91155317981884],[-48.69759173061475,-26.91466809653918],[-48.69760065228302,-26.914736990677802],[-48.697632975122815,-26.914780887371258],[-48.699881630767734,-26.91552345764175],[-48.700013837118476,-26.915595204017702],[-48.70009801723815,-26.915582657721856],[-48.70021519473797,-26.91562910638723],[-48.700260845266676,-26.915677172417812],[-48.70048819457623,-26.915808924327692],[-48.700583247495764,-26.915943703807354],[-48.70070523232554,-26.916056988300753],[-48.700803451368145,-26.91611646383109],[-48.700952450855844,-26.916123343187984],[-48.70105437023521,-26.916000350733547],[-48.701193699549584,-26.915993716196063],[-48.70138110261369,-26.916067999354826],[-48.7014299862989,-26.91610886299746],[-48.70149532165181,-26.916319166642793],[-48.701473639034525,-26.916407851663234],[-48.70142204793542,-26.916500500323902],[-48.70147382842131,-26.916643804531926],[-48.701703974802825,-26.916816726116217],[-48.70189652835634,-26.916882188186758],[-48.701981961615466,-26.916885836522194],[-48.70199588771566,-26.917179888333237],[-48.70209338795859,-26.91727496607212],[-48.702385518201126,-26.91733314560241],[-48.70246892020232,-26.917387926160373],[-48.702507415149924,-26.917450879873844],[-48.70249143480356,-26.917748896475132],[-48.702459542182865,-26.917850771509432],[-48.70245656642431,-26.917997635579784],[-48.70253256482847,-26.918172496809543],[-48.702639555411274,-26.91828998829798],[-48.70279181436176,-26.918381505412803],[-48.70300551327936,-26.91838498431678],[-48.70368372840688,-26.918035419269657],[-48.70384294009344,-26.91802910578261],[-48.70405934286029,-26.9178990705394],[-48.70446730998015,-26.917883448420845],[-48.704649013824735,-26.91774839509625],[-48.70486569332557,-26.917694044344707],[-48.704991197357366,-26.917633759539974],[-48.70529514460997,-26.9173537807696],[-48.70530580494162,-26.917318339336408]]],[[[-48.68308837180147,-26.925810314576953],[-48.68299951531931,-26.92566495817412],[-48.682678764380775,-26.925022751713357],[-48.68261059568417,-26.924948212936265],[-48.682286850214936,-26.924933533764197],[-48.67932855673608,-26.9251488505505],[-48.67863669109816,-26.924934979164167],[-48.67823408099057,-26.92465388466375],[-48.677548805188295,-26.92412633853639],[-48.67737636653964,-26.92383326970669],[-48.67700239663638,-26.92355947034698],[-48.67700020432395,-26.923004928867492],[-48.67642589226351,-26.922824269163076],[-48.67618956008542,-26.922623442542296],[-48.67596842086587,-26.922396607865913],[-48.67594843126457,-26.92192835416009],[-48.67565923053491,-26.921731907122936],[-48.67523785827151,-26.921600919692832],[-48.674697600567214,-26.921880663779095],[-48.67382662910775,-26.92164454765935],[-48.67314169850577,-26.921239422458626],[-48.67303145111578,-26.920050938396713],[-48.67272518771044,-26.919870967851217],[-48.67265133976621,-26.919547682477738],[-48.67271354181614,-26.919124272484673],[-48.67252605067502,-26.918761795410585],[-48.672221529674346,-26.918513730255537],[-48.67183216736114,-26.91828644812194],[-48.67083270911489,-26.91749576349979],[-48.669655551139975,-26.916161651120323],[-48.669406490687926,-26.915988521459248],[-48.66887411805985,-26.915824004159067],[-48.668507838746606,-26.91574443306812],[-48.66784915294791,-26.915657092257916],[-48.66699261411486,-26.915879809542908],[-48.666716132824064,-26.91569411685226],[-48.66604217908543,-26.91529301086566],[-48.66565709260703,-26.91496167422933],[-48.66527254341556,-26.914604348462507],[-48.66479258102826,-26.913946474000358],[-48.664821839207974,-26.913190651095967],[-48.66494820605519,-26.91272728564324],[-48.665305751400986,-26.912305075347042],[-48.66559958249359,-26.91187982836191],[-48.66577725072923,-26.911408356579756],[-48.66596935762972,-26.911284916334555],[-48.66609954823597,-26.911248430266905],[-48.66643732443488,-26.911188328272903],[-48.66673265456617,-26.91119900666481],[-48.66688668059537,-26.911175983758806],[-48.66698017029121,-26.911140821307026],[-48.6675357496857,-26.91057369893483],[-48.66754368851104,-26.910502346239614],[-48.667455139143485,-26.91040235133603],[-48.666937035559485,-26.910038624028875],[-48.66665096676001,-26.90970960608081],[-48.666653371947966,-26.909592683297234],[-48.66668746947122,-26.909522235110728],[-48.66676785275559,-26.909469260540597],[-48.66698699950051,-26.909472883317438],[-48.66732821988447,-26.909444683362736],[-48.667557633230246,-26.90940252608692],[-48.66756996825788,-26.909020828448252],[-48.66745496868888,-26.908082842637345],[-48.667426057279776,-26.907674813626265],[-48.667595597274136,-26.907423243919947],[-48.667854373525174,-26.90717363578999],[-48.66817998856907,-26.906938494519455],[-48.66836089121351,-26.906847946525808],[-48.668457837831774,-26.906849548017476],[-48.668516536214455,-26.90689728592857],[-48.66851351640649,-26.90704422157112],[-48.66855140903782,-26.90739893914524],[-48.668631657151884,-26.907487118802216],[-48.66909526231128,-26.907434645337883],[-48.669149109283715,-26.907355361145697],[-48.66916540020809,-26.907288818969718],[-48.66924024876444,-26.90727669276709],[-48.66929245194744,-26.90727755481996],[-48.6693424566308,-26.907385279392948],[-48.669446864112885,-26.907387003426866],[-48.66979764157855,-26.907379431944623],[-48.66985755398177,-26.907240448229018],[-48.67000954109746,-26.90722422383795],[-48.6700755779722,-26.907318983254164],[-48.67054251084763,-26.907283911776005],[-48.67057512644905,-26.907223565067792],[-48.67057230140823,-26.90710643203397],[-48.670544108160954,-26.906951414219172],[-48.670691250906685,-26.90691637561407],[-48.670742697768624,-26.907212279780648],[-48.67084164014409,-26.90723264608631],[-48.671622753450826,-26.90717914238209],[-48.67168711857504,-26.907100587438784],[-48.671845005471596,-26.90705167314574],[-48.67189061140409,-26.907122676753275],[-48.67290989579293,-26.907027720997355],[-48.67348701539743,-26.906838876646674],[-48.6737721064328,-26.9069135851484],[-48.67406806944507,-26.907093484332712],[-48.6745908341098,-26.907759753494474],[-48.67511382413876,-26.90830510362969],[-48.67559141399573,-26.908522995924184],[-48.67673975651723,-26.90887080305337],[-48.676894817520726,-26.908929826807753],[-48.67694125615967,-26.909019245914845],[-48.6769556569362,-26.90917263977525],[-48.67693490470916,-26.909329382399097],[-48.676892269133894,-26.9094865923389],[-48.676749342174354,-26.909613834013147],[-48.67651174655506,-26.909653121092322],[-48.67635289100881,-26.909701558020696],[-48.67624209923835,-26.909758640888832],[-48.67619022518493,-26.909869251286363],[-48.676186880626084,-26.910032505314827],[-48.676230172187985,-26.910315870844403],[-48.67648343579091,-26.910634939940056],[-48.67671030416203,-26.910858514865943],[-48.67681200268953,-26.91102978084059],[-48.67691702887503,-26.911315785023383],[-48.67727765378831,-26.911520079374455],[-48.6772849444176,-26.911800234212258],[-48.67718851774256,-26.912055346940946],[-48.676810451084556,-26.912702539709795],[-48.676625598946664,-26.91345792629717],[-48.6768263835668,-26.913634172536455],[-48.67699526166343,-26.913700987185486],[-48.677196088213385,-26.913704292905486],[-48.67747329894099,-26.9135691521274],[-48.6778997930719,-26.913220138552358],[-48.67805294661066,-26.913212208419196],[-48.678275658731806,-26.91324025812237],[-48.67845986288158,-26.91328718273696],[-48.678590622803796,-26.91328445703813],[-48.67875514618374,-26.913228638002277],[-48.67887197047057,-26.91310863037362],[-48.679055663906844,-26.912648322114418],[-48.67904403339227,-26.912154135840993],[-48.67895337875883,-26.912059979718197],[-48.67879205017326,-26.91195978349216],[-48.67855845123158,-26.911931554730852],[-48.6780954562565,-26.91191296981931],[-48.677971137130484,-26.91186703017058],[-48.67792473685963,-26.911739459928906],[-48.67797213014098,-26.91075452868065],[-48.67803905515406,-26.91067759483308],[-48.67821326629079,-26.910680460954197],[-48.67925531381528,-26.910623296780198],[-48.679882579374876,-26.9105750847569],[-48.680314355974204,-26.910499270513682],[-48.680468085234025,-26.91043839326516],[-48.68070143903935,-26.910231211872013],[-48.68074223958541,-26.910100199569055],[-48.68072175656653,-26.91003646084077],[-48.6806309036817,-26.909952054204382],[-48.68035969779542,-26.909898825968465],[-48.679744633130134,-26.90987332817899],[-48.67961467494963,-26.90983705261716],[-48.67950204719878,-26.909752289098947],[-48.67944910067562,-26.909678261177163],[-48.67944695124022,-26.909517279071437],[-48.67951297785302,-26.909484224806377],[-48.67970886242254,-26.909492322075657],[-48.680183850824335,-26.90947409778021],[-48.680260766134936,-26.909441222128834],[-48.68032858716652,-26.909320407536143],[-48.68035205688378,-26.90923788149256],[-48.681218636971636,-26.909482103610888],[-48.681534325827855,-26.909223923282543],[-48.68159173011466,-26.90908694760189],[-48.681622935672976,-26.908892373380482],[-48.68173978000401,-26.908508181737812],[-48.681868378560274,-26.90834447027623],[-48.68198499503562,-26.908234211477296],[-48.68206816129347,-26.908186100597728],[-48.682336907641215,-26.908092970961523],[-48.682392940337905,-26.90801585684406],[-48.68239997797485,-26.907937937280924],[-48.682245291874125,-26.90777932782718],[-48.6821429749947,-26.907723362678816],[-48.68208438741275,-26.907658997443757],[-48.682065103458584,-26.90753675132822],[-48.68213661666906,-26.907235075804703],[-48.68214279286335,-26.90693279202319],[-48.68222205973698,-26.906518261007072],[-48.682263852943045,-26.90633849330169],[-48.682458810864944,-26.905858014172782],[-48.68247713317281,-26.90576077017286],[-48.682379476011874,-26.905476291097358],[-48.68234980135616,-26.905329489750056],[-48.68240508683154,-26.90502688416599],[-48.68245945756986,-26.90476441003831],[-48.68256537184309,-26.90438458418473],[-48.68261111345608,-26.904278036804413],[-48.682688818147625,-26.904206154980532],[-48.68270704329267,-26.904113787866322],[-48.682645734120634,-26.90391686319185],[-48.68263408230709,-26.90368744493937],[-48.68263627305323,-26.90358018344432],[-48.68267480631641,-26.903407344978923],[-48.68277008476969,-26.903159024521646],[-48.68272960307581,-26.902587106368852],[-48.68279623802712,-26.902515242129766],[-48.68309043763453,-26.90246900074874],[-48.68330439529278,-26.90236307517401],[-48.683582009979204,-26.902331152895094],[-48.683948007911894,-26.902359045096567],[-48.684327614476196,-26.902518485348946],[-48.68459708612032,-26.902486426588627],[-48.68565321828835,-26.90222650563423],[-48.68578797265969,-26.902009840291708],[-48.68566820442316,-26.90189114418871],[-48.68527673493228,-26.901913908481095],[-48.68518909409703,-26.90181762553924],[-48.68499206141643,-26.901493379713063],[-48.68442884298348,-26.9015498040929],[-48.68417952912774,-26.901392502680544],[-48.68390846789109,-26.901103519204746],[-48.68386377685579,-26.900898503864823],[-48.68375304927942,-26.90073617935283],[-48.683796294969376,-26.900612860248955],[-48.683709400747276,-26.900480109656417],[-48.68340174912767,-26.900387511748033],[-48.683185012862026,-26.90023074334462],[-48.683231027602126,-26.899944349609644],[-48.68356937065656,-26.899909702047452],[-48.68384019226084,-26.90021562890994],[-48.684856332095784,-26.900611711105977],[-48.68560916137485,-26.900682902378],[-48.68603445791534,-26.900691305627255],[-48.6865284485178,-26.900984642757322],[-48.68654941033622,-26.901970873480412],[-48.68607684894001,-26.902635735803695],[-48.685696473264656,-26.90311911930381],[-48.685238314040845,-26.90358700823048],[-48.68470631524399,-26.903920331710772],[-48.68442365369232,-26.90421558364306],[-48.68361907184622,-26.904511537127025],[-48.68317425999309,-26.904650384071182],[-48.682831146243636,-26.904850248481054],[-48.68280785058822,-26.904984818557807],[-48.68280384278923,-26.90518104722992],[-48.68290347732449,-26.90533297039174],[-48.68303087572936,-26.905466946831048],[-48.68319662083054,-26.90556781513961],[-48.68484970356095,-26.905844364375046],[-48.68536614566181,-26.90587737143213],[-48.685819113672935,-26.905879845304142],[-48.686223316306794,-26.90604289428684],[-48.686598633486604,-26.906279079375626],[-48.68681076040491,-26.906627539409783],[-48.68683680442593,-26.907029756967408],[-48.686549329701336,-26.90742972740459],[-48.686429268328276,-26.907689556406602],[-48.68572335723566,-26.908362859220276],[-48.68519624693339,-26.90883965475462],[-48.68477969911483,-26.90941970431334],[-48.684746121955726,-26.909757108345463],[-48.68469699357808,-26.910648894297186],[-48.684454423767114,-26.911811732176687],[-48.68433096372642,-26.91229757954836],[-48.68390697748825,-26.912911494433942],[-48.68337292361071,-26.91351346213205],[-48.68321582555857,-26.91373388219775],[-48.683126081302625,-26.914286657242126],[-48.683240957033995,-26.914851670666234],[-48.683210834438704,-26.91550743448072],[-48.683844714871604,-26.916249023863323],[-48.6844315134812,-26.91677090538389],[-48.68528782876892,-26.917344355465733],[-48.685795915824215,-26.917649329610356],[-48.68603701647638,-26.91765107983469],[-48.68661032638645,-26.917750254277323],[-48.68729366010108,-26.91801125731613],[-48.687742078849034,-26.918273580583364],[-48.68808991660716,-26.91852908272496],[-48.688524511481795,-26.918939345008255],[-48.68839464353246,-26.91932066865109],[-48.688183517430346,-26.919634137003698],[-48.687764742966074,-26.919949330817882],[-48.687229889106135,-26.92029166811388],[-48.68606629937085,-26.921212509774733],[-48.68546577057051,-26.92176695503259],[-48.68481862827678,-26.922279149543588],[-48.68456848973327,-26.922499943289882],[-48.68420671660367,-26.922759370152683],[-48.683771654345,-26.92311552555957],[-48.6837558716576,-26.923341150390083],[-48.68359517552082,-26.923506568227427],[-48.68340605029068,-26.9235776057669],[-48.68337369375898,-26.923822491479037],[-48.68356516007608,-26.923907191578078],[-48.68375016323988,-26.923902815540348],[-48.68576622585932,-26.92420387993026],[-48.68650330815482,-26.924465582310678],[-48.687347076299616,-26.924808378940845],[-48.68781044377441,-26.92482338740299],[-48.68813146068795,-26.924645763948853],[-48.68837338484771,-26.924441450238476],[-48.68853207092805,-26.924238922725404],[-48.68857317753671,-26.923982568873747],[-48.68849266455991,-26.923460563127314],[-48.68828648294954,-26.92284545185159],[-48.687993263813205,-26.92236474016884],[-48.687750683720715,-26.922175044163346],[-48.687583715162596,-26.9219980154472],[-48.68757666395793,-26.921807402641406],[-48.68760577451753,-26.921666879137355],[-48.68773945974273,-26.92154569488011],[-48.68798909689391,-26.92142294252597],[-48.688224493911946,-26.921345983174735],[-48.68846921266497,-26.921279798673552],[-48.6888292885433,-26.92122916622345],[-48.6892125963904,-26.92120011329244],[-48.68964258973695,-26.92120362192704],[-48.689970160235596,-26.921392710089144],[-48.69025348490222,-26.9216234704594],[-48.69061078129527,-26.922103654644403],[-48.690849642673975,-26.9227696564891],[-48.69104858059623,-26.923444780708195],[-48.69093812160196,-26.923948881854418],[-48.69064050433885,-26.9241988677467],[-48.69054678573822,-26.924426838764237],[-48.689763495795,-26.92513531401649],[-48.68959376077189,-26.925406671960957],[-48.68952078922774,-26.9257540263473],[-48.689264816396495,-26.926515175584388],[-48.68848302781949,-26.926784761771664],[-48.68774207076614,-26.926968806946306],[-48.68735957692047,-26.92708943172651],[-48.687059683824245,-26.927303714989687],[-48.68685863492927,-26.9275373908384],[-48.68687100533871,-26.928210219455664],[-48.686838504197404,-26.928404341060684],[-48.687023743421896,-26.92872926682731],[-48.6870919310232,-26.9289642076381],[-48.6872731355229,-26.929162681396317],[-48.68741368411757,-26.929426539239323],[-48.68747657945074,-26.9298027771445],[-48.68763575947222,-26.93001149663161],[-48.68773266368353,-26.93023426125159],[-48.688157670597946,-26.930720583894367],[-48.6881911687048,-26.930811464539868],[-48.6884575336814,-26.930986303681575],[-48.68866642485798,-26.93104038830261],[-48.68876366802311,-26.931242276498487],[-48.68896364951615,-26.931290931880977],[-48.68914045215677,-26.931376825154402],[-48.68927392629442,-26.931344585738188],[-48.689736339854,-26.931196498521004],[-48.68990868270492,-26.93102620561647],[-48.69006093301868,-26.93096113017221],[-48.690234168637694,-26.930834921750392],[-48.69053304288021,-26.930808389024467],[-48.690674777646876,-26.930929128545557],[-48.69080188217368,-26.930978349761375],[-48.69098431579239,-26.931240610610775],[-48.690942993872,-26.931508246479435],[-48.69080604796867,-26.9316084957581],[-48.690692360801926,-26.931765241659722],[-48.69067883220617,-26.931827246530236],[-48.690734628914456,-26.93189770780435],[-48.690803953260804,-26.93190616325864],[-48.69085745224252,-26.931888737734994],[-48.69095757194016,-26.931802134106558],[-48.691048382586025,-26.93182344527447],[-48.69106845770978,-26.93186637774793],[-48.691075708250914,-26.932290678742834],[-48.69109810679214,-26.93245380729355],[-48.69118038470748,-26.932801877852228],[-48.69126470012631,-26.933025108464744],[-48.691440629925445,-26.933322442857694],[-48.69172960935503,-26.933608042845872],[-48.691681409314285,-26.93367387074788],[-48.69153523750399,-26.93374081604786],[-48.69134439210263,-26.933740856383203],[-48.69071579783037,-26.933408714543273],[-48.69033736219195,-26.932998464866966],[-48.69016266227421,-26.932783956598005],[-48.689978320605285,-26.93269114750314],[-48.68959413840043,-26.932562997947585],[-48.68874508381381,-26.932048831172697],[-48.68698514303883,-26.930804870251066],[-48.68671295589821,-26.930454075236508],[-48.68658293109072,-26.930156919955422],[-48.68638270521973,-26.93014080892352],[-48.68632852470673,-26.930338740345206],[-48.68578623516139,-26.930069218926157],[-48.68507336532314,-26.92943358209001],[-48.68489160844575,-26.92909263163084],[-48.68493726806378,-26.928989390240794],[-48.68430856091039,-26.92849811772656],[-48.68428537891093,-26.928211764971284],[-48.68381799673098,-26.927524221292217],[-48.68353838175564,-26.926999680249374],[-48.6831133876138,-26.92648574983364],[-48.683092007941895,-26.926175006804048],[-48.68287574275031,-26.926144973039314],[-48.682627540279604,-26.926146743903754],[-48.68200529928206,-26.926235933887796],[-48.681553754952574,-26.926281144471933],[-48.68131208302788,-26.926283021228585],[-48.681116346110215,-26.92627395532947],[-48.68103884108512,-26.926231747117935],[-48.68102033142766,-26.926178812248384],[-48.681041352640726,-26.926108983043314],[-48.68110723635564,-26.926080826378744],[-48.6813169859439,-26.92604333971395],[-48.681578841191666,-26.926012556785846],[-48.68268395269363,-26.925942994809724],[-48.683018339900464,-26.925878313163786],[-48.68308837180147,-26.925810314576953]]],[[[-48.674341897409334,-26.924686958513167],[-48.674293628649245,-26.92431727753798],[-48.67438032229861,-26.924280232552853],[-48.67438067380207,-26.924001297096503],[-48.67444387482156,-26.923800346728235],[-48.67453249700865,-26.923407443025702],[-48.67456974037811,-26.92316278066049],[-48.67458609985044,-26.922888918932014],[-48.67453856795554,-26.92284966048675],[-48.674490148478085,-26.922853672341923],[-48.67435942132882,-26.92294289463675],[-48.67426875051143,-26.923166885075087],[-48.67419776947955,-26.923223427011013],[-48.674154621324185,-26.92323233467704],[-48.67408709262601,-26.923120606368368],[-48.674084387791936,-26.922990710577235],[-48.674205660267276,-26.922838810703297],[-48.67416968632976,-26.922750946606982],[-48.67410673884891,-26.92267776883584],[-48.674107725216736,-26.922629692023573],[-48.67415235367603,-26.922548668700856],[-48.6741373314189,-26.92249551894461],[-48.67406743681089,-26.922499175734252],[-48.67394754457601,-26.922583767239303],[-48.67379613024565,-26.922634172949437],[-48.67351724208103,-26.922615146434435],[-48.673442767634484,-26.92258025330227],[-48.67342774571331,-26.922527103491742],[-48.67346789450243,-26.922402722509272],[-48.67342543628768,-26.922377975387263],[-48.673318254273994,-26.922366589818537],[-48.67324249731441,-26.922394196504822],[-48.67316236004051,-26.922373636950038],[-48.67310955846828,-26.92232948301337],[-48.67288972995553,-26.922311429322342],[-48.67278860800684,-26.92226647736445],[-48.67272645126896,-26.922154837090712],[-48.672702231149806,-26.92176488234759],[-48.6732309471364,-26.921648560452287],[-48.673646514883686,-26.92193228778381],[-48.67367321263142,-26.921972151434186],[-48.673872631941855,-26.92207741640352],[-48.67444748171504,-26.92251634548079],[-48.674529242607505,-26.922554652054732],[-48.67466725158425,-26.922667803509796],[-48.67499109016988,-26.922843150699613],[-48.67535539600463,-26.923129570618464],[-48.6754255102054,-26.923233938361374],[-48.67555680970258,-26.923374747082548],[-48.67557806062845,-26.923429014570665],[-48.675715499091055,-26.92355065024336],[-48.67594445387831,-26.9235053019017],[-48.676008213108105,-26.92354416933964],[-48.67660493350068,-26.92402040679218],[-48.67674327432826,-26.92422729437403],[-48.67679604982844,-26.92426330400661],[-48.67692721927287,-26.924303799090005],[-48.677004894327666,-26.92434341324467],[-48.677014153705706,-26.924413845935355],[-48.67689042554622,-26.924882058655875],[-48.67684658330561,-26.92528144366691],[-48.676854420289615,-26.925412974407276],[-48.67681725160257,-26.925485837149388],[-48.676717262115396,-26.925490579731346],[-48.67663212667113,-26.92546681550723],[-48.67657584940222,-26.92542755442947],[-48.67657154282664,-26.92527375395262],[-48.676529727974696,-26.92522514635341],[-48.676031417500894,-26.925169019664818],[-48.675890691382975,-26.925246566300864],[-48.67573331210977,-26.925266335718085],[-48.675482710382035,-26.925268485002647],[-48.67529863506854,-26.925198365420272],[-48.67503481310909,-26.924995475670016],[-48.67484465219889,-26.92487414173558],[-48.67463626809808,-26.924771675660406],[-48.674341897409334,-26.924686958513167]]]]}},{"type":"Feature","id":23,"properties":{"nome":null},"geometry":{"type":"MultiPolygon","coordinates":[[[[-48.69230731715425,-26.878844756418307],[-48.69249672922799,-26.878758544646217],[-48.69281453676256,-26.878471133809498],[-48.69312286558786,-26.878049904335185],[-48.69330753717365,-26.877915014869824],[-48.69357182463596,-26.877649787205176],[-48.69381472549525,-26.87723569617334],[-48.69385224125826,-26.877012260823374],[-48.69398489475339,-26.876852599176082],[-48.69459640595999,-26.87646923891804],[-48.69483628594984,-26.876396452667507],[-48.69514811863757,-26.87652212167459],[-48.69590459258495,-26.876484315344243],[-48.69660853657802,-26.876276400045544],[-48.696888867513465,-26.876211497481755],[-48.69734207709474,-26.87623063052165],[-48.69769583442919,-26.876370282125478],[-48.697901726477895,-26.876686126219596],[-48.698271242034096,-26.87708517481545],[-48.69831838997603,-26.87745039683482],[-48.698229872925076,-26.877729625470064],[-48.69813081679517,-26.87781191483787],[-48.697846179644664,-26.877861704920985],[-48.69754129453813,-26.87824770544765],[-48.69738101872414,-26.878649328593276],[-48.69734574325097,-26.878914904149887],[-48.697377415525274,-26.879078400434373],[-48.69758612588584,-26.879138218849192],[-48.69783283243329,-26.879329605907316],[-48.69811066335144,-26.879342034025044],[-48.698411289638706,-26.879396658504387],[-48.69935569968363,-26.879690621168198],[-48.69985058101254,-26.87978644006577],[-48.70010876918711,-26.87982198715831],[-48.700801331037304,-26.879623561218555],[-48.70192963383363,-26.879055528885033],[-48.703118418693464,-26.87851315411062],[-48.703740957777846,-26.878178510180113],[-48.70413417549511,-26.877764913835552],[-48.70451628227131,-26.876862195157553],[-48.704884677682564,-26.876291480790083],[-48.70522486776014,-26.876077610928338],[-48.70536928069767,-26.875946247139467],[-48.70582661282568,-26.87582203769091],[-48.70619410591847,-26.87575536250961],[-48.70688457542996,-26.87591074668347],[-48.70758938850444,-26.876195422637466],[-48.70852410945654,-26.87678504058312],[-48.7084955921531,-26.87688360330284],[-48.7083770122464,-26.876949211372594],[-48.7080755891472,-26.876944320920494],[-48.706892737298794,-26.876602815288862],[-48.706567257620705,-26.876545007034508],[-48.70613890132263,-26.876575987598365],[-48.70591939250415,-26.876662464185824],[-48.70585538925239,-26.876917458134116],[-48.70584830984517,-26.87768270085307],[-48.70600031564881,-26.880401518796027],[-48.706193522142144,-26.883445895843845],[-48.706256917949645,-26.88592282963061],[-48.706246536831884,-26.88643672900002],[-48.70605300084194,-26.88670325984331],[-48.70477599364063,-26.887002921866163],[-48.703991839030095,-26.887167148218133],[-48.703358327660894,-26.88732539313315],[-48.70284945785027,-26.887367681030952],[-48.70243836150309,-26.887158537481533],[-48.702148839593626,-26.886589195833164],[-48.70180715697642,-26.885808320741237],[-48.70172190079165,-26.884388632819352],[-48.70154696927385,-26.88420038461771],[-48.70137888511761,-26.884138657235212],[-48.700974332156385,-26.884140499131355],[-48.700681263063196,-26.88421157369398],[-48.70063071521372,-26.8843296898242],[-48.700819650609304,-26.887073643506753],[-48.700748190232794,-26.887350582696964],[-48.70066269648753,-26.887391326565062],[-48.700521116024944,-26.88741430400928],[-48.700361410113416,-26.887403275449536],[-48.70022102407669,-26.887367280359115],[-48.7000450670973,-26.887229577339426],[-48.69963346933261,-26.886649814942416],[-48.69939219701109,-26.8864857653338],[-48.69893188865121,-26.886452983768248],[-48.69861186799617,-26.88640422159627],[-48.69756419790902,-26.885645540400304],[-48.69708574854639,-26.8850542293326],[-48.696936127503804,-26.88454615031754],[-48.69669402559818,-26.88436283296432],[-48.69646421792101,-26.884097838265802],[-48.69640624840194,-26.88370923691492],[-48.696281351913164,-26.8833525542135],[-48.69616371152481,-26.883123097583262],[-48.69595151812072,-26.88291738022335],[-48.69572769873429,-26.88282102820876],[-48.69524064008525,-26.88266898996592],[-48.694911665999015,-26.882655193184664],[-48.694598934813314,-26.88276807091167],[-48.69406991023374,-26.882877417485954],[-48.69298004974988,-26.883272556775697],[-48.69262235035719,-26.88328356807021],[-48.692359375521896,-26.883262416555226],[-48.69190912465416,-26.88316470134566],[-48.69199800991127,-26.88304936034813],[-48.69236403359779,-26.88158179155729],[-48.69234184325237,-26.88112533095475],[-48.69230731715425,-26.878844756418307]]],[[[-48.70920773826374,-26.874486251146752],[-48.71045239484562,-26.875873017803677],[-48.710416281240526,-26.87593490520449],[-48.710219857182665,-26.87616599273028],[-48.709795458622835,-26.876463667324067],[-48.7096289530378,-26.876507821723816],[-48.70939415293678,-26.87648058688702],[-48.70935294615632,-26.876362782102614],[-48.70944323235843,-26.87620806529008],[-48.70956868802482,-26.876038300038505],[-48.7095807063635,-26.8758745042354],[-48.70930706222653,-26.875612368130014],[-48.708919139934316,-26.87496573297472],[-48.70893084712683,-26.87481754992635],[-48.70898580370611,-26.87468568784089],[-48.70920773826374,-26.874486251146752]]]]}},{"type":"Feature","id":24,"properties":{"nome":null},"geometry":{"type":"Polygon","coordinates":[[[-48.72509993695139,-26.874946509253917],[-48.72512623684816,-26.87497562895348],[-48.72526438668814,-26.875038285436606],[-48.72556221703917,-26.87498667873795],[-48.72569002722567,-26.87489204511198],[-48.72582047562902,-26.87489011761844],[-48.72586470426283,-26.874927087469086],[-48.7256199135767,-26.875249476713527],[-48.725591006366564,-26.875345702704138],[-48.725850353276584,-26.875643978276326],[-48.72580778476263,-26.87574851796188],[-48.72565757901408,-26.87583876161714],[-48.72520169696442,-26.875698471726423],[-48.725066242419736,-26.87570566230039],[-48.72450552732542,-26.876309003974505],[-48.72446119597027,-26.87650167165232],[-48.724569311995765,-26.876714441639763],[-48.72469799072845,-26.876801119249073],[-48.72480491418293,-26.876851185834653],[-48.72488879757646,-26.876929084668642],[-48.72490460127746,-26.87703811530787],[-48.72483811534036,-26.877214310292832],[-48.724697220381465,-26.877288587674492],[-48.72444194056342,-26.877236130185622],[-48.723525113514555,-26.876983659878253],[-48.72305197615325,-26.87680682620155],[-48.72381684676473,-26.876281084003917],[-48.72411524473423,-26.8758275694375],[-48.724549719140676,-26.875668066477605],[-48.72509993695139,-26.874946509253917]]]}},{"type":"Feature","id":25,"properties":{"nome":null},"geometry":{"type":"Polygon","coordinates":[[[-48.72702422844989,-26.873494942282615],[-48.727045540412746,-26.87353044204022],[-48.727024634797544,-26.87362150518268],[-48.726878400795194,-26.87389336605935],[-48.72673020486181,-26.874110352226047],[-48.726542995137365,-26.874288321812188],[-48.72642967552796,-26.874291982245055],[-48.72637569640975,-26.874236270534762],[-48.72635280846637,-26.874156379853755],[-48.726560076105926,-26.87389372861196],[-48.726843921823715,-26.873481073543577],[-48.726917520642836,-26.87347403105719],[-48.72702422844989,-26.873494942282615]]]}},{"type":"Feature","id":26,"properties":{"nome":null},"geometry":{"type":"Polygon","coordinates":[[[-48.72563302127894,-26.89236283938872],[-48.72601249407816,-26.891959219825814],[-48.72798954398776,-26.891953517253253],[-48.728885180795515,-26.891837683981418],[-48.73062743610986,-26.89185711917115],[-48.731123634103035,-26.891942284395622],[-48.73126138555581,-26.89223611170394],[-48.73138888266173,-26.892564081773873],[-48.73159895042369,-26.892593187453098],[-48.73192422657156,-26.892606988745065],[-48.73205953249758,-26.892119932628344],[-48.73214910762324,-26.891949834044457],[-48.732526911051764,-26.89181031239168],[-48.73436557439257,-26.89179694183102],[-48.73463384447941,-26.89185267960531],[-48.734840663545874,-26.892044688880468],[-48.73515789710322,-26.892461467988436],[-48.73645435400898,-26.892826421667586],[-48.73672305290169,-26.892796421216435],[-48.73712353902144,-26.892399725401265],[-48.73727258668624,-26.89212765408468],[-48.73734403541088,-26.891905799791264],[-48.73756521373337,-26.89185788136666],[-48.73791937624199,-26.891863555564207],[-48.73810927890947,-26.891943790094654],[-48.738207908272855,-26.892279868505927],[-48.738355763101495,-26.89254812078718],[-48.7389246184001,-26.89283169307548],[-48.73903555494281,-26.89303073807403],[-48.73903026083092,-26.893296537322747],[-48.738997618666346,-26.893493282270242],[-48.73829975700941,-26.89390498590338],[-48.73811207810004,-26.894193594156043],[-48.73811618253119,-26.894468120722173],[-48.73822558132716,-26.894744334051058],[-48.738665829888845,-26.89525929454446],[-48.739354016072454,-26.89580208302083],[-48.73989113896764,-26.896275111771054],[-48.74015540908857,-26.896468033603455],[-48.740488052894456,-26.896593433765627],[-48.74075300550542,-26.896752057732424],[-48.74069927894786,-26.896822198655386],[-48.74064228330273,-26.896853953646616],[-48.74017998326104,-26.896760433444808],[-48.74000277987949,-26.896668505721422],[-48.7386557657719,-26.89550522733603],[-48.73799200819897,-26.894990701152892],[-48.73746146655625,-26.894022524094922],[-48.73720551167008,-26.89351275463218],[-48.73683605475959,-26.8931600949942],[-48.73642919642866,-26.89297791493383],[-48.735114624882094,-26.892607729454372],[-48.734816121992395,-26.892561217900912],[-48.73328988845651,-26.8929181513477],[-48.732524796088626,-26.892911826700416],[-48.73107384017523,-26.892930241600663],[-48.729946324721226,-26.893079010166307],[-48.72948783128593,-26.892952016362813],[-48.728636648166976,-26.892592624408206],[-48.72804656280058,-26.892153982898503],[-48.72785353719364,-26.89215683761373],[-48.72700385895045,-26.892387537838037],[-48.72648664201344,-26.892175408630248],[-48.72563302127894,-26.89236283938872]]]}},{"type":"Feature","id":27,"properties":{"nome":null},"geometry":{"type":"Polygon","coordinates":[[[-48.72102850804724,-26.892123015820648],[-48.72223544000918,-26.892181487232552],[-48.72361022374769,-26.892372645160965],[-48.72542885803034,-26.892405461927304],[-48.72648664201344,-26.892175408630248],[-48.72700385895045,-26.892387537838037],[-48.72785353719364,-26.89215683761373],[-48.72804656280058,-26.892153982898503],[-48.728636648166976,-26.892592624408206],[-48.72948783128593,-26.892952016362813],[-48.729946324721226,-26.893079010166307],[-48.73107384017523,-26.892930241600663],[-48.732524796088626,-26.892911826700416],[-48.73328988845651,-26.8929181513477],[-48.734816121992395,-26.892561217900912],[-48.735114624882094,-26.892607729454372],[-48.73642919642866,-26.89297791493383],[-48.73683605475959,-26.8931600949942],[-48.73720551167008,-26.89351275463218],[-48.73746146655625,-26.894022524094922],[-48.73799200819897,-26.894990701152892],[-48.7386557657719,-26.89550522733603],[-48.74000277987949,-26.896668505721422],[-48.74017998326104,-26.896760433444808],[-48.74092712570195,-26.896920039273922],[-48.74106726890919,-26.896970041372406],[-48.74125030886146,-26.897090983086468],[-48.74156240678663,-26.897415002975293],[-48.74231750950276,-26.898123040426754],[-48.74218891141983,-26.898077484615765],[-48.741399260238616,-26.897492117808703],[-48.74069292952825,-26.897123820337256],[-48.74034745552884,-26.896995044008914],[-48.739637044592705,-26.896792589850612],[-48.73822550998712,-26.895878952010456],[-48.73719112569641,-26.89516664063625],[-48.73686297343428,-26.894743938284066],[-48.73656207092356,-26.893589872988876],[-48.73646339935039,-26.893297557487763],[-48.73616852760034,-26.893153681578177],[-48.73528068431829,-26.892884340064843],[-48.73499575078099,-26.892891365263175],[-48.73479635818562,-26.89308519476382],[-48.73453337302795,-26.893289696720423],[-48.73293559569693,-26.89354248364049],[-48.732389515438776,-26.89361611935081],[-48.73223097859723,-26.893775911712112],[-48.73218358851144,-26.894204187282856],[-48.73205047122431,-26.894387579784915],[-48.73064276145779,-26.894491508163643],[-48.728450205879035,-26.894382065412486],[-48.725908382228006,-26.89413713817572],[-48.7236781649978,-26.893841550948714],[-48.72261360261899,-26.89360141873914],[-48.722332787336455,-26.893349975456935],[-48.722165339341736,-26.893045492610987],[-48.72203816669922,-26.892769092912655],[-48.721850277375125,-26.892453990245308],[-48.72163925804861,-26.89228597697586],[-48.72105048172051,-26.89219223902842],[-48.72102850804724,-26.892123015820648]]]}},{"type":"Feature","id":28,"properties":{"nome":null},"geometry":{"type":"Polygon","coordinates":[[[-48.7665520535879,-26.891062607118247],[-48.767200428377826,-26.89129739435191],[-48.767320266484965,-26.891398495473297],[-48.76789957406303,-26.89150686031865],[-48.76789914119865,-26.892092168447256],[-48.76785022795003,-26.892890004308512],[-48.76738347131478,-26.8932509878072],[-48.7672376244976,-26.893339823408763],[-48.76657338224742,-26.89276297437244],[-48.76651706754093,-26.892695700070778],[-48.76651079619579,-26.892316978797137],[-48.76635382822771,-26.892203859019304],[-48.766388898214686,-26.891819348097982],[-48.7665387701012,-26.891595528440277],[-48.7665520535879,-26.891062607118247]]]}},{"type":"Feature","id":29,"properties":{"nome":null},"geometry":{"type":"Polygon","coordinates":[[[-48.749612196723625,-26.884902757396596],[-48.747466469791476,-26.884753065979947],[-48.743127337271304,-26.8857621860141],[-48.74130740801361,-26.885551535033304],[-48.74003124766194,-26.88566080182566],[-48.73831058369621,-26.88628166139426],[-48.72813253134357,-26.88847065458385],[-48.72813045683968,-26.887802451474744],[-48.72862391309931,-26.88616508053836],[-48.72728200422509,-26.876938854705976],[-48.72922198217874,-26.872244099097262],[-48.730087807185605,-26.870356908225713],[-48.73048609422159,-26.868554937966294],[-48.730541587112945,-26.867072039572264],[-48.73012944894503,-26.86537756619692],[-48.729454067247595,-26.863551496885503],[-48.72855160523916,-26.86118987185877],[-48.72795252108516,-26.859201491132325],[-48.72751125861563,-26.856619937649402],[-48.727434460860806,-26.854983371634233],[-48.72724556642769,-26.853470057876674],[-48.72681917937359,-26.85197504913668],[-48.726207086857336,-26.850640585137757],[-48.72573213616588,-26.849749865973518],[-48.72479795389119,-26.848574511553224],[-48.722901580198894,-26.846969283922153],[-48.720437731526836,-26.844985504057128],[-48.721398614757376,-26.84338107767893],[-48.72270846015609,-26.841786728032652],[-48.72427895240488,-26.840589500482793],[-48.72660619535576,-26.8390784201421],[-48.72827523949402,-26.838636615857872],[-48.72975385540967,-26.838619613280873],[-48.731312448714704,-26.839154012389685],[-48.7328986692538,-26.840585351948814],[-48.73325677185999,-26.84201736612465],[-48.733685927921876,-26.845847444302024],[-48.73423569137575,-26.84793509463176],[-48.7351265391049,-26.850028208811022],[-48.73654364121084,-26.85196670305901],[-48.73836435641174,-26.85408505139782],[-48.740054938243446,-26.85561790490666],[-48.74208931700169,-26.85717437433725],[-48.74401485084899,-26.85797866783616],[-48.74562286722528,-26.858418173931966],[-48.74754785921693,-26.858402884193442],[-48.750301527780024,-26.858009908123726],[-48.75280136349455,-26.85747489353509],[-48.75497266607683,-26.856681708344293],[-48.756629046696226,-26.855972279791303],[-48.75871291547275,-26.8557064511796],[-48.75973500050486,-26.855929580658344],[-48.76049738039181,-26.856309527583836],[-48.761374007310906,-26.85740402001265],[-48.76153412838624,-26.858395194586308],[-48.76157398248007,-26.860281134518967],[-48.76144872802719,-26.862730972134738],[-48.76121903590554,-26.86396887712929],[-48.760985249834874,-26.86932220489722],[-48.76119451357953,-26.87173271109392],[-48.76151837776747,-26.877439743707537],[-48.76164287227199,-26.880240473305907],[-48.76104212560026,-26.882070273678313],[-48.761041956713925,-26.883380787250108],[-48.76131951662931,-26.884925617764168],[-48.76177670581899,-26.886473294831756],[-48.7625684017613,-26.8879802895334],[-48.76382989918614,-26.888755304482576],[-48.764698623379864,-26.889945097324297],[-48.7664176687153,-26.890952864312855],[-48.7665520535879,-26.891062607118247],[-48.7665387701012,-26.891595528440277],[-48.766388898214686,-26.891819348097982],[-48.76635382822771,-26.892203859019304],[-48.76651079619579,-26.892316978797137],[-48.76651706754093,-26.892695700070778],[-48.76727573530279,-26.89335387458756],[-48.767311989609205,-26.893589941703542],[-48.76722579527138,-26.893813604860085],[-48.76712526129708,-26.89446827789352],[-48.76701948436255,-26.894796296372018],[-48.7669097203519,-26.89503005326448],[-48.76671955847586,-26.89578147290235],[-48.765943600633314,-26.895491208069643],[-48.7653181532965,-26.895481310240587],[-48.7650033393664,-26.895386385793877],[-48.76478810775774,-26.89527861401481],[-48.764626543229596,-26.894854022368264],[-48.76418864128604,-26.894342031942582],[-48.763900217116735,-26.894161534499364],[-48.762951846298655,-26.893648212129268],[-48.76217991063352,-26.89325403204454],[-48.761672883176175,-26.892955366959285],[-48.761208581770894,-26.892357406023727],[-48.76085963230534,-26.8918280597774],[-48.76052540314615,-26.891479006599766],[-48.76022393154945,-26.89126445468403],[-48.75922234845122,-26.890779315151672],[-48.75887390097138,-26.89053370496673],[-48.7580147485541,-26.889863094792855],[-48.757543494055014,-26.889359079896213],[-48.75554513616331,-26.888103811216727],[-48.75401585634017,-26.88742267491227],[-48.753276227548945,-26.887208257588377],[-48.752542201700564,-26.886749154859118],[-48.75195389007143,-26.886314194184095],[-48.75150766206795,-26.88587355363922],[-48.75049305782726,-26.88517128267551],[-48.749612196723625,-26.884902757396596]]]}},{"type":"Feature","id":30,"properties":{"nome":null},"geometry":{"type":"Polygon","coordinates":[[[-48.701625164903035,-26.9016737410491],[-48.702461249479995,-26.90223968915723],[-48.70398206183976,-26.90312252316003],[-48.70389203605547,-26.90313328508967],[-48.703803920391024,-26.90328532085839],[-48.703772563343406,-26.90343684137577],[-48.70374587805629,-26.904289472821034],[-48.70371571673719,-26.90438189024188],[-48.70352597983205,-26.90443792599438],[-48.70190192738855,-26.904488838168877],[-48.701733780186316,-26.90441008527527],[-48.7017073810178,-26.904316747444003],[-48.7015922414357,-26.902546792343696],[-48.701625164903035,-26.9016737410491]]]}},{"type":"Feature","id":31,"properties":{"nome":null},"geometry":{"type":"Polygon","coordinates":[[[-48.700981032919955,-26.901285682027154],[-48.70119926618692,-26.904144781609585],[-48.70116586363828,-26.904686600306672],[-48.70101979683796,-26.904885097223506],[-48.70108494297612,-26.907774988983743],[-48.701390394876825,-26.913109921310408],[-48.701324883559536,-26.913217560230148],[-48.70119069528547,-26.913328806488543],[-48.70096691873874,-26.913433867068626],[-48.699710983616704,-26.91362749714058],[-48.69940471617237,-26.913896631916973],[-48.69921961855948,-26.91415449554844],[-48.69916662232852,-26.914723246708167],[-48.69911540978362,-26.914808105403367],[-48.6990251532597,-26.914865734411414],[-48.69894892887687,-26.91488222171053],[-48.69878106616179,-26.91486175424109],[-48.697786901623246,-26.914550063536147],[-48.69769784411599,-26.914548610611295],[-48.69761088491665,-26.91460629248559],[-48.69759173061475,-26.91466809653918],[-48.687842239752534,-26.91155317981884],[-48.68758654446397,-26.91129636397864],[-48.68582644138142,-26.91080646932315],[-48.685497254579005,-26.910672689174383],[-48.6851908315303,-26.910585516013594],[-48.6850729916669,-26.910606584386187],[-48.68491769882817,-26.910546541271184],[-48.684919408801285,-26.910462761273017],[-48.68482739352582,-26.910240420188213],[-48.68485038601906,-26.909912538261455],[-48.684997330946295,-26.909419632017826],[-48.685399452583425,-26.90887299872307],[-48.68611229901155,-26.908233864850622],[-48.68649155730197,-26.907848266913103],[-48.68689715748779,-26.9073590569945],[-48.687002568425086,-26.907155163054014],[-48.686999437567295,-26.90675705977792],[-48.68697797744195,-26.906430553048356],[-48.68679091513481,-26.906104910565244],[-48.68644858080575,-26.90590392098654],[-48.68602599351311,-26.905745339721427],[-48.68586038002404,-26.905685543827317],[-48.68490104350447,-26.90562943912525],[-48.684447836806235,-26.90557638065563],[-48.68373444045349,-26.90544547769647],[-48.68334433537841,-26.90533446459382],[-48.68316592657564,-26.90516701015463],[-48.68317272504125,-26.905017704124845],[-48.68329903961144,-26.904890507463463],[-48.68367569484413,-26.904639068670292],[-48.684059341109304,-26.904587881533523],[-48.68463167473978,-26.904309675226717],[-48.685204091614004,-26.903927101349883],[-48.68560070289265,-26.90359783711079],[-48.6858026186143,-26.90336555002293],[-48.686033907738896,-26.903146056023633],[-48.686425148906295,-26.902546121549648],[-48.68648399921743,-26.902417815956557],[-48.686619377504805,-26.902213535971345],[-48.686814418343374,-26.901846281903115],[-48.68688326864477,-26.90150324770415],[-48.68683000384637,-26.901097296330263],[-48.686628695331365,-26.900825500625118],[-48.68632228240889,-26.900562721959535],[-48.68567499161632,-26.90039258017337],[-48.68550188021659,-26.900414259385958],[-48.68520219972657,-26.900357786014105],[-48.68484887475727,-26.900322454358353],[-48.68472552599085,-26.90025017780199],[-48.684510480184976,-26.9001598952227],[-48.684189970451335,-26.90005421492099],[-48.68408992788641,-26.89995120063792],[-48.68372020414671,-26.899754180695773],[-48.683529404354516,-26.899589937595927],[-48.68339003644472,-26.8994028241155],[-48.68329025925689,-26.899227265234373],[-48.68325413876354,-26.899139917021355],[-48.68325517797424,-26.899089012456834],[-48.68298614555327,-26.898538588807938],[-48.68290917179732,-26.898263720252572],[-48.68275529406365,-26.898041924012087],[-48.682689895582726,-26.89790840039319],[-48.68257636686676,-26.897409183211625],[-48.682557831075584,-26.896960279251047],[-48.68247760951795,-26.89657769146172],[-48.682474164258274,-26.896471124285195],[-48.682541332608736,-26.896140388483047],[-48.68257180437553,-26.895559893752644],[-48.68257951746576,-26.89480865944785],[-48.68261679172861,-26.894075695433987],[-48.68261323292919,-26.893885841643122],[-48.68269415208611,-26.89374689182027],[-48.682756965159044,-26.89367466765094],[-48.68282518399794,-26.89324893054548],[-48.6829948322564,-26.893054485827875],[-48.683080007078,-26.892897368262847],[-48.68321419126424,-26.892699680001833],[-48.68335899616107,-26.892617147705675],[-48.683440378738325,-26.8925998494893],[-48.683689041378884,-26.89259836189812],[-48.68377994208689,-26.892539480228116],[-48.683876159653686,-26.892622919314622],[-48.684058971977045,-26.892899924191212],[-48.68432908516036,-26.893428854870002],[-48.68447535795665,-26.893620093644206],[-48.68467341453224,-26.893776000158958],[-48.68492320782931,-26.894132397674355],[-48.68524753146231,-26.89446037986889],[-48.68548568116766,-26.894563604244617],[-48.685633460384494,-26.894789179029114],[-48.68588988743898,-26.895003059343445],[-48.686426948627215,-26.89537319330254],[-48.68664419702846,-26.895494466779542],[-48.68699719256101,-26.895651804347317],[-48.686957284396044,-26.895830079093578],[-48.68670861885602,-26.89594532132145],[-48.686693386745745,-26.896197949425048],[-48.686590755141005,-26.896286580750704],[-48.68653338523226,-26.8963804694616],[-48.686483785707075,-26.89757320551551],[-48.68607966902057,-26.898084065748556],[-48.68602906507107,-26.898340629655184],[-48.68601970008456,-26.898552712548934],[-48.686143325138026,-26.89880964865496],[-48.68613808189919,-26.8988955575232],[-48.685919744842764,-26.899158160860104],[-48.68591897992771,-26.89919567245341],[-48.68609773174903,-26.899296871241177],[-48.68615263464734,-26.899342785469887],[-48.68617789584984,-26.89947323853391],[-48.6861424138145,-26.89957018578756],[-48.6861406807159,-26.89965518386717],[-48.68619522702459,-26.899718595863483],[-48.68649881302397,-26.89976182738149],[-48.68661806342511,-26.89980129402139],[-48.68669762781548,-26.89987011800949],[-48.68675393494231,-26.89998908006015],[-48.686728140094345,-26.900158707671864],[-48.68671718045352,-26.900424124553826],[-48.686729555643616,-26.900501850096344],[-48.686786572826804,-26.900588265736438],[-48.68686983691037,-26.900657038374607],[-48.68734214592031,-26.900715332051135],[-48.687773462091606,-26.90083828903402],[-48.68796352733809,-26.90091159347927],[-48.68814025796169,-26.90103673356749],[-48.688257511620954,-26.90126482119277],[-48.68826952081129,-26.901530179494916],[-48.68832063241803,-26.90158560751503],[-48.688411550173775,-26.901610493784],[-48.688555092487235,-26.901616743676577],[-48.688702267594294,-26.90166276637684],[-48.688810117660545,-26.901711324365927],[-48.688813755943634,-26.901746479645805],[-48.688808277469185,-26.902015450152653],[-48.68874204334788,-26.902061159690415],[-48.68863240920385,-26.902095130814185],[-48.688236602611994,-26.90207695199936],[-48.687845940461706,-26.90201986032092],[-48.68725507928635,-26.90195948863977],[-48.687119971848915,-26.901965719109715],[-48.6870970185684,-26.902023835236506],[-48.68709519104113,-26.902113491960936],[-48.687163158645184,-26.902196493409274],[-48.6873011538478,-26.902261145034277],[-48.687588159375764,-26.902277546036032],[-48.688422267260286,-26.902365296432553],[-48.68864754776507,-26.902419676926336],[-48.68868457494923,-26.902525568518623],[-48.68871504654328,-26.90276062571186],[-48.688878204113074,-26.902872481836127],[-48.68907254304413,-26.902949752552363],[-48.68991243916838,-26.902967399526414],[-48.69041452975856,-26.902897626929256],[-48.6905205688437,-26.902821372443633],[-48.69058463782021,-26.90269064334255],[-48.69060275686773,-26.90261131875165],[-48.690611704560425,-26.90234636824868],[-48.69065460863798,-26.90211517657939],[-48.6908075302394,-26.90175268432899],[-48.69108124314584,-26.901652876918583],[-48.69124808292991,-26.9015600124344],[-48.69105265722357,-26.901153707731183],[-48.691104159563594,-26.901006814968515],[-48.69124295934219,-26.900861349040778],[-48.69127243381018,-26.90036648192428],[-48.69131724129558,-26.900071743474076],[-48.691322897009925,-26.89979374563939],[-48.691317085539254,-26.899602463098994],[-48.69128076198683,-26.899480204374242],[-48.691264368161264,-26.89933220018356],[-48.6913410677951,-26.899201379307623],[-48.69138475552534,-26.899165637112322],[-48.69333231641503,-26.8990615031085],[-48.6934177810567,-26.89903365242116],[-48.69351737162401,-26.898953387877974],[-48.69354477552962,-26.898173906686004],[-48.69357943538434,-26.898075728215396],[-48.693679179645116,-26.897989584828355],[-48.69376190803518,-26.89795042315417],[-48.69408872807389,-26.897955342007148],[-48.69417518368932,-26.89792018100421],[-48.69418316119747,-26.897532042832193],[-48.69414004943964,-26.89724242141039],[-48.694202091408194,-26.897203204937647],[-48.69443956676788,-26.89737165727727],[-48.694441048372695,-26.89749968327481],[-48.69449397168781,-26.897932879400912],[-48.69455741931421,-26.898025346928215],[-48.69481968350353,-26.898179574100027],[-48.69554253424746,-26.89845472387684],[-48.695827465796135,-26.89870051158178],[-48.69612105172828,-26.89882700858543],[-48.69661281903468,-26.899085444467993],[-48.69692061991187,-26.899224945840093],[-48.69713526367585,-26.899362927884713],[-48.69745066363193,-26.899675046091417],[-48.697607546343285,-26.899882208474267],[-48.69769214599069,-26.900050528583954],[-48.69778408286412,-26.9001123126603],[-48.69786805403127,-26.900095955442605],[-48.69796845938795,-26.89999557294529],[-48.69825217106386,-26.899791523578575],[-48.698402356383966,-26.899789335495264],[-48.698606680272995,-26.89983444590204],[-48.699369456235736,-26.900308067805256],[-48.69996635351919,-26.900655872470093],[-48.70035651049536,-26.90085756273355],[-48.700981032919955,-26.901285682027154]],[[-48.68917253795192,-26.903853534306926],[-48.68866336262302,-26.90415211505353],[-48.68864611827214,-26.90422261247106],[-48.6886449120132,-26.905057795420856],[-48.688658838091996,-26.905150038436968],[-48.68897913174471,-26.905332231442852],[-48.68993589671936,-26.90530542630057],[-48.69003775425278,-26.904960271061885],[-48.69030320623903,-26.90473104026294],[-48.690540552825155,-26.904618845297282],[-48.690698470864426,-26.90451536839951],[-48.690730319664446,-26.904175380557355],[-48.69073386476238,-26.903694876108787],[-48.690673832410226,-26.903582251838923],[-48.690550817919025,-26.90350209012394],[-48.69035790621844,-26.903487768852212],[-48.689652634410585,-26.903537630782115],[-48.68952111552766,-26.903568970204237],[-48.68917253795192,-26.903853534306926]]]}},{"type":"Feature","id":32,"properties":{"nome":null},"geometry":{"type":"Polygon","coordinates":[[[-48.67937364046495,-26.885570656281974],[-48.67893893780731,-26.885508699398937],[-48.67830170696788,-26.88545711699347],[-48.67783424168814,-26.88546811587496],[-48.67762353290177,-26.885644316287042],[-48.67749012692448,-26.885642122352216],[-48.67648180193785,-26.885027805158124],[-48.67625684677523,-26.884934444442802],[-48.676156915808406,-26.884926822384266],[-48.67603562920421,-26.884984600048238],[-48.675710197648115,-26.88523626877403],[-48.67565512395085,-26.885319044868524],[-48.67566650832214,-26.885414868392186],[-48.6757894511882,-26.885602188238174],[-48.67645021115458,-26.886211510465422],[-48.6765540013106,-26.886356673317916],[-48.67655131135263,-26.886488129701302],[-48.67653019916368,-26.88654157813799],[-48.676482529246535,-26.88658861189163],[-48.6763139367481,-26.886675498098917],[-48.675502843477965,-26.88681846955987],[-48.67498225141297,-26.8871506052169],[-48.67477859149072,-26.887320593696778],[-48.67462529736421,-26.88731209177359],[-48.67258084269716,-26.88569002516564],[-48.672253837091304,-26.885502989668193],[-48.671689772177686,-26.885426768560727],[-48.671353319394576,-26.885153678371303],[-48.67134816993001,-26.88503946938674],[-48.67198983510597,-26.88444585576956],[-48.67199134850402,-26.884372035702537],[-48.67194653788331,-26.884364583832994],[-48.671854577621275,-26.884463766501643],[-48.671190710724275,-26.885043586085533],[-48.671086793170424,-26.884994879239116],[-48.670895180295254,-26.884837315159213],[-48.67090377354445,-26.884783751444584],[-48.67151478719808,-26.884223201315162],[-48.67161465235383,-26.884104009651868],[-48.67160104637404,-26.884036652603477],[-48.67154888153019,-26.884022365280185],[-48.67082219286285,-26.884742125983777],[-48.67056979762083,-26.884589579119968],[-48.670428425594764,-26.884540254015956],[-48.67032340737387,-26.884545235716878],[-48.66885328153606,-26.8859260672973],[-48.66896825537864,-26.886164187827553],[-48.668973847192845,-26.88647566433233],[-48.66890159340846,-26.887075764878823],[-48.66860520345948,-26.887500366870125],[-48.66840656722748,-26.88783250846905],[-48.66851110124324,-26.887995295470766],[-48.669468238497146,-26.888666075807446],[-48.669501320569736,-26.888806207777527],[-48.66917941911739,-26.889305551261238],[-48.66893293648707,-26.889634340771373],[-48.668941458502964,-26.88986272834236],[-48.67080327992635,-26.89088310768124],[-48.670955312474696,-26.891068150842397],[-48.671241228812775,-26.891738584606983],[-48.67141414724362,-26.89207429586545],[-48.67179879469646,-26.892606770864766],[-48.67189284120652,-26.89299323142021],[-48.67183666849949,-26.893285741089606],[-48.67125999582769,-26.893338007699302],[-48.6710061050288,-26.892533492154126],[-48.67062249085053,-26.891813478487116],[-48.67003149307478,-26.891393996483856],[-48.669141036913224,-26.890552319390036],[-48.66621007721615,-26.888810937264797],[-48.665547966645505,-26.887430961684423],[-48.6657235339619,-26.886053627067692],[-48.666057753086434,-26.884514449879674],[-48.66732216375092,-26.883475176815576],[-48.66871985932187,-26.882281454794796],[-48.671532524557634,-26.88181264799388],[-48.67401057963846,-26.8825309673555],[-48.675989355220594,-26.883378957279874],[-48.678462223087294,-26.88499020175929],[-48.67937364046495,-26.885570656281974]]]}}]}
