{"type":"FeatureCollection","features":[{"type":"Feature","id":1,"properties":{"nome":null},"geometry":{"type":"MultiPolygon","coordinates":[[[[-48.68489049993212,-26.9289495519566],[-48.68480577854325,-26.928889720987954],[-48.684754221273,-26.928947315335353],[-48.684519387046265,-26.92872829430854],[-48.68404753545763,-26.92832474686306],[-48.68414197911843,-26.928198791096303],[-48.68389899520275,-26.92819745866532],[-48.68386402880358,-26.92798703062866],[-48.684039686961924,-26.927947411881004],[-48.68380302112837,-26.92749194182841],[-48.683570058768225,-26.927036531353096],[-48.68336213027356,-26.92677013514772],[-48.683395586900645,-26.92672818277718],[-48.683181779152285,-26.92616948727206],[-48.6830869788252,-26.92616793037234],[-48.682992939445555,-26.926129196742654],[-48.68250325787978,-26.926163655164256],[-48.682326888812774,-26.925948247154647],[-48.68306585307331,-26.925896632234284],[-48.68309177875502,-26.92578814637009],[-48.68277681534832,-26.92524904128353],[-48.68283774796259,-26.925167693495357],[-48.68276419800947,-26.924996477447063],[-48.68264295387037,-26.924983860733512],[-48.68262319385622,-26.924935720872185],[-48.68214321957944,-26.924930492729576],[-48.67882493195235,-26.925181419134837],[-48.6779565026822,-26.924609289032343],[-48.67800085968869,-26.924469231172644],[-48.67805369365714,-26.924494007884746],[-48.678944114125706,-26.924426312303755],[-48.67891280584254,-26.924218599467974],[-48.67815580634495,-26.924283178166217],[-48.678220954299015,-26.92414080652927],[-48.67792906161295,-26.923923492291756],[-48.67884597710388,-26.923864201644093],[-48.6788772603331,-26.92363892491111],[-48.67726885053565,-26.923747928438274],[-48.67700582330383,-26.92356827761822],[-48.676889908801805,-26.92358496353913],[-48.67681408230648,-26.923525274578957],[-48.67714286815124,-26.921652630221203],[-48.67698695074098,-26.921596935391328],[-48.676761412348306,-26.923492530787925],[-48.67649773345664,-26.92334474392544],[-48.67646629031382,-26.92328844247764],[-48.67668174839758,-26.921451122113993],[-48.676608831712905,-26.921394137766455],[-48.67643772211452,-26.921356786723592],[-48.675770659863694,-26.92180535227058],[-48.67570559643173,-26.921798967846655],[-48.675609635116736,-26.921709726889112],[-48.67557639196386,-26.921018521081994],[-48.67541224336079,-26.920930813407338],[-48.67542463917614,-26.921626987429946],[-48.675232738816625,-26.921591949129464],[-48.67507451328238,-26.92150433773229],[-48.675020592481424,-26.92081013626656],[-48.67483905033163,-26.920703545907685],[-48.67484502801682,-26.921423521183712],[-48.674480603267334,-26.921420171823502],[-48.67444492943546,-26.920558918501182],[-48.67426586075822,-26.920476276235046],[-48.67427302020238,-26.921427375397155],[-48.67376618453903,-26.92143230182133],[-48.67368229216971,-26.9213326334368],[-48.673578937170774,-26.921314990608387],[-48.67354630118321,-26.920161586816917],[-48.67338709815149,-26.920121772674005],[-48.673421823411665,-26.921317712508007],[-48.673466703969076,-26.921368923537432],[-48.67346646882224,-26.92145259544228],[-48.67328072939642,-26.92133398033831],[-48.67317593769314,-26.921241935460397],[-48.673123478035365,-26.92112684646894],[-48.6730395319754,-26.921029832693833],[-48.6730447010593,-26.920922335067164],[-48.67315158315003,-26.921056916123742],[-48.673229124252856,-26.921249453541844],[-48.67327836709301,-26.921304721684876],[-48.67333503316719,-26.92128706162739],[-48.673364565102645,-26.921219810609497],[-48.67332358007798,-26.92097873349475],[-48.67320333125588,-26.92077353827673],[-48.6730117406313,-26.92057911904146],[-48.672986146824265,-26.91994913650112],[-48.672707016561155,-26.919832965619964],[-48.67266205346006,-26.91956924311369],[-48.67268753160627,-26.919338558926924],[-48.672748595041334,-26.919395349657357],[-48.67295353958726,-26.919372165966788],[-48.67292736605233,-26.918914838864456],[-48.673280116180635,-26.91905347449459],[-48.67331910171404,-26.919319754154728],[-48.67343205038044,-26.919303022078854],[-48.67358187476515,-26.91936658950505],[-48.67374022480748,-26.919592335467026],[-48.67391538293819,-26.91957662863765],[-48.673955928969114,-26.919622455449282],[-48.67418984241428,-26.919631623988227],[-48.674213603972525,-26.920062348344665],[-48.67440452091836,-26.920145186838695],[-48.67437299480429,-26.9195151063764],[-48.67427233066254,-26.91951079041364],[-48.67431372791556,-26.919370684967323],[-48.67435754209215,-26.91925718320993],[-48.674348905794076,-26.919100314380213],[-48.67423278880785,-26.916960019410674],[-48.67404516566055,-26.91686129652163],[-48.67413134317394,-26.91872749264446],[-48.67397864540826,-26.918515122230854],[-48.673929539499724,-26.91845321564596],[-48.673763521765245,-26.91831234771201],[-48.673588856963775,-26.91830415455981],[-48.673542931963716,-26.91823167601488],[-48.673497789336295,-26.918265464013665],[-48.673446504345094,-26.918309776806293],[-48.67334186164709,-26.91691079890768],[-48.67316994275002,-26.916913276702758],[-48.67324457897421,-26.91833035435233],[-48.67295389480391,-26.91834415614281],[-48.67289916509929,-26.91837579326903],[-48.672857046832696,-26.91815395605117],[-48.67254380830409,-26.918111600578474],[-48.67197821558804,-26.91838118875788],[-48.67129327843727,-26.917968774776835],[-48.670955511907714,-26.917389423465696],[-48.67080138760464,-26.91710264746869],[-48.67090790044877,-26.91718276874579],[-48.670871077701925,-26.91659510332824],[-48.670632681231204,-26.91666023360618],[-48.67062839239905,-26.916580471292622],[-48.67087456841799,-26.916425152721764],[-48.67083120840325,-26.91622786585763],[-48.67080046163423,-26.91599359725974],[-48.670882605694594,-26.915745254256027],[-48.670982086726234,-26.91551844857947],[-48.67112161995524,-26.91536136928252],[-48.67114248210014,-26.91549984450811],[-48.67355094965344,-26.91538550248754],[-48.67354927361569,-26.915178277351078],[-48.6712297857634,-26.91528877541366],[-48.671427144756755,-26.91520171552741],[-48.6715297131534,-26.915113091274588],[-48.67143579525651,-26.91506903991503],[-48.67112827302805,-26.915037401215287],[-48.67090085680463,-26.915145215849495],[-48.67068823293828,-26.915109829873956],[-48.670618928191644,-26.914444592477665],[-48.67101004339498,-26.91444573541861],[-48.67100917083493,-26.914488223537724],[-48.67137088353357,-26.91447825413661],[-48.67158801215469,-26.91458277884905],[-48.6720229257785,-26.914759962602673],[-48.67109149249678,-26.91480834654831],[-48.671088111432006,-26.91497298552856],[-48.673116754056664,-26.914884257835375],[-48.67346992811185,-26.9150016490805],[-48.673797184867084,-26.914937978586433],[-48.673977313595856,-26.91482406708521],[-48.67446311224285,-26.914832073747867],[-48.674622678672556,-26.915142842926276],[-48.67392294616983,-26.915163186970755],[-48.67394261346355,-26.915360082605094],[-48.67493496704704,-26.9153043543169],[-48.67508319238736,-26.915517010938924],[-48.67533554769889,-26.915638048291964],[-48.673965154836296,-26.91570578278997],[-48.67397857014123,-26.915918514046332],[-48.67665342987281,-26.91581913620698],[-48.67680675299481,-26.916145738236263],[-48.67406068316626,-26.916249258370534],[-48.67403713574012,-26.91653044588646],[-48.67693822731751,-26.916381664407496],[-48.677111501717754,-26.916602339873712],[-48.67667200189443,-26.916648231195826],[-48.67651204057647,-26.916645597372256],[-48.676252996563,-26.916561640928602],[-48.67608194869707,-26.916521634953458],[-48.67593823766366,-26.91659364630343],[-48.67562228014138,-26.91668407160852],[-48.67529676099371,-26.916662771399828],[-48.6750715215993,-26.916664373094054],[-48.6748796520925,-26.91677277892492],[-48.67485980906569,-26.916873394901987],[-48.67494726111956,-26.916943901450438],[-48.67516788235745,-26.916878470924097],[-48.67527869257721,-26.91898945881923],[-48.67542724274216,-26.918970654917352],[-48.67533311489952,-26.91691306961668],[-48.67567357831148,-26.917072748004134],[-48.675807287881085,-26.918934413821944],[-48.6759736122044,-26.91891590210888],[-48.67587962951733,-26.917139894932284],[-48.675990017848555,-26.917247967738845],[-48.67623259716959,-26.917267901487968],[-48.67634827687802,-26.918853007020623],[-48.676502968852915,-26.918823677912066],[-48.67642799654045,-26.917276431825943],[-48.67679499026732,-26.91729841236449],[-48.67688904663121,-26.91878221969294],[-48.677084884938125,-26.91876950607031],[-48.677019903701144,-26.917312741311875],[-48.67712051177074,-26.917319710149773],[-48.677376463276865,-26.91726548294315],[-48.677537838644874,-26.91719907346696],[-48.67757556117794,-26.917093438675938],[-48.677729707676285,-26.917090663022524],[-48.67773427583231,-26.91686760256655],[-48.67765133229096,-26.916866237509925],[-48.67773574748999,-26.916506358951143],[-48.67782608532685,-26.916146578668823],[-48.67790223853549,-26.915611242618624],[-48.678046925890094,-26.915491429957033],[-48.67807779645414,-26.91572038712732],[-48.67959630093357,-26.915655048071066],[-48.67956847010662,-26.915277383536452],[-48.67833488618884,-26.915320847444118],[-48.67850424918863,-26.915153624984647],[-48.678614258653944,-26.914990739429772],[-48.68102951104156,-26.914833877534875],[-48.68123024102665,-26.915161255267535],[-48.68003726041945,-26.9152479022338],[-48.67999378228732,-26.91563501960909],[-48.68148233805381,-26.915585105559497],[-48.68165948096409,-26.915906782617903],[-48.679981012766284,-26.91596951393533],[-48.679981721561866,-26.91622453801188],[-48.67960179469122,-26.91625548021934],[-48.6796188596138,-26.916000748448145],[-48.678082250398774,-26.916081727433248],[-48.67810888105235,-26.916517811797195],[-48.67950643345796,-26.91642657677752],[-48.67948143218192,-26.916779464381005],[-48.67819644059771,-26.916872551071314],[-48.67814561948313,-26.91703906682922],[-48.679583834607065,-26.91698834633609],[-48.67979730841002,-26.917127332150272],[-48.679789373676805,-26.91722548717169],[-48.67970458228143,-26.917314409953974],[-48.678331097879585,-26.917387447853564],[-48.67818401577763,-26.91762410216122],[-48.679489371317594,-26.917549945463055],[-48.67943124061531,-26.91763930649345],[-48.67941428241416,-26.917888727309776],[-48.67818018068716,-26.91795608624007],[-48.67819852505857,-26.918073268969916],[-48.679748178734165,-26.91808016478069],[-48.680137570056665,-26.918166259052324],[-48.680275413610936,-26.918381035876255],[-48.680153633662,-26.91839497158698],[-48.68013616095551,-26.918524847258958],[-48.680429374017926,-26.918532323528392],[-48.680468567640695,-26.918934081899202],[-48.68020432480738,-26.918958957598775],[-48.680233678934854,-26.9192622678263],[-48.68045897740681,-26.919258002333873],[-48.68042558047187,-26.919586844896443],[-48.680265234277876,-26.919602803383835],[-48.6802568938567,-26.919865647966564],[-48.680761141563245,-26.91984206071277],[-48.68089173137184,-26.91997702598536],[-48.68108632158861,-26.92002538271263],[-48.68184658052939,-26.91994490251373],[-48.68180826349294,-26.920079748596137],[-48.68171496508335,-26.920149938178348],[-48.68032103559934,-26.920206719243396],[-48.680316471870924,-26.920429780003847],[-48.6819448646809,-26.920355599956498],[-48.681359983488164,-26.92069928861645],[-48.68035966025934,-26.920781132890152],[-48.68036096670554,-26.921006946901972],[-48.681045760953694,-26.920994295484597],[-48.68098472197443,-26.92108095344225],[-48.68087935482772,-26.921161569250014],[-48.68072196919369,-26.92117757681389],[-48.680419970563996,-26.921164642885554],[-48.680374966133805,-26.921336567660536],[-48.68037219522957,-26.921471997617925],[-48.68033754493506,-26.921572370160217],[-48.68028031175193,-26.9220522339694],[-48.68021837546826,-26.92232747921961],[-48.68006164169014,-26.9226011656722],[-48.679910206799526,-26.922760714897763],[-48.67965685338525,-26.922687482776844],[-48.67958358163889,-26.92279253249317],[-48.67937300605962,-26.922945795803596],[-48.67925627596619,-26.923002316177904],[-48.6790702420024,-26.922970035292956],[-48.67899802988066,-26.922878530413378],[-48.67896881462974,-26.9227133546206],[-48.67908279917145,-26.92264616410587],[-48.67928070987472,-26.9225325387702],[-48.678316982248596,-26.922128851762256],[-48.67822862353068,-26.92253648063207],[-48.678323419489196,-26.922538040584328],[-48.67863792293257,-26.922519307503638],[-48.67870059461808,-26.92264253209054],[-48.67865963716109,-26.922761395804905],[-48.67860046968144,-26.92290121028413],[-48.67815912474506,-26.92289129106583],[-48.67807728760991,-26.92326980642267],[-48.67880862325543,-26.92330043511983],[-48.67880348650758,-26.923406606241787],[-48.678768669992856,-26.923514944898738],[-48.67890341916908,-26.923591540059835],[-48.67898408418876,-26.923704435368077],[-48.67906474837599,-26.923817329720116],[-48.67907635291285,-26.923974247331078],[-48.67907086172861,-26.92424245103475],[-48.679030854123134,-26.924459615827253],[-48.67896532632197,-26.924620577080507],[-48.6790476221645,-26.924653807485477],[-48.6791479651177,-26.92467405277748],[-48.67927111105933,-26.924593730969764],[-48.67952435998137,-26.92438272945574],[-48.68040529411947,-26.92434408919628],[-48.681262583530994,-26.924302397129726],[-48.68145073871655,-26.92423111112097],[-48.68177995060863,-26.924217926452865],[-48.68215055140064,-26.924064632821775],[-48.68224924245839,-26.924310640488734],[-48.682336510869845,-26.924245665185733],[-48.68243660585322,-26.924133085242637],[-48.682363328544305,-26.92394859062777],[-48.68245635845854,-26.92389167834036],[-48.68278611224046,-26.92385193621678],[-48.68302709578736,-26.924530615367583],[-48.683108525544526,-26.92460633191409],[-48.683217214315874,-26.924653275350842],[-48.68324324702758,-26.92453947766719],[-48.68330034767446,-26.924500570302992],[-48.683547643064145,-26.92443556428782],[-48.683706389610975,-26.9243531671139],[-48.684041060496185,-26.92421787309665],[-48.684270254245085,-26.924168507350082],[-48.6845429084784,-26.924167669831036],[-48.684287661579674,-26.924476933642094],[-48.68396774829643,-26.924615126340868],[-48.68394290889711,-26.924670503246418],[-48.683806722636135,-26.924809055734464],[-48.683766473838254,-26.924893399428804],[-48.68374351195569,-26.925001934129213],[-48.68372965475098,-26.92509999218112],[-48.683653639027455,-26.925194373817725],[-48.68345366515887,-26.92540891367767],[-48.68351365032084,-26.926244002802957],[-48.68365202906133,-26.926578323461268],[-48.6838783632389,-26.926959245724568],[-48.684086955147016,-26.92748332140519],[-48.68427556558614,-26.92782510627816],[-48.68445314623137,-26.92827163733774],[-48.68457263645525,-26.928515329218097],[-48.684436504451256,-26.92843340285593],[-48.684355268176446,-26.92849316664365],[-48.68465154744152,-26.928714524815465],[-48.68470797179648,-26.928708809920803],[-48.68493471237081,-26.928925041967208],[-48.68489049993212,-26.9289495519566]],[[-48.67622960429937,-26.921294601169574],[-48.67596271147058,-26.92117923269304],[-48.67599457432415,-26.921587580276178],[-48.67622960429937,-26.921294601169574]],[[-48.6777753668724,-26.917429438389604],[-48.677408155776334,-26.91741808200306],[-48.67742190385794,-26.91761488087836],[-48.6777536781811,-26.917620341458893],[-48.6777753668724,-26.917429438389604]],[[-48.67780764527739,-26.918168443005808],[-48.67780541896627,-26.917987773375906],[-48.677438422629905,-26.91796579441155],[-48.67743407123982,-26.918178233164237],[-48.67780764527739,-26.918168443005808]],[[-48.67495915419236,-26.920374141768896],[-48.674924673382776,-26.919454468515315],[-48.67476998026321,-26.91948379580835],[-48.67479446143373,-26.920312987438674],[-48.67495915419236,-26.920374141768896]],[[-48.67796703263448,-26.92109308267664],[-48.67758676282935,-26.92113995168439],[-48.67756882131592,-26.921437170070774],[-48.677933762128376,-26.921560057508877],[-48.67796703263448,-26.92109308267664]],[[-48.67874496041632,-26.921886858356853],[-48.678725775616556,-26.921376518478517],[-48.678352191888706,-26.921386309507476],[-48.67835093840403,-26.92173693139876],[-48.67874496041632,-26.921886858356853]],[[-48.679359831844415,-26.921381636080895],[-48.67909892548827,-26.92138796973098],[-48.679120339938386,-26.922078980223986],[-48.679349558312175,-26.922173067575685],[-48.679359831844415,-26.921381636080895]],[[-48.67553476220159,-26.92062801238685],[-48.67547126306225,-26.919389095315875],[-48.67531656912055,-26.91941842320712],[-48.67537621201264,-26.920556334711634],[-48.67553476220159,-26.92062801238685]],[[-48.68001965834068,-26.922444413619296],[-48.67998872356114,-26.921349475868734],[-48.679751190408076,-26.921372133778274],[-48.67977364219728,-26.922302235826344],[-48.68001965834068,-26.922444413619296]],[[-48.68254778130758,-26.924456997087027],[-48.6824033575974,-26.92456353628678],[-48.68227042637674,-26.924542757922776],[-48.68223612569062,-26.924481098066334],[-48.68209602202459,-26.924521298053953],[-48.68082241153472,-26.92463318700786],[-48.68083363823172,-26.924808692033057],[-48.682635437271024,-26.924662979145097],[-48.68254778130758,-26.924456997087027]],[[-48.680453682435505,-26.92483963467417],[-48.680436585933826,-26.924661376385945],[-48.67850750961245,-26.924799654986835],[-48.67869982377825,-26.924959545184965],[-48.680453682435505,-26.92483963467417]],[[-48.67997230588461,-26.92099325143294],[-48.67995909681001,-26.920769897588546],[-48.67833947708298,-26.920849512184716],[-48.67836507684377,-26.92104650509914],[-48.67997230588461,-26.92099325143294]],[[-48.67987060197728,-26.919881212034323],[-48.679828094688105,-26.919641438581813],[-48.67832116899224,-26.919717593297463],[-48.678316601427916,-26.91994065375649],[-48.67987060197728,-26.919881212034323]],[[-48.674903653960584,-26.919034414501418],[-48.67474127343502,-26.91683757260845],[-48.67460468358456,-26.916851259522232],[-48.67470759734421,-26.919057747550724],[-48.674903653960584,-26.919034414501418]],[[-48.6797667775133,-26.918583191005485],[-48.67976422211633,-26.91841845277197],[-48.677457058333076,-26.918502689238487],[-48.677487710465634,-26.918742268045737],[-48.6797667775133,-26.918583191005485]],[[-48.677930984395765,-26.921985032448315],[-48.67762529010244,-26.92186312016792],[-48.677320978489895,-26.92340943464345],[-48.67766494545436,-26.92339915916856],[-48.677930984395765,-26.921985032448315]],[[-48.67362306902994,-26.915950506904988],[-48.67361310629819,-26.915713925440755],[-48.67116892165551,-26.915835648071454],[-48.671200105450396,-26.916048672582356],[-48.67362306902994,-26.915950506904988]],[[-48.679787653473674,-26.91930075687252],[-48.67977585650377,-26.91900836143139],[-48.67753232851786,-26.91916802317307],[-48.67749264693884,-26.919369254265444],[-48.679787653473674,-26.91930075687252]],[[-48.67181189233728,-26.91807495464868],[-48.67160388395504,-26.916371444272492],[-48.6712479803982,-26.916386821537927],[-48.67140953432526,-26.917754862586598],[-48.67169335568954,-26.91814737680277],[-48.67181189233728,-26.91807495464868]],[[-48.67993631992752,-26.920434819892332],[-48.679905227679676,-26.920216485485977],[-48.678065968169015,-26.920313735929124],[-48.67794932316663,-26.920221499389125],[-48.677864970453186,-26.91971008608907],[-48.67754493115574,-26.91971013123898],[-48.67760568430862,-26.920794934204856],[-48.67793230387384,-26.92076311994815],[-48.67792953379134,-26.9206090044197],[-48.678044060507254,-26.920515259671667],[-48.67993631992752,-26.920434819892332]],[[-48.673650215769136,-26.916288314560564],[-48.67203702212349,-26.91634671332177],[-48.67220025785786,-26.917921978993256],[-48.672398384094066,-26.917797741578376],[-48.67279565362742,-26.917788356449606],[-48.67276983978439,-26.916736006892503],[-48.67290871837332,-26.91661079146016],[-48.673633355296,-26.916532423141046],[-48.673650215769136,-26.916288314560564]],[[-48.67717491045984,-26.921281928290465],[-48.67710286779356,-26.919591286925996],[-48.677151571169055,-26.91952833571672],[-48.67716690182035,-26.919358579483166],[-48.67719837471219,-26.919268780689794],[-48.677134291821474,-26.91921459882839],[-48.676939214430774,-26.919190135910345],[-48.676844638992115,-26.91917795359167],[-48.67665526855008,-26.91916420944695],[-48.67644790717874,-26.919160794885766],[-48.676358384558235,-26.91919119714059],[-48.67623913085102,-26.919226422297257],[-48.67600567580053,-26.919339458097298],[-48.675839568576684,-26.919347348199715],[-48.675832773212235,-26.919389737946506],[-48.67569520044652,-26.91945122475867],[-48.675575401902584,-26.9195130042388],[-48.67562051211062,-26.919625315503705],[-48.67570019134509,-26.919786010488043],[-48.67587248708999,-26.92005448567498],[-48.67589769261168,-26.92055961287835],[-48.675721086269526,-26.920790464260236],[-48.67570542647098,-26.920976152560367],[-48.675774018678815,-26.92109947581172],[-48.67588713224649,-26.92107477520824],[-48.676134181905525,-26.920876960360246],[-48.676203163638526,-26.92069215018941],[-48.67643694793332,-26.920563181832435],[-48.67648134450165,-26.920999558594684],[-48.676634516739135,-26.92104458263478],[-48.676631700001245,-26.92060357798712],[-48.67678868072535,-26.92046271819107],[-48.6766935114355,-26.920190200500613],[-48.67670786347711,-26.920068243445876],[-48.67692800650459,-26.9197371653727],[-48.67701021600592,-26.92122077731322],[-48.67717491045984,-26.921281928290465]]],[[[-48.691237546058176,-26.92492155850881],[-48.6911964628843,-26.924756190204366],[-48.69104327870029,-26.924711181317658],[-48.69110447578123,-26.924616551958973],[-48.69202048731281,-26.92429156165036],[-48.691889633288014,-26.924008314503446],[-48.692173286229846,-26.923757716558864],[-48.69309551953859,-26.923443271618922],[-48.693054392927834,-26.923306635632148],[-48.69288093595438,-26.92335591667295],[-48.69307598870482,-26.923048381648574],[-48.693070995836806,-26.922837450648842],[-48.693097891889124,-26.922732466192365],[-48.6931714792691,-26.922614373823986],[-48.69322588268988,-26.922526484491804],[-48.693586914979065,-26.922579550797995],[-48.693604801998234,-26.922613134928977],[-48.693200832433526,-26.922779488541998],[-48.69325015721457,-26.922905524070668],[-48.693673198042745,-26.922750194895976],[-48.69365322336478,-26.92281922681753],[-48.693598482578544,-26.922923756217976],[-48.69363116202928,-26.922990873890228],[-48.69382866758945,-26.923019071874876],[-48.69337615766175,-26.92318666748084],[-48.6934134397848,-26.923316084231026],[-48.69394122612804,-26.92311523870474],[-48.69429374317515,-26.923587087141936],[-48.69436463114373,-26.92344952870678],[-48.694798557246024,-26.923313676261348],[-48.69461673262426,-26.9229237518939],[-48.69469481510191,-26.92288896192012],[-48.69457326429987,-26.922626189125758],[-48.69444654190466,-26.922313393673086],[-48.69446523450447,-26.922002974400193],[-48.69437400321092,-26.921771214570626],[-48.694326821671176,-26.921504107812012],[-48.694654283734025,-26.921379204750572],[-48.69476542551871,-26.92140964502713],[-48.695235474262134,-26.921259892385372],[-48.69528161129457,-26.921346518201887],[-48.6949023181197,-26.921547845220243],[-48.69487249584372,-26.921640385563578],[-48.694498282410855,-26.921788124760603],[-48.694579094803075,-26.92193614334527],[-48.69550018840964,-26.921589813281425],[-48.6954696489814,-26.92152133307959],[-48.69579525134414,-26.92140857710995],[-48.69584969569287,-26.92147923716791],[-48.69698104998638,-26.92107203287969],[-48.696878541338,-26.920945655567206],[-48.69582122785401,-26.921308817408445],[-48.695745204135534,-26.921121520640327],[-48.69584815701492,-26.920965770202418],[-48.69683750769621,-26.92059907828773],[-48.69729323131853,-26.920776411917036],[-48.697224109837954,-26.920823645394787],[-48.69728482835873,-26.920978490048952],[-48.69751872659974,-26.920860655997984],[-48.69744959130135,-26.920727142141025],[-48.697393584439176,-26.920733383568233],[-48.697526135652886,-26.920495821598713],[-48.69745838648545,-26.920097558159704],[-48.69809123684921,-26.919202651367502],[-48.69813497915266,-26.91940731122272],[-48.69827484663941,-26.91959564835422],[-48.69777802753453,-26.920278095756885],[-48.69780218105795,-26.920464546150832],[-48.6977434870152,-26.920603129543828],[-48.698023219757566,-26.921176595231543],[-48.698684222590515,-26.920271410773697],[-48.7006939316471,-26.917416729885343],[-48.70084126977313,-26.91703986201085],[-48.70107291402561,-26.91762327225908],[-48.69994213259969,-26.919257880831875],[-48.70078259086113,-26.91894955789931],[-48.700984635425165,-26.919024410648444],[-48.701798847879004,-26.920207680434306],[-48.701767949297505,-26.92074745520703],[-48.700716284376746,-26.919266919836573],[-48.700550949747736,-26.919350097943294],[-48.7021029170556,-26.921550805362163],[-48.702191933590335,-26.92149142894828],[-48.70215870990406,-26.921752082387787],[-48.70189209437559,-26.921908749412932],[-48.7020879070994,-26.922094417108884],[-48.70198583131771,-26.922207250527997],[-48.703555542301544,-26.92353520076823],[-48.70367684459073,-26.923458459031966],[-48.70356802618095,-26.923707147958456],[-48.703761111513494,-26.92375657312929],[-48.70331669597749,-26.924190302332484],[-48.70280753235208,-26.92460172417469],[-48.70262132998137,-26.924869645613406],[-48.703060160821,-26.925004298210276],[-48.702515416129884,-26.925028183030015],[-48.70219510687036,-26.925273426363397],[-48.702037526557305,-26.925367465686985],[-48.70188299162015,-26.92531127868587],[-48.7011254876583,-26.926053894781415],[-48.701264103755264,-26.92618238012845],[-48.70105845014882,-26.926240126716646],[-48.700979861345836,-26.92631588169042],[-48.700932137867404,-26.926331041908686],[-48.70082512423023,-26.92629945971202],[-48.700420531782676,-26.926715851112682],[-48.700143560106255,-26.926783059048155],[-48.69986804210439,-26.92677856714946],[-48.70059020186473,-26.92607379466925],[-48.700484349281226,-26.92597904159866],[-48.69966082508769,-26.926767219019748],[-48.6995461477064,-26.92672284699047],[-48.699524874549724,-26.926456859711728],[-48.70023702128263,-26.925774642792277],[-48.70011948904841,-26.925665386424193],[-48.69950823287443,-26.926254701500206],[-48.69956484766339,-26.925947483127093],[-48.69972278074808,-26.92561269492661],[-48.69984742303905,-26.925499940787528],[-48.70009671001014,-26.925214187280467],[-48.700878084506996,-26.92447554386775],[-48.7006311215658,-26.924253261867943],[-48.69982907101341,-26.925027346649365],[-48.69986041228666,-26.92505648113223],[-48.69963630105225,-26.92528181956749],[-48.69957325460565,-26.925241433570182],[-48.698640012463734,-26.926185115105998],[-48.69883368813058,-26.926344644077663],[-48.698405033861924,-26.92643859430921],[-48.69796368962349,-26.92607389673223],[-48.69785326280982,-26.926204480363893],[-48.698178478184886,-26.926503964097606],[-48.69791906171252,-26.926728181946824],[-48.69757320632494,-26.926432479486405],[-48.69748513564364,-26.926497962235942],[-48.69731352404203,-26.926484535937163],[-48.69716517188877,-26.926784943890432],[-48.697075108063856,-26.926841914534368],[-48.696946365113014,-26.927052324726397],[-48.69705828443941,-26.927378231822225],[-48.696799415926215,-26.927189116438342],[-48.6966929761877,-26.927319765025125],[-48.69717602239936,-26.92770954737164],[-48.69710835374811,-26.928122840312078],[-48.69638440111024,-26.927575919326387],[-48.69626207296706,-26.927702729031413],[-48.697108127799545,-26.928425666059123],[-48.69694189878127,-26.928438891137773],[-48.69600941721948,-26.927658622239644],[-48.6958497752954,-26.927347872905962],[-48.69597794078632,-26.927247262739723],[-48.695883881194916,-26.927161643897684],[-48.69575724051233,-26.92723479251237],[-48.695717492472035,-26.927149138380397],[-48.69537318826438,-26.927175390794137],[-48.69529120906651,-26.927126236894992],[-48.6955747461947,-26.926954438176036],[-48.695471255732656,-26.92684182931238],[-48.695156767549875,-26.927033722944795],[-48.695092254362436,-26.926708589142283],[-48.69518218312409,-26.926629583745466],[-48.69510234455472,-26.926531673672336],[-48.69504744509312,-26.926580349269294],[-48.695033774381535,-26.92637824035151],[-48.69456635826599,-26.926046522030916],[-48.69448029075966,-26.92590698340521],[-48.69437506118165,-26.925543993706125],[-48.69424762740618,-26.925398466275883],[-48.69418615930478,-26.924632419731623],[-48.69395895817821,-26.924729648957324],[-48.69359009661719,-26.92479799790905],[-48.69307536042525,-26.925044596431476],[-48.69247239641203,-26.925257872317754],[-48.692325677382655,-26.925186406465528],[-48.692396234212644,-26.925147479853543],[-48.692333598846396,-26.92498902387217],[-48.69219759801418,-26.925072742536567],[-48.6920868607912,-26.924980613622726],[-48.69176271772412,-26.92489030584963],[-48.69220349971395,-26.924713180249217],[-48.692195016862314,-26.92463969253679],[-48.692329928314194,-26.9245810734801],[-48.69238550795842,-26.924497900076236],[-48.69243499314288,-26.924419993740567],[-48.69251835909403,-26.9243444310548],[-48.692511543124,-26.924287071846635],[-48.692254172311635,-26.92428286215472],[-48.692125828917014,-26.92431296428773],[-48.692055482102006,-26.92443525387436],[-48.69189057003456,-26.92449696001184],[-48.69189083611471,-26.924581941170196],[-48.69191504689829,-26.92461811696749],[-48.69214283743016,-26.924604847889444],[-48.691237546058176,-26.92492155850881]],[[-48.69641424300497,-26.927016004098554],[-48.696312456587414,-26.92691773626469],[-48.696251946172204,-26.926948949738488],[-48.696353369087724,-26.92706510156047],[-48.69641424300497,-26.927016004098554]],[[-48.6977721383499,-26.921624667156085],[-48.697609265076736,-26.9216846249909],[-48.69765855819303,-26.921812447313357],[-48.6977721383499,-26.921624667156085]],[[-48.694077053077514,-26.924541659094782],[-48.69406175224205,-26.92441081223423],[-48.69393910315761,-26.92445532172446],[-48.69397098316373,-26.924556025724502],[-48.694077053077514,-26.924541659094782]],[[-48.69809282822957,-26.922146919985046],[-48.698003885953334,-26.9220059268753],[-48.69790485360853,-26.92216532109602],[-48.69809282822957,-26.922146919985046]],[[-48.69492960991734,-26.92562854064613],[-48.69469207230086,-26.925728420394982],[-48.694782031204824,-26.925819340627086],[-48.69492960991734,-26.92562854064613]],[[-48.69769705822853,-26.922766611654062],[-48.69763952971811,-26.922651177157064],[-48.69749820103393,-26.92273116398434],[-48.697444076789495,-26.92284119914501],[-48.69769705822853,-26.922766611654062]],[[-48.69578692616608,-26.924420214875198],[-48.69570730758907,-26.92431157429022],[-48.69557678730705,-26.924350589899017],[-48.695716584089666,-26.9245425065506],[-48.69578692616608,-26.924420214875198]],[[-48.698431327301286,-26.922971803390034],[-48.698385840766136,-26.922852987439292],[-48.69818843169767,-26.922942794583385],[-48.69821436642615,-26.923041612173314],[-48.698431327301286,-26.922971803390034]],[[-48.697690546740525,-26.921293713592437],[-48.69764099855129,-26.921178409330707],[-48.69744395520692,-26.921250331624442],[-48.69747362510783,-26.92136173338947],[-48.697690546740525,-26.921293713592437]],[[-48.69829204047617,-26.922558061500695],[-48.69823052003116,-26.92244256209488],[-48.69798138475533,-26.922524368772166],[-48.69803158742547,-26.922607481972125],[-48.69829204047617,-26.922558061500695]],[[-48.69685067265089,-26.922947350238573],[-48.69652942039217,-26.923042289599934],[-48.69656308012069,-26.923153756653203],[-48.69675185582074,-26.923096013458338],[-48.69685067265089,-26.922947350238573]],[[-48.69615836709221,-26.926643292668683],[-48.69605259069061,-26.92654495950969],[-48.69583442189992,-26.926673781798314],[-48.695924600601366,-26.92675397048993],[-48.69615836709221,-26.926643292668683]],[[-48.69403275232103,-26.92407042979786],[-48.69400972635728,-26.92392693357476],[-48.69373990541108,-26.9240441749681],[-48.69379779424627,-26.924141726906306],[-48.69403275232103,-26.92407042979786]],[[-48.69587057065675,-26.926270059495252],[-48.69580418902363,-26.926197415777594],[-48.69548161769819,-26.92635673388577],[-48.695571649449306,-26.92644407669411],[-48.69587057065675,-26.926270059495252]],[[-48.69482614337625,-26.924754267479017],[-48.694750569549356,-26.92464300953846],[-48.694494931840154,-26.924749750513985],[-48.69451837492449,-26.924921876932235],[-48.69482614337625,-26.924754267479017]],[[-48.69397884004122,-26.92358115260507],[-48.69396502575643,-26.923475376209108],[-48.6935690401998,-26.9236138117602],[-48.69363044609683,-26.923734678802216],[-48.69397884004122,-26.92358115260507]],[[-48.69898786337468,-26.922297483622007],[-48.69891437317575,-26.922181789271992],[-48.698576873521496,-26.92229078025852],[-48.698629904207884,-26.92243118728101],[-48.69898786337468,-26.922297483622007]],[[-48.695462824171436,-26.924851435471524],[-48.695226652590804,-26.924491567590746],[-48.69509406452958,-26.924534126207003],[-48.69541069158706,-26.924961501312847],[-48.695462824171436,-26.924851435471524]],[[-48.6950870341338,-26.925125274309636],[-48.69500527460898,-26.925023754678357],[-48.69453875883901,-26.925293425789953],[-48.694541944315276,-26.925431230941502],[-48.6950870341338,-26.925125274309636]],[[-48.69499482034672,-26.923722090790623],[-48.694937148823456,-26.923613808383074],[-48.69441485348471,-26.92378059558273],[-48.69440795321217,-26.923923602713405],[-48.69499482034672,-26.923722090790623]],[[-48.69788402647624,-26.923166371807092],[-48.69783404260803,-26.923072528543972],[-48.69709860004319,-26.923318141917974],[-48.69697518666642,-26.92349860452941],[-48.69788402647624,-26.923166371807092]],[[-48.69604044505662,-26.922846460727268],[-48.69598654418081,-26.922748974760854],[-48.69509152368411,-26.923088577224252],[-48.69514738224972,-26.92318788410948],[-48.69604044505662,-26.922846460727268]],[[-48.69534266627875,-26.92359538790078],[-48.69623558654332,-26.92326111650691],[-48.696193801940744,-26.923156672133622],[-48.69529685665648,-26.923492666176127],[-48.69534266627875,-26.92359538790078]],[[-48.695626741331175,-26.925893965823615],[-48.69543238920165,-26.92563675466618],[-48.69512489667045,-26.92603604392518],[-48.695186415503564,-26.926151544555008],[-48.695626741331175,-26.925893965823615]],[[-48.69731936143445,-26.92227518251899],[-48.69635422905186,-26.92262796082676],[-48.69639601366798,-26.922732404254575],[-48.69720393044046,-26.922455775701675],[-48.69731936143445,-26.92227518251899]],[[-48.69871682620723,-26.921885171492402],[-48.698373823279454,-26.92147884129025],[-48.69825817694672,-26.921670166444994],[-48.698407113700966,-26.92200177165577],[-48.69871682620723,-26.921885171492402]],[[-48.693250966853334,-26.923846548430237],[-48.69322928258908,-26.923735275638965],[-48.69230881957166,-26.924049397454056],[-48.69236826598151,-26.92416844340929],[-48.693250966853334,-26.923846548430237]],[[-48.696283414425004,-26.92375566074371],[-48.69636279012815,-26.92358163518383],[-48.69547012309562,-26.92390338740631],[-48.695535484304656,-26.92402610695184],[-48.696283414425004,-26.92375566074371]],[[-48.69586540019046,-26.92242497751076],[-48.695816072594255,-26.922298942717475],[-48.69491282002945,-26.92265093195914],[-48.69496461512552,-26.922753750672246],[-48.69586540019046,-26.92242497751076]],[[-48.69711602975982,-26.921477549307877],[-48.697085852638196,-26.92139118452282],[-48.69598825193984,-26.92178115639701],[-48.69602190984268,-26.92189262352369],[-48.69711602975982,-26.921477549307877]],[[-48.695686185408185,-26.92201237095717],[-48.695608526759635,-26.921905551909646],[-48.694740102697395,-26.92221338431995],[-48.69477745888954,-26.922339224738625],[-48.695686185408185,-26.92201237095717]],[[-48.693468082585795,-26.924259777352248],[-48.69342245641663,-26.92414811406214],[-48.69253804801872,-26.92445567038282],[-48.692553165066684,-26.924595459248735],[-48.693468082585795,-26.924259777352248]],[[-48.70148787625895,-26.925037834048965],[-48.700755401220356,-26.925727185269672],[-48.700926550024676,-26.925751442582442],[-48.701610777738814,-26.925079194350133],[-48.70148787625895,-26.925037834048965]],[[-48.69363669876846,-26.924702626095502],[-48.69360336912277,-26.924575062632854],[-48.69268667300701,-26.924899981749384],[-48.6927361799251,-26.925017076394717],[-48.69363669876846,-26.924702626095502]],[[-48.69732263592646,-26.92191743616669],[-48.697273088905696,-26.921802131807908],[-48.696163368133874,-26.92219906337618],[-48.696221112961325,-26.922303767456842],[-48.69732263592646,-26.92191743616669]],[[-48.70123728410555,-26.92479760306018],[-48.70111938807193,-26.92470623241339],[-48.70039830424663,-26.925424391823988],[-48.700495958595326,-26.92552974489961],[-48.70123728410555,-26.92479760306018]],[[-48.69435481235691,-26.92388695452834],[-48.69430783560983,-26.9238906592776],[-48.69429004091648,-26.923931514990507],[-48.694286644750946,-26.924000336039374],[-48.6942778980544,-26.924086958613955],[-48.694301069885654,-26.924223300882037],[-48.69433744983439,-26.92429903397859],[-48.69442962328758,-26.92433005805718],[-48.69444795591607,-26.924409967764362],[-48.695155587391156,-26.924158547749286],[-48.695125359287175,-26.92402566845127],[-48.69445875571177,-26.92427149773504],[-48.69445317254236,-26.92420252994146],[-48.69448103764204,-26.92410816915343],[-48.69446999670603,-26.924013171672634],[-48.69438127125526,-26.923959840734636],[-48.69435481235691,-26.92388695452834]],[[-48.698523083095495,-26.924989499804195],[-48.69761260595342,-26.9236328963433],[-48.69747983802106,-26.923684399313686],[-48.69844936926235,-26.925081324941896],[-48.698523083095495,-26.924989499804195]],[[-48.697106266049396,-26.92635464034236],[-48.696011961244295,-26.92481254924541],[-48.69594201898963,-26.924915168144288],[-48.69701717042265,-26.926417589165222],[-48.697106266049396,-26.92635464034236]],[[-48.69675220179291,-26.92668876893332],[-48.695744377945786,-26.925212491856865],[-48.695666380491495,-26.925318557180752],[-48.69666644208139,-26.92678397448827],[-48.69675220179291,-26.92668876893332]],[[-48.6981846977674,-26.925338199964635],[-48.69710620276134,-26.923803531213984],[-48.69698155963633,-26.92384800999451],[-48.69809168565448,-26.925397508382673],[-48.6981846977674,-26.925338199964635]],[[-48.69892415010086,-26.924625272200917],[-48.69808977086708,-26.92345239087892],[-48.697976737587496,-26.923514949902405],[-48.69878586617606,-26.92475182418329],[-48.69892415010086,-26.924625272200917]],[[-48.69633178093384,-26.924395569084552],[-48.69626205629769,-26.924487458155834],[-48.69739495716984,-26.92609458058766],[-48.697496386154505,-26.92601394290183],[-48.69633178093384,-26.924395569084552]],[[-48.69781866936762,-26.925672137273857],[-48.696631791356985,-26.923971108338687],[-48.69656990276559,-26.924070281840976],[-48.69769794221242,-26.92572025865715],[-48.69781866936762,-26.925672137273857]],[[-48.699312508262715,-26.925034577336607],[-48.69916719051309,-26.924917711702467],[-48.69820652492323,-26.925835897799036],[-48.698363595371916,-26.92596368974239],[-48.699312508262715,-26.925034577336607]],[[-48.70330982130524,-26.92376869119606],[-48.7017119610679,-26.92245101329818],[-48.70160916044415,-26.922599614459983],[-48.70316377955016,-26.923884387880182],[-48.70330982130524,-26.92376869119606]],[[-48.70142518901519,-26.922174413601624],[-48.6996956331764,-26.919677408023265],[-48.69960110270233,-26.919811830831655],[-48.70135097277318,-26.922291278563105],[-48.70142518901519,-26.922174413601624]],[[-48.70183588612956,-26.92180183620214],[-48.70019055224749,-26.91948152926307],[-48.70000533904331,-26.91956080452303],[-48.70172169524798,-26.921921627528942],[-48.70183588612956,-26.92180183620214]],[[-48.69969288427162,-26.92387032803641],[-48.69915201904457,-26.92416563782791],[-48.69912720857652,-26.924011379449578],[-48.69913243318466,-26.92395063860391],[-48.69895374334191,-26.923904789091765],[-48.69936539545797,-26.923682509944474],[-48.699667783784825,-26.923730376737957],[-48.69985198705848,-26.92389796827649],[-48.700088572763065,-26.924041366386028],[-48.69945346104765,-26.924653582941424],[-48.69956663821608,-26.92478065869682],[-48.70024237932857,-26.924133324104954],[-48.700333532844205,-26.9240375894647],[-48.700265795440046,-26.92396285637026],[-48.700386391771474,-26.92392099161333],[-48.70044392484541,-26.923839635198167],[-48.70052953402671,-26.923751580929547],[-48.70198577512701,-26.924966781399096],[-48.70217121379284,-26.924876774011572],[-48.70069988143951,-26.923618393290486],[-48.700833953835975,-26.923502504205803],[-48.701253656225575,-26.92367035338191],[-48.70241969728358,-26.924630360974053],[-48.70253352798874,-26.92452845237894],[-48.70235417893291,-26.92431800788516],[-48.70232900256458,-26.924181633840153],[-48.702343655322615,-26.92404948661094],[-48.70246445147717,-26.92399778401391],[-48.702830472375474,-26.9242542041498],[-48.7029128879801,-26.92412673742108],[-48.70214311882692,-26.923505942656426],[-48.70180162257389,-26.92322129595841],[-48.701811416185976,-26.92313200583572],[-48.70126990103983,-26.922672355828404],[-48.70099892904956,-26.92265005075112],[-48.701096942247695,-26.922540730088798],[-48.70048317519255,-26.921707788888988],[-48.70048462586466,-26.92143946276763],[-48.699803398067246,-26.920587528707433],[-48.699715614814025,-26.920586097607867],[-48.69933836916373,-26.92009691728589],[-48.69921968024813,-26.920241680369735],[-48.6996357385692,-26.920785163549567],[-48.69975442580668,-26.921033980149353],[-48.69976487097594,-26.921306078296467],[-48.699612010736196,-26.92136441222975],[-48.699029963639816,-26.920542716130644],[-48.69893144228278,-26.920677073321496],[-48.6994841073755,-26.92147145586835],[-48.69934629960039,-26.921673154248968],[-48.69934036761445,-26.92176876910998],[-48.69936146030391,-26.92181115398817],[-48.69945502992966,-26.921822519877345],[-48.699582353392714,-26.92189168305789],[-48.69968305005811,-26.92204360049182],[-48.6997629251846,-26.922238114568376],[-48.69980775987,-26.922389121183073],[-48.6999213699558,-26.92269152557335],[-48.69873463287874,-26.920983359717265],[-48.698600126044276,-26.921120707864606],[-48.699748847139034,-26.922735226357855],[-48.69956696436012,-26.92284675670899],[-48.69967382947211,-26.922891435256776],[-48.699965260792084,-26.923085820177977],[-48.700198579743265,-26.92339017585736],[-48.70032068104545,-26.92327409213264],[-48.70054203093083,-26.92338146217623],[-48.700568728598554,-26.923442722488485],[-48.7001535985723,-26.923443112379086],[-48.699958149029605,-26.923436348049925],[-48.69987935941979,-26.923384971983086],[-48.69972816561085,-26.923361038917683],[-48.6996736816313,-26.923292168202696],[-48.699645749657556,-26.923291712786444],[-48.699590539938995,-26.9232586109401],[-48.69947525987737,-26.923038473232012],[-48.69949586519931,-26.92300660755018],[-48.699453061403524,-26.922952239865072],[-48.69939883041497,-26.922969245487916],[-48.69929932964839,-26.922856705336155],[-48.69888869967854,-26.92283211874577],[-48.69925101324644,-26.922680595575855],[-48.699189274975005,-26.922575826575702],[-48.69872727924076,-26.92272214557179],[-48.69877719113396,-26.922819565537615],[-48.69866952780343,-26.922814231286946],[-48.698469072572145,-26.922857475756178],[-48.69849946993278,-26.92293310940526],[-48.69856222429471,-26.92298780279629],[-48.69854343174164,-26.923127038241095],[-48.69856475918262,-26.92325619364624],[-48.698443308763906,-26.923340084733724],[-48.69855931317062,-26.923524454300907],[-48.698748669568594,-26.923438093492013],[-48.69884965669522,-26.92357570449823],[-48.698948323477616,-26.923630983477924],[-48.69908849086632,-26.92360822415992],[-48.698769486016445,-26.923789076649097],[-48.698803727999106,-26.92387192927874],[-48.69873806558057,-26.92415709765481],[-48.69890064967051,-26.924209841089823],[-48.698985749373314,-26.924343614735506],[-48.69908666491797,-26.92448480260306],[-48.699157113347184,-26.924357144012156],[-48.69918439220708,-26.924389790541202],[-48.69969288427162,-26.92387032803641]]],[[[-48.69565029571611,-26.908482049511502],[-48.69521084625381,-26.90850349753245],[-48.695203440739824,-26.908671542138013],[-48.69537108212047,-26.90867070236595],[-48.695269449213775,-26.908762070508025],[-48.69522921807334,-26.908974303857217],[-48.69524484255528,-26.90918745021532],[-48.69516286795806,-26.909293451014648],[-48.69511344986351,-26.909761361599376],[-48.69499991958931,-26.909848957018692],[-48.69499433060886,-26.909927581695893],[-48.69514970589566,-26.91013764268895],[-48.695295219443125,-26.91024378119594],[-48.695354818164475,-26.911042647627625],[-48.69522830021535,-26.911180123538635],[-48.69416635896229,-26.911194978732365],[-48.69420045544259,-26.912658934683193],[-48.69382546172407,-26.913042808530548],[-48.69378268406655,-26.911220911197447],[-48.69254918191391,-26.911232951464],[-48.69257345917151,-26.912786195683683],[-48.692148073918474,-26.91270410214732],[-48.692161371343225,-26.911265967282674],[-48.69092808911675,-26.911267262449968],[-48.69092641120419,-26.912329897458164],[-48.690558707129945,-26.912159293663457],[-48.6905522472195,-26.911300470536432],[-48.69029733772631,-26.911274830914284],[-48.690387313999544,-26.910972174720094],[-48.69054719591802,-26.9109604794028],[-48.69059523457558,-26.910757320585255],[-48.69096913820148,-26.91042710719043],[-48.690951519465365,-26.910312323360383],[-48.6921732601292,-26.910289370722275],[-48.69215354234785,-26.910081525070822],[-48.69093180393732,-26.910104477681266],[-48.69091699543947,-26.91024377625957],[-48.69081856259976,-26.910177762564064],[-48.69003805057442,-26.910680219734733],[-48.689031973755,-26.91069595075549],[-48.68904232124963,-26.910971625322617],[-48.68864028291409,-26.911115316667413],[-48.68863221778541,-26.909748394455164],[-48.68850593029104,-26.90967834489049],[-48.688503982232135,-26.90957812922748],[-48.68859795485518,-26.909422236773633],[-48.68861565875347,-26.909385852677364],[-48.68872206959674,-26.90925610430345],[-48.68869162849107,-26.90898725694874],[-48.68859110216238,-26.908828179149264],[-48.68841613835513,-26.908796689340413],[-48.68852772304086,-26.90860888377424],[-48.68860360059129,-26.908606548274083],[-48.68859975325618,-26.908256737717238],[-48.68863970966539,-26.908009616001777],[-48.688701012021035,-26.907939060434547],[-48.68875295100175,-26.907936332816014],[-48.68874899756342,-26.907542689221916],[-48.68884576990223,-26.907494182421118],[-48.68896611485097,-26.907463951391936],[-48.68903219037126,-26.907550904469876],[-48.689121475424585,-26.907674018166365],[-48.68901767157444,-26.907675896727714],[-48.689016870057685,-26.907715241494166],[-48.68887796011633,-26.90767718724859],[-48.68883276215633,-26.907740850307036],[-48.68882520160247,-26.90791604791559],[-48.68876388110328,-26.9081833926647],[-48.6887322180502,-26.908562141274103],[-48.68882237796772,-26.908642333458726],[-48.68897609958979,-26.908541088665405],[-48.68899132940772,-26.908577117771745],[-48.69053317145018,-26.908512906159928],[-48.69051600644729,-26.90817987211482],[-48.68974135284147,-26.908199395867225],[-48.6898247153716,-26.908025438889354],[-48.689863390004376,-26.907890108324764],[-48.69049884046152,-26.907846838043163],[-48.69049537549887,-26.907624946485473],[-48.68992376514049,-26.907620064544584],[-48.69009297718612,-26.907002947543937],[-48.690497023824825,-26.906955888879178],[-48.6904769451514,-26.906765927059713],[-48.69014551403519,-26.906774815265422],[-48.69028387161655,-26.90644790438375],[-48.69048415389248,-26.906411823739752],[-48.6904648034101,-26.906186094062907],[-48.689311295629984,-26.90619226114233],[-48.688983801832,-26.906007999817223],[-48.68886209179449,-26.905909401340445],[-48.68875907216439,-26.906068724203926],[-48.68872365813107,-26.906239887591557],[-48.6887041101721,-26.906611678378912],[-48.688606027816085,-26.906724567730343],[-48.68852986002351,-26.906741210251564],[-48.688394066696326,-26.90674614176356],[-48.68824071159923,-26.906829502173224],[-48.687465849096256,-26.906859744868008],[-48.68745147456538,-26.90697758295648],[-48.68725445128792,-26.90704949230611],[-48.687296806029046,-26.907125323890604],[-48.687376942511364,-26.907305536411087],[-48.687375265463494,-26.907387801911362],[-48.68750952838388,-26.907457983927365],[-48.687633478755615,-26.907642491418997],[-48.687619978142955,-26.907717407816147],[-48.68726424288047,-26.907743781668607],[-48.68716455276335,-26.907935359259042],[-48.68739170898828,-26.907951604505385],[-48.687113760547454,-26.908077645755753],[-48.68680662873427,-26.908069035155354],[-48.6867362731542,-26.90799632175345],[-48.686943852007616,-26.907602567974514],[-48.68715922029927,-26.90760967545294],[-48.68721137789579,-26.90759621752548],[-48.68718853370118,-26.90754217362885],[-48.686957570834636,-26.907516920784577],[-48.68707100158443,-26.907042908077564],[-48.687220149156985,-26.90697021450903],[-48.68728130591067,-26.906906812581628],[-48.687296774344034,-26.90673532287016],[-48.68722838896641,-26.90656603732346],[-48.687158836074076,-26.90645397943853],[-48.68692904323255,-26.906371499007587],[-48.686540534889374,-26.905656690263584],[-48.68674906536241,-26.905803227712827],[-48.686862939615715,-26.905894543207914],[-48.68697095028369,-26.90588200154375],[-48.68702819068855,-26.90581495736674],[-48.68707083655544,-26.905876482066525],[-48.68846466197772,-26.90582775569744],[-48.68849896472079,-26.905907033237114],[-48.68847994578272,-26.906056997022446],[-48.688417842737124,-26.906166897325452],[-48.68724764906319,-26.906208553957327],[-48.68756446412976,-26.906525029579278],[-48.68856325340713,-26.90647340821024],[-48.688585170166554,-26.90559358181188],[-48.68870609606329,-26.9055347360852],[-48.68878335599199,-26.905464441696765],[-48.68880390351282,-26.90445578538196],[-48.68874325803449,-26.904494150280943],[-48.68865240955528,-26.904839727463127],[-48.68855039376732,-26.905145763779277],[-48.68847005628676,-26.90477949356476],[-48.688247150896345,-26.90475079777886],[-48.68811739046843,-26.904655644142913],[-48.6880964412987,-26.904508603927262],[-48.688222450144785,-26.904396172210294],[-48.68856598801168,-26.904380330146996],[-48.68853525586073,-26.90373400016539],[-48.689703675337405,-26.903778174705],[-48.69051948970933,-26.9038917077887],[-48.69051411767333,-26.903959602188635],[-48.68974471979605,-26.903918387369693],[-48.689775325587505,-26.90398329239952],[-48.68893167659661,-26.904060721137352],[-48.688905334993386,-26.904178363569386],[-48.68886556797037,-26.90436734567237],[-48.688865933775624,-26.905133040757935],[-48.68895042572681,-26.905295433919292],[-48.689061332638694,-26.905336607653524],[-48.6899399866802,-26.905304476192033],[-48.689965963425884,-26.90520471835539],[-48.69013769724504,-26.905198582957436],[-48.69015977786656,-26.905290183232697],[-48.69031936046623,-26.905292794614965],[-48.69064368140345,-26.9052408533776],[-48.690846218221836,-26.90509389151306],[-48.69086445525145,-26.90517827251012],[-48.692082187063015,-26.90515346381596],[-48.69208647990889,-26.90494243250533],[-48.69086490621251,-26.90496002217835],[-48.69066125670747,-26.90496563542024],[-48.690474459505474,-26.905123589026523],[-48.6904794076765,-26.90492956419943],[-48.69111224839132,-26.904621475641655],[-48.69207351704663,-26.904598733447628],[-48.69207384396096,-26.903994057710847],[-48.69086109434039,-26.904019842743683],[-48.690906653531066,-26.903938294901014],[-48.69086930616398,-26.9038124538157],[-48.691007715493924,-26.90367875423581],[-48.69206095377742,-26.90364678164822],[-48.6920574124896,-26.903428465889654],[-48.691339732989306,-26.903444459948357],[-48.691210930615725,-26.90310602166589],[-48.69204444952485,-26.903084766778257],[-48.692064409791804,-26.902888303318242],[-48.6911194773021,-26.902893424355593],[-48.69118978676642,-26.90257613260961],[-48.69203149937003,-26.902544278048342],[-48.69202715771682,-26.902365307143494],[-48.691242027537946,-26.902362308299004],[-48.691324376954256,-26.902041635191367],[-48.692033923718704,-26.902032665043965],[-48.69203060055206,-26.901803618330696],[-48.69125722387308,-26.901811545497786],[-48.69145534089557,-26.90148918834883],[-48.69203692987522,-26.901492437132323],[-48.692029326994756,-26.90127763307925],[-48.691843420841515,-26.901245074790133],[-48.69190537211625,-26.90114232556584],[-48.69192873859967,-26.900974542155286],[-48.69204414367348,-26.900941543491918],[-48.69202311794139,-26.9007980795938],[-48.691860638942245,-26.90079095060493],[-48.691790794349984,-26.900693202756614],[-48.69180095521051,-26.900586029472787],[-48.69206977439392,-26.900515286838843],[-48.69240910368899,-26.900313310594502],[-48.69241729322574,-26.900450302627952],[-48.69369441513477,-26.900446126909685],[-48.69366345399008,-26.90020231765277],[-48.692519072480245,-26.90020418961743],[-48.693534926930326,-26.900095561231918],[-48.69373976829521,-26.90003092542598],[-48.693849016962545,-26.899760782281675],[-48.69411992429391,-26.89997988752036],[-48.69430713630288,-26.899997257996834],[-48.69431757791999,-26.900072566397938],[-48.69408198491012,-26.90007945191512],[-48.694032440077514,-26.900160936801594],[-48.694039038297554,-26.900229026103144],[-48.69386451333839,-26.900372873595586],[-48.693886850800354,-26.90045195450868],[-48.69413643962122,-26.900541903001116],[-48.69435135980788,-26.90057045964344],[-48.694426424307046,-26.900804255535366],[-48.69467383541233,-26.90100150801199],[-48.69466809477689,-26.901284075787657],[-48.694412470850274,-26.901491002823196],[-48.694209590509864,-26.901459065592118],[-48.69420255609851,-26.90141243635769],[-48.69432129663844,-26.90141169288195],[-48.694299235629565,-26.90122080362937],[-48.69400974633025,-26.90122859812816],[-48.694001129755215,-26.90130896200782],[-48.69378584861505,-26.901199894246528],[-48.69315240430239,-26.90104821358801],[-48.69294538017814,-26.901220152224006],[-48.6924299237778,-26.901251979498834],[-48.692434265158255,-26.90143095043857],[-48.692892270563114,-26.901476900220555],[-48.69300440079356,-26.901654054616465],[-48.69309006018071,-26.90175921580101],[-48.692447011290525,-26.901785380569258],[-48.6923986172767,-26.90200642466837],[-48.69339052879,-26.901996695554168],[-48.69358850728463,-26.902171674122584],[-48.69357765612136,-26.90231282840893],[-48.69245553852585,-26.902347265165155],[-48.69241991339117,-26.902529160008154],[-48.692890091210586,-26.90256546971718],[-48.693658100096144,-26.902674625778737],[-48.69365247537398,-26.902362353802893],[-48.6938811200389,-26.902108473253517],[-48.69429210913483,-26.902111608687225],[-48.694366027798964,-26.902009053780187],[-48.694312751304956,-26.90197956008409],[-48.69433293699695,-26.901919063698116],[-48.69446567772948,-26.90191675926225],[-48.69472356544829,-26.902285926648794],[-48.69474801095981,-26.903243440261186],[-48.69483164243474,-26.90335035691592],[-48.69481553115943,-26.903554040166142],[-48.69469199396887,-26.903741656352384],[-48.6949107567813,-26.90397422063153],[-48.69497979406181,-26.904995971334674],[-48.69482779689141,-26.905307458791025],[-48.69479340868012,-26.90542854933452],[-48.69464397671675,-26.905515558368176],[-48.694620552124384,-26.90539173500767],[-48.69408558310999,-26.90540088636352],[-48.69407164222854,-26.90569405440956],[-48.694536467712894,-26.90569985788018],[-48.6944420170545,-26.905830700851276],[-48.69455467930927,-26.90603112053928],[-48.694084465636365,-26.906044906675593],[-48.69411107596992,-26.906306535522653],[-48.69468623612126,-26.90628372895881],[-48.69466895913857,-26.906151955372994],[-48.6947878703431,-26.906093965717382],[-48.69488508249862,-26.90582720370767],[-48.69500771757905,-26.905585903007747],[-48.69638192109352,-26.905520676237547],[-48.69639447609636,-26.905295466602468],[-48.69580539233805,-26.90531626447285],[-48.69590934601313,-26.905110437743133],[-48.69585226277029,-26.904973541961535],[-48.695901517163605,-26.904906363538025],[-48.69604746196791,-26.904991039997103],[-48.696231563464345,-26.904965421352518],[-48.6963730820996,-26.905071492440648],[-48.69654760751156,-26.905124433153965],[-48.69691805897521,-26.90515910160357],[-48.69724585929373,-26.905132248043937],[-48.697002562859375,-26.9053214906765],[-48.69693314212847,-26.905399074061755],[-48.696937859332586,-26.90526497563542],[-48.69671016225151,-26.905275572941925],[-48.69672524497726,-26.90551554448957],[-48.69659518121669,-26.90563149613312],[-48.69646163121116,-26.905919134593688],[-48.69636979707448,-26.905921214000255],[-48.696379011355404,-26.905860538270364],[-48.69504052823825,-26.905935293093055],[-48.695057060785416,-26.906103728647423],[-48.69583989900436,-26.906073574048257],[-48.695494095959,-26.9063971043685],[-48.695086644823974,-26.90641549756086],[-48.69505725658547,-26.906683367286604],[-48.694954100162875,-26.906849849138414],[-48.69501821798746,-26.907033373542557],[-48.69507457431329,-26.907206037588054],[-48.69486456855265,-26.90732783825887],[-48.694804433088606,-26.90734116787049],[-48.69482967084071,-26.907473965769178],[-48.69499150366146,-26.90756248106375],[-48.695036116850694,-26.907527429811136],[-48.69510343986664,-26.907356784610958],[-48.69523132711372,-26.907348139387892],[-48.69524517814271,-26.90745212779457],[-48.695121353309375,-26.90745726120099],[-48.695141730531816,-26.907632915841894],[-48.69536921430718,-26.907633052312498],[-48.695414250116116,-26.90797011970651],[-48.695158981890174,-26.907962373231587],[-48.69516699085643,-26.908157505335492],[-48.69561245962876,-26.908134366131144],[-48.69571542504125,-26.908272011110434],[-48.69565029571611,-26.908482049511502]],[[-48.69389844610209,-26.903563211611846],[-48.693982412614744,-26.903457243877096],[-48.69391002406435,-26.903386290257263],[-48.69385297548281,-26.903346000252945],[-48.69382634834183,-26.903477950950016],[-48.693835013512206,-26.90354249674611],[-48.69389844610209,-26.903563211611846]],[[-48.69429616644726,-26.90088084408682],[-48.69427034776465,-26.900776660113387],[-48.694035189386966,-26.900762085399002],[-48.694048094087094,-26.900912571887527],[-48.69429616644726,-26.90088084408682]],[[-48.694491381955906,-26.903548746226114],[-48.694423422204174,-26.903358001657953],[-48.69403281225929,-26.903333731233257],[-48.69403976552258,-26.903580727267656],[-48.694491381955906,-26.903548746226114]],[[-48.69462450054991,-26.90505010067259],[-48.694593246199574,-26.904820598562385],[-48.69407779150578,-26.904851536812775],[-48.69412101411646,-26.905081234504046],[-48.69462450054991,-26.90505010067259]],[[-48.693667749325144,-26.903034372128637],[-48.69243877369701,-26.902828230804168],[-48.69242976477787,-26.90307496492483],[-48.693667749325144,-26.903034372128637]],[[-48.69214154656225,-26.909641236253687],[-48.69091952267605,-26.909678496037294],[-48.69090718199465,-26.909794578338733],[-48.69214066749897,-26.909782552348062],[-48.69214154656225,-26.909641236253687]],[[-48.69366075533755,-26.90092413409608],[-48.6936555396043,-26.9007880849704],[-48.692438181319176,-26.90079681524624],[-48.692431209535556,-26.90094339870906],[-48.69366075533755,-26.90092413409608]],[[-48.690525951423645,-26.90970067977461],[-48.68901673923342,-26.90972964510166],[-48.68901426158853,-26.90985125632579],[-48.69053174654311,-26.909808114755908],[-48.690525951423645,-26.90970067977461]],[[-48.69476398711569,-26.907465736669877],[-48.694121250878304,-26.90747491706365],[-48.694111808211744,-26.907743112293204],[-48.69476850997437,-26.907734161012996],[-48.69476398711569,-26.907465736669877]],[[-48.69216391017202,-26.909326738476775],[-48.69215706504755,-26.90917277296621],[-48.69089134028666,-26.90920037321057],[-48.690896735314205,-26.909327480158094],[-48.69216391017202,-26.909326738476775]],[[-48.694389218853,-26.90297906997396],[-48.69431852207402,-26.902333876369735],[-48.69403976685773,-26.902304276754126],[-48.69404945554112,-26.903005722632656],[-48.694389218853,-26.90297906997396]],[[-48.6949606524402,-26.910848365464716],[-48.69495826942761,-26.91057282072774],[-48.69416763939917,-26.910592108046664],[-48.694146154368624,-26.910863684580526],[-48.6949606524402,-26.910848365464716]],[[-48.69052858842576,-26.90937512611029],[-48.69052388563229,-26.909214039370795],[-48.68902606667126,-26.90927181586375],[-48.68902337048273,-26.90940415707481],[-48.69052858842576,-26.90937512611029]],[[-48.69364488356673,-26.903373907766056],[-48.69245883220998,-26.90341177190243],[-48.692455049553125,-26.90359776541428],[-48.69362478147244,-26.903577524670077],[-48.69364488356673,-26.903373907766056]],[[-48.692120610646455,-26.906943087851626],[-48.69212084116297,-26.906735568320155],[-48.69089507726553,-26.906762034665682],[-48.69088243819376,-26.90699081912581],[-48.692120610646455,-26.906943087851626]],[[-48.69482466467874,-26.908407741146767],[-48.69481212231519,-26.9082393698794],[-48.694939356449,-26.90826291596296],[-48.69504018867131,-26.908210892955935],[-48.69502750062436,-26.908049675636423],[-48.694818946851996,-26.908099940221412],[-48.694824025987536,-26.9080463525421],[-48.69413337361187,-26.908056538868124],[-48.6941264665642,-26.9083963360264],[-48.69482466467874,-26.908407741146767]],[[-48.694726714964894,-26.90713953043957],[-48.69466493128495,-26.906644758314],[-48.69411399804564,-26.906653648752027],[-48.694108027688095,-26.907143736853165],[-48.694726714964894,-26.90713953043957]],[[-48.692121242488426,-26.90612731668463],[-48.6908669024033,-26.906185516561415],[-48.690866232835475,-26.906414497757247],[-48.692076398543215,-26.906369886541057],[-48.692121242488426,-26.90612731668463]],[[-48.69212309495606,-26.90780184689494],[-48.69212419880029,-26.907551405564046],[-48.69090219750493,-26.907588666643193],[-48.69090906966378,-26.907839238324204],[-48.69212309495606,-26.90780184689494]],[[-48.694559914778544,-26.903907664812337],[-48.69407319098959,-26.903899714502444],[-48.69405684308165,-26.904507707193847],[-48.69457940356112,-26.90451982025988],[-48.694559914778544,-26.903907664812337]],[[-48.69053326498094,-26.910321580981325],[-48.69052149369217,-26.91011565390504],[-48.68902428121173,-26.910143025882522],[-48.689038045242704,-26.910348985584548],[-48.69053326498094,-26.910321580981325]],[[-48.69213930591636,-26.910634091906616],[-48.69092924016598,-26.910671546808928],[-48.69093611303735,-26.910922118420334],[-48.6921536509808,-26.91090983107359],[-48.69213930591636,-26.910634091906616]],[[-48.69372304149782,-26.906056892482052],[-48.6924970659785,-26.90609410325565],[-48.69248776636794,-26.9063551442628],[-48.69370561965671,-26.906324957314137],[-48.69372304149782,-26.906056892482052]],[[-48.6949097544165,-26.91021065115448],[-48.694890556059185,-26.909584188130594],[-48.69415557082363,-26.909615118104927],[-48.69415650696376,-26.909765408938846],[-48.69455925420767,-26.909782722895677],[-48.694612420567395,-26.909915977021132],[-48.69452137443823,-26.91007549981817],[-48.694162223721605,-26.910073209731625],[-48.69416301439766,-26.91023065450276],[-48.6949097544165,-26.91021065115448]],[[-48.69208232886416,-26.905489797803114],[-48.690855996084345,-26.905544878605877],[-48.69087070235694,-26.905802733914964],[-48.69210030011065,-26.90578348629307],[-48.69208232886416,-26.905489797803114]],[[-48.69379015385926,-26.910902592381888],[-48.693786215570434,-26.910605554289422],[-48.69255460646098,-26.910622992641358],[-48.69254660799733,-26.91091804592159],[-48.69379015385926,-26.910902592381888]],[[-48.694128966257054,-26.909255094956162],[-48.694865289419134,-26.9092563894183],[-48.694849895859036,-26.908737328838125],[-48.69412311306411,-26.908757658388367],[-48.694128966257054,-26.909255094956162]],[[-48.69048327441236,-26.90581786327065],[-48.69046871465704,-26.90555285404628],[-48.68894737090384,-26.905592357226034],[-48.68896975991842,-26.90586465093678],[-48.69048327441236,-26.90581786327065]],[[-48.69211724863952,-26.9084815698353],[-48.69212009908399,-26.90814528489075],[-48.69090650694999,-26.908161215167098],[-48.69089922617002,-26.908518895470397],[-48.69211724863952,-26.9084815698353]],[[-48.69366981139461,-26.903914592366142],[-48.69242398323975,-26.903947901076496],[-48.692426629496616,-26.90460271705121],[-48.692566409123664,-26.904597846684577],[-48.69261835763146,-26.90439832789697],[-48.692759156344124,-26.90434338153471],[-48.692775321753736,-26.90452970111898],[-48.69280948179507,-26.90461613173505],[-48.692879548672536,-26.904703148338736],[-48.693097021633584,-26.90460651962944],[-48.693115088692835,-26.904503052730437],[-48.693016950099995,-26.90442273286486],[-48.69297894464429,-26.904329084022546],[-48.692938041470505,-26.904181718096716],[-48.6930574668297,-26.90408000885892],[-48.693311105888675,-26.904087631029224],[-48.693666830419915,-26.904061241107957],[-48.69366981139461,-26.903914592366142]],[[-48.69376334660816,-26.910258115310043],[-48.6937615437825,-26.910052351117823],[-48.69329452439803,-26.910055453340057],[-48.693374905842575,-26.909929748281876],[-48.69332489920646,-26.90973929755294],[-48.69377044686118,-26.90971258761964],[-48.69376820225639,-26.90962667870261],[-48.69253080132031,-26.909635077764666],[-48.692544686355085,-26.90973727733016],[-48.693067415768965,-26.90974224447761],[-48.6930445573228,-26.90988499089167],[-48.69305695155786,-26.91006051516243],[-48.69253418430743,-26.910057335916203],[-48.692545596466275,-26.910281147015965],[-48.69376334660816,-26.910258115310043]],[[-48.693727914094374,-26.908761934762403],[-48.69252599211455,-26.908792382021016],[-48.69253575442723,-26.909293460391137],[-48.69373753628569,-26.90927016733375],[-48.693727914094374,-26.908761934762403]],[[-48.69249185438889,-26.90713521380982],[-48.69259579193714,-26.907322968283978],[-48.69289856859627,-26.907349385798323],[-48.69340461155036,-26.90719306840222],[-48.69368781411212,-26.907004484575573],[-48.693558555296,-26.90688429941392],[-48.693690650001585,-26.906864989839093],[-48.69371017132666,-26.906689987024915],[-48.69249637668533,-26.906716662018777],[-48.69249273904444,-26.906895502410368],[-48.69249185438889,-26.90713521380982]],[[-48.693697826880616,-26.90508863233946],[-48.69367426310644,-26.90487356751834],[-48.69245250742123,-26.904900113884935],[-48.692459529831375,-26.90514353186058],[-48.69291477866781,-26.90512950548071],[-48.69289649207914,-26.9052437023251],[-48.692858985941,-26.90532180521278],[-48.69300398219958,-26.905452983522764],[-48.69246879501138,-26.905472858730572],[-48.692478714913534,-26.905769994657334],[-48.69368502980406,-26.905718150886177],[-48.693698608139215,-26.905442866910743],[-48.69351124292834,-26.9054326490355],[-48.693458733026944,-26.90526720366056],[-48.69323858934346,-26.90510259607729],[-48.693697826880616,-26.90508863233946]],[[-48.6934064095461,-26.907497227916927],[-48.692531581078065,-26.90753659819337],[-48.692514446942475,-26.907790355655802],[-48.69339326622874,-26.907751050799913],[-48.6933902844026,-26.90789769943348],[-48.69345019203393,-26.908091890112694],[-48.6925154421311,-26.908133858965957],[-48.69251665450061,-26.908466632238536],[-48.69374258302636,-26.9084329999126],[-48.693740267483975,-26.908107967602415],[-48.69386222068047,-26.90804495326434],[-48.69388797674027,-26.907955923676123],[-48.693863766326274,-26.907576261048913],[-48.69383389477805,-26.907278799112216],[-48.693658131444565,-26.907286661660788],[-48.69351174059131,-26.907420233297284],[-48.6934064095461,-26.907497227916927]]],[[[-48.73460283641134,-26.886343619002872],[-48.734097486474774,-26.8863802624388],[-48.73404131352709,-26.88627742805174],[-48.73400414213503,-26.88508346431956],[-48.733555918402445,-26.885036492509787],[-48.73343139621196,-26.88488532386727],[-48.73322194192256,-26.882599647101987],[-48.73302536055758,-26.88244732165938],[-48.733022509141655,-26.882034569224082],[-48.73314159636137,-26.88190222704555],[-48.732973517950406,-26.879766385747672],[-48.732825837322025,-26.87966456760141],[-48.732857819364035,-26.87945126968411],[-48.73291583016971,-26.87932291881103],[-48.73264237860865,-26.87635500022807],[-48.73298951602793,-26.876186538829387],[-48.73291356188451,-26.87471350011943],[-48.733764483800655,-26.875139859972368],[-48.733942650651,-26.875102938837806],[-48.7340429805358,-26.87618852499393],[-48.73420442135799,-26.876156307825948],[-48.73411527527826,-26.875065929476165],[-48.7342607704802,-26.875277102162165],[-48.734536117217154,-26.87592792625689],[-48.73458273237378,-26.876092762778867],[-48.73468119272837,-26.87608882688886],[-48.734760306841245,-26.876085665443302],[-48.734752186539275,-26.876214816462664],[-48.73453917297993,-26.87633073743271],[-48.73468120989539,-26.876437434812807],[-48.734888877572985,-26.87631148375369],[-48.73520988272444,-26.87606303991523],[-48.735256010811966,-26.875974276645064],[-48.735270373587895,-26.8755319661729],[-48.73543399316205,-26.875390390400156],[-48.73555069218798,-26.875377343571294],[-48.73590903460273,-26.879097449550123],[-48.73613927092956,-26.879230421139646],[-48.736169656756,-26.87937510700412],[-48.736121843487496,-26.879548373793035],[-48.73597415476091,-26.879725012213385],[-48.73623057031355,-26.882717516257703],[-48.73588005305882,-26.882776538628875],[-48.73586530549217,-26.882681826900868],[-48.73567693199515,-26.88267383443107],[-48.73572888304769,-26.883405605287955],[-48.73539627523225,-26.883678724856466],[-48.735354231274755,-26.882728328923694],[-48.735185159862745,-26.88272561782142],[-48.73527391611349,-26.8839751053038],[-48.73494021488791,-26.884302902078655],[-48.734844048075644,-26.882730092442895],[-48.73467215539904,-26.882729821739915],[-48.73480499196436,-26.88441012519786],[-48.734646603864185,-26.884566700931416],[-48.7348248756507,-26.884803260875632],[-48.7348923061323,-26.88573168828786],[-48.73472434568483,-26.884978167587846],[-48.73465940636725,-26.88503679441994],[-48.73460283641134,-26.886343619002872]],[[-48.73457231057744,-26.880229605686406],[-48.73453936655379,-26.8796572548276],[-48.73436059765318,-26.879724000967915],[-48.7344390755286,-26.880237413695337],[-48.73457231057744,-26.880229605686406]],[[-48.73399762332226,-26.88471540481905],[-48.733785666609656,-26.882832449909927],[-48.73364154092546,-26.882830137222843],[-48.733781331481445,-26.884716906755557],[-48.73399762332226,-26.88471540481905]],[[-48.73554454741484,-26.87916246290692],[-48.73526161773644,-26.876388316565034],[-48.73511215511626,-26.876375975135307],[-48.73538409358876,-26.879144972859862],[-48.73554454741484,-26.87916246290692]],[[-48.734562912264295,-26.885843255379932],[-48.734288080166614,-26.88280321852463],[-48.734160782288036,-26.882791231276954],[-48.73439833858041,-26.885892824949742],[-48.734562912264295,-26.885843255379932]],[[-48.7334564599637,-26.87932289371047],[-48.73322287403034,-26.876579371681654],[-48.73305104143159,-26.8765766141378],[-48.73327878226607,-26.879334960028245],[-48.7334564599637,-26.87932289371047]],[[-48.735871251458484,-26.88238358050667],[-48.73556119176715,-26.87957916592974],[-48.7354445875108,-26.87958724064816],[-48.73563892912019,-26.88235499335722],[-48.735871251458484,-26.88238358050667]],[[-48.7337448973148,-26.88251356508997],[-48.73348438167286,-26.87972983253186],[-48.733312344868324,-26.879737016855483],[-48.73356167114232,-26.882525541594923],[-48.7337448973148,-26.88251356508997]],[[-48.73373986148601,-26.876513081767524],[-48.73356188969055,-26.876540060610516],[-48.73380102717144,-26.87928367153949],[-48.733983851433564,-26.879291576322473],[-48.73373986148601,-26.876513081767524]],[[-48.73450629530694,-26.879230344237907],[-48.734822559722645,-26.878942046438386],[-48.73481230770059,-26.87917806985234],[-48.735022153662264,-26.87922121432297],[-48.73476665534956,-26.876462424122945],[-48.7346307522817,-26.876465217209887],[-48.734785281372154,-26.878447941052805],[-48.73444932481661,-26.878611613437503],[-48.73424232131244,-26.876480120114728],[-48.73409830178698,-26.876472837444105],[-48.73426373457357,-26.878464437808347],[-48.73422166052233,-26.878627851764715],[-48.73426391325975,-26.879011401423146],[-48.73432547329076,-26.879261007073893],[-48.73450629530694,-26.879230344237907]],[[-48.73548332393168,-26.882233162405832],[-48.735260013845725,-26.88203068704311],[-48.73514640390068,-26.881054280755862],[-48.735242720342995,-26.88095140574288],[-48.73531072592046,-26.88087791097646],[-48.735174028293194,-26.880781243768364],[-48.73505310049638,-26.8796157702907],[-48.73489769382669,-26.879623223233708],[-48.73500882292635,-26.88072389859359],[-48.73491597617327,-26.880652796080557],[-48.73464980250969,-26.880653499752924],[-48.734586654894684,-26.880483426461485],[-48.73448687711591,-26.880481826073122],[-48.73445133834531,-26.880595620510782],[-48.734082818728304,-26.880445510199873],[-48.73401405085275,-26.879723414296027],[-48.73384785491671,-26.879715775405057],[-48.733885545396774,-26.88032798080421],[-48.73384654446705,-26.880337300113855],[-48.73383602061284,-26.88114265402348],[-48.73385727894823,-26.881744651545127],[-48.73407077782544,-26.882160782899582],[-48.734092642707935,-26.882454503570127],[-48.73425884167312,-26.882462142406357],[-48.73424043724731,-26.882272897556447],[-48.73454669663157,-26.88248664916657],[-48.73489463571404,-26.88255687080155],[-48.735152600245726,-26.882455814019156],[-48.735297025382295,-26.882399235738596],[-48.73548332393168,-26.882233162405832]]],[[[-48.70216510204734,-26.88206970461672],[-48.70184464642299,-26.881643995706394],[-48.70179444484039,-26.88168559723535],[-48.70177811349994,-26.881222188099358],[-48.701686004353846,-26.881200401459395],[-48.701696166234875,-26.88166371109766],[-48.701360217663265,-26.8816988176851],[-48.701314082584226,-26.879862782461696],[-48.70058451839651,-26.8800390229818],[-48.700552974712366,-26.881809128708927],[-48.70042495064897,-26.881825371990878],[-48.7001706112719,-26.881977924320243],[-48.70015178752384,-26.881298994188256],[-48.699915050164336,-26.8813098930796],[-48.69996019139543,-26.882229076545798],[-48.69958592902382,-26.882530975334696],[-48.699532224279814,-26.881323945030047],[-48.699305729257,-26.881336854309737],[-48.69937981749986,-26.883263482264812],[-48.69962448468436,-26.883267467647627],[-48.69979032180047,-26.88371095002349],[-48.70009423019009,-26.88322716780908],[-48.700242599574835,-26.88321298528462],[-48.70022984013417,-26.882725888556617],[-48.70039669456417,-26.8820019619983],[-48.70057681064739,-26.88234977356471],[-48.70060849537381,-26.883121195873947],[-48.70080882937499,-26.883181629790215],[-48.70097478573922,-26.883263866329074],[-48.70105056649245,-26.883482723790205],[-48.7010333790588,-26.883722200271382],[-48.70084809289867,-26.883578788412667],[-48.70068876691822,-26.883524555036516],[-48.7008269248582,-26.8871637118925],[-48.700482396059684,-26.88711384008118],[-48.70039514714694,-26.885734746878914],[-48.70044905225737,-26.88571349316773],[-48.70049342005092,-26.88545232889066],[-48.70033452287074,-26.884665925016478],[-48.700270682225764,-26.88355278861634],[-48.700021977221326,-26.88354505028901],[-48.70005732155874,-26.884338663524602],[-48.699896422563405,-26.884158992223075],[-48.699833805596406,-26.88410264461196],[-48.699745852230244,-26.884484820966787],[-48.699692047965556,-26.88448159554999],[-48.69965260280972,-26.88360542790336],[-48.699463447303486,-26.883602346798405],[-48.699537723419034,-26.885519756265644],[-48.699542934089116,-26.88637927282725],[-48.69948046856287,-26.886518419685995],[-48.699339459347605,-26.8865751394379],[-48.69866954773854,-26.88644434554583],[-48.698509710571344,-26.883675332716823],[-48.69845841035441,-26.88245174417018],[-48.69842786881265,-26.88243649245098],[-48.69836816051185,-26.881424857566465],[-48.6981992693019,-26.881436860080758],[-48.698235389694894,-26.882597496109817],[-48.6979226526101,-26.882806334206858],[-48.697816743127795,-26.88143615821861],[-48.69768908492819,-26.881443298450108],[-48.69773693795235,-26.88273506887567],[-48.697535560586815,-26.882624817918465],[-48.697408423282724,-26.88209897220902],[-48.697307567006575,-26.88189999116867],[-48.69729810917382,-26.881453523170528],[-48.697127424283366,-26.881452583930095],[-48.69710118221606,-26.881631050473686],[-48.6970348675802,-26.881554354576465],[-48.69697651552307,-26.881287827442254],[-48.696646023866364,-26.881459488741722],[-48.696526327272665,-26.881479667167785],[-48.696525317633196,-26.88152944646352],[-48.69624457936177,-26.881681630431164],[-48.6961537818406,-26.881493877561947],[-48.696100662518084,-26.88147641338781],[-48.69606533741748,-26.881392844225598],[-48.6956329493236,-26.8810114038743],[-48.6959004155357,-26.88090511113666],[-48.69591170160042,-26.881159804167574],[-48.69613591649155,-26.881157928873343],[-48.69613651774076,-26.880824125987598],[-48.696484465079884,-26.880704390864516],[-48.6965253198328,-26.88112370655143],[-48.69674112443189,-26.881130914263018],[-48.6967320051411,-26.880667854127477],[-48.69682168347249,-26.880606610443312],[-48.69672561402582,-26.880374509938733],[-48.69669978429005,-26.88012695624552],[-48.6970548691171,-26.880060820027058],[-48.69709692195311,-26.881131183182926],[-48.69729018470434,-26.88113433423044],[-48.69726543731633,-26.880021834855015],[-48.69758762551584,-26.87995516092914],[-48.69765491681855,-26.881099706530968],[-48.69782541337183,-26.881109863179926],[-48.69778279271218,-26.87991500161565],[-48.69815107136676,-26.879857376478125],[-48.69816644322831,-26.880722591627457],[-48.69806147633098,-26.880827848148453],[-48.69789322418153,-26.881112812165885],[-48.69795512952201,-26.88130562599598],[-48.6980493679319,-26.88132376056867],[-48.698279525949445,-26.881231609187907],[-48.69829972944511,-26.8810973068511],[-48.69835423210974,-26.881097272754833],[-48.698285415626586,-26.879520219931674],[-48.69841273490784,-26.879428236821145],[-48.69856509990746,-26.879419653808476],[-48.698630742081,-26.87952953525013],[-48.69875030841153,-26.881038254631118],[-48.69948336042268,-26.880994868844766],[-48.699441880075845,-26.879793570348564],[-48.699477989093744,-26.879736986094073],[-48.699571555397775,-26.87978830587911],[-48.69981943067477,-26.879836604888354],[-48.69987915497073,-26.88094967554193],[-48.70009110853012,-26.880943905070026],[-48.70007859776518,-26.87993672777912],[-48.70011952748336,-26.87984518092608],[-48.70034168069744,-26.87974182985168],[-48.70060536686851,-26.879720303060296],[-48.70068555024483,-26.87972160839926],[-48.70112623230417,-26.87959230527241],[-48.701327153443614,-26.879521804251056],[-48.7014974627782,-26.879541174474554],[-48.70160381691693,-26.879672004091127],[-48.70166397355726,-26.880866229496583],[-48.70174580275183,-26.88088784796024],[-48.701654528670005,-26.87930028564359],[-48.701730184309135,-26.87922036905485],[-48.70194250777012,-26.879196159339372],[-48.70204138492606,-26.879289981445417],[-48.7020994611326,-26.880688887684084],[-48.70199938910031,-26.88065406227102],[-48.701882985884524,-26.88071487453986],[-48.70179384457595,-26.881054615040917],[-48.70188042434139,-26.881146392615285],[-48.702123520684104,-26.881227808148143],[-48.70216510204734,-26.88206970461672]],[[-48.69904728380841,-26.883320078901043],[-48.69893009971964,-26.881389060648953],[-48.698728314078096,-26.881400526971145],[-48.698845792579,-26.8833167960132],[-48.69904728380841,-26.883320078901043]],[[-48.69920994041672,-26.88625512283531],[-48.699032185749914,-26.883659178783766],[-48.698884225666674,-26.883653079791074],[-48.69900021922439,-26.886251705837196],[-48.69920994041672,-26.88625512283531]]],[[[-48.75012930424395,-26.87544247199703],[-48.75000876797838,-26.875439308576883],[-48.750120572809664,-26.87686319641706],[-48.749716166305895,-26.876284928365923],[-48.74967982757668,-26.875460174376638],[-48.749535906607925,-26.875447936500276],[-48.749597664754546,-26.876109007308546],[-48.749353250413165,-26.875851520959525],[-48.74961201634679,-26.87706393655856],[-48.749307737603054,-26.87702925423148],[-48.749179676279404,-26.875516847457327],[-48.7490016107301,-26.875548817102082],[-48.749120569605786,-26.877380555318215],[-48.749317964664904,-26.877352622616847],[-48.74945154816392,-26.877886797555103],[-48.749484047291126,-26.8782055491194],[-48.74937449205391,-26.878417617218552],[-48.749327527899034,-26.877709544727207],[-48.74847030281659,-26.877736905700324],[-48.74856047040501,-26.87766375727868],[-48.748170099709796,-26.877356704951694],[-48.74808290088188,-26.877419955344344],[-48.74796499923463,-26.875605636934008],[-48.74777653678504,-26.87560263226964],[-48.74794618279845,-26.877743468098245],[-48.747839581999344,-26.877806408983176],[-48.74758249409315,-26.877489049620728],[-48.74742624268548,-26.875651744051087],[-48.74730459222453,-26.87563488647078],[-48.747325424235,-26.876192126745472],[-48.7472150567956,-26.876165504788265],[-48.746813887951646,-26.876263526423294],[-48.746528236100225,-26.87256448044825],[-48.74644591538277,-26.87168305302839],[-48.7468170868178,-26.871698918409646],[-48.74695065276849,-26.87223309494492],[-48.747100211803286,-26.872240452617866],[-48.74744790876587,-26.872042128435666],[-48.74744000057436,-26.872161340103343],[-48.74761727268598,-26.87216913909887],[-48.74761498152139,-26.872005013587994],[-48.74795252587222,-26.871199893028113],[-48.748006158947945,-26.872130587529092],[-48.748155618494266,-26.87214291414971],[-48.748040962482506,-26.870654339295506],[-48.748133488636945,-26.870461890614894],[-48.74846615257773,-26.870462220022766],[-48.74867411919094,-26.870599788800085],[-48.7485796950744,-26.870608229211303],[-48.74865119796489,-26.872036447365698],[-48.74858963476377,-26.872065300731826],[-48.74890025872001,-26.87233876076982],[-48.74888116845327,-26.87246276606036],[-48.74872596833333,-26.872460292922757],[-48.74877443113574,-26.873092560394962],[-48.74869606929474,-26.87340954547643],[-48.748787836374746,-26.873535317337737],[-48.74891102760407,-26.87515331057942],[-48.749116512925866,-26.87513669560588],[-48.748984103830864,-26.87342407960388],[-48.74933091539708,-26.873270488853557],[-48.749455521715944,-26.875097344840434],[-48.749599737639265,-26.87509466979803],[-48.749782558853674,-26.87510255468792],[-48.7499239196548,-26.875244033570883],[-48.75012930424395,-26.87544247199703]],[[-48.74848138668587,-26.87556911722193],[-48.74829272717069,-26.87557605522232],[-48.748445524400665,-26.877378498445562],[-48.74860597893366,-26.87739597271616],[-48.74848138668587,-26.87556911722193]],[[-48.7482204348915,-26.87250941860534],[-48.748009707858316,-26.8725110321639],[-48.74814964046101,-26.87440277420917],[-48.7480072233305,-26.874594427325693],[-48.74801725092664,-26.874927737651156],[-48.7482505738883,-26.875185049313984],[-48.74841141935506,-26.875182641473028],[-48.748386634040955,-26.874754620023765],[-48.74849579293401,-26.874562436435184],[-48.748359090274825,-26.87446578169055],[-48.7482204348915,-26.87250941860534]],[[-48.74786212154484,-26.87520123328284],[-48.74775737212052,-26.87377248468563],[-48.74781218498064,-26.873524738836835],[-48.74782016653443,-26.87312210158843],[-48.747701080742395,-26.872976003383297],[-48.74767036073665,-26.87256777745392],[-48.74754891057272,-26.872540979211493],[-48.747551226007396,-26.87298355925732],[-48.747251712636576,-26.872988728539436],[-48.74717101035191,-26.8725846771944],[-48.74704382015758,-26.872567731196185],[-48.747223592873624,-26.875245748114875],[-48.74737869806794,-26.87525319412189],[-48.74734995054151,-26.87474555131362],[-48.747518727820605,-26.874902386409993],[-48.74769400884055,-26.874731147155316],[-48.74772908947047,-26.87519911229814],[-48.74786212154484,-26.87520123328284]]],[[[-48.69130428417219,-26.868771500179456],[-48.69117128058105,-26.869379681909546],[-48.69105971866973,-26.869541545007195],[-48.69118600398006,-26.869568577549018],[-48.69112841549063,-26.869814552936212],[-48.692848975630305,-26.86978717459275],[-48.69304036433745,-26.870112123722432],[-48.69307780381351,-26.87040126601991],[-48.69323952224502,-26.874016100507774],[-48.69332932190434,-26.877668599406448],[-48.69337728460528,-26.877744289655222],[-48.69322725652004,-26.87781952160219],[-48.69286765512902,-26.877855263513336],[-48.69294526101021,-26.87769006980371],[-48.69291447806495,-26.87676848666792],[-48.692164975267254,-26.876808955443085],[-48.692055518666464,-26.876866815592976],[-48.69200134417681,-26.87679241049802],[-48.69189621243207,-26.87633292674515],[-48.69210853667407,-26.876389108353056],[-48.69217837238818,-26.876454059032206],[-48.69292697261261,-26.87645796453247],[-48.69286855416693,-26.876287775881085],[-48.69247269067076,-26.87628130964341],[-48.692407925373594,-26.875966751370452],[-48.692921365671616,-26.875972363120642],[-48.692913388443515,-26.875755835009986],[-48.692325331099745,-26.875768423893195],[-48.69232145523282,-26.875654612587706],[-48.6918950615573,-26.875628225572818],[-48.69175246816716,-26.875489953008916],[-48.69288798237224,-26.875483533924587],[-48.69286993845053,-26.87530568149283],[-48.691524012866395,-26.875314210277764],[-48.691378200158205,-26.87548661081363],[-48.69122890679062,-26.87552578585929],[-48.69100675783291,-26.875192008297006],[-48.69107820661277,-26.875025328816037],[-48.69125378657193,-26.8749865835297],[-48.69287956455066,-26.8749840151547],[-48.692892165811664,-26.87482053553095],[-48.69122196947738,-26.874801569745813],[-48.69109765128946,-26.8746774675795],[-48.691143654058585,-26.874545051050838],[-48.69127484082838,-26.87448338551355],[-48.692846518313196,-26.87447854591631],[-48.692843846321004,-26.873696138349562],[-48.69105209593397,-26.873722350221346],[-48.69110848142525,-26.873992382816432],[-48.691069001806724,-26.87410825957844],[-48.69084526218276,-26.87415731475731],[-48.69079876008725,-26.87416210369814],[-48.690565911341714,-26.87420268632158],[-48.690388851388406,-26.874086043619478],[-48.69046629618651,-26.873776583815886],[-48.690505267851975,-26.87368566762052],[-48.69041086316281,-26.873611991336478],[-48.69040687635018,-26.873503727327545],[-48.690501458608544,-26.873416494412446],[-48.69081004269757,-26.87345483180715],[-48.691021466959505,-26.873402800320207],[-48.69128203424495,-26.87336821806247],[-48.69280146146672,-26.873345878785322],[-48.6928011589483,-26.872294398600545],[-48.6909479741767,-26.87230018635453],[-48.69079009147183,-26.872153339913815],[-48.690763007623715,-26.869528372311333],[-48.69094890951492,-26.869209587277563],[-48.69130428417219,-26.868771500179456]],[[-48.69149080725963,-26.870325404447637],[-48.69142030618834,-26.870141146488738],[-48.69114197989462,-26.870136598136213],[-48.69115613867741,-26.870353228238372],[-48.69149080725963,-26.870325404447637]],[[-48.692742204297154,-26.870551148762296],[-48.69160909931684,-26.870593674391706],[-48.691199871571506,-26.870636925455745],[-48.69118265494084,-26.870875237388116],[-48.69274320761042,-26.870806405015564],[-48.692742204297154,-26.870551148762296]],[[-48.691201421367985,-26.871169623872206],[-48.691190163704555,-26.871419130472304],[-48.69274959851074,-26.87140576665028],[-48.692773672401806,-26.871134274459788],[-48.691201421367985,-26.871169623872206]],[[-48.691202294675,-26.871735603997912],[-48.69119100868175,-26.871986497165214],[-48.692766139068155,-26.8719622927414],[-48.692771207836394,-26.871712684793195],[-48.692387617823584,-26.871711967720756],[-48.69235897612711,-26.871522844795443],[-48.69209307274409,-26.871515726982786],[-48.691978510447505,-26.871444496558368],[-48.691851177295,-26.87154506692707],[-48.691738011452884,-26.871709678358805],[-48.691202294675,-26.871735603997912]]],[[[-48.685862237783155,-26.895985892944818],[-48.68509365916031,-26.896001418363266],[-48.68507128653182,-26.896140292673074],[-48.68575638131593,-26.896133543266114],[-48.68550729005185,-26.8963452375486],[-48.68551527763357,-26.896457868712417],[-48.685121139504886,-26.896469388710997],[-48.68507684282801,-26.89657378518965],[-48.68550849505712,-26.896588699892913],[-48.68551623457919,-26.896915260857277],[-48.685099325785046,-26.896933783917824],[-48.685085628560834,-26.89705067005455],[-48.6854659703695,-26.89706013309133],[-48.68510632719497,-26.897246039976604],[-48.68509326337594,-26.897382300932566],[-48.685099535943856,-26.897528561163494],[-48.68568672242978,-26.89753219409383],[-48.68585780985479,-26.897817170084476],[-48.6829099169494,-26.8978808570022],[-48.682828268437824,-26.89785000823036],[-48.68276031283068,-26.897752992131807],[-48.68273215482993,-26.895908272404263],[-48.68269465244729,-26.89512569171643],[-48.68292695380433,-26.895232782449888],[-48.68277845244216,-26.894446535427512],[-48.68291784065675,-26.894067061879277],[-48.68305020690108,-26.8936284564206],[-48.68311901009482,-26.893381532493432],[-48.683290546414874,-26.893139983348547],[-48.683272842431236,-26.893301987529096],[-48.68315435851144,-26.893513977111624],[-48.6831311065052,-26.893645460138377],[-48.68316631859939,-26.893683845419822],[-48.683331634492326,-26.89369670137578],[-48.68344492004691,-26.89363862133896],[-48.683578310354726,-26.893502491021565],[-48.68373219902043,-26.893420179609727],[-48.68387824484904,-26.893419808555556],[-48.68394460659739,-26.893544462971374],[-48.68641652620905,-26.89563534597127],[-48.685862237783155,-26.895985892944818]],[[-48.68551909696163,-26.89566536078765],[-48.68569064006637,-26.8955243202101],[-48.68556099674966,-26.895426294188614],[-48.68532596149614,-26.8956548171258],[-48.68551909696163,-26.89566536078765]],[[-48.68477062867764,-26.895653088944968],[-48.68529393570522,-26.89520798124257],[-48.68520960492344,-26.895107008650488],[-48.68459311559881,-26.89568337482192],[-48.68477062867764,-26.895653088944968]],[[-48.68380658938019,-26.893907361769195],[-48.6837135852182,-26.893828377389962],[-48.683239025501024,-26.89430378698965],[-48.68317716197504,-26.89451301733692],[-48.68380658938019,-26.893907361769195]],[[-48.6840772004369,-26.89616917345413],[-48.68404252124356,-26.89605426075616],[-48.68308835216994,-26.896042294564342],[-48.683077718147686,-26.896160152078977],[-48.6840772004369,-26.89616917345413]],[[-48.68410686097011,-26.897538100278766],[-48.68407666988846,-26.89740481816471],[-48.68310109930993,-26.897433073861908],[-48.68311117773603,-26.897543894776316],[-48.68410686097011,-26.897538100278766]],[[-48.684095553632616,-26.897084226889195],[-48.6840693243598,-26.896958387160716],[-48.68309398244952,-26.896975581101486],[-48.68311609841721,-26.897101353456858],[-48.684095553632616,-26.897084226889195]],[[-48.68408820794985,-26.896637795864155],[-48.68407431633222,-26.896512158519034],[-48.68307931958557,-26.89648476755282],[-48.683105020774185,-26.896636418281613],[-48.68408820794985,-26.896637795864155]],[[-48.684182572978244,-26.89423074209707],[-48.68408530472083,-26.894159064499668],[-48.683083247257315,-26.895083196110075],[-48.68307978491635,-26.895252811307927],[-48.684182572978244,-26.89423074209707]],[[-48.68493447043616,-26.89488118621629],[-48.684812527315486,-26.89480910538193],[-48.68385234529767,-26.89569704388941],[-48.684090643125295,-26.895712018642143],[-48.68493447043616,-26.89488118621629]],[[-48.6845871951756,-26.894561967671105],[-48.68446159083085,-26.89446769521105],[-48.6831404385508,-26.895707493562885],[-48.68340438854365,-26.895674940499813],[-48.6845871951756,-26.894561967671105]],[[-48.684745357121145,-26.897496933685673],[-48.68471771872114,-26.896028449826048],[-48.68447074536121,-26.89603546511304],[-48.684481628705946,-26.897518427958968],[-48.684745357121145,-26.897496933685673]]],[[[-48.696558947917154,-26.87878110757625],[-48.6964437770402,-26.87878107391211],[-48.696430468894434,-26.87893024329692],[-48.69608876771505,-26.879249261714694],[-48.69605041977678,-26.87880785535408],[-48.69582015386266,-26.878804099158614],[-48.69583364250485,-26.87935575634794],[-48.69556315419916,-26.87930708061853],[-48.69544813461579,-26.879198235942617],[-48.69542268393656,-26.878830810844587],[-48.69522916347584,-26.878840563529238],[-48.6952234035284,-26.879023052154796],[-48.6948728743661,-26.879472866545676],[-48.69484249671268,-26.878841630132072],[-48.69468418916836,-26.87883904643491],[-48.69472424316911,-26.87970281906894],[-48.694372148420825,-26.879824326803647],[-48.69431976345623,-26.87885891867198],[-48.69407286324275,-26.878864109212515],[-48.69412122958983,-26.8804325278169],[-48.69393167187367,-26.880348285608918],[-48.693903927830725,-26.880600497656648],[-48.69380004032413,-26.88075371957124],[-48.69371098044763,-26.878860044461508],[-48.693404308071884,-26.878871635287783],[-48.69331515070924,-26.879008499801042],[-48.69317485998033,-26.879030183741534],[-48.69305057042955,-26.878972826121124],[-48.69302081799476,-26.8789188561989],[-48.69301295231552,-26.878293520385142],[-48.69338433985303,-26.877930731586847],[-48.69347068558021,-26.87803357672167],[-48.69343931946793,-26.878160319344854],[-48.6933691184866,-26.87817392694164],[-48.69340058060033,-26.87854882772895],[-48.69369271036927,-26.87854437595722],[-48.69364927244971,-26.87734120270765],[-48.69381898246193,-26.87718721079946],[-48.693867840525705,-26.8771105493582],[-48.693972242658724,-26.87713438526553],[-48.69400158446507,-26.877208635144513],[-48.69403470702684,-26.878514918899988],[-48.69439696304358,-26.878500545694646],[-48.694335654334694,-26.877062858585298],[-48.69451198084514,-26.87688684233113],[-48.69473966830512,-26.87661207344316],[-48.694964807000254,-26.876665542380255],[-48.69520594622166,-26.876639969184833],[-48.69642397567521,-26.87661373153527],[-48.696554806291566,-26.876652750537712],[-48.69657125419055,-26.876450148210893],[-48.69666163934497,-26.876353875988528],[-48.69679740264089,-26.876352401437707],[-48.69689926370456,-26.876400168896573],[-48.69694909109851,-26.87647844053565],[-48.69700093858687,-26.878688724191427],[-48.696814184211355,-26.878567646120818],[-48.696558947917154,-26.87878110757625]],[[-48.69599266220989,-26.87704194507761],[-48.695995466619806,-26.876954387288173],[-48.69575075754489,-26.87695316245357],[-48.69575570951918,-26.877063899605425],[-48.69599266220989,-26.87704194507761]],[[-48.69604507725287,-26.878462888806016],[-48.69599323914612,-26.87736839076098],[-48.695810001537836,-26.877378311190448],[-48.695806213872295,-26.878477435559795],[-48.69604507725287,-26.878462888806016]],[[-48.696660400647616,-26.878443416305153],[-48.696567327878945,-26.876846603222894],[-48.69637205352587,-26.87694300939373],[-48.6964155564062,-26.878448644524376],[-48.696660400647616,-26.878443416305153]],[[-48.69501900249515,-26.87703528121618],[-48.69509843318081,-26.877174898007514],[-48.69508437673092,-26.877259505253285],[-48.695058882524016,-26.87729966295998],[-48.694689302587484,-26.87737109081847],[-48.69468765623487,-26.87745221227484],[-48.69526133185153,-26.87745788472351],[-48.69533055965735,-26.87749221144597],[-48.69535275998783,-26.877715730042492],[-48.69527758749312,-26.877771676709315],[-48.69471392775915,-26.8777790762221],[-48.69474906219582,-26.87797329885863],[-48.695271715587886,-26.87795969640136],[-48.69534509366576,-26.8779922462602],[-48.69538374130261,-26.87821603320384],[-48.69528557927843,-26.878290047025814],[-48.6947936129459,-26.878311526833247],[-48.69476261968709,-26.878521267901682],[-48.69542317450725,-26.878502539024684],[-48.695367871972365,-26.876970891073746],[-48.6952158843739,-26.876961034662163],[-48.695132677606296,-26.876906192938733],[-48.69510157811552,-26.876817160581567],[-48.6950158289213,-26.876786252443935],[-48.69483621338863,-26.87702307717683],[-48.69501900249515,-26.87703528121618]]],[[[-48.73252730505627,-26.920213029916884],[-48.733175946054224,-26.920785326464856],[-48.734990840906114,-26.9218437468712],[-48.734947455913364,-26.92207177827084],[-48.73471841273047,-26.92215263093523],[-48.73276182682114,-26.92096762138075],[-48.732645974982205,-26.920935925664672],[-48.73513235987428,-26.926699024426142],[-48.73480655092072,-26.926902632091554],[-48.73208623429675,-26.92063356152827],[-48.73201832313532,-26.920423632303773],[-48.73051320933603,-26.919409936752125],[-48.73108731092934,-26.920657281041603],[-48.729549566961566,-26.922104355628434],[-48.72930152580715,-26.92202577840228],[-48.72929966399701,-26.921841772606534],[-48.73052705223112,-26.920658215727624],[-48.73057419966839,-26.92051974873944],[-48.73010108183706,-26.91949280968107],[-48.729734267084545,-26.918974757743726],[-48.7287911710384,-26.918427541382115],[-48.729059651333095,-26.918039048276235],[-48.73252730505627,-26.920213029916884]]],[[[-48.68772381185982,-26.895680277062233],[-48.68764697601323,-26.895564674644426],[-48.68771398683265,-26.895405320890514],[-48.68796356030709,-26.89516965437229],[-48.68785485257639,-26.89505353013758],[-48.68749370759677,-26.89541462331238],[-48.687331001661754,-26.895424867567847],[-48.68723559901211,-26.895362444559424],[-48.68723415410049,-26.895231478404746],[-48.68755492599438,-26.894832839400934],[-48.68743294252073,-26.894762603772403],[-48.687027150955366,-26.895194890355977],[-48.68683801539675,-26.895189948059183],[-48.68675281898534,-26.89513137931082],[-48.68671238085546,-26.894996086040077],[-48.68717825400355,-26.894542653260213],[-48.68698811591022,-26.894486054728425],[-48.68649232793185,-26.894994324977905],[-48.686317511660896,-26.894993303986013],[-48.686256463371045,-26.894960951151408],[-48.686195464195684,-26.89482532081063],[-48.68625031654336,-26.894757982093484],[-48.686767305760625,-26.894218707632067],[-48.68662693016157,-26.89414263718968],[-48.68621519489576,-26.894563759280786],[-48.68634495637878,-26.894252361688473],[-48.685965088728224,-26.894522775116457],[-48.68597434405002,-26.89467415597547],[-48.68584439967187,-26.894590879215457],[-48.68589545140173,-26.894407289830788],[-48.68638499530174,-26.8939026075866],[-48.68628604503242,-26.893812461723403],[-48.68570007348287,-26.894405931107162],[-48.685548477833436,-26.894375782907755],[-48.68538500827284,-26.8942218730928],[-48.685975844124556,-26.893591599528442],[-48.68586220095552,-26.89351596650004],[-48.68530823678865,-26.894052786889414],[-48.68518326014651,-26.89402860754335],[-48.68505855822613,-26.89389008778696],[-48.68505060767814,-26.893775612623596],[-48.68558512589192,-26.89328458168285],[-48.685463258140075,-26.89320881354104],[-48.684992633187186,-26.8936935151351],[-48.684854754707374,-26.89369678721196],[-48.684706721063904,-26.8935929252374],[-48.68474460948438,-26.893449693926023],[-48.68521097187835,-26.8929723006727],[-48.685095762100865,-26.892872665499723],[-48.68510916332578,-26.89271981239404],[-48.68495053673705,-26.892731965535084],[-48.68461097957096,-26.892942176179947],[-48.68450155104269,-26.89296251206968],[-48.684824106737594,-26.892678253393147],[-48.68474647311685,-26.892551570852792],[-48.684791695260785,-26.89235128778991],[-48.68472615900823,-26.892034844675834],[-48.68545064778883,-26.891305329623158],[-48.68556396108213,-26.891296121342915],[-48.685677678099104,-26.891368067473767],[-48.68573284484891,-26.89148700389004],[-48.685695146432984,-26.89162101762146],[-48.6849755585715,-26.892311884436854],[-48.68512853109126,-26.892375252668693],[-48.68578578423675,-26.891675906593143],[-48.68590700625274,-26.89162080076431],[-48.68600334461782,-26.89163713442558],[-48.686102743843634,-26.891705156440292],[-48.68614568681543,-26.89181836047164],[-48.68606327949786,-26.89192582116754],[-48.685360104280726,-26.89261880348576],[-48.685473389126926,-26.89271195086955],[-48.686310695938715,-26.891896678587656],[-48.686484718405566,-26.89193641527942],[-48.68656093689365,-26.892031721340885],[-48.686504067206634,-26.89209718354262],[-48.686437217457964,-26.892147727371],[-48.686451901641995,-26.892234647808884],[-48.68577074207275,-26.89295750073464],[-48.68593561273305,-26.89294176076403],[-48.68645995426964,-26.89244502556656],[-48.6864493792781,-26.892762065579326],[-48.686604006539014,-26.89274431238674],[-48.68613985650621,-26.89321437033701],[-48.68628194898853,-26.893307066927886],[-48.68711751786818,-26.892476085151667],[-48.68723438193163,-26.892494597911192],[-48.68732899350781,-26.892595737707353],[-48.687273119363795,-26.8928142894887],[-48.686532294503024,-26.893538013379867],[-48.68664971311806,-26.89363030624343],[-48.68719963117077,-26.893089725621785],[-48.6873327949617,-26.893115881832486],[-48.68745854146115,-26.89330421229297],[-48.68735370293139,-26.893402085250614],[-48.68690279291383,-26.89382809990501],[-48.686807728934625,-26.893749083722607],[-48.68665529714764,-26.89386093027865],[-48.68703007643377,-26.89434473398343],[-48.687048743458625,-26.894236228623463],[-48.686946901984875,-26.893884150846397],[-48.68784244955658,-26.894551687344954],[-48.68808192770152,-26.89430663407716],[-48.68816546338081,-26.894547755673525],[-48.688535148806906,-26.894373070351744],[-48.688137625532626,-26.89480365210733],[-48.688233328677654,-26.894851325506007],[-48.68838628711877,-26.894713666272175],[-48.68854207141636,-26.894740192695163],[-48.688629616187924,-26.894885477822093],[-48.68860374088923,-26.894944070827098],[-48.68848192639234,-26.895067486258586],[-48.68865881421745,-26.895118333100083],[-48.688207214148676,-26.89527507886928],[-48.68772381185982,-26.895680277062233]]],[[[-48.8558595215079,-27.034007262757484],[-48.855804909080426,-27.034543462119732],[-48.85623541016809,-27.034535104059934],[-48.85739944548395,-27.034935719345025],[-48.85749806416129,-27.034713457880773],[-48.85717696301976,-27.03437043679372],[-48.857205379739945,-27.034336061736724],[-48.861078294408394,-27.037127392505518],[-48.86104074964001,-27.037203895570652],[-48.86074976985971,-27.037321298506956],[-48.86040888029414,-27.037288765894974],[-48.86018932481853,-27.037153655253302],[-48.860082918728814,-27.036908382741245],[-48.860277692517194,-27.036739793042404],[-48.859531065963736,-27.036141678747608],[-48.859513078116755,-27.036504398958407],[-48.859457652956124,-27.036645272562374],[-48.859189875678254,-27.036564124445295],[-48.8589399796938,-27.0364186049378],[-48.85854800010889,-27.036444960780702],[-48.85818142476243,-27.036449325215138],[-48.85803429863827,-27.036740464278683],[-48.85791277467308,-27.03685298202817],[-48.857707856172524,-27.036678310014864],[-48.85771849607182,-27.036556645076473],[-48.857810903587975,-27.03636909672717],[-48.857973834661934,-27.036122951702094],[-48.85784274560129,-27.03571569534787],[-48.857710025346755,-27.03583301518258],[-48.85749295954399,-27.035859545028156],[-48.857405328671156,-27.03564936449125],[-48.85744453539888,-27.035339179221232],[-48.857052757995035,-27.03520890026028],[-48.85706083946392,-27.035368143547075],[-48.8570004260644,-27.035479104967678],[-48.85689485854023,-27.03548246966659],[-48.856789498809015,-27.035182514210156],[-48.85660980242843,-27.034995793277933],[-48.85615855900888,-27.03492676171619],[-48.85582977248988,-27.03484219150251],[-48.854988506620415,-27.033966637951604],[-48.85446080641759,-27.033538414931378],[-48.854219345082875,-27.033388043473373],[-48.8539366760741,-27.033214667004543],[-48.853859068955735,-27.03306182135666],[-48.853284651091634,-27.032754708466896],[-48.852879169493974,-27.0329076415443],[-48.85265652722138,-27.033227457431334],[-48.85266741107636,-27.033968526703287],[-48.85261991132675,-27.034276097238294],[-48.852461876531116,-27.03441042995117],[-48.85257280194179,-27.03310435288322],[-48.85269880503786,-27.032902402789468],[-48.852879941040555,-27.03272118455091],[-48.852030386906534,-27.03228306859024],[-48.852048822910064,-27.031897980004633],[-48.8530072200311,-27.03245212436654],[-48.853078973348495,-27.03232890697693],[-48.85310421839903,-27.0320234820009],[-48.8532757817882,-27.032053448350048],[-48.853500963499116,-27.032183683151327],[-48.85341224606217,-27.032614938509607],[-48.85402848538668,-27.03291274337168],[-48.8542229293996,-27.032761561401465],[-48.85446076412353,-27.032956629748472],[-48.85430107805798,-27.033177957689574],[-48.854984006996894,-27.033765182442856],[-48.85532527340639,-27.0342154244342],[-48.85548695486657,-27.034327284014275],[-48.85549947482965,-27.034252887450688],[-48.85533351771027,-27.034073833437184],[-48.85540804542516,-27.033950656202975],[-48.855336942712746,-27.033601497049336],[-48.8558595215079,-27.034007262757484]],[[-48.859144246497046,-27.036481383644535],[-48.85910113828707,-27.035826841174124],[-48.85830986186488,-27.035533851196924],[-48.85824371038115,-27.035654671208814],[-48.858235272586185,-27.03595289347891],[-48.859144246497046,-27.036481383644535]]],[[[-48.85959022867074,-27.035511068313017],[-48.86029080842179,-27.03575543325523],[-48.86084070942462,-27.035893081235216],[-48.860846417467634,-27.03544564013704],[-48.8606010821624,-27.035352405180817],[-48.86056660233169,-27.03526734799793],[-48.8608212522104,-27.035308513263853],[-48.86094639104503,-27.035297985027842],[-48.860970627568186,-27.03504475478806],[-48.86106148652894,-27.03449915805361],[-48.86118163845764,-27.034458718555022],[-48.86141798576417,-27.034586623717413],[-48.861225462427406,-27.035222667305376],[-48.86121344311318,-27.036003170589428],[-48.86390403022238,-27.036725282624428],[-48.8638462599421,-27.036550366851177],[-48.863936586926286,-27.036472177964125],[-48.864015999026584,-27.036383877929524],[-48.86418366823968,-27.03632675289247],[-48.86431558266836,-27.03639837120421],[-48.86429601095797,-27.036552222041593],[-48.86425743397357,-27.036830097966508],[-48.86550733534914,-27.037097692628926],[-48.86581388242452,-27.037037700782985],[-48.86569625552928,-27.03562371720749],[-48.8661759308319,-27.036098410602587],[-48.86607337432703,-27.036236086028712],[-48.86608702003081,-27.036395414628174],[-48.86636609525452,-27.03661346566042],[-48.866614307471764,-27.036701762691013],[-48.866479664832205,-27.036774308663915],[-48.86647506327129,-27.037311272514433],[-48.86665129684874,-27.03738853350786],[-48.866721861544704,-27.037180756716324],[-48.866839567942954,-27.037122870919806],[-48.867000463714604,-27.037130283020577],[-48.86715223669612,-27.0373265126769],[-48.866341270439236,-27.037632458573444],[-48.86567877149086,-27.037428481121054],[-48.86543103307371,-27.037902085520837],[-48.86510641760611,-27.038036390766923],[-48.864967161664154,-27.03805914007763],[-48.86487946836701,-27.037998138786282],[-48.86493225402799,-27.037849764613398],[-48.86517933733343,-27.037704337919983],[-48.86532442370486,-27.037373379996048],[-48.864758654185174,-27.03733993107133],[-48.86478443590146,-27.03803150443371],[-48.86443450917049,-27.038036138552155],[-48.864467535792,-27.037758178369124],[-48.86329535004724,-27.037491753676974],[-48.86311864709945,-27.03743934486564],[-48.86308138903002,-27.03735424601433],[-48.86305777442983,-27.03713509638219],[-48.86326985641643,-27.03707864708387],[-48.86440807088423,-27.037379363167783],[-48.86440619033704,-27.03718540609633],[-48.8613732907315,-27.036358649207514],[-48.861110221203376,-27.036175639895028],[-48.8608590932695,-27.036241436770286],[-48.860306413811095,-27.03610374744097],[-48.86024158396658,-27.03615497283465],[-48.859070957555154,-27.03536890988662],[-48.8590570860024,-27.035222009282492],[-48.85959022867074,-27.035511068313017]]],[[[-48.70426513827043,-26.869844848479627],[-48.70405487609036,-26.86957993117369],[-48.7041922852324,-26.8718890406157],[-48.70414326239895,-26.87201863811992],[-48.70383588924762,-26.8716141358739],[-48.703628901023116,-26.871447084315022],[-48.70341316819812,-26.8717126898925],[-48.70347356202138,-26.871785804932053],[-48.702765756760854,-26.87183117173367],[-48.70281960678544,-26.872533958269933],[-48.70292604912335,-26.872548173500007],[-48.70287820209886,-26.87261952872192],[-48.702609818482834,-26.872581872323657],[-48.70244583812576,-26.872276801132116],[-48.70232126307527,-26.86956423190777],[-48.70244425842083,-26.86898916705908],[-48.702572573485945,-26.869068935172322],[-48.70261082231833,-26.869319248980382],[-48.70262960521038,-26.86938475238482],[-48.7027949155442,-26.869394375694302],[-48.70282942842337,-26.86921737827377],[-48.70329444607956,-26.869474630405335],[-48.703917862094734,-26.868935441011104],[-48.70424358120656,-26.869656518064527],[-48.70426513827043,-26.869844848479627]],[[-48.70285220030878,-26.86969771164177],[-48.70265416647107,-26.869700040675585],[-48.70274839017843,-26.871466061962437],[-48.702921238069344,-26.871485518130875],[-48.70285220030878,-26.86969771164177]],[[-48.70360325551216,-26.870037295850928],[-48.703368671330914,-26.870011287906607],[-48.70336285986695,-26.869686593249796],[-48.703186642017556,-26.869680954428787],[-48.703271540055894,-26.87144959825733],[-48.703448657580985,-26.871410862303616],[-48.703396420171195,-26.870475055677357],[-48.70357167699878,-26.870375253324962],[-48.70366090322267,-26.870246309468023],[-48.70360325551216,-26.870037295850928]]],[[[-48.71008604917054,-26.941417908717167],[-48.71314184120883,-26.942984042570917],[-48.712877544591045,-26.943022021120363],[-48.71276737442487,-26.942982941819288],[-48.712714385242975,-26.94354643667892],[-48.71254483694726,-26.943700313021793],[-48.712375326976634,-26.94371496677183],[-48.71234546306524,-26.943545424652253],[-48.71204339564075,-26.943530579062696],[-48.71199571321047,-26.94369389058775],[-48.71163788245505,-26.94369305664575],[-48.71161583709598,-26.943548502605594],[-48.71129930233344,-26.943563254388962],[-48.71131801584945,-26.944284539441455],[-48.710962977835365,-26.944557224176855],[-48.710926803570985,-26.94360195921016],[-48.710577594302194,-26.943586345219718],[-48.710594515039084,-26.944670577344677],[-48.7103357702227,-26.94484537856124],[-48.710328515513226,-26.944929789500815],[-48.71046971329035,-26.945217987425806],[-48.710220834656916,-26.945179140952337],[-48.70990136211051,-26.945064562811375],[-48.709859706355765,-26.944929634094347],[-48.71022263385016,-26.944952931473274],[-48.7102261842942,-26.943816823118635],[-48.71035999672552,-26.943784189727836],[-48.71046284178415,-26.943636690928134],[-48.71042884208605,-26.943397469946287],[-48.71017239178304,-26.943184469790015],[-48.710108699683104,-26.941601007801708],[-48.71007254504149,-26.94153702437528],[-48.71008604917054,-26.941417908717167]],[[-48.71235637369584,-26.943211215233916],[-48.71237185861012,-26.942719209887805],[-48.711987442819755,-26.94252402675545],[-48.71197368720969,-26.943205006548126],[-48.71235637369584,-26.943211215233916]],[[-48.711618933466866,-26.94318930523065],[-48.71159738268329,-26.94233372347854],[-48.71126278391977,-26.942144318419523],[-48.7112794107898,-26.94324346259653],[-48.711618933466866,-26.94318930523065]],[[-48.710893750390355,-26.943247147584728],[-48.710855636528194,-26.941976110953465],[-48.71052451653556,-26.941751955431435],[-48.71052785394033,-26.943233748857708],[-48.710893750390355,-26.943247147584728]]],[[[-48.69797351129612,-26.90939478176925],[-48.698286904579,-26.909488448429908],[-48.69815886974592,-26.909504250248908],[-48.698268878585004,-26.91254018789248],[-48.698553680959456,-26.91266648493787],[-48.69849600998364,-26.910787988852867],[-48.698700358157254,-26.911141965261336],[-48.69895453541026,-26.91258088796149],[-48.69893815777605,-26.91279798395121],[-48.6991917496251,-26.912888885318015],[-48.69935156053537,-26.913274336548003],[-48.698031151236876,-26.912847596339457],[-48.697904349773246,-26.91260580169357],[-48.69783292381351,-26.91081563768836],[-48.697414213764276,-26.91079807246174],[-48.69722139568863,-26.91085933072212],[-48.69711483313659,-26.91080034401064],[-48.69710156115994,-26.910667741663],[-48.69729597543966,-26.910527793571056],[-48.69783836855402,-26.910547376688385],[-48.697771573695015,-26.90951224491075],[-48.69698537596424,-26.909510152633324],[-48.697065503984795,-26.91087109876674],[-48.696955165003196,-26.910998106751777],[-48.69674805797622,-26.91097683699101],[-48.69668270081217,-26.910854118177745],[-48.696613675634104,-26.909536288513205],[-48.696421586793335,-26.90956177783155],[-48.69648045157546,-26.910986781146367],[-48.69636147808151,-26.911145849363216],[-48.69623764917271,-26.9111509834938],[-48.696115999816755,-26.911048813612343],[-48.696062219325185,-26.909570223618662],[-48.6958549698581,-26.909556105771667],[-48.69599861305302,-26.909164871716083],[-48.69656189186609,-26.909138286045824],[-48.69657016703346,-26.908927319304205],[-48.69573544211208,-26.908956629014455],[-48.695493304956,-26.90889185042004],[-48.695511080194336,-26.908802690181183],[-48.69581792552405,-26.908825589903643],[-48.6959191938216,-26.908752105313386],[-48.69604519382826,-26.908836456370327],[-48.69628479514499,-26.908829632955282],[-48.69639382506281,-26.90876700919166],[-48.69667281491222,-26.908785874240863],[-48.69678176757442,-26.908923616228904],[-48.696902039885494,-26.908896954473416],[-48.69694237268933,-26.90887614543357],[-48.69693714409441,-26.90913367538687],[-48.697128941672425,-26.90912249323437],[-48.697152235237716,-26.908761495712163],[-48.69727802198343,-26.908659785721134],[-48.69741062334908,-26.908812224851257],[-48.697477794368766,-26.908845523285958],[-48.69748845407219,-26.90910689068634],[-48.69773224461533,-26.90909029389401],[-48.69797351129612,-26.90939478176925]]],[[[-48.68270687364592,-26.909766346248247],[-48.68287264689796,-26.909680290323656],[-48.68302666447975,-26.908806133789547],[-48.683291790864544,-26.908552474190557],[-48.683463726688075,-26.908619106429626],[-48.68330258332954,-26.909387721795998],[-48.683038135679745,-26.909608099906457],[-48.68296398114149,-26.909753922129457],[-48.68287187786261,-26.91108130732215],[-48.68290222496182,-26.911262136782945],[-48.68285625115317,-26.911391774376217],[-48.68304118848384,-26.911428102318467],[-48.682988212143414,-26.911749053406588],[-48.68280614103943,-26.91172386964022],[-48.68262166587085,-26.912725143529936],[-48.68282196086374,-26.912767273095223],[-48.68285412133176,-26.91285935287349],[-48.6827360292535,-26.913034970008187],[-48.68265315722374,-26.913152905276892],[-48.68277341318017,-26.913174300272914],[-48.68213108272889,-26.913713066329574],[-48.681648192941125,-26.914021405624307],[-48.67966394137055,-26.914085201138573],[-48.68000166091674,-26.913763384304122],[-48.68203670836407,-26.913636608979683],[-48.68210966811787,-26.913246629432802],[-48.68097917579997,-26.913291865884375],[-48.680978129449905,-26.913494373196894],[-48.680898915827335,-26.913584624002336],[-48.6806940533194,-26.913614548820586],[-48.680602887897145,-26.913532596054363],[-48.68059612138782,-26.913295973913375],[-48.68097725981821,-26.912969319925864],[-48.682184643786975,-26.912909393950756],[-48.68220019231764,-26.912754287582235],[-48.68114817382339,-26.912783475143645],[-48.68135053335212,-26.912573178302306],[-48.68163897986202,-26.91254185058157],[-48.681755372363725,-26.912449435953473],[-48.68182888813306,-26.912448562570066],[-48.6819969984451,-26.912551199650363],[-48.68215718820418,-26.912587122335946],[-48.68230057267871,-26.9125367652965],[-48.682225499162094,-26.912424560300153],[-48.68229974626744,-26.912425779688917],[-48.682305730031906,-26.912284387485343],[-48.682077418229255,-26.912288266889078],[-48.68198074617756,-26.912172932051057],[-48.68199124067697,-26.911962256673196],[-48.68237800757933,-26.911927688061706],[-48.682425172278855,-26.91173980832015],[-48.68197372283668,-26.911759443408684],[-48.68198697152246,-26.911565459513458],[-48.68206720299003,-26.911425286815206],[-48.68249373127571,-26.911413565256098],[-48.68253561445227,-26.911181209892295],[-48.682105483597,-26.911217841838372],[-48.68192363079672,-26.910879162981665],[-48.68256727627689,-26.91084326364711],[-48.6826134201274,-26.910705305805912],[-48.68186166983256,-26.910731106624556],[-48.6818200837999,-26.910494606387175],[-48.681892993356925,-26.910409800401162],[-48.682725854888204,-26.91035203859403],[-48.68269303811847,-26.910140651903916],[-48.682110743763594,-26.910203222080096],[-48.68243716999907,-26.909675914107172],[-48.68270687364592,-26.909766346248247]]],[[[-48.698761462679876,-26.873569326649005],[-48.698660531510946,-26.872061211295176],[-48.69843578373119,-26.872007611461996],[-48.69843516339986,-26.871885530705768],[-48.698465917590454,-26.871741765524472],[-48.69865872497865,-26.871692193966847],[-48.69855185810823,-26.86994261349249],[-48.698348425241214,-26.869906006479766],[-48.6983162613261,-26.869813929693773],[-48.69837872689202,-26.869631839984848],[-48.69854077369025,-26.869573444048314],[-48.69883900665581,-26.86966430657043],[-48.69895517101904,-26.869580194023797],[-48.69906683796415,-26.8695653662623],[-48.69913273237246,-26.869366686437164],[-48.69925856602405,-26.869263310515574],[-48.69943832903349,-26.869399406806398],[-48.69946037376367,-26.86953293475456],[-48.69959886321419,-26.869568481813104],[-48.699661279900845,-26.86969434386454],[-48.699627153969686,-26.8698519259886],[-48.69944301019187,-26.869932158035162],[-48.69956597208251,-26.871651482670945],[-48.699716722030296,-26.871692778495234],[-48.69976637654118,-26.871837853293712],[-48.69966112059415,-26.871994277173872],[-48.699566546159055,-26.872081516766638],[-48.69959623275503,-26.873059958245697],[-48.69921528393918,-26.873234086678245],[-48.699199602904315,-26.87355010754175],[-48.698761462679876,-26.873569326649005]],[[-48.69921800371346,-26.872946985541773],[-48.69918705665868,-26.872030946446305],[-48.69905750536614,-26.8720121908908],[-48.6990999792243,-26.872970032937356],[-48.69921800371346,-26.872946985541773]],[[-48.699190928567006,-26.871686990303346],[-48.699081297153626,-26.869920719263362],[-48.698954503549615,-26.869918654190446],[-48.6990424848354,-26.871684572612285],[-48.699190928567006,-26.871686990303346]]],[[[-48.70276296342875,-26.882304431866608],[-48.70235011019165,-26.882175993648165],[-48.70231382886897,-26.88117373180153],[-48.70224044653925,-26.881141184419107],[-48.70252113901727,-26.88099083190345],[-48.70256806237194,-26.880399582762255],[-48.70265204915675,-26.8802128328459],[-48.702674657022264,-26.880823655350973],[-48.702911021571076,-26.88083118892654],[-48.70287198124903,-26.879812512564694],[-48.703070014980675,-26.879579665794434],[-48.70312208138685,-26.87942547366556],[-48.702999265752,-26.879111913336516],[-48.702869745772986,-26.87921124246741],[-48.70282797717975,-26.87893761022138],[-48.702891258676175,-26.87885933539825],[-48.703091618336806,-26.878816487008088],[-48.70322529827606,-26.878918251740632],[-48.7033043494954,-26.880806232717124],[-48.70343813777752,-26.880801030715766],[-48.70337210811141,-26.879184370745715],[-48.703518247624615,-26.879483675100563],[-48.70372338451375,-26.87930627160805],[-48.70380488626686,-26.88076826343938],[-48.70406001589779,-26.880763189802796],[-48.70394223013834,-26.878959415907417],[-48.70427351168988,-26.878544305311088],[-48.70440568308376,-26.88075589897078],[-48.7045551903615,-26.880748876669244],[-48.70433586155254,-26.881170417855994],[-48.704438936654775,-26.881972509072906],[-48.70412944175879,-26.881207636438987],[-48.704079948287024,-26.881214209371198],[-48.70407368030255,-26.88110460320084],[-48.70386583888881,-26.88111044560629],[-48.70382239577559,-26.881339121457394],[-48.70348290084898,-26.881447946639764],[-48.70346223017168,-26.88113523617191],[-48.703318235315585,-26.881136583923176],[-48.703323586583984,-26.881583908172676],[-48.703015057127146,-26.881992008364882],[-48.70294251270258,-26.881155371271475],[-48.70270287747937,-26.88115700658135],[-48.70276296342875,-26.882304431866608]]],[[[-48.75070026393077,-26.883570251266814],[-48.75049315831915,-26.884087811284576],[-48.75039202688889,-26.884434268517953],[-48.750253764410196,-26.884695602512434],[-48.75007226566611,-26.88518000617892],[-48.74991222171081,-26.885421103412796],[-48.74975493416898,-26.88552301825556],[-48.749356787440114,-26.885466950012002],[-48.74920997050397,-26.88532041066665],[-48.748548496587134,-26.8851209153348],[-48.748827911680294,-26.884732550526138],[-48.74865464785573,-26.884381721680942],[-48.74854749912995,-26.883073516485382],[-48.748841050218246,-26.882531232915156],[-48.74903193646665,-26.884790498802808],[-48.749197058430696,-26.884852799342152],[-48.74903494307991,-26.88226084087623],[-48.74910037959352,-26.88231658004882],[-48.74917002023725,-26.882859681178996],[-48.74958608168806,-26.8829906215117],[-48.74976140892757,-26.88491648878436],[-48.749889760048724,-26.88501549590272],[-48.749845864447536,-26.883592690996977],[-48.74998119905797,-26.88375893603478],[-48.75017808918118,-26.883757100978737],[-48.75023427618074,-26.88385992981077],[-48.75034062097268,-26.883670186714443],[-48.75049314844907,-26.883528416588536],[-48.75070026393077,-26.883570251266814]]],[[[-48.69731850536283,-26.874168654000542],[-48.6972202054751,-26.872302691170418],[-48.69681850476743,-26.87166913974863],[-48.696727859702676,-26.870036346066396],[-48.69635776902704,-26.869980374423537],[-48.696347310751236,-26.869885876181158],[-48.696362154756315,-26.869764046746333],[-48.69672875868898,-26.8696867935798],[-48.69662653540238,-26.86923568300826],[-48.695240308497006,-26.869251915962828],[-48.695132578491055,-26.869072600456672],[-48.69513078270629,-26.86870358367379],[-48.69534416470719,-26.868707064610277],[-48.695475005043676,-26.868662034574356],[-48.6954760148224,-26.868917291261823],[-48.695680963224504,-26.868879018955553],[-48.695683551351884,-26.86859885217619],[-48.69586938069949,-26.868740599927815],[-48.696028559963395,-26.86867106278269],[-48.696027097326485,-26.8688957613373],[-48.69619201134704,-26.868848512185785],[-48.69624076053738,-26.868580195372207],[-48.69636204165526,-26.86854888095096],[-48.69653898873156,-26.868671062481333],[-48.696525157203325,-26.868895559425784],[-48.69669580678375,-26.868870597843824],[-48.69670660129025,-26.86879586663633],[-48.697069211159196,-26.8689155260303],[-48.69721350953036,-26.871564605771425],[-48.69757247781855,-26.872169715040464],[-48.697700135504164,-26.87411383857961],[-48.69814035609341,-26.873915710677725],[-48.697416684646605,-26.87451427320369],[-48.69734195371876,-26.8743091402735],[-48.69731850536283,-26.874168654000542]]],[[[-48.70614702473419,-26.88528123289251],[-48.70613039811312,-26.88539161956947],[-48.705543580893945,-26.885728810917627],[-48.70539069933987,-26.88596608266861],[-48.70537370836693,-26.885687320702978],[-48.70527737113271,-26.885671001300565],[-48.705264353380564,-26.88611157194974],[-48.704969122538664,-26.886471940729106],[-48.70491251318994,-26.885711178956182],[-48.70471905528358,-26.885717255975358],[-48.704778707846394,-26.886734422409507],[-48.70440945434607,-26.887093586717626],[-48.704348289716904,-26.885744426690298],[-48.704099354418894,-26.88574775642824],[-48.704205122525075,-26.887230429693098],[-48.70383204133804,-26.88737190605066],[-48.70372683157147,-26.885760142891595],[-48.703597522143816,-26.88574697449823],[-48.703653947988954,-26.887431715455033],[-48.70327419641433,-26.88729275251682],[-48.703227214703944,-26.885954888176197],[-48.70358248485615,-26.885575212624236],[-48.7035875987023,-26.885424065336686],[-48.703721355164134,-26.885420707401483],[-48.70368630608267,-26.885018084811424],[-48.70403396192147,-26.884913080641514],[-48.7040674465876,-26.885393137153816],[-48.70432213939115,-26.885410187043554],[-48.70429657271507,-26.884843578699435],[-48.70453817585007,-26.884795866312157],[-48.704642929904374,-26.884904537331074],[-48.70467667804109,-26.885371687751757],[-48.70489077115383,-26.885362256933064],[-48.704893037350736,-26.88514835786821],[-48.70530846617667,-26.88555716067574],[-48.70557775370887,-26.885259074873527],[-48.70569296798519,-26.88525725839812],[-48.70572243108578,-26.8853259753172],[-48.705800673021265,-26.8853217135137],[-48.70577895033691,-26.88527709757208],[-48.70614702473419,-26.88528123289251]]],[[[-48.68855039376732,-26.905145763779277],[-48.68846328256978,-26.90545472791131],[-48.686866855224075,-26.905408896516953],[-48.686849597208116,-26.905521319610436],[-48.686725118308416,-26.90555863746177],[-48.68667108690011,-26.90546830266267],[-48.68662489024342,-26.905385251654366],[-48.68653391036781,-26.90554119194831],[-48.686398942845045,-26.905309988894142],[-48.68507883461508,-26.90526687673363],[-48.685358346771785,-26.905063937819264],[-48.68495389351048,-26.90493565321605],[-48.686457299140436,-26.90499250437504],[-48.686435987429874,-26.90486334793008],[-48.68439834943635,-26.904779843687148],[-48.68433714487688,-26.904650031684927],[-48.68438460591957,-26.904475489142232],[-48.684548542426754,-26.90446028858632],[-48.68651857138877,-26.904531948749938],[-48.68654165514415,-26.904378473782668],[-48.686059651292766,-26.90433479336733],[-48.68651275122092,-26.904034513723403],[-48.686576583588625,-26.904035559904646],[-48.68695327657882,-26.90395943923119],[-48.686830202272496,-26.905102377855947],[-48.68855039376732,-26.905145763779277]]],[[[-48.69467978462128,-26.8811332475796],[-48.69485014536747,-26.882264721357014],[-48.694866966872034,-26.882677189769872],[-48.69449643877506,-26.88259183798693],[-48.69443833663212,-26.881502770227577],[-48.694191319338124,-26.88151349254961],[-48.694178134792075,-26.8824667642192],[-48.69403285867392,-26.882455171182123],[-48.69386389653803,-26.882647905092497],[-48.69359582842264,-26.882682256714983],[-48.69359813681349,-26.882973689328338],[-48.69324261837032,-26.883364400285185],[-48.693119819184204,-26.88130972369636],[-48.693237126873534,-26.881204671754627],[-48.693807343969866,-26.881204301427974],[-48.69394396425573,-26.881211603877052],[-48.694029566630014,-26.88124988693906],[-48.694202120080156,-26.881260081548874],[-48.694321776021155,-26.88134318234246],[-48.69441388348653,-26.88136497370563],[-48.69444741831702,-26.881232733448414],[-48.69453209040269,-26.881114238219872],[-48.69450454594409,-26.880850057800465],[-48.694411206929516,-26.8807876727196],[-48.69437118772637,-26.880124927360075],[-48.69467978462128,-26.8811332475796]],[[-48.69386349400115,-26.88236388100191],[-48.69381668022297,-26.881529506249702],[-48.69352386778669,-26.881567142994555],[-48.693569260578904,-26.88237014198866],[-48.69386349400115,-26.88236388100191]]],[[[-48.736530732735794,-26.885810789273997],[-48.736378283787076,-26.88594757203221],[-48.73591219748412,-26.886031467722944],[-48.735516536085306,-26.885851091863195],[-48.734947388934046,-26.885889201737058],[-48.73492280575555,-26.885801169205603],[-48.735131701408626,-26.885753553407127],[-48.735009186394265,-26.88466761258521],[-48.73534615215784,-26.884454232519207],[-48.735471537469735,-26.88567447289537],[-48.73560586930329,-26.885611985825975],[-48.735487215617496,-26.88433218493297],[-48.73581032489349,-26.8839793552562],[-48.73595164475024,-26.885513110151745],[-48.736122996710634,-26.885540718813953],[-48.73595045192397,-26.88362607685976],[-48.7360893411589,-26.88319570786248],[-48.73629206981907,-26.88317906727138],[-48.736530732735794,-26.885810789273997]]],[[[-48.700644083657416,-26.944943746150123],[-48.70081679841968,-26.9468211043629],[-48.70042623496324,-26.946929097260092],[-48.700346894998965,-26.945644960423277],[-48.700078863814916,-26.945456615794082],[-48.69675480961105,-26.946312281071958],[-48.6960230052402,-26.946285408193475],[-48.6959564652555,-26.946010847532904],[-48.69639542804888,-26.945978241212824],[-48.697287477947555,-26.945764088187406],[-48.69759695605673,-26.94582383743938],[-48.69796725263849,-26.94562104833576],[-48.70028559294357,-26.945111929169826],[-48.70029910800326,-26.944992816085872],[-48.700644083657416,-26.944943746150123]]],[[[-48.69313427734521,-26.930667814356482],[-48.69330149233623,-26.93046069415717],[-48.693303059780455,-26.930383684412188],[-48.693273518452905,-26.92994224048372],[-48.69331758927125,-26.929815454432298],[-48.693422784229554,-26.929888897317024],[-48.69354883499858,-26.92981126622036],[-48.69367100590425,-26.929778730278365],[-48.69371916396312,-26.92974232832341],[-48.693673059401036,-26.929677821169943],[-48.69422914732935,-26.929147663984043],[-48.69444870475901,-26.9291353146794],[-48.69459850917077,-26.9290554140194],[-48.69469261049357,-26.92909148533323],[-48.69478994395564,-26.929114327370716],[-48.69476241660299,-26.92915637949808],[-48.69489610401729,-26.929286070918035],[-48.69490234560114,-26.929416336485236],[-48.69483511559436,-26.929516180613163],[-48.69470206349337,-26.92957377545474],[-48.694493451066705,-26.929412311005787],[-48.69440801236983,-26.929533108744547],[-48.69471990802461,-26.92978923456043],[-48.694715335876474,-26.93015972745871],[-48.6949138773315,-26.930306416657796],[-48.694770968775124,-26.930338614771323],[-48.694648753432354,-26.9302277053479],[-48.694136299220915,-26.929778368405177],[-48.694027104536445,-26.92990143341356],[-48.69467303216865,-26.93049108508999],[-48.694665431497896,-26.93057330892461],[-48.69455090663612,-26.930667067282428],[-48.69443811033715,-26.93067584988353],[-48.69428890635588,-26.930580436924007],[-48.693750329200796,-26.930104107540714],[-48.6936496436084,-26.9302459068925],[-48.694276236262525,-26.930766177322873],[-48.694310005093946,-26.93085438996423],[-48.694233292111925,-26.93098329953996],[-48.69408666302242,-26.931052625405098],[-48.69393411757657,-26.93097575209713],[-48.69338665211787,-26.930499276019383],[-48.693272072300786,-26.93059568915814],[-48.693907174824545,-26.93113469593957],[-48.69393819651559,-26.931212238486154],[-48.69388189714866,-26.931357419451402],[-48.693717490911325,-26.931426454258798],[-48.69360550453698,-26.931395402421465],[-48.69304716144384,-26.93087093260463],[-48.69313427734521,-26.930667814356482]]],[[[-48.72756264371449,-26.93115183380647],[-48.726329237466736,-26.931798249998447],[-48.728019185271634,-26.930239308299903],[-48.72799959301813,-26.930109711796135],[-48.72774479535628,-26.9300906912031],[-48.727619937517595,-26.92995442743012],[-48.72756826818401,-26.92976464617687],[-48.727821307156,-26.92959469159615],[-48.7282979937209,-26.92989076303043],[-48.72949745923196,-26.928721687712027],[-48.72998221013144,-26.928615126228184],[-48.73001189945655,-26.928794607220407],[-48.72756264371449,-26.93115183380647]]],[[[-48.723618453225214,-26.914851129935325],[-48.72353838875767,-26.91524762438312],[-48.71948417946692,-26.912745730337438],[-48.71949237501907,-26.91233813237405],[-48.723618453225214,-26.914851129935325]]],[[[-48.69717314983451,-26.883204004720305],[-48.69717042953814,-26.88337616947818],[-48.69736534128649,-26.88339963435504],[-48.69738178932582,-26.883095597751396],[-48.69757707393226,-26.882999190880255],[-48.69774207961932,-26.883381800223983],[-48.697877143540325,-26.88371965933002],[-48.69776200595563,-26.883717782459453],[-48.6978076161289,-26.88532304283357],[-48.697421001502256,-26.885320428039744],[-48.69737905996862,-26.88373735906548],[-48.69718990454572,-26.8837342749031],[-48.697255992971066,-26.88534355726517],[-48.69689633385264,-26.885026011094713],[-48.69683185548237,-26.88374319115072],[-48.696633915669054,-26.88376762638905],[-48.69663468832244,-26.884198507277684],[-48.69651155218255,-26.883982563732737],[-48.69662190932894,-26.883408950610093],[-48.69681170858137,-26.883418270139327],[-48.69682878348319,-26.883349619299683],[-48.69717314983451,-26.883204004720305]]],[[[-48.719556720025444,-26.911344708399877],[-48.71947824785882,-26.911109741205692],[-48.71943236181623,-26.90815047030638],[-48.71957557098591,-26.907924057393988],[-48.71960228640478,-26.909629994997836],[-48.71979080164192,-26.90963304078106],[-48.719748796294866,-26.90868762099217],[-48.7198182786324,-26.908266096341013],[-48.71997926904871,-26.90825875303627],[-48.720110938698134,-26.908330491992796],[-48.72015289641505,-26.910106288009565],[-48.720206844524746,-26.910181744836954],[-48.72020144968004,-26.910450162522526],[-48.72001767749431,-26.910486972772155],[-48.71980938081745,-26.910364271773428],[-48.719801040991676,-26.909951434890836],[-48.719640248011004,-26.909948837014113],[-48.71961067132475,-26.910868237694892],[-48.72020384623544,-26.911434720377482],[-48.720192906226984,-26.91170304934557],[-48.7199860553218,-26.911784237129368],[-48.719766566790156,-26.911666327643264],[-48.71946265690885,-26.911885171252447],[-48.719556720025444,-26.911344708399877]]],[[[-48.749640031359384,-26.870470977810342],[-48.74967266728107,-26.870222877632987],[-48.75006441545702,-26.870179393057207],[-48.75008617438747,-26.870480569739627],[-48.75025644550723,-26.87273205117428],[-48.75013059870051,-26.872787229672042],[-48.749894454996735,-26.872532362431194],[-48.749884912331424,-26.87238428168876],[-48.74975339169963,-26.87237597068476],[-48.749389848009365,-26.871974873585117],[-48.74926085844191,-26.8705793029875],[-48.749640031359384,-26.870470977810342]],[[-48.74983696472327,-26.872005615023127],[-48.74975218113246,-26.87054735077048],[-48.74959124369887,-26.870554731545514],[-48.749687062013926,-26.872015658750797],[-48.74983696472327,-26.872005615023127]]],[[[-48.75048555667119,-26.88125218027388],[-48.75061384020628,-26.881214443799806],[-48.75060090161711,-26.88102777312717],[-48.75075365358122,-26.88115451610852],[-48.75096937482581,-26.882301602738764],[-48.750874214835804,-26.88290672050138],[-48.750804937606986,-26.883044844360647],[-48.750501360337914,-26.883253822205642],[-48.750143171833294,-26.88328043741376],[-48.75014110981744,-26.882964657184736],[-48.75027449584586,-26.88294937890822],[-48.750271153283684,-26.882698219684748],[-48.75058488013574,-26.882536640508132],[-48.750606857034,-26.88291203324319],[-48.75076429510167,-26.882916318458506],[-48.75066964638816,-26.881621641087367],[-48.75052415892761,-26.881639161015876],[-48.75059026096539,-26.882404957949493],[-48.75022559515006,-26.882478707816237],[-48.75017260112807,-26.881654931690267],[-48.75003659258175,-26.88166271023285],[-48.7500752846338,-26.88250863413174],[-48.749692470439506,-26.882238998877376],[-48.749693364235405,-26.881774093591208],[-48.750049289963215,-26.881441640946424],[-48.75006342861671,-26.88128772142182],[-48.75013860817575,-26.881271515950413],[-48.750070392066064,-26.880656338344185],[-48.75041722524151,-26.880502745451718],[-48.75048555667119,-26.88125218027388]]],[[[-48.70122922789485,-26.87690404661495],[-48.701348216020236,-26.87698643937369],[-48.70136402275382,-26.877122639675733],[-48.701241104665925,-26.877234387735815],[-48.70128274807794,-26.878081241709854],[-48.701212412489426,-26.8783464349139],[-48.701023865723414,-26.878337817102096],[-48.7009295061509,-26.878261374021807],[-48.70087644886601,-26.877367169947366],[-48.7007358114971,-26.877284424391696],[-48.70080659215864,-26.87852571114952],[-48.70070487229074,-26.878659998351903],[-48.70008508397924,-26.878710942597756],[-48.69994821206744,-26.878594966443007],[-48.69992475353607,-26.878225595734214],[-48.70029610858942,-26.878220545025567],[-48.70031472584449,-26.878370662572173],[-48.70041689935378,-26.878366777828017],[-48.70044332573054,-26.878283977613137],[-48.70053273071846,-26.87814671600408],[-48.70041159878016,-26.877864534739683],[-48.70040192297309,-26.87773120831331],[-48.70071212575603,-26.87692614818778],[-48.70086653687444,-26.87693975891145],[-48.700837171039986,-26.876556420560615],[-48.70087146646917,-26.876390517815246],[-48.701179378276,-26.876156935048787],[-48.70122922789485,-26.87690404661495]]],[[[-48.80911556305395,-26.96972193353055],[-48.80948694590338,-26.970031026679493],[-48.80997695282172,-26.97023256832835],[-48.810626761066914,-26.97077969131963],[-48.810803493319696,-26.971110619288716],[-48.81080134627531,-26.971508383247333],[-48.81056159933882,-26.97185273142113],[-48.81021249310383,-26.972399250081185],[-48.809940483221766,-26.97211656512429],[-48.81014120526467,-26.971781556945317],[-48.81040218361979,-26.971487264757165],[-48.810457117292636,-26.971229549984965],[-48.81015204672166,-26.970648003445827],[-48.80966976556536,-26.97062061877623],[-48.80918927778257,-26.970787186266023],[-48.8088897870693,-26.970777557420416],[-48.80887853503876,-26.97049892472198],[-48.80908954683147,-26.970492260168964],[-48.80921878455143,-26.970409737463893],[-48.809608098914964,-26.970366064678142],[-48.80937710880869,-26.97025805276867],[-48.8087359027854,-26.969840341768435],[-48.80880033418877,-26.969378905142193],[-48.80911556305395,-26.96972193353055]]],[[[-48.6857676783151,-26.898404011428237],[-48.68564568116329,-26.898435208473447],[-48.68573301113939,-26.898490123782114],[-48.68571794296288,-26.898825531884253],[-48.685411304699414,-26.898731980464635],[-48.68368528943054,-26.898742400160334],[-48.68360286388438,-26.898648835247982],[-48.683613247465104,-26.898442448461438],[-48.68340216549555,-26.8984039442801],[-48.68336684570345,-26.898320373285806],[-48.68336978119642,-26.898176569012065],[-48.68348015679458,-26.89811014265788],[-48.68377726290961,-26.898166656561838],[-48.6860600422463,-26.898087902477258],[-48.68613711684311,-26.898242239435646],[-48.6857676783151,-26.898404011428237]]],[[[-48.72623357016191,-26.86050144336419],[-48.726187180293344,-26.860155358531284],[-48.726318946052075,-26.860083097473783],[-48.72633134755033,-26.859759210452275],[-48.72641446367932,-26.85974992220448],[-48.72666835483442,-26.859791196858218],[-48.726677516279395,-26.860221689384332],[-48.72656826947347,-26.860352754174677],[-48.726596470867925,-26.86071979821133],[-48.72679627184216,-26.861392437439484],[-48.72680755871905,-26.8617167064626],[-48.725857631374474,-26.860638842569312],[-48.724863821434006,-26.859381049176154],[-48.725232395640965,-26.85917546815629],[-48.72623357016191,-26.86050144336419]]],[[[-48.691770951520205,-26.933216898290215],[-48.69172692345388,-26.933123203707897],[-48.69176431497861,-26.933033498295732],[-48.691895538405085,-26.93299314375044],[-48.69199472602357,-26.9327795987195],[-48.6922589281206,-26.932321709618314],[-48.69255673242384,-26.93196000046423],[-48.692277615631276,-26.931695107473185],[-48.69225085492475,-26.931553881008327],[-48.69222771743295,-26.931234735880842],[-48.692286182813746,-26.930983334971394],[-48.69235809739056,-26.93094466542213],[-48.692416754798266,-26.930974845814386],[-48.69246846079836,-26.931055382873296],[-48.69252037134564,-26.931271400208274],[-48.69246224259551,-26.931360766659164],[-48.692811543914814,-26.931671965051006],[-48.69295284401469,-26.93157333353319],[-48.69269424933278,-26.931319403159737],[-48.69302790431245,-26.931234543057794],[-48.693062926666144,-26.931115577647223],[-48.69356132517115,-26.931527500281835],[-48.693546826581745,-26.93165742577661],[-48.69345594630797,-26.931754226520784],[-48.69325674499054,-26.93178550247383],[-48.69297301019831,-26.932038531343142],[-48.6926100699963,-26.93254262225267],[-48.69229490888079,-26.933028898213607],[-48.69228077476743,-26.933286336951813],[-48.692172494898635,-26.93336425742191],[-48.69206528981326,-26.933462117502913],[-48.69202978657894,-26.933419718721215],[-48.69199025786003,-26.93339912904297],[-48.69203640533849,-26.93327968275364],[-48.691892801015484,-26.933200297617518],[-48.691770951520205,-26.933216898290215]]],[[[-48.69383894066368,-26.91863406963004],[-48.693895038246666,-26.91937573166117],[-48.69406576500106,-26.919350778300114],[-48.694052697319236,-26.918623690834387],[-48.694370637500484,-26.918512364764926],[-48.6944441742427,-26.919309798867555],[-48.69464634726309,-26.919260390023645],[-48.69458760908186,-26.918343902049585],[-48.69473397732792,-26.91829912939395],[-48.69492556997834,-26.918313356635625],[-48.69494216009938,-26.918410728853274],[-48.695121884068044,-26.918399793352613],[-48.69533315418781,-26.91866403108822],[-48.69498906050381,-26.918691702261196],[-48.695004184824285,-26.918861184033084],[-48.69541403844072,-26.91879574605647],[-48.695290841989255,-26.918918578668077],[-48.69515600181127,-26.91900515420723],[-48.69505193116777,-26.91910055631213],[-48.69499449376734,-26.919185621977437],[-48.694901558788345,-26.919342240306225],[-48.69479090472664,-26.91945695415334],[-48.69435601567896,-26.919535853330284],[-48.69413437702605,-26.919629332614093],[-48.69405669154346,-26.91964470936822],[-48.693902618940434,-26.919611673661088],[-48.693719065081275,-26.919658610735212],[-48.69357871266772,-26.919711803722812],[-48.69344922170651,-26.91968749249453],[-48.69336322307685,-26.919502980739377],[-48.6935283824849,-26.91944741937871],[-48.693492421109255,-26.918780993118922],[-48.69383894066368,-26.91863406963004]]],[[[-48.69628866403983,-26.866980178211072],[-48.69592476887529,-26.866924306009384],[-48.69583292591795,-26.86573261381799],[-48.69549793378962,-26.865777088885405],[-48.6953727749844,-26.865847180544996],[-48.69539613056751,-26.866907361904406],[-48.69503431587509,-26.86690145977459],[-48.69495243543153,-26.865524047765426],[-48.69501034874523,-26.86541401929895],[-48.695183747868626,-26.86540575059777],[-48.69536816672614,-26.86546424538097],[-48.6958216809906,-26.865371765018867],[-48.6959659550027,-26.865274241752374],[-48.696182535267575,-26.865272224153227],[-48.69628866403983,-26.866980178211072]]],[[[-48.76354965761778,-26.891743235435175],[-48.76347789992142,-26.891585468097315],[-48.76422203162483,-26.891674324630756],[-48.764879534587635,-26.8915156714411],[-48.76504183819174,-26.89172210994673],[-48.76559465905298,-26.891810417441235],[-48.76587371115808,-26.891720357418222],[-48.7660152772988,-26.892135308041432],[-48.76594160928348,-26.892497129300327],[-48.765444124648056,-26.89241467131167],[-48.76543792986223,-26.892165952325445],[-48.76342853604773,-26.891979993515157],[-48.76354965761778,-26.891743235435175]]],[[[-48.750328082360674,-26.878144408641838],[-48.75012930424395,-26.87544247199703],[-48.75040061033749,-26.876302046216665],[-48.75056955896175,-26.876170481152172],[-48.750614163120545,-26.87671815598784],[-48.75071334815303,-26.876749569844076],[-48.75073525634859,-26.877043290765542],[-48.75065725884501,-26.877061938104717],[-48.75074210512467,-26.878097548365126],[-48.750860806194986,-26.878263527555557],[-48.75083459836226,-26.87846697890151],[-48.75087101082284,-26.879008307917523],[-48.7507021554928,-26.879134901142855],[-48.750474400053754,-26.878315800530185],[-48.750328082360674,-26.878144408641838]]],[[[-48.698478418029254,-26.915637678856452],[-48.698690515268986,-26.919002666863175],[-48.698515600073,-26.919287395422526],[-48.69833967995157,-26.918908835904332],[-48.69832060399454,-26.918668799527847],[-48.69841056378895,-26.918562926536755],[-48.69842500202418,-26.918441510799884],[-48.6982758481549,-26.918317425697918],[-48.698118146393014,-26.916476210410014],[-48.698478418029254,-26.915637678856452]]],[[[-48.70592849525172,-26.881946916656133],[-48.70579422930964,-26.882077524026275],[-48.705551940289354,-26.88134509753168],[-48.70555331757853,-26.88102237167717],[-48.70551027264702,-26.881015217216994],[-48.705506585413055,-26.88094323073256],[-48.7050748120079,-26.880733344549164],[-48.704995663093975,-26.879204996302317],[-48.705365498192506,-26.879528221328833],[-48.70543040224723,-26.88069301512936],[-48.7055260198609,-26.880642928845074],[-48.70546019148175,-26.879625662400684],[-48.70560892972177,-26.88010205757259],[-48.705653684790654,-26.880228195428053],[-48.70584272378093,-26.880236798961125],[-48.70592849525172,-26.881946916656133]]],[[[-48.686232961598996,-26.902147460715845],[-48.68584077698494,-26.902005068450983],[-48.685438108847286,-26.901594154536504],[-48.68528225212972,-26.901409121385704],[-48.68321752831974,-26.901482590177366],[-48.68320174389814,-26.901278385707666],[-48.68365989647485,-26.901121317471947],[-48.6844786026025,-26.901091813048136],[-48.684118776874726,-26.900928479029517],[-48.684240138589786,-26.900848176131095],[-48.68526298508976,-26.90117981460963],[-48.68557459816409,-26.901163455904896],[-48.68598806723202,-26.901631794181746],[-48.68576915853071,-26.901603160303157],[-48.686232961598996,-26.902147460715845]]],[[[-48.75754177755405,-26.887142328769087],[-48.757287235874394,-26.887255138367397],[-48.75687116520547,-26.88754438884394],[-48.75650872365119,-26.88736459691618],[-48.756636254098,-26.887224909243724],[-48.756013411677245,-26.887033520399303],[-48.75553573616469,-26.88679222692479],[-48.75530840902445,-26.886510158289575],[-48.75528937854384,-26.886350739154583],[-48.75542156857653,-26.886255877922828],[-48.755654349475655,-26.88626206379744],[-48.75580757623507,-26.8865056610347],[-48.7561777401716,-26.886715411798914],[-48.75662124933949,-26.886861685237058],[-48.756639991162274,-26.886755075477623],[-48.75658679235446,-26.8865006375879],[-48.75698617106591,-26.886775491966738],[-48.75700110545414,-26.88700197377805],[-48.75726415882712,-26.886879354718364],[-48.75754177755405,-26.887142328769087]]],[[[-48.702962844437394,-26.92655340660362],[-48.70285773925573,-26.926365066505348],[-48.70292075756077,-26.926180144355627],[-48.7030722207672,-26.926017912810607],[-48.703129800320575,-26.925955096626673],[-48.70296136652601,-26.925931103649905],[-48.70280391853733,-26.925803688567214],[-48.70255705735812,-26.925701381431004],[-48.70251940523322,-26.92565826614267],[-48.70404706747393,-26.9258970790132],[-48.70410028755599,-26.9260285424256],[-48.70407438925809,-26.92612472699543],[-48.70424394696073,-26.92622766964647],[-48.70422131380432,-26.926359688164908],[-48.70415562070953,-26.926449857439913],[-48.703950261886035,-26.926439359870706],[-48.70370449821038,-26.92669762008084],[-48.703423965684976,-26.926501792569898],[-48.703632262989,-26.926274962267545],[-48.70363875347815,-26.926151626985227],[-48.703487953468226,-26.926108025594374],[-48.70320963302082,-26.926384892056877],[-48.703150053399874,-26.926387411782496],[-48.702962844437394,-26.92655340660362]]],[[[-48.70364295611184,-26.875037327165693],[-48.70355968724168,-26.87517746495826],[-48.70334308730307,-26.87517949267874],[-48.70339686388781,-26.8764981838029],[-48.70305616102357,-26.87651761375375],[-48.70295290485581,-26.875198117198607],[-48.70278044394071,-26.875159246519054],[-48.702739278417525,-26.875053151809876],[-48.70278808008802,-26.874934647827317],[-48.702940630281994,-26.87488719003378],[-48.70295580480336,-26.874748719475104],[-48.70311392265989,-26.8747318699509],[-48.70364295611184,-26.875037327165693]]],[[[-48.72115396081165,-26.934807511460278],[-48.72048027254781,-26.934652428308606],[-48.71952570942243,-26.934119878973533],[-48.71943543310075,-26.933919527150767],[-48.71952656583046,-26.933801665090098],[-48.71978187037972,-26.933795847651123],[-48.72070315749338,-26.93432785837465],[-48.72138199038997,-26.934502912466098],[-48.72115396081165,-26.934807511460278]]],[[[-48.69803918032433,-26.907732082721935],[-48.697812637178046,-26.907882241698854],[-48.69768982809652,-26.907837302283994],[-48.69752701556446,-26.905240596923292],[-48.697656126062405,-26.905761512914435],[-48.69798740307321,-26.90635012956389],[-48.69803918032433,-26.907732082721935]]],[[[-48.68557278622894,-26.906045584909535],[-48.685883682152955,-26.906064994100667],[-48.68592958766562,-26.906162352257518],[-48.68589844999191,-26.906319273141296],[-48.68544543573276,-26.906419184288836],[-48.685162952141106,-26.906571983083833],[-48.68487061621003,-26.906620857881904],[-48.68446499010223,-26.906549800982585],[-48.68397295330408,-26.90660613114518],[-48.68395906604217,-26.90630893150632],[-48.68557278622894,-26.906045584909535]]],[[[-48.682889686839296,-26.916495678284186],[-48.68285693544439,-26.916583918990405],[-48.680740722347906,-26.91670451456005],[-48.680700075476224,-26.91657345336572],[-48.68033881387948,-26.91638163608827],[-48.68224115565846,-26.916276953906536],[-48.682889686839296,-26.916495678284186]]],[[[-48.738096227802274,-26.853691918157313],[-48.74052808548144,-26.85594539452412],[-48.73934167447087,-26.855110950222308],[-48.73792003949786,-26.853840134869518],[-48.73731146530702,-26.853499729056207],[-48.73781082922292,-26.853477888020052],[-48.738096227802274,-26.853691918157313]]],[[[-48.79770001542748,-26.967594805932368],[-48.79758377142467,-26.967294642394414],[-48.79846114188301,-26.966980169510567],[-48.798931110581485,-26.966783639572267],[-48.799162722333975,-26.966573441785904],[-48.79941395110536,-26.966781234230478],[-48.79905222887668,-26.967118684693695],[-48.7982970055185,-26.967430097834765],[-48.79770001542748,-26.967594805932368]]],[[[-48.75042609827409,-26.874734902308052],[-48.75005737684817,-26.874594774558986],[-48.74990281386677,-26.87295017721468],[-48.7502717112234,-26.872941135583893],[-48.75042609827409,-26.874734902308052]]],[[[-48.69741768074912,-26.907579719860788],[-48.697035111161135,-26.907355219942897],[-48.69696033523776,-26.905828877920452],[-48.69731396287373,-26.905709416961077],[-48.69741768074912,-26.907579719860788]]],[[[-48.713908624595156,-26.942995232691683],[-48.71384056551322,-26.94306871332432],[-48.710297549035225,-26.941315681694714],[-48.710311554234856,-26.94117171283665],[-48.712711904566724,-26.942364235317772],[-48.71275267197178,-26.942131199775226],[-48.71297372757576,-26.94231130045807],[-48.71322148388784,-26.942268081884837],[-48.71324312980719,-26.942432518181953],[-48.71309839191081,-26.94259425631567],[-48.713908624595156,-26.942995232691683]]],[[[-48.686349125195555,-26.909611696229177],[-48.68634090384203,-26.90981908508492],[-48.686225037199314,-26.90982523620255],[-48.6861426892619,-26.90994911504339],[-48.68629828904581,-26.90995166598924],[-48.686280702463684,-26.91022688251531],[-48.68598850221662,-26.910268605115068],[-48.685793716538726,-26.910669574144627],[-48.685534636382904,-26.91055973280701],[-48.6856236113051,-26.91035207195963],[-48.68571559335082,-26.910049452165943],[-48.68502522494533,-26.909751890746126],[-48.68582338855453,-26.909754246961832],[-48.68595307135353,-26.909462084345392],[-48.686349125195555,-26.909611696229177]]],[[[-48.70429702726511,-26.8847066484797],[-48.70424846492976,-26.883662459785278],[-48.70446684062357,-26.883441007767704],[-48.704506817612724,-26.883091245135887],[-48.70519017998481,-26.883268335113833],[-48.70519743487736,-26.883316404333208],[-48.70514174865453,-26.883311350061174],[-48.705135022573046,-26.883555145976853],[-48.70483853168236,-26.88397820068644],[-48.704791328338736,-26.883349917773025],[-48.70456946268648,-26.883337090774717],[-48.70461729964948,-26.8843282446919],[-48.70429702726511,-26.8847066484797]]],[[[-48.70285766524176,-26.886836896035085],[-48.70274041426669,-26.88648180980467],[-48.7026028842007,-26.886569942145147],[-48.7026136093483,-26.88637024372227],[-48.70272291640461,-26.886431730200016],[-48.702632342293995,-26.886130562004627],[-48.70259808421563,-26.885790658420675],[-48.70255912995351,-26.88578449182996],[-48.70249552765482,-26.885471774306648],[-48.70259653655459,-26.88546050721339],[-48.702587739820665,-26.885183723117528],[-48.70295132318884,-26.88510480058078],[-48.70294442350186,-26.885445879293567],[-48.70316468394039,-26.885436552327395],[-48.70313520536077,-26.88577541924635],[-48.70298481359103,-26.88578772718317],[-48.70299207792077,-26.88603866747987],[-48.70280977549765,-26.88640824567111],[-48.70300442384034,-26.886241738245644],[-48.70298776080062,-26.886455402910492],[-48.70293882951658,-26.886535755522562],[-48.70292175598689,-26.886769700390243],[-48.70285766524176,-26.886836896035085]]],[[[-48.680877089200536,-26.914273682950625],[-48.68078076200418,-26.91444410683603],[-48.6808392894286,-26.914608753446995],[-48.67882464501341,-26.914720586971672],[-48.67935514203488,-26.91435477988295],[-48.680877089200536,-26.914273682950625]]],[[[-48.749802303270066,-26.87298586959814],[-48.749923181510695,-26.87458144933774],[-48.74960642326241,-26.874897123820755],[-48.749463266209816,-26.873166933617796],[-48.749802303270066,-26.87298586959814]]],[[[-48.80714559410507,-26.973152124744495],[-48.80565086768183,-26.97324819569336],[-48.8051644752255,-26.973146143738642],[-48.805177982663196,-26.973022043331664],[-48.80541379433816,-26.972881514750743],[-48.80695087756767,-26.97289052662724],[-48.80714559410507,-26.973152124744495]]],[[[-48.681089616760914,-26.917198526799783],[-48.68086158479253,-26.91715039044392],[-48.680258129212426,-26.91714879429791],[-48.6799288847399,-26.917207190320422],[-48.67994301880578,-26.917121419290993],[-48.68005587016021,-26.91705114255865],[-48.68030266058882,-26.91693867888912],[-48.682480979734684,-26.916808012960495],[-48.682081803196496,-26.916956818110556],[-48.68185468640284,-26.9171667088692],[-48.681089616760914,-26.917198526799783]]],[[[-48.76024235686549,-26.891710704480143],[-48.76023298312593,-26.891342597239937],[-48.7613457242142,-26.891439801400704],[-48.76137099272884,-26.89156451273813],[-48.76195983029641,-26.892076060639567],[-48.76191302991518,-26.892199628702144],[-48.76159761703232,-26.89216479444194],[-48.7615598326904,-26.89183104384465],[-48.76024235686549,-26.891710704480143]]],[[[-48.70941288965865,-26.94507651763168],[-48.7095920962697,-26.94526837485922],[-48.70978563103738,-26.94557482702822],[-48.70989715932325,-26.945546804687982],[-48.70996866782005,-26.946469080592628],[-48.709783578508585,-26.94656800668628],[-48.70955224055657,-26.946484692790403],[-48.709522923398765,-26.94532816134925],[-48.70922629796878,-26.945318371245715],[-48.70918519491956,-26.945156103852707],[-48.709187808902676,-26.945026867507252],[-48.7092928827559,-26.94497512214908],[-48.70941288965865,-26.94507651763168]]],[[[-48.76233330210919,-26.8928228698481],[-48.76249648436346,-26.892984572776488],[-48.76253779781915,-26.8931393718562],[-48.76247134816825,-26.89327506106872],[-48.7626575884508,-26.89339237786232],[-48.76272491968771,-26.893211951151333],[-48.76288780915235,-26.893388566758322],[-48.76300393769597,-26.89340532345345],[-48.763019276836374,-26.89361192205218],[-48.7641008606194,-26.89416607465599],[-48.76398795453054,-26.894407934853657],[-48.763350209649765,-26.893985123539103],[-48.762136157533504,-26.893118089999138],[-48.762238790039596,-26.892975516436028],[-48.76209214244241,-26.892819047863217],[-48.76210825553464,-26.892704937638733],[-48.76220980977422,-26.892617043502494],[-48.76233330210919,-26.8928228698481]]],[[[-48.71061383565559,-26.945498775863822],[-48.710676437476295,-26.94658747832531],[-48.710847771626945,-26.946620092810168],[-48.7105222750693,-26.946940492809695],[-48.71034836831533,-26.94689789036041],[-48.71027852765394,-26.94678488002779],[-48.71028943869837,-26.945627759914032],[-48.71061383565559,-26.945498775863822]]],[[[-48.69838866374526,-26.88588026282873],[-48.698256998929544,-26.88567893470781],[-48.69815628630556,-26.885168274228953],[-48.697979688648076,-26.884951460412587],[-48.69794738560203,-26.88390707620058],[-48.698174970506486,-26.88394213831475],[-48.69827485705789,-26.883884749373664],[-48.69838866374526,-26.88588026282873]]],[[[-48.749100117902415,-26.87057674211481],[-48.74918328624947,-26.872046169345534],[-48.74887021408129,-26.872036208480967],[-48.748758896042446,-26.870595202428728],[-48.749100117902415,-26.87057674211481]]],[[[-48.856244767093436,-27.03331200835814],[-48.856251756007914,-27.03294414860788],[-48.8567880532254,-27.03291999695982],[-48.8567298511745,-27.033060827180222],[-48.8566032028497,-27.03315088886536],[-48.85663639532058,-27.033449746017034],[-48.85845197736644,-27.034775219020407],[-48.85848240696743,-27.03492734435843],[-48.856244767093436,-27.03331200835814]]],[[[-48.860611544370215,-27.03275069046556],[-48.860115838073376,-27.032976861436964],[-48.85938147171729,-27.033343603143724],[-48.859143008347154,-27.033327543354396],[-48.85873604369892,-27.033119963462777],[-48.858997614755026,-27.032942447313182],[-48.85919585154843,-27.03302999644745],[-48.859455347085984,-27.03296184230455],[-48.859813967273304,-27.032790772707134],[-48.860261587496176,-27.032757800776967],[-48.860611544370215,-27.03275069046556]]],[[[-48.702630574650954,-26.879647673401408],[-48.70243097353677,-26.879957953385453],[-48.70233501864117,-26.880024630680804],[-48.70234116821702,-26.880432316297508],[-48.702460540571884,-26.88073303079916],[-48.7024728070661,-26.880838354091768],[-48.70244186010664,-26.880944818118508],[-48.70232500429292,-26.88092631942744],[-48.7022565553889,-26.880853278493525],[-48.70231438399208,-26.880841309821662],[-48.70227186154633,-26.87958835418542],[-48.70226151682403,-26.878981419417503],[-48.70241100034637,-26.87891192457738],[-48.702514017143486,-26.878801099018187],[-48.702605043161995,-26.878876350707976],[-48.702630574650954,-26.879647673401408]]],[[[-48.74875108462917,-26.881335180299587],[-48.74893143853467,-26.881328110661986],[-48.74893938104407,-26.88078748860675],[-48.74910013600672,-26.880790050559252],[-48.74917855722236,-26.8810299757314],[-48.749182550328094,-26.881388051609743],[-48.74866613727339,-26.881424573142827],[-48.748261574097825,-26.881413151366687],[-48.74821910084434,-26.881317998421864],[-48.74816839882279,-26.88107851564555],[-48.74820311239525,-26.880726028621794],[-48.74829604118967,-26.881352789336553],[-48.748373549266255,-26.881358996628173],[-48.74837426325051,-26.880763564110794],[-48.748673403157305,-26.88077827766225],[-48.74875108462917,-26.881335180299587]]],[[[-48.703184159236216,-26.92051424142309],[-48.70300405379514,-26.920341355013488],[-48.70306092792661,-26.920193793611627],[-48.70316013555946,-26.920123848795836],[-48.703048119728756,-26.920037941489827],[-48.70278179491435,-26.919983514048848],[-48.70290381833642,-26.919871004641045],[-48.703049457276855,-26.919873375574177],[-48.70317431649492,-26.920014950416842],[-48.70343059844306,-26.92026958217841],[-48.70369887420716,-26.920030643727685],[-48.70412259559359,-26.92019676078847],[-48.704299600989245,-26.920374963109577],[-48.70420166416814,-26.92048070933461],[-48.70395710015017,-26.92033718744906],[-48.70313767506503,-26.920592200854728],[-48.703184159236216,-26.92051424142309]]],[[[-48.79044681808073,-26.972433813505006],[-48.79081860987063,-26.972151242696984],[-48.79100295209692,-26.972089490732788],[-48.79105251011387,-26.972393585329595],[-48.79069094050135,-26.972721069355764],[-48.79044705320656,-26.973274157584893],[-48.79027330604948,-26.97307750777845],[-48.79025119818941,-26.972788761221082],[-48.79044681808073,-26.972433813505006]]],[[[-48.70308779785113,-26.9036423747557],[-48.70296028391875,-26.903829934123326],[-48.702720100112735,-26.903471803103237],[-48.70269539199211,-26.90262251764705],[-48.70281652546535,-26.90255292904003],[-48.70296355826269,-26.90258394531261],[-48.70306286562905,-26.902705425226063],[-48.70308779785113,-26.9036423747557]]],[[[-48.70181973803093,-26.91989092010937],[-48.70114764891091,-26.918981894137783],[-48.70116607461638,-26.918860542051814],[-48.70133126307768,-26.918784517117384],[-48.701466708758204,-26.91879745806809],[-48.702087072579474,-26.919698484794438],[-48.70189605444051,-26.919670327513142],[-48.70181973803093,-26.91989092010937]]],[[[-48.69726459113075,-26.90032550847902],[-48.6972337590269,-26.900664916298275],[-48.696946734035265,-26.900846289725898],[-48.696939719653784,-26.90060197722068],[-48.69669242975315,-26.900595258775237],[-48.69655077085072,-26.90049634134737],[-48.69635783015783,-26.900367962517123],[-48.696348983593225,-26.90021396414235],[-48.696375025885054,-26.90011062764252],[-48.69652075004634,-26.900009243142033],[-48.69662063119275,-26.90000371653854],[-48.69664545144496,-26.90025547680953],[-48.69691071149381,-26.90026159325722],[-48.696906127003025,-26.90009424695598],[-48.69726459113075,-26.90032550847902]]],[[[-48.70346320390862,-26.883680584298812],[-48.70351593731716,-26.884835958521972],[-48.70336565765096,-26.884842736776665],[-48.7031698421866,-26.884762091979155],[-48.70309966712327,-26.883859100027394],[-48.70346320390862,-26.883680584298812]]],[[[-48.69982086586464,-26.88665790483476],[-48.69974162451172,-26.88529000770849],[-48.69994503179397,-26.88560500316658],[-48.70010480830727,-26.885637113356648],[-48.70018539157279,-26.886634332884054],[-48.70008277168932,-26.886522006083126],[-48.69982086586464,-26.88665790483476]]],[[[-48.697427613838116,-26.90315747335566],[-48.6972227683802,-26.903222113362958],[-48.697149795046904,-26.903278170880654],[-48.69712392088856,-26.903127472926492],[-48.69687314183503,-26.903144849572417],[-48.696810249789245,-26.90329409924004],[-48.69662245183472,-26.903305346695916],[-48.69647107018599,-26.903193747275573],[-48.69645010760912,-26.903145102190688],[-48.69645141887617,-26.90288393001843],[-48.696473762658734,-26.902766220533394],[-48.69669811944587,-26.902723367160903],[-48.69682919597016,-26.90255734009994],[-48.696854886924385,-26.902815375629423],[-48.69708734913203,-26.902815590095702],[-48.697427613838116,-26.90315747335566]]],[[[-48.6850924191289,-26.890968873459453],[-48.68524311897278,-26.890941836180026],[-48.6853202755333,-26.890991051903036],[-48.68536587545217,-26.891074790957045],[-48.68536552617724,-26.891192817440945],[-48.68463822550194,-26.891908915489626],[-48.684504154274705,-26.891675262252196],[-48.684561412579015,-26.891489930531257],[-48.6850924191289,-26.890968873459453]]],[[[-48.700952620666015,-26.87222753939145],[-48.70079231632445,-26.872352550373424],[-48.70063532325626,-26.872313928136744],[-48.70057318327873,-26.871333571097747],[-48.70067680970311,-26.871257576328965],[-48.70089019733151,-26.871261049197866],[-48.7009469357506,-26.871361848655894],[-48.700952620666015,-26.87222753939145]]],[[[-48.67435830763582,-26.885705640776607],[-48.674045974658256,-26.885458835620184],[-48.67392023339857,-26.885572952612346],[-48.67449542851985,-26.886034150455192],[-48.67448063103099,-26.886288018887594],[-48.67396211928694,-26.88603974566228],[-48.6739328070187,-26.885739661027973],[-48.67375623009888,-26.885421327425284],[-48.67421201393386,-26.885159573317306],[-48.67422960171464,-26.885343387781596],[-48.674360946326765,-26.885387332519812],[-48.67435830763582,-26.885705640776607]]],[[[-48.69591230166146,-26.911056222675356],[-48.695830398832484,-26.911158646814176],[-48.695582957984335,-26.911158184888826],[-48.695541322907424,-26.911046587430228],[-48.69553337125218,-26.910259298824194],[-48.69567395830589,-26.910215079994607],[-48.69585851156456,-26.909971211600194],[-48.69591230166146,-26.911056222675356]]],[[[-48.68730798137718,-26.900724694619413],[-48.68722312467708,-26.900950749586237],[-48.68720963788637,-26.901612455549223],[-48.6868773482619,-26.901664258744532],[-48.68684296376016,-26.901001768492755],[-48.6869195772069,-26.900651746623964],[-48.68730798137718,-26.900724694619413]]],[[[-48.728386152457695,-26.91870941623916],[-48.72619031963878,-26.920886734564117],[-48.72684764284141,-26.91991777771868],[-48.72737160672183,-26.919513514039707],[-48.728386152457695,-26.91870941623916]]],[[[-48.76678963328582,-26.894775483551708],[-48.76680915337621,-26.895051761607494],[-48.766646162926506,-26.895725433048536],[-48.76678329795409,-26.895802189123987],[-48.76696351752224,-26.896366923318947],[-48.76632759186276,-26.895991391050917],[-48.76639180476867,-26.895828316245687],[-48.76678963328582,-26.894775483551708]]],[[[-48.703779550155986,-26.883865084103437],[-48.70396556307459,-26.883820157041594],[-48.70404323687131,-26.884746785756747],[-48.70367785978073,-26.88481277169112],[-48.70363719223222,-26.88378531006428],[-48.703779550155986,-26.883865084103437]]],[[[-48.687578872484,-26.933363913715656],[-48.687273786295734,-26.933716261884097],[-48.68698641542044,-26.933811733063322],[-48.68647687193444,-26.93423094356852],[-48.68627544341951,-26.934320666572408],[-48.68672096945342,-26.933810957962006],[-48.68667680869736,-26.933749854728184],[-48.686952877401446,-26.93352360349987],[-48.687054429825494,-26.933437608437515],[-48.68728107717019,-26.933285682503914],[-48.687421209080235,-26.933363117450973],[-48.687578872484,-26.933363913715656]]],[[[-48.69547302050649,-26.876413100663967],[-48.695227472143266,-26.87635192208675],[-48.69496851700448,-26.87631617438412],[-48.69497979532343,-26.87619296232969],[-48.69504095022065,-26.876118344761352],[-48.695162472062584,-26.87610926193368],[-48.69564261980871,-26.875650568919827],[-48.69590453967185,-26.875854593998234],[-48.69545492957368,-26.876291084324965],[-48.69547302050649,-26.876413100663967]]],[[[-48.72028883422233,-26.942305438933865],[-48.72026932884593,-26.942034132660282],[-48.72031112437043,-26.942024864299825],[-48.7203853976073,-26.9420558988139],[-48.72050126637464,-26.94208760565973],[-48.720512336662985,-26.94195104554542],[-48.72063722500481,-26.941948092648676],[-48.72081247937078,-26.94192357759182],[-48.72082711707316,-26.942023259782278],[-48.72072003947265,-26.942106058286733],[-48.72064771261685,-26.94225405857828],[-48.720746837890246,-26.942566429616544],[-48.72068257921904,-26.94272699055917],[-48.72045413495044,-26.942775506990174],[-48.720354282234084,-26.94263715470808],[-48.72028883422233,-26.942305438933865]]],[[[-48.716738509788094,-26.942424515774512],[-48.71674816307866,-26.942220808729893],[-48.71639290975968,-26.942229972827118],[-48.71700979786306,-26.941901845072504],[-48.71713501828842,-26.94174475910525],[-48.717402635134874,-26.94167947849311],[-48.717407217114435,-26.94200275226444],[-48.717102816363166,-26.942241466935766],[-48.716738509788094,-26.942424515774512]]],[[[-48.72158744426999,-26.878179615861185],[-48.721195385774074,-26.878526597759897],[-48.72075465622778,-26.878641682882286],[-48.72070788472465,-26.87846294698975],[-48.720381413933424,-26.87834610768428],[-48.72080136009351,-26.878233345143073],[-48.721047044340395,-26.878242622001856],[-48.721179367636395,-26.87814381241838],[-48.72156740754291,-26.878144758598012],[-48.72158744426999,-26.878179615861185]]],[[[-48.69284832624535,-26.867076630778353],[-48.69275346499214,-26.867330320788774],[-48.69239708684539,-26.867818334047705],[-48.692110395428124,-26.867616672901786],[-48.692483925339396,-26.867045710227686],[-48.69270202410768,-26.8671214050224],[-48.692824655722625,-26.86702353179182],[-48.69284832624535,-26.867076630778353]]],[[[-48.861141895345305,-27.033333080274943],[-48.86110732552233,-27.03310630484977],[-48.86100999613226,-27.03296808098186],[-48.861081270238394,-27.032869713479172],[-48.861123331203366,-27.032701286988807],[-48.861481709163456,-27.032689330724676],[-48.861500568853806,-27.032866142279985],[-48.86156543976228,-27.032959119267197],[-48.86152116893551,-27.033097677113645],[-48.861470686136066,-27.033270948418753],[-48.861141895345305,-27.033333080274943]]],[[[-48.702532282427434,-26.88404905277481],[-48.70269649616138,-26.88386176354123],[-48.70275227499289,-26.883951195964034],[-48.7028723091937,-26.883914419192187],[-48.702925634770686,-26.88468434900494],[-48.70251235771069,-26.884474756366536],[-48.702532282427434,-26.88404905277481]]],[[[-48.72580113165146,-26.851191514951573],[-48.72494117974259,-26.851229361582032],[-48.725170317322075,-26.850848476634614],[-48.725653763637936,-26.850859743350703],[-48.72580113165146,-26.851191514951573]]],[[[-48.69648333580944,-26.90750364788457],[-48.696485914139494,-26.907376670959646],[-48.696026448007565,-26.907401373221436],[-48.695849855797,-26.90725358158711],[-48.69582338325157,-26.907083194281807],[-48.69644860069953,-26.907052252906183],[-48.696449402477946,-26.906914513388152],[-48.69653913306542,-26.906917766435676],[-48.69655707209885,-26.907508429441172],[-48.69648333580944,-26.90750364788457]]],[[[-48.72044835515399,-26.943200545346592],[-48.720636081213826,-26.94296988142802],[-48.72078245606912,-26.943002081174626],[-48.72087671422969,-26.943142828997125],[-48.72074881893507,-26.9435708661663],[-48.720649409153374,-26.943686108554072],[-48.720381094439155,-26.943510226847472],[-48.72044835515399,-26.943200545346592]]],[[[-48.68871807797311,-26.93346085362049],[-48.68812692758881,-26.933478000295906],[-48.68763639211243,-26.933650647748387],[-48.687901071907504,-26.933346609551926],[-48.687839901044434,-26.93328768875723],[-48.68853565532939,-26.933132716241733],[-48.688463788217696,-26.933255649055845],[-48.68871807797311,-26.93346085362049]]],[[[-48.70352599557401,-26.88338513842077],[-48.703451543974815,-26.88339268779208],[-48.703456725971314,-26.883492362943787],[-48.70315343918046,-26.883437634965404],[-48.70300060717254,-26.883164041118974],[-48.703057350085416,-26.88310410324435],[-48.703245349408476,-26.882808388037073],[-48.70341874056841,-26.8830315986616],[-48.7034412074499,-26.88306124646406],[-48.70353017127384,-26.883178647064952],[-48.70352599557401,-26.88338513842077]]],[[[-48.702643297710715,-26.92253416288006],[-48.70214460403325,-26.922078791594245],[-48.70255386986357,-26.921973644328713],[-48.70297107136349,-26.922314085839986],[-48.702715790691926,-26.922453049906846],[-48.702643297710715,-26.92253416288006]]],[[[-48.685439818578004,-26.890634165322126],[-48.685007414606645,-26.89024545231465],[-48.68516709457133,-26.890061226319244],[-48.685853790223035,-26.890672827163645],[-48.68585931906329,-26.89083761495075],[-48.685458129950455,-26.890607901390737],[-48.685439818578004,-26.890634165322126]]],[[[-48.70520747033727,-26.87671220687131],[-48.70484164683809,-26.87695431809489],[-48.70482239665398,-26.876431152658242],[-48.70486358192633,-26.876326697935166],[-48.705000948371186,-26.876245937435243],[-48.70509906647484,-26.876173760328797],[-48.70516758923563,-26.876243111883756],[-48.70520747033727,-26.87671220687131]]],[[[-48.693304051000794,-26.916630585103466],[-48.6932607835137,-26.916229989693914],[-48.69263761948415,-26.916225734999877],[-48.69267824321173,-26.9160543905665],[-48.69274248921075,-26.915938919489623],[-48.69317049996707,-26.915893204871175],[-48.69328675705956,-26.91611150305732],[-48.693332308144434,-26.916306450886854],[-48.69334809765922,-26.916595238381426],[-48.693334819938116,-26.916639411236602],[-48.693304051000794,-26.916630585103466]]],[[[-48.74791887813702,-26.883455070306173],[-48.74755340875142,-26.88342935279869],[-48.747527298515124,-26.882788740776018],[-48.7478842650294,-26.882963494707273],[-48.74791887813702,-26.883455070306173]]],[[[-48.74844115177585,-26.884102349658264],[-48.74808736070754,-26.883487591217673],[-48.7480478065781,-26.8831053293747],[-48.74842032156582,-26.88333502621502],[-48.74844115177585,-26.884102349658264]]],[[[-48.76105766312559,-26.886151420506017],[-48.76119625933899,-26.886434559270146],[-48.7609721415264,-26.886692058268206],[-48.76070374435997,-26.886804654570795],[-48.760514869532564,-26.886821548923763],[-48.76079483828881,-26.88640333300176],[-48.76105766312559,-26.886151420506017]]],[[[-48.74452890457115,-26.858271741834653],[-48.744476184197076,-26.858693554418732],[-48.744016560130305,-26.858387874409953],[-48.74409016796537,-26.858031036933667],[-48.74452890457115,-26.858271741834653]]],[[[-48.70209596337307,-26.923666184919263],[-48.7019219919524,-26.923978214589503],[-48.701513820740985,-26.923635234066207],[-48.70156990061454,-26.923428623069142],[-48.701703174270335,-26.923352079017114],[-48.70209596337307,-26.923666184919263]]],[[[-48.70242906664727,-26.886609071549383],[-48.702103320159395,-26.886812635281974],[-48.702036520009315,-26.886086288138802],[-48.70241548245488,-26.8862639714415],[-48.70242906664727,-26.886609071549383]]],[[[-48.860856826364504,-27.036507432671254],[-48.86086139195802,-27.03641302383719],[-48.86129951719132,-27.036588750319524],[-48.86128144588588,-27.036809752771752],[-48.8613719077837,-27.03701748790606],[-48.860424346980366,-27.03632681802695],[-48.86055287544962,-27.036284020213365],[-48.860856826364504,-27.036507432671254]]],[[[-48.74765555427905,-26.874153736470838],[-48.747309625042185,-26.874262585728744],[-48.747258940993206,-26.873602934620774],[-48.747597218527744,-26.873740096814068],[-48.74765555427905,-26.874153736470838]]],[[[-48.70095762716413,-26.92264728859952],[-48.70052786561067,-26.922653108617503],[-48.700389694940164,-26.922454514208727],[-48.70040268185542,-26.922207843334505],[-48.70047066055051,-26.92220179585875],[-48.70051012690582,-26.922027117117626],[-48.70095762716413,-26.92264728859952]]],[[[-48.684774861573295,-26.890604958050286],[-48.684925260205446,-26.89059267006303],[-48.68501830139056,-26.890669810518645],[-48.68504137751806,-26.89074856984833],[-48.68502837600771,-26.890831348236812],[-48.68471456263371,-26.8911411103915],[-48.684445870920676,-26.89090248371274],[-48.684774861573295,-26.890604958050286]]],[[[-48.68580025858398,-26.904334119035482],[-48.6850311548543,-26.90427857156019],[-48.68501869903413,-26.90410662422193],[-48.68507666932498,-26.904003813113967],[-48.68548817374596,-26.90398193775089],[-48.685502088563474,-26.904082349609478],[-48.68580025858398,-26.904334119035482]]],[[[-48.700810975478525,-26.90236373936974],[-48.70088004595431,-26.903287990792602],[-48.700652352742104,-26.903298593839413],[-48.70062187746802,-26.902636166018276],[-48.700810975478525,-26.90236373936974]]],[[[-48.73508253808564,-26.881754360287317],[-48.73471362699441,-26.88134568284693],[-48.73466285470906,-26.881111167033882],[-48.73501435744486,-26.881002439811116],[-48.73508253808564,-26.881754360287317]]],[[[-48.69334449365159,-26.92944001432482],[-48.69320967291226,-26.92936608784182],[-48.69318231680968,-26.929254071663127],[-48.69326097633562,-26.929029564422265],[-48.693319004553615,-26.92879940712999],[-48.69347484328114,-26.928714294622505],[-48.69364624127077,-26.928738347504318],[-48.69374453785072,-26.928859492819768],[-48.69328024719236,-26.92916219443702],[-48.693369088029314,-26.929273141292423],[-48.69340453186802,-26.92936280012782],[-48.69334449365159,-26.92944001432482]]],[[[-48.73449928880696,-26.85441186496401],[-48.73444446817694,-26.854102698597977],[-48.73458628354152,-26.853940883280742],[-48.7347801514323,-26.85394896306604],[-48.7349278983755,-26.854324259860327],[-48.73449928880696,-26.85441186496401]]],[[[-48.68980328365134,-26.93255179962269],[-48.68978244300446,-26.9326291577214],[-48.6894145432212,-26.932503594527606],[-48.688878330331164,-26.93220260678853],[-48.68902757863762,-26.93211407158802],[-48.68933656177694,-26.93207663074468],[-48.6893699489446,-26.93218343366255],[-48.68932339691968,-26.932286269404653],[-48.68944318808609,-26.932370580477073],[-48.68980328365134,-26.93255179962269]]],[[[-48.68945564498751,-26.932943844394124],[-48.68901412535519,-26.932621749934242],[-48.6889062419925,-26.932724638297362],[-48.68858063403557,-26.93254219253056],[-48.68868868061065,-26.932431257401028],[-48.68865844739017,-26.932396770986976],[-48.68875200309467,-26.93229351086911],[-48.688845833072385,-26.932342862764095],[-48.68922685022711,-26.932697092105197],[-48.68951361952641,-26.932877111633626],[-48.68945564498751,-26.932943844394124]]],[[[-48.68463987907097,-26.90257574298061],[-48.68450186461724,-26.90268976403769],[-48.68416012066817,-26.90261796525172],[-48.68376350979905,-26.902496962629893],[-48.68367518135387,-26.902341169174903],[-48.68393259407448,-26.902358674881043],[-48.684231833939926,-26.90250437295561],[-48.68436452234657,-26.902535770483606],[-48.68464203760074,-26.902439379137512],[-48.68463987907097,-26.90257574298061]]],[[[-48.70322210235854,-26.901049161262492],[-48.7029845077791,-26.901943375556424],[-48.70268014044744,-26.901798879963287],[-48.702857626219874,-26.901508371278148],[-48.70298979027873,-26.90158387137304],[-48.70304299246547,-26.90151854393401],[-48.703044248784565,-26.90116076374958],[-48.70322210235854,-26.901049161262492]]],[[[-48.68191751255551,-26.895992766301518],[-48.681888131735484,-26.89511036277956],[-48.68204445453223,-26.89513622745309],[-48.68206861355306,-26.896118691013367],[-48.68191751255551,-26.895992766301518]]],[[[-48.68709916942484,-26.903067334008313],[-48.68672953196016,-26.90299329475719],[-48.68681393724144,-26.902572475760785],[-48.687149396968884,-26.902756872086723],[-48.68709916942484,-26.903067334008313]]],[[[-48.696558685148105,-26.884700753471847],[-48.69610807926808,-26.88430426201914],[-48.696204266518826,-26.884125092247157],[-48.69671057282973,-26.88451327069528],[-48.696558685148105,-26.884700753471847]]],[[[-48.862491784358994,-27.03242373081286],[-48.86289437986556,-27.032569076873273],[-48.863246028247815,-27.03276585958305],[-48.86276872433387,-27.03275363780337],[-48.862423426284394,-27.032661373232557],[-48.862491784358994,-27.03242373081286]]],[[[-48.719475432945046,-26.942749738031285],[-48.719314935475644,-26.94300570207326],[-48.718873662553804,-26.943015968226483],[-48.71911935625166,-26.94266193631874],[-48.719475432945046,-26.942749738031285]]],[[[-48.748226517403936,-26.878986063780996],[-48.748212007036976,-26.87887892614322],[-48.7485081711565,-26.87834414215268],[-48.74856465116586,-26.878991453868643],[-48.748226517403936,-26.878986063780996]]],[[[-48.75042483261813,-26.885297501483745],[-48.750426205628706,-26.885648077667135],[-48.750103928893154,-26.885541009090915],[-48.75012418982475,-26.885218126648404],[-48.75024242476346,-26.885128020636287],[-48.75042483261813,-26.885297501483745]]],[[[-48.69579975039537,-26.884092673197138],[-48.695230089793,-26.883482146183376],[-48.69538040485472,-26.88347353343314],[-48.69591657356716,-26.88391015294591],[-48.69579975039537,-26.884092673197138]]],[[[-48.69495338812336,-26.89844883466699],[-48.694298240815144,-26.898561086125767],[-48.69431252901241,-26.898217188357055],[-48.69450387752123,-26.89826871919828],[-48.69463893327973,-26.89829954911353],[-48.69495338812336,-26.89844883466699]]],[[[-48.67252061781346,-26.914421164282345],[-48.672849344311096,-26.914387746095954],[-48.67289562039821,-26.914696456459914],[-48.67242154611967,-26.914724704235578],[-48.67252061781346,-26.914421164282345]]],[[[-48.70365237654815,-26.87829168674227],[-48.70368718480559,-26.878401064758375],[-48.703353857330065,-26.879019010794288],[-48.70336141286026,-26.87844187493941],[-48.703461328276525,-26.878382638709702],[-48.70359418126693,-26.878245555274994],[-48.70365237654815,-26.87829168674227]]],[[[-48.6887088179355,-26.931904306228798],[-48.68848998240428,-26.93191732321588],[-48.68784487853367,-26.93143391384406],[-48.687987658622795,-26.931371836786482],[-48.6887088179355,-26.931904306228798]]],[[[-48.698297714414366,-26.90757886688162],[-48.69824730868125,-26.906522534903473],[-48.69834596094696,-26.906577813465645],[-48.69843104213404,-26.907498746817918],[-48.698297714414366,-26.90757886688162]]],[[[-48.716738509788094,-26.942424515774512],[-48.71732329708496,-26.94258812450151],[-48.71742516881776,-26.94276380394217],[-48.716707070812916,-26.942607982066416],[-48.716738509788094,-26.942424515774512]]],[[[-48.698928001390726,-26.90075515797248],[-48.69873172108862,-26.900004155710636],[-48.69883943553311,-26.899956714182487],[-48.698994224217515,-26.899998595339547],[-48.699055662499724,-26.900166868401627],[-48.698931772512196,-26.900372373095056],[-48.698928001390726,-26.90075515797248]]],[[[-48.67131571788767,-26.91371880843056],[-48.671465124723305,-26.913676885195265],[-48.671492985772545,-26.91382715690939],[-48.67149082197518,-26.91393254459398],[-48.67137178232268,-26.914002712268257],[-48.671199448203694,-26.913955479826242],[-48.67093783564321,-26.913734766567096],[-48.67118589839457,-26.913711117117472],[-48.67131571788767,-26.91371880843056]]],[[[-48.702573989517944,-26.90280391503986],[-48.702434935014814,-26.902773027307905],[-48.70225547352631,-26.90256973829778],[-48.70232053100582,-26.90231318030113],[-48.70242808479879,-26.902322981575082],[-48.702561266099195,-26.90244680178012],[-48.702573989517944,-26.90280391503986]]],[[[-48.7018168139718,-26.885966523463345],[-48.701657349625364,-26.88593862833773],[-48.70161513702374,-26.88577462731815],[-48.701621759818245,-26.88523854921831],[-48.70180905989241,-26.885536681469965],[-48.7018168139718,-26.885966523463345]]],[[[-48.69221613909427,-26.94220676092177],[-48.691959717780335,-26.9424270289902],[-48.69185903166998,-26.942422724257863],[-48.69183944028628,-26.942220518680696],[-48.69175277031669,-26.942110188223616],[-48.69188898431667,-26.942116402001588],[-48.69207226675709,-26.941994551140272],[-48.69221613909427,-26.94220676092177]]],[[[-48.72818020412322,-26.857536133556927],[-48.728161656083934,-26.857194956517517],[-48.72849556356247,-26.857182074292393],[-48.72846119835327,-26.857514670432046],[-48.72818020412322,-26.857536133556927]]],[[[-48.69758372655433,-26.87951339398911],[-48.6972231486513,-26.879343375263655],[-48.697222008413604,-26.87914601990744],[-48.69723262508403,-26.879078877214933],[-48.69759959333925,-26.87923793431753],[-48.69758372655433,-26.87951339398911]]],[[[-48.68608479979981,-26.9341999135699],[-48.68606396611975,-26.93441380255449],[-48.68568485447795,-26.934700976252657],[-48.685710461903525,-26.934351202776977],[-48.68608479979981,-26.9341999135699]]],[[[-48.70216459170729,-26.920944891157543],[-48.70228538450926,-26.92089318848837],[-48.702361780619896,-26.92106259835823],[-48.70227602998641,-26.921157807964654],[-48.70221581749192,-26.92137150754397],[-48.70190138568952,-26.920933448976164],[-48.70216459170729,-26.920944891157543]]],[[[-48.71514411909103,-26.94307989560635],[-48.71473430322788,-26.94304342108152],[-48.714648573192655,-26.942892863718914],[-48.714717733817494,-26.942764704487114],[-48.71492304281168,-26.942763059053462],[-48.71514411909103,-26.94307989560635]]],[[[-48.69702097372347,-26.87922204600482],[-48.69665602434948,-26.87906486494809],[-48.69665752088485,-26.878788247933837],[-48.69700811468363,-26.87894335119779],[-48.69702097372347,-26.87922204600482]]],[[[-48.68770689623514,-26.931711646811813],[-48.68754344334695,-26.93160341705008],[-48.68765434936057,-26.931547987626523],[-48.68821472606343,-26.93189953023924],[-48.687816340327906,-26.9318990485229],[-48.68766681749971,-26.931792835850363],[-48.68770689623514,-26.931711646811813]]],[[[-48.70544688376941,-26.876110250043617],[-48.70538519966247,-26.87651683342191],[-48.70528596409013,-26.87664432142457],[-48.70522633851386,-26.876083613514993],[-48.705244239074084,-26.876011977698656],[-48.70529742809869,-26.87597503385359],[-48.70544688376941,-26.876110250043617]]],[[[-48.70534699028088,-26.9190126784097],[-48.70524266862477,-26.9190396063407],[-48.70522488985428,-26.91893197741223],[-48.705256258306015,-26.91876253198588],[-48.70524878048909,-26.918638969250612],[-48.70530927908585,-26.91850935564351],[-48.70547737436641,-26.918585438587467],[-48.705487208972954,-26.918691149679816],[-48.70534699028088,-26.9190126784097]]],[[[-48.67422139794781,-26.887236818384704],[-48.67416360149476,-26.88723136965753],[-48.674101180539736,-26.887206713193287],[-48.67407062219135,-26.887016712823183],[-48.674089949252725,-26.88692666257857],[-48.67425596170086,-26.88695521628285],[-48.67450699248301,-26.88674910642025],[-48.674563732182726,-26.8867906141016],[-48.67427925351236,-26.887123427769083],[-48.67422139794781,-26.887236818384704]]],[[[-48.82215913333606,-26.998137959239116],[-48.82119632696285,-26.998267267295056],[-48.821956587671664,-26.9979906250364],[-48.82215913333606,-26.998137959239116]]],[[[-48.69243012784829,-26.899868193344933],[-48.69236447916974,-26.899956570684257],[-48.692148324256515,-26.89998881694984],[-48.69215600753691,-26.899758161478847],[-48.69232736020693,-26.89962321015142],[-48.69241295554346,-26.89953515886799],[-48.69243012784829,-26.899868193344933]]],[[[-48.70954051182573,-26.875449352735146],[-48.709481191408166,-26.87547613476202],[-48.709398807199285,-26.875419311082872],[-48.70935012385803,-26.87553227044201],[-48.709149656952576,-26.875501276539342],[-48.70917898450412,-26.87527425457235],[-48.709291943684505,-26.875195629732733],[-48.70937786750317,-26.87523031520438],[-48.7094102095281,-26.875314070435635],[-48.70948460256955,-26.87530695347531],[-48.709455537450886,-26.875367518214635],[-48.70954051182573,-26.875449352735146]]],[[[-48.80949526398819,-26.972467663045375],[-48.80943974982312,-26.972755202174444],[-48.80920176304747,-26.97272166763168],[-48.80921270203298,-26.9724433799766],[-48.80949526398819,-26.972467663045375]]],[[[-48.686354870379304,-26.930673663167674],[-48.68607081971587,-26.93068759849015],[-48.685947961467726,-26.930608547934344],[-48.68590520281438,-26.930525498730102],[-48.68582317163849,-26.930478994418856],[-48.68570092871688,-26.930333544753513],[-48.68588757366105,-26.93033660681261],[-48.68612011900395,-26.93059543420387],[-48.6862527512034,-26.930594953028272],[-48.686354870379304,-26.930673663167674]]],[[[-48.674348608126074,-26.914620535414368],[-48.67402646610968,-26.914634646262144],[-48.67406686739138,-26.91432458982506],[-48.67419685864493,-26.914323957354945],[-48.674348608126074,-26.914620535414368]]],[[[-48.81994647812657,-26.99860097026641],[-48.81979357717271,-26.998757721791],[-48.819157838023315,-26.998909483800446],[-48.819226300623896,-26.99881358054993],[-48.81994647812657,-26.99860097026641]]],[[[-48.702145426573814,-26.92568670893137],[-48.70202374960279,-26.925841454297668],[-48.70185289256128,-26.925936958343232],[-48.701620469403004,-26.925999582359967],[-48.70207637160514,-26.925584640171618],[-48.702145426573814,-26.92568670893137]]],[[[-48.699281480217685,-26.867214825991514],[-48.69900890280859,-26.867537760907293],[-48.69884089176983,-26.867279783969217],[-48.699281480217685,-26.867214825991514]]],[[[-48.76182046253139,-26.892675514131717],[-48.76200106007584,-26.89279771395306],[-48.76204889684785,-26.892902893503866],[-48.761991693973656,-26.892991489577017],[-48.761608814511995,-26.89272188305351],[-48.76182046253139,-26.892675514131717]]],[[[-48.69431374004493,-26.927830147525825],[-48.69441683628025,-26.927861052456706],[-48.69448911734143,-26.927949895375964],[-48.69463649051687,-26.927989493170546],[-48.694474134444555,-26.928103720478283],[-48.69437426299816,-26.928205687715295],[-48.69429718215033,-26.92820708465073],[-48.69441987910539,-26.928100732890254],[-48.69422190056874,-26.927828646444425],[-48.69431374004493,-26.927830147525825]]],[[[-48.68573000634617,-26.911753120591893],[-48.68570269137707,-26.91157511623507],[-48.685538179196,-26.91110241224422],[-48.68575128307284,-26.91116531317766],[-48.68573000634617,-26.911753120591893]]],[[[-48.693721073327104,-26.927682326626712],[-48.6935253377518,-26.92754365036123],[-48.693478963905775,-26.927492420801496],[-48.6935957016338,-26.927289787242977],[-48.6936251652022,-26.92729823834343],[-48.69368408246661,-26.927461241799627],[-48.69376131607484,-26.92759798061375],[-48.693721073327104,-26.927682326626712]]],[[[-48.68359870243914,-26.91261703281471],[-48.68345920475793,-26.912628615220424],[-48.68335790806504,-26.912588111720538],[-48.68331967277539,-26.91249038325958],[-48.6833647625198,-26.912252532102478],[-48.68359870243914,-26.91261703281471]]],[[[-48.68691220057784,-26.89245796785584],[-48.6866724376245,-26.892212441587994],[-48.686776372846694,-26.892158816963796],[-48.6868929359739,-26.892192078979804],[-48.68698560417464,-26.892287654313694],[-48.68698630833027,-26.892354058945955],[-48.68691220057784,-26.89245796785584]]],[[[-48.67642754956556,-26.915561980584975],[-48.6757986154889,-26.91559601177432],[-48.67594640689057,-26.915481925170013],[-48.67619430165107,-26.915466587372617],[-48.67642754956556,-26.915561980584975]]],[[[-48.68699708740162,-26.93068087527724],[-48.686893852130595,-26.930693128626345],[-48.68662656657496,-26.93028497497958],[-48.68671059899469,-26.930269750139818],[-48.68699708740162,-26.93068087527724]]],[[[-48.6814904781794,-26.917421510491657],[-48.681009101602605,-26.917654966128516],[-48.68105329058074,-26.91746149014663],[-48.6814904781794,-26.917421510491657]]],[[[-48.70995967083316,-26.942455062894194],[-48.709867798498465,-26.942334236007163],[-48.70989914680668,-26.942155743621022],[-48.709967470484706,-26.94152040080565],[-48.70995967083316,-26.942455062894194]]],[[[-48.86666931887921,-27.03628863322799],[-48.86675397873184,-27.036363261860345],[-48.86678677075949,-27.036464452941182],[-48.866742456531,-27.036605498280938],[-48.866704303806685,-27.036640970456993],[-48.8666465761164,-27.03646357084921],[-48.86656189195909,-27.036316839541158],[-48.86666931887921,-27.03628863322799]]],[[[-48.70251659625262,-26.920907687151935],[-48.702440182551754,-26.920788369625644],[-48.70272500334743,-26.92061947375158],[-48.702785619085915,-26.920681286828998],[-48.70251659625262,-26.920907687151935]]],[[[-48.69125658314963,-26.92529642158978],[-48.691237546058176,-26.92492155850881],[-48.69129841439644,-26.925055723152294],[-48.69152377181098,-26.92498202713423],[-48.69125658314963,-26.92529642158978]]],[[[-48.76780784044993,-26.89672088584931],[-48.76791117404369,-26.896824453900347],[-48.76788981481492,-26.896923564282165],[-48.7675116207634,-26.8966963118955],[-48.76780784044993,-26.89672088584931]]],[[[-48.70317195818675,-26.922249373746535],[-48.70292753416917,-26.92200030215154],[-48.70311670680331,-26.92202127184106],[-48.70326808302314,-26.922134653909147],[-48.70317195818675,-26.922249373746535]]],[[[-48.718758192574,-26.941587050310844],[-48.718470194408305,-26.941562502296335],[-48.718311058835496,-26.94147539857805],[-48.7182414621491,-26.941349964715382],[-48.718758192574,-26.941587050310844]]],[[[-48.83751263817681,-27.005557333058142],[-48.8369993703607,-27.005400274017553],[-48.83691525393402,-27.005299532311778],[-48.83727685616217,-27.00540453647746],[-48.83751263817681,-27.005557333058142]]],[[[-48.673668806786885,-26.88579842028561],[-48.673450621140745,-26.885806813802844],[-48.673353215938796,-26.885742504513356],[-48.67334850218974,-26.885671422660355],[-48.67357459003799,-26.88567883560298],[-48.673668806786885,-26.88579842028561]]],[[[-48.686366236353926,-26.93026210985609],[-48.686276490511176,-26.93019422881966],[-48.68626041472677,-26.92996551553479],[-48.68651691464492,-26.93013973156735],[-48.686392321866585,-26.9301456574896],[-48.686366236353926,-26.93026210985609]]],[[[-48.69684933972878,-26.907266316309965],[-48.69672384905101,-26.907156928966486],[-48.69674416462574,-26.906942580459162],[-48.696817865803105,-26.90685075531774],[-48.69684933972878,-26.907266316309965]]],[[[-48.69814537949203,-26.87980841110817],[-48.69783349833778,-26.879645642634927],[-48.697942735522204,-26.879608693015648],[-48.698019889234075,-26.87960718450434],[-48.69811652050432,-26.879659476565074],[-48.69814537949203,-26.87980841110817]]],[[[-48.7032237976568,-26.90342990698504],[-48.70317563738576,-26.903048960318273],[-48.70321346157714,-26.90295475811962],[-48.70329370446752,-26.902933701235657],[-48.7032237976568,-26.90342990698504]]],[[[-48.80174200070513,-26.9737740203397],[-48.80142176233279,-26.97368946524351],[-48.801511882847805,-26.973621256651043],[-48.8016424543886,-26.973613349425385],[-48.801721596007894,-26.973681711536607],[-48.80174200070513,-26.9737740203397]]],[[[-48.68467151006948,-26.892596447925026],[-48.68448414874258,-26.892807309327107],[-48.68433167180362,-26.89282048490119],[-48.6842559189018,-26.8927528494762],[-48.68442215508781,-26.8927205342843],[-48.68467151006948,-26.892596447925026]]],[[[-48.83850767190928,-27.00606737575183],[-48.83816422183326,-27.005738890083627],[-48.83824464577065,-27.005742611205292],[-48.83861024720325,-27.006073923059102],[-48.83850767190928,-27.00606737575183]]],[[[-48.67282715599041,-26.914262536494885],[-48.67256098603642,-26.914263694938217],[-48.672703957680646,-26.91408294935982],[-48.67277414448397,-26.91413126954663],[-48.67282715599041,-26.914262536494885]]],[[[-48.83886983184447,-27.005998346925832],[-48.838698145188836,-27.005759518488645],[-48.838831172356834,-27.00577026210011],[-48.83892440029768,-27.005830119514705],[-48.838912880623,-27.00592442050523],[-48.83886983184447,-27.005998346925832]]],[[[-48.70448803555099,-26.92013651356186],[-48.70430047816023,-26.920016614248055],[-48.704412940219555,-26.919902721483464],[-48.70450689249319,-26.919993699782072],[-48.70448803555099,-26.92013651356186]]],[[[-48.697226706834236,-26.90179902762259],[-48.69724055943387,-26.901903015981702],[-48.69706081572211,-26.901910817353045],[-48.69697449900078,-26.901837849392354],[-48.69703122241072,-26.9017958385844],[-48.697226706834236,-26.90179902762259]]],[[[-48.75068645145937,-26.880347916691637],[-48.75058961306849,-26.880757840633734],[-48.75056915738099,-26.88039079995519],[-48.75068645145937,-26.880347916691637]]],[[[-48.85657506638118,-27.033901310799404],[-48.85643901515318,-27.033901724497277],[-48.85625074760817,-27.033873993692314],[-48.856399884755824,-27.033769356071257],[-48.85657506638118,-27.033901310799404]]],[[[-48.683325371229984,-26.9000120200849],[-48.683279881590366,-26.900089989224714],[-48.683198783404734,-26.900133860286132],[-48.68320225316818,-26.899963908696186],[-48.68331066756263,-26.899878026411272],[-48.683325371229984,-26.9000120200849]]],[[[-48.74757590058521,-26.880338126391816],[-48.74732389142204,-26.88046338920122],[-48.74732130568522,-26.880314175915778],[-48.74757590058521,-26.880338126391816]]],[[[-48.69782684086568,-26.926891373426283],[-48.69768420698633,-26.92691029718158],[-48.697615802834946,-26.926776360276886],[-48.69754061083879,-26.926684815491864],[-48.697453460224736,-26.926598389032378],[-48.69782684086568,-26.926891373426283]]],[[[-48.68331372299427,-26.905126999992987],[-48.683265715219775,-26.905034973362262],[-48.683291697678555,-26.904935216220636],[-48.683366928411886,-26.90486668025529],[-48.68351849466441,-26.904870957263828],[-48.68339608303366,-26.904904727937716],[-48.68333375685855,-26.90502535568566],[-48.68331372299427,-26.905126999992987]]],[[[-48.69395727015676,-26.898557660187105],[-48.693699884734855,-26.898557033813717],[-48.69378729073422,-26.898477957039358],[-48.693946719823664,-26.898487716784686],[-48.69395727015676,-26.898557660187105]]],[[[-48.69495873611292,-26.883273003674685],[-48.69476924997179,-26.883083639245573],[-48.69473758908748,-26.883022261930044],[-48.69493885182561,-26.883138047771258],[-48.69495873611292,-26.883273003674685]]],[[[-48.69802538112524,-26.915294852359317],[-48.69800222497166,-26.915059220915346],[-48.69813362003116,-26.915123979902564],[-48.69802538112524,-26.915294852359317]]],[[[-48.69329319540434,-26.918951826047515],[-48.6932932047175,-26.919027425906297],[-48.693235331731294,-26.91909583825599],[-48.69321238559615,-26.919006685158823],[-48.69323286749986,-26.918912692061824],[-48.693270783358976,-26.918874472005136],[-48.69329319540434,-26.918951826047515]]],[[[-48.69677864033233,-26.90603075307566],[-48.696668528282686,-26.905950240203232],[-48.69669391846866,-26.9058790948142],[-48.696766167636554,-26.90585880568276],[-48.69677864033233,-26.90603075307566]]],[[[-48.749971725140725,-26.88087852444397],[-48.749879163560195,-26.88079251912119],[-48.74995645903769,-26.880669440170504],[-48.749971725140725,-26.88087852444397]]],[[[-48.688220612872044,-26.903507011791778],[-48.688120514981435,-26.90347406513982],[-48.68810332708661,-26.903436215267373],[-48.68812488282842,-26.903308655375156],[-48.68813561295204,-26.903369657033856],[-48.688220612872044,-26.903507011791778]]],[[[-48.689338731028045,-26.93319596566806],[-48.68928166014346,-26.933254067844956],[-48.6891832923442,-26.93308608032054],[-48.689338731028045,-26.93319596566806]]]]}},{"type":"Feature","id":2,"properties":{"nome":null},"geometry":{"type":"MultiPolygon","coordinates":[[[[-48.689415126269196,-26.917556352516485],[-48.68954517875806,-26.917552933873715],[-48.68964799465314,-26.917671138705188],[-48.68971651055244,-26.917650066049184],[-48.68976513449986,-26.91739007584904],[-48.68988510117112,-26.917577919687435],[-48.69223291564418,-26.917483169477958],[-48.69221875605499,-26.917266540305082],[-48.68977134810247,-26.917374594347834],[-48.68988902778416,-26.917081379887755],[-48.690863075361044,-26.91696970419459],[-48.690988182624,-26.916905167096928],[-48.6910460733794,-26.916797916071587],[-48.69112820592567,-26.916716030230827],[-48.69079476770487,-26.916524694170274],[-48.69078257382142,-26.9163635833213],[-48.690324357159156,-26.916372730356667],[-48.6900460444437,-26.916210038435576],[-48.690743610500526,-26.91614932319281],[-48.69068759644708,-26.916012464684872],[-48.690774108386265,-26.91601942860388],[-48.69076208494919,-26.915849998284713],[-48.69058573994237,-26.915847112373754],[-48.690437265587775,-26.915539507024448],[-48.69320978509901,-26.915407299849655],[-48.693112586506494,-26.91349142380701],[-48.69542394721839,-26.91427270947404],[-48.69548613578957,-26.914867431724325],[-48.69543235286934,-26.915077402272683],[-48.695192606356265,-26.915300981933672],[-48.695818784458616,-26.915250172426003],[-48.695914966572765,-26.91539046003375],[-48.69605854640562,-26.917767631001617],[-48.69623089897191,-26.917814834068626],[-48.696270830993555,-26.91798194583564],[-48.69618127413423,-26.91812474896384],[-48.69608721944512,-26.918184248681705],[-48.69611318767774,-26.918733990198564],[-48.696220960252795,-26.918913306900333],[-48.69616886570141,-26.919040075273596],[-48.69601169355323,-26.91915957970602],[-48.69590930907914,-26.919324367638367],[-48.69588264107899,-26.919418259302322],[-48.69573626534292,-26.919615620480794],[-48.69549212468108,-26.919750350304213],[-48.69511871735733,-26.919849675463972],[-48.694675777838796,-26.920019996153496],[-48.694610855399134,-26.920168748739627],[-48.69451544469776,-26.92029480952058],[-48.69431585678713,-26.920369228908807],[-48.69417342534696,-26.92037245041419],[-48.69409248521182,-26.920243507946065],[-48.69411178981044,-26.920055169310974],[-48.694240331002604,-26.919974040117623],[-48.69436274018601,-26.919890036509706],[-48.694491901359086,-26.919778399534092],[-48.694710784799526,-26.919668228345383],[-48.69513499011382,-26.919505924615027],[-48.693982371275865,-26.919722909069893],[-48.69414917108017,-26.9215650140034],[-48.694326821671176,-26.921504107812012],[-48.69437400321092,-26.921771214570626],[-48.69446523450447,-26.922002974400193],[-48.69444654190466,-26.922313393673086],[-48.69457326429987,-26.922626189125758],[-48.69469481510191,-26.92288896192012],[-48.69461673262426,-26.9229237518939],[-48.6945018131692,-26.922791481178525],[-48.694308409106796,-26.9228660013753],[-48.69436463114373,-26.92344952870678],[-48.69429374317515,-26.923587087141936],[-48.69394122612804,-26.92311523870474],[-48.69394342635336,-26.923007075413544],[-48.69382866758945,-26.923019071874876],[-48.69363116202928,-26.922990873890228],[-48.693598482578544,-26.922923756217976],[-48.69365322336478,-26.92281922681753],[-48.693673198042745,-26.922750194895976],[-48.69387054318731,-26.922634125109237],[-48.693860085618795,-26.922539627152492],[-48.693604801998234,-26.922613134928977],[-48.693586914979065,-26.922579550797995],[-48.69322588268988,-26.922526484491804],[-48.6931714792691,-26.922614373823986],[-48.693097891889124,-26.922732466192365],[-48.693070995836806,-26.922837450648842],[-48.69307598870482,-26.923048381648574],[-48.69288093595438,-26.92335591667295],[-48.692138473629264,-26.92364339976715],[-48.692173286229846,-26.923757716558864],[-48.691889633288014,-26.924008314503446],[-48.69170692704647,-26.92360138047566],[-48.69195387437883,-26.923285266682928],[-48.69206508808379,-26.92329540915267],[-48.692906892984915,-26.922992904537036],[-48.6928528948115,-26.9229087917921],[-48.69206785472171,-26.923159512607654],[-48.692179586993724,-26.922992106794602],[-48.69221666930093,-26.922842899323175],[-48.692666996998014,-26.92261444767301],[-48.69271838153586,-26.922560841408412],[-48.692998013140055,-26.922317459289786],[-48.69305452331252,-26.922468196492677],[-48.693187131146814,-26.92241557156652],[-48.693149785418036,-26.922311617732195],[-48.69338250803793,-26.922282130889876],[-48.69346520755224,-26.92217250955887],[-48.69342803285759,-26.922022087695165],[-48.693439186608416,-26.921778129792656],[-48.69377283132693,-26.921655965053077],[-48.69363166536672,-26.920227653888627],[-48.692842714914306,-26.920367342822413],[-48.69288332069222,-26.920501174596435],[-48.69339793143716,-26.920307062872876],[-48.693544350667494,-26.92041210570415],[-48.69352336087823,-26.920531059102597],[-48.69350878499397,-26.92063901919532],[-48.69343233043285,-26.920745968631532],[-48.69322504019025,-26.920742579779787],[-48.693112813046,-26.920782359811305],[-48.69212127587318,-26.921143452700843],[-48.69186348808098,-26.9208839975614],[-48.69255288417603,-26.920617841657805],[-48.69247965806821,-26.920414117900425],[-48.69082429151182,-26.920697760261326],[-48.690789479988126,-26.92058344322112],[-48.690840237660765,-26.920370651520646],[-48.69086830913553,-26.920360013698225],[-48.69085470305224,-26.920268238176437],[-48.690768244380685,-26.920258500043413],[-48.69078546449901,-26.920172778092404],[-48.69095658822876,-26.92012841470514],[-48.69101059556569,-26.920059941033536],[-48.6909089058575,-26.91988626841954],[-48.69240860781583,-26.91964724270252],[-48.69233542513596,-26.918833167712712],[-48.69111464351204,-26.918901975833478],[-48.69107699672937,-26.91907891647789],[-48.69085895961755,-26.91914748090777],[-48.690711584404426,-26.91908958283641],[-48.690662321232224,-26.9189250912491],[-48.6903466366355,-26.918925472407874],[-48.690363225937546,-26.919630422249767],[-48.69026635607543,-26.919676000470655],[-48.69013341856059,-26.91982086325005],[-48.689987781431235,-26.919829576233138],[-48.68992652531995,-26.919190479487224],[-48.689339994068476,-26.919117065489495],[-48.68927992514778,-26.919027303971703],[-48.68918605113469,-26.91892589068101],[-48.68900115566916,-26.918886796771275],[-48.68895734836526,-26.91875846072467],[-48.68901873132358,-26.91863184661456],[-48.68909411431707,-26.918577595085004],[-48.68908197939244,-26.91841371111648],[-48.68921401206881,-26.918313223385045],[-48.68935936464257,-26.91831837866412],[-48.68954430125595,-26.91850728669201],[-48.68954873750983,-26.918593363084543],[-48.6898731518821,-26.91846828116927],[-48.68982575478958,-26.91821226796936],[-48.68965967734025,-26.91785720973119],[-48.689415126269196,-26.917556352516485]],[[-48.695057532263746,-26.91456184441174],[-48.69487409281485,-26.914755825558974],[-48.69462946214637,-26.914762926589624],[-48.694483330628536,-26.914644017565955],[-48.694418426842496,-26.914487594676597],[-48.69452328174398,-26.914353365674064],[-48.694096073560964,-26.914207669486228],[-48.694020076511535,-26.914292431616957],[-48.69393051920656,-26.91443523337281],[-48.69374776449805,-26.914443344031525],[-48.69356000534658,-26.914393111402337],[-48.69359155463287,-26.914515697731893],[-48.6936664164858,-26.91463899193748],[-48.69370297706403,-26.914667332140088],[-48.69465775006901,-26.91489378262355],[-48.69476440295621,-26.9148233922862],[-48.69490930081588,-26.914850727826316],[-48.69497550299833,-26.91494336226753],[-48.69505746232674,-26.91486979426004],[-48.695084635942834,-26.914750941430224],[-48.695057532263746,-26.91456184441174]],[[-48.695570988225775,-26.915793710098626],[-48.69554714618829,-26.91559634323987],[-48.69364115638371,-26.915728890263196],[-48.693650541890015,-26.915876082924186],[-48.695570988225775,-26.915793710098626]],[[-48.69324480733405,-26.91589164550057],[-48.69323593010477,-26.91571949165704],[-48.69249848624129,-26.915762921935556],[-48.692519737353194,-26.915935277208707],[-48.69274248921075,-26.915938919489623],[-48.69267824321173,-26.9160543905665],[-48.69263761948415,-26.916225734999877],[-48.69253805496436,-26.916251850515348],[-48.69265247015069,-26.917929414498783],[-48.69335831263148,-26.91791876015259],[-48.693304051000794,-26.916630585103466],[-48.693334819938116,-26.916639411236602],[-48.69334809765922,-26.916595238381426],[-48.693332308144434,-26.916306450886854],[-48.69328675705956,-26.91611150305732],[-48.69321830845759,-26.915977216233856],[-48.69317049996707,-26.915893204871175],[-48.69324480733405,-26.91589164550057]],[[-48.692132520066366,-26.91580132610241],[-48.691148027059384,-26.91581851322809],[-48.69115037431698,-26.91600720561822],[-48.692154222154755,-26.915951494290123],[-48.692132520066366,-26.91580132610241]],[[-48.691193099337525,-26.916340823675917],[-48.691177562155254,-26.916495931717815],[-48.69215643748106,-26.91645090922761],[-48.6921406965846,-26.91631193578367],[-48.691193099337525,-26.916340823675917]],[[-48.69219309038507,-26.916778879632137],[-48.69120149733364,-26.91684033956508],[-48.6912296121663,-26.9169795164155],[-48.69218362862239,-26.916939635371733],[-48.69219309038507,-26.916778879632137]],[[-48.6906382137923,-26.91805737342061],[-48.690622926576744,-26.91789621286599],[-48.690077963454776,-26.917909487218736],[-48.69017335022726,-26.918088605317834],[-48.6906382137923,-26.91805737342061]],[[-48.690299648689276,-26.91857340461182],[-48.690689470907834,-26.91857978504596],[-48.690686333923765,-26.918429920587503],[-48.69024712324513,-26.91841718265851],[-48.690299648689276,-26.91857340461182]],[[-48.68994366008047,-26.918881076263],[-48.68992392520468,-26.918786426259064],[-48.68960660128085,-26.918867234526523],[-48.68994366008047,-26.918881076263]],[[-48.69107069025701,-26.91855273192169],[-48.69233478100863,-26.918484633208507],[-48.6923196607095,-26.91831515139929],[-48.69105253475068,-26.918380427219503],[-48.69107069025701,-26.91855273192169]],[[-48.6922800266188,-26.917981584120355],[-48.69228656423654,-26.917812457411067],[-48.691010501139765,-26.917860940652506],[-48.69103163715315,-26.918038843204993],[-48.6922800266188,-26.917981584120355]],[[-48.692688278137034,-26.918298984980012],[-48.692776564620374,-26.91958771608887],[-48.69336322307685,-26.919502980739377],[-48.69344922170651,-26.91968749249453],[-48.69357871266772,-26.919711803722812],[-48.693719065081275,-26.919658610735212],[-48.693902618940434,-26.919611673661088],[-48.69405669154346,-26.91964470936822],[-48.69413437702605,-26.919629332614093],[-48.69435601567896,-26.919535853330284],[-48.69479090472664,-26.91945695415334],[-48.694901558788345,-26.919342240306225],[-48.69499449376734,-26.919185621977437],[-48.69505193116777,-26.91910055631213],[-48.69515600181127,-26.91900515420723],[-48.695290841989255,-26.918918578668077],[-48.69541403844072,-26.91879574605647],[-48.69562864090825,-26.918743763750864],[-48.69576746953597,-26.91876545134638],[-48.695709161575266,-26.918131951841346],[-48.694947008730466,-26.918172216634908],[-48.69492556997834,-26.918313356635625],[-48.69473397732792,-26.91829912939395],[-48.69458760908186,-26.918343902049585],[-48.694565790764194,-26.91819928038156],[-48.69437734835748,-26.918182329146088],[-48.694370637500484,-26.918512364764926],[-48.694052697319236,-26.918623690834387],[-48.69401761908057,-26.91821806568431],[-48.69381308747587,-26.91823136932324],[-48.69383894066368,-26.91863406963004],[-48.693492421109255,-26.918780993118922],[-48.69341336231305,-26.918255353360905],[-48.69323397709936,-26.918249646803293],[-48.693270783358976,-26.918874472005136],[-48.69323286749986,-26.918912692061824],[-48.69321238559615,-26.919006685158823],[-48.693235331731294,-26.91909583825599],[-48.693163608005904,-26.919122409239783],[-48.69297522186421,-26.919102682901464],[-48.692899625617315,-26.91901544300247],[-48.69285483663247,-26.91832667790225],[-48.692688278137034,-26.918298984980012]],[[-48.693578535118704,-26.91987271134296],[-48.693568076861624,-26.91977821334585],[-48.69279437380933,-26.91992924954312],[-48.692814112244754,-26.92002389931308],[-48.693578535118704,-26.91987271134296]],[[-48.69243800372425,-26.920103752641154],[-48.69243795714079,-26.91995393867876],[-48.69120770161332,-26.920183502445823],[-48.69122074223109,-26.92030301133025],[-48.69243800372425,-26.920103752641154]],[[-48.695694493333114,-26.917787695484453],[-48.69568561243095,-26.917615542493515],[-48.69377047606214,-26.917739617107184],[-48.693804105479984,-26.91791217456601],[-48.695694493333114,-26.917787695484453]],[[-48.69372774419639,-26.917405999390898],[-48.69565513735287,-26.91728767342624],[-48.69563961753755,-26.917137606529774],[-48.693738332010476,-26.917189774704262],[-48.69372774419639,-26.917405999390898]],[[-48.6937015617417,-26.9168673516584],[-48.69560363187425,-26.91677635567658],[-48.69560633714045,-26.91664323183575],[-48.693717321204055,-26.916701149565682],[-48.6937015617417,-26.9168673516584]],[[-48.69369888849983,-26.91639012346582],[-48.69558880096862,-26.916287831336348],[-48.69551793126616,-26.91612021418163],[-48.69369046183863,-26.916195782487584],[-48.69369888849983,-26.91639012346582]],[[-48.694420059253055,-26.922455145010616],[-48.69435427767835,-26.922341709628334],[-48.69426356595068,-26.922388778228335],[-48.69425475469326,-26.92251764005319],[-48.694420059253055,-26.922455145010616]]],[[[-48.86024158396658,-27.03615497283465],[-48.860306413811095,-27.03610374744097],[-48.86055287544962,-27.036284020213365],[-48.860424346980366,-27.03632681802695],[-48.86024158396658,-27.03615497283465]]],[[[-48.8661759308319,-27.036098410602587],[-48.86569625552928,-27.03562371720749],[-48.86583157793177,-27.035515130682427],[-48.8660036682198,-27.035517740936076],[-48.86622793360258,-27.03569766744108],[-48.86628330763611,-27.035852655282934],[-48.8661759308319,-27.036098410602587]]],[[[-48.86608702003081,-27.036395414628174],[-48.866219075311186,-27.036386229350413],[-48.86633779575167,-27.036494939107236],[-48.86645834859785,-27.036506711760463],[-48.86651849587915,-27.036482761287285],[-48.86653500680194,-27.036343780770043],[-48.86656189195909,-27.036316839541158],[-48.8666465761164,-27.03646357084921],[-48.866704303806685,-27.036640970456993],[-48.866614307471764,-27.036701762691013],[-48.86636609525452,-27.03661346566042],[-48.86608702003081,-27.036395414628174]]],[[[-48.86129951719132,-27.036588750319524],[-48.86086139195802,-27.03641302383719],[-48.8608590932695,-27.036241436770286],[-48.861110221203376,-27.036175639895028],[-48.8613732907315,-27.036358649207514],[-48.86129951719132,-27.036588750319524]]],[[[-48.85848240696743,-27.03492734435843],[-48.85845197736644,-27.034775219020407],[-48.8590570860024,-27.035222009282492],[-48.859070957555154,-27.03536890988662],[-48.85848240696743,-27.03492734435843]]],[[[-48.86106148652894,-27.03449915805361],[-48.86108555758195,-27.03425462698048],[-48.86098389667888,-27.034198383797982],[-48.86114874102659,-27.03414370569133],[-48.86112301117672,-27.03403640546597],[-48.86100615702917,-27.033902857453874],[-48.860741906098326,-27.03407536393516],[-48.86067998992007,-27.034265865418273],[-48.86078362428251,-27.03436440482263],[-48.8606848660365,-27.034740815429128],[-48.86052105750479,-27.03474081098906],[-48.860469075309474,-27.034700239980804],[-48.860432714563665,-27.034567915492293],[-48.860458077013625,-27.034401721719576],[-48.86061553839156,-27.034297206070136],[-48.86062584384168,-27.034192940034966],[-48.86048518928806,-27.03399687299324],[-48.8603007746992,-27.0340587117313],[-48.860192290333,-27.034069492734716],[-48.86030308431486,-27.033936919744594],[-48.860276931101204,-27.033851989129023],[-48.860338659112244,-27.033671431240098],[-48.860646607694775,-27.03368357197304],[-48.860974834259636,-27.033651268861234],[-48.86109696419445,-27.03350643580211],[-48.861141895345305,-27.033333080274943],[-48.861470686136066,-27.033270948418753],[-48.861484042612105,-27.03344518998244],[-48.861584100537144,-27.03358594136783],[-48.861480551904656,-27.033775809646098],[-48.86141798576417,-27.034586623717413],[-48.86118163845764,-27.034458718555022],[-48.86106148652894,-27.03449915805361]]],[[[-48.831630773311325,-27.01532854988189],[-48.831648249642505,-27.015574957468306],[-48.831325874782664,-27.01588325748476],[-48.83126031612197,-27.015683348265494],[-48.83126704044086,-27.01518868975774],[-48.83106683993903,-27.014917091815313],[-48.831630773311325,-27.01532854988189]]],[[[-48.82842834499087,-27.010225906104882],[-48.82823773658811,-27.010322414968105],[-48.82789440716506,-27.010277339015072],[-48.82729951190809,-27.010034452809133],[-48.826288951090824,-27.009466909408314],[-48.825877208654155,-27.009226845189],[-48.8234603756262,-27.00788671571176],[-48.82391785050959,-27.007769475078042],[-48.826588737536525,-27.009178161426078],[-48.82698707973092,-27.008960548983364],[-48.82722151588744,-27.009182955866944],[-48.826927759175774,-27.009446936078152],[-48.82842834499087,-27.010225906104882]]],[[[-48.83751263817681,-27.005557333058142],[-48.83764105829121,-27.00566372839558],[-48.837884389238276,-27.005712217249943],[-48.83816422183326,-27.005738890083627],[-48.83850767190928,-27.00606737575183],[-48.83778122732107,-27.006026386812845],[-48.83763630068816,-27.005912280002438],[-48.837266562970065,-27.005797206408555],[-48.83703794774636,-27.005559987082357],[-48.8369993703607,-27.005400274017553],[-48.83751263817681,-27.005557333058142]]],[[[-48.819157838023315,-26.998909483800446],[-48.81979357717271,-26.998757721791],[-48.81898806551969,-26.999652723713762],[-48.818678893494635,-26.999421687869464],[-48.819157838023315,-26.998909483800446]]],[[[-48.79105251011387,-26.972393585329595],[-48.79100295209692,-26.972089490732788],[-48.79132267587633,-26.971915494626383],[-48.791772117011845,-26.97135070878897],[-48.7919081152841,-26.97177549616795],[-48.791673471542275,-26.972139778934007],[-48.79105251011387,-26.972393585329595]]],[[[-48.79346965459907,-26.969960156736082],[-48.79328139560709,-26.969653889955755],[-48.79454231644582,-26.968738810799476],[-48.795224732977275,-26.968177658981933],[-48.79561701530791,-26.967696496286802],[-48.795951233274764,-26.967632108924285],[-48.79758377142467,-26.967294642394414],[-48.79770001542748,-26.967594805932368],[-48.79689192197175,-26.96777112845159],[-48.7961350139401,-26.967883605582607],[-48.795865721800475,-26.968033539316707],[-48.79549095359158,-26.96847022418615],[-48.79346965459907,-26.969960156736082]]],[[[-48.69796725263849,-26.94562104833576],[-48.69759695605673,-26.94582383743938],[-48.697287477947555,-26.945764088187406],[-48.69796725263849,-26.94562104833576]]],[[[-48.70052058152345,-26.943101997004685],[-48.700644083657416,-26.944943746150123],[-48.70029910800326,-26.944992816085872],[-48.7001533264045,-26.943155674164775],[-48.70052058152345,-26.943101997004685]]],[[[-48.69285781415152,-26.941770986894692],[-48.69277172111711,-26.941850598748307],[-48.69257772418844,-26.941916490486452],[-48.69221613909427,-26.94220676092177],[-48.69207226675709,-26.941994551140272],[-48.69265307119482,-26.941491372678236],[-48.69285781415152,-26.941770986894692]]],[[[-48.69053098918767,-26.939161518563935],[-48.69054116309719,-26.939244032994935],[-48.69077004714252,-26.9393566927945],[-48.68927919179291,-26.93979448428103],[-48.68840416956869,-26.939827959642617],[-48.688285292991864,-26.939698504762426],[-48.68832113537344,-26.93953970850743],[-48.68912477582098,-26.93951834680347],[-48.689590069260476,-26.93937455583179],[-48.68969586567126,-26.9394187917419],[-48.68987757527484,-26.939373953024024],[-48.690159332864944,-26.939219185088973],[-48.69037148278898,-26.93913499919313],[-48.69053098918767,-26.939161518563935]]],[[[-48.71557082385602,-26.939321540726855],[-48.71546832419946,-26.938902207950807],[-48.71542632850052,-26.938508716581403],[-48.71531520928788,-26.938516860534207],[-48.71522089525635,-26.93824185681607],[-48.715356103219754,-26.93813962926015],[-48.71543698792288,-26.937429901326787],[-48.71557169255347,-26.93735252671013],[-48.71575240226969,-26.937469816437044],[-48.715749062995485,-26.93818577217123],[-48.71583826716176,-26.938714280723403],[-48.71584164258812,-26.939097201630318],[-48.71557082385602,-26.939321540726855]]],[[[-48.696568771236244,-26.93688146313509],[-48.696394693910136,-26.936842758144955],[-48.69639908792796,-26.936772435511237],[-48.69649346508291,-26.93679522839172],[-48.696568771236244,-26.93688146313509]]],[[[-48.71506731305908,-26.938154839696217],[-48.71464946210741,-26.93824254322128],[-48.71467370108855,-26.938141003457748],[-48.71484950163312,-26.93808915687028],[-48.71506731305908,-26.938154839696217]]],[[[-48.69688343428211,-26.93656517810556],[-48.696622708229974,-26.9365609202913],[-48.69665834579314,-26.93648446687408],[-48.69688343428211,-26.93656517810556]]],[[[-48.70612317305074,-26.93985684979907],[-48.70673051478775,-26.940000978375075],[-48.7075609206187,-26.940362538956744],[-48.70844144611792,-26.94071496442026],[-48.70928829995921,-26.94108672652609],[-48.71008604917054,-26.941417908717167],[-48.71007254504149,-26.94153702437528],[-48.709967470484706,-26.94152040080565],[-48.70989914680668,-26.942155743621022],[-48.709867798498465,-26.942334236007163],[-48.70995967083316,-26.942455062894194],[-48.70978956804938,-26.94263627434219],[-48.70978829891482,-26.943247844660053],[-48.71015384347172,-26.943278642226492],[-48.71017239178304,-26.943184469790015],[-48.71042884208605,-26.943397469946287],[-48.71046284178415,-26.943636690928134],[-48.71035999672552,-26.943784189727836],[-48.7102261842942,-26.943816823118635],[-48.710207918795625,-26.94362260774022],[-48.70983087736324,-26.943611512394778],[-48.709859706355765,-26.944929634094347],[-48.70990136211051,-26.945064562811375],[-48.710220834656916,-26.945179140952337],[-48.71046971329035,-26.945217987425806],[-48.710622798321225,-26.945329863892717],[-48.71061383565559,-26.945498775863822],[-48.71028943869837,-26.945627759914032],[-48.7102907256469,-26.945289665884502],[-48.70993072001363,-26.945258958330818],[-48.70989715932325,-26.945546804687982],[-48.70978563103738,-26.94557482702822],[-48.7095920962697,-26.94526837485922],[-48.70941288965865,-26.94507651763168],[-48.7092928827559,-26.94497512214908],[-48.70949889786696,-26.944938691042434],[-48.709457775140564,-26.943680036312575],[-48.70917572368354,-26.94363567688053],[-48.70912378074607,-26.94346080318317],[-48.70917056335364,-26.94334222832245],[-48.709438186431086,-26.94327696426307],[-48.70940658363647,-26.942644971246832],[-48.709242008600086,-26.942552796748267],[-48.70914329854536,-26.941124149721713],[-48.70811957538081,-26.940719677830696],[-48.70811709022548,-26.941390895510143],[-48.70826241022918,-26.941612037120677],[-48.7081832560661,-26.94168533458995],[-48.70779372198372,-26.941743643350645],[-48.70766837484468,-26.941632215907617],[-48.70764262968627,-26.94098540166995],[-48.70725592776849,-26.94117800628785],[-48.70710549162714,-26.941483841371756],[-48.70686762652366,-26.941723614772293],[-48.70661674450083,-26.941784174785003],[-48.706539792180536,-26.94147464244201],[-48.70645958758696,-26.940503744412705],[-48.70612317305074,-26.93985684979907]],[[-48.70753995665286,-26.940576005656908],[-48.7073005591637,-26.940343389117928],[-48.706590657818666,-26.940058371456296],[-48.70681755212418,-26.94036039716537],[-48.706920838254426,-26.941013444665952],[-48.70722585787224,-26.94074492919253],[-48.70753995665286,-26.940576005656908]]],[[[-48.71919046453821,-26.94243684683016],[-48.719375889808624,-26.942320511249953],[-48.71942261033114,-26.942204417665867],[-48.719545248324096,-26.94231330516399],[-48.719475432945046,-26.942749738031285],[-48.71911935625166,-26.94266193631874],[-48.71919046453821,-26.94243684683016]]],[[[-48.72004288684013,-26.941983235269856],[-48.720512336662985,-26.94195104554542],[-48.72050126637464,-26.94208760565973],[-48.7203853976073,-26.9420558988139],[-48.72031112437043,-26.942024864299825],[-48.72026932884593,-26.942034132660282],[-48.72028883422233,-26.942305438933865],[-48.72002751383537,-26.942333534294598],[-48.72001658645069,-26.942738599519295],[-48.71976913093689,-26.942766918515968],[-48.71969141348824,-26.942631409951655],[-48.719662192647064,-26.942322495199956],[-48.719693872404626,-26.942233665650928],[-48.7197212314443,-26.942114772642586],[-48.720008259204214,-26.942049801822225],[-48.72004288684013,-26.941983235269856]]],[[[-48.71322148388784,-26.942268081884837],[-48.71297372757576,-26.94231130045807],[-48.71275267197178,-26.942131199775226],[-48.71293967151314,-26.942074565123605],[-48.71315042502731,-26.94207798296296],[-48.71322148388784,-26.942268081884837]]],[[[-48.71700979786306,-26.941901845072504],[-48.717040739148246,-26.941398900831178],[-48.71724554503554,-26.941422106018628],[-48.71741453185687,-26.941295561120548],[-48.717034254724524,-26.941170071098547],[-48.716067662662844,-26.940682051550606],[-48.715946918091134,-26.940341980098474],[-48.7182414621491,-26.941349964715382],[-48.718311058835496,-26.94147539857805],[-48.718470194408305,-26.941562502296335],[-48.718758192574,-26.941587050310844],[-48.71909924981683,-26.94173179131353],[-48.718210227285354,-26.94152348988447],[-48.71827167448352,-26.941778071254564],[-48.71743597465083,-26.941401569693923],[-48.717402635134874,-26.94167947849311],[-48.71713501828842,-26.94174475910525],[-48.71700979786306,-26.941901845072504]]],[[[-48.710297549035225,-26.941315681694714],[-48.70761379870485,-26.94014834745181],[-48.70761106890926,-26.940009079403755],[-48.710311554234856,-26.94117171283665],[-48.710297549035225,-26.941315681694714]]],[[[-48.71372931588292,-26.939440868574014],[-48.713670158722614,-26.939760622517856],[-48.71350089674435,-26.94017555041675],[-48.713340577191005,-26.94028482747688],[-48.71315634028776,-26.9402047689485],[-48.71331591582688,-26.939720072913904],[-48.713406483363784,-26.93918035588743],[-48.71372931588292,-26.939440868574014]]],[[[-48.69010251685051,-26.933210835672007],[-48.690005437559066,-26.93332081445528],[-48.68983958346293,-26.93320238103822],[-48.68994377674818,-26.933147139506914],[-48.69010251685051,-26.933210835672007]]],[[[-48.69197066037273,-26.933597373445345],[-48.691945240268545,-26.933535860053517],[-48.69199025786003,-26.93339912904297],[-48.69202978657894,-26.933419718721215],[-48.69206528981326,-26.933462117502913],[-48.69197066037273,-26.933597373445345]]],[[[-48.69704369589005,-26.936554513000655],[-48.697007116520865,-26.935948257436728],[-48.69732366548542,-26.935539028639436],[-48.697366754572215,-26.936408373571744],[-48.69704369589005,-26.936554513000655]]],[[[-48.69866059387881,-26.936036344212074],[-48.69843386148492,-26.93596357838798],[-48.69851727947829,-26.93586930853645],[-48.69867255591191,-26.93588512426494],[-48.69875869091915,-26.93594895565141],[-48.69866059387881,-26.936036344212074]]],[[[-48.71323255641951,-26.939040003880255],[-48.71249630810539,-26.938548238240084],[-48.71243444958469,-26.93858949888809],[-48.71257036407505,-26.939001917553984],[-48.71253010076582,-26.939210100015057],[-48.71232591535223,-26.939293803127093],[-48.71221750556615,-26.939167737930067],[-48.71221587419491,-26.938973792414846],[-48.71203535453544,-26.938709818691343],[-48.71216494412663,-26.93833651305781],[-48.71006821758349,-26.93681079977405],[-48.70961717579085,-26.936619500932267],[-48.7086190236555,-26.936598316550764],[-48.70870955001614,-26.936236809980358],[-48.70981750993231,-26.936314472606327],[-48.710048002606676,-26.93616407480094],[-48.710163900474754,-26.935370390855986],[-48.71028247211665,-26.935267898102296],[-48.71054927179189,-26.93524239532417],[-48.71072910274548,-26.93457902741033],[-48.71094154805292,-26.93449794649781],[-48.71101336506178,-26.934787504815073],[-48.710547672642264,-26.936694276013785],[-48.711144539389096,-26.93708185758199],[-48.711499298829494,-26.937371034747716],[-48.71160524830324,-26.937069444643516],[-48.71184956880401,-26.93705849129102],[-48.711922392115156,-26.937298342914254],[-48.7117719751755,-26.937604184271553],[-48.71268569693896,-26.938235569499696],[-48.71266089913556,-26.93726557083191],[-48.7128021547624,-26.93713858251561],[-48.71306765535285,-26.937177694104577],[-48.71306878672978,-26.937396492949105],[-48.71295960142761,-26.93758366915142],[-48.713120177511556,-26.93856084204497],[-48.7128521659614,-26.938645997251953],[-48.71323255641951,-26.939040003880255]]],[[[-48.70269263125286,-26.934483167877346],[-48.7022130789547,-26.934604635815155],[-48.70210418098954,-26.934640153110557],[-48.70172339237056,-26.934541961673368],[-48.70169566353671,-26.93440477263036],[-48.70179795540302,-26.934284619460406],[-48.70181681096749,-26.934175536007405],[-48.701837430257385,-26.93411620555491],[-48.70237818608528,-26.934122529111765],[-48.70263172463474,-26.934066991605476],[-48.702725495900914,-26.93395664286866],[-48.702364471120056,-26.933841372538645],[-48.70243031260438,-26.933740512985302],[-48.70270673974318,-26.933787280218144],[-48.702974243806295,-26.933863734375198],[-48.703146613930606,-26.933844166343135],[-48.70326746027846,-26.93390331530522],[-48.70319093513215,-26.934257586196576],[-48.70285319979507,-26.934088001384087],[-48.70271138196904,-26.934105580439798],[-48.70269263125286,-26.934483167877346]]],[[[-48.69537358802743,-26.936118148457805],[-48.695323350806234,-26.936183736789022],[-48.69497285955328,-26.93607573807417],[-48.69441096618985,-26.935869981260186],[-48.694053776156544,-26.93565428719866],[-48.693878820466736,-26.93551329385677],[-48.69377566457429,-26.93548504312458],[-48.69329625817011,-26.935158436817137],[-48.693133695516124,-26.934991082174097],[-48.69300506429395,-26.93490397355387],[-48.69286393378116,-26.93484853702208],[-48.692527651411666,-26.934625211958338],[-48.692286503713866,-26.934387504844853],[-48.69216072883612,-26.934305754867655],[-48.69208698467021,-26.934288609452807],[-48.69188618067081,-26.93410734574786],[-48.691775069834094,-26.93388770359679],[-48.69177293110973,-26.933701721360165],[-48.69182604310988,-26.933713215762953],[-48.69195051895383,-26.933858698036854],[-48.69202623968608,-26.93406979158967],[-48.692171022488374,-26.934236857376938],[-48.692328630799494,-26.934356317448298],[-48.693032215374615,-26.93488051038208],[-48.69327218755876,-26.935030536517274],[-48.69380750843335,-26.935376651797867],[-48.69445107694626,-26.935355296658344],[-48.69485224706186,-26.935157311695168],[-48.69527644784647,-26.934919855767777],[-48.69532585003444,-26.934822377087137],[-48.695439514629015,-26.934771106207684],[-48.695654121688754,-26.93485696059248],[-48.69570276044175,-26.934942760040652],[-48.695675385726176,-26.93512294768733],[-48.69547714359615,-26.935252528116216],[-48.695034170367386,-26.93546577053062],[-48.694692632366554,-26.935646136007573],[-48.69447252291027,-26.93568504010854],[-48.69422908909316,-26.935704967901025],[-48.694599589280195,-26.93584915726553],[-48.69507599332062,-26.936032264852248],[-48.69537358802743,-26.936118148457805]]],[[[-48.695704530629705,-26.93456425290484],[-48.695763438342645,-26.9345094303901],[-48.69591793268334,-26.934490703716314],[-48.69618469454347,-26.934343646198542],[-48.69608071501885,-26.934647433637455],[-48.69599052948661,-26.934855815304473],[-48.695947701141634,-26.93492152584039],[-48.69585572081368,-26.934926664268154],[-48.69576126681842,-26.934834803762854],[-48.6957538443449,-26.93461685828459],[-48.695704530629705,-26.93456425290484]]],[[[-48.70102972163817,-26.935099981546706],[-48.70102901794296,-26.93461991269715],[-48.70124792807387,-26.934424995136506],[-48.70150942238252,-26.934181360935032],[-48.70140511874093,-26.93491715403616],[-48.70102972163817,-26.935099981546706]]],[[[-48.723618453225214,-26.914851129935325],[-48.727340568934224,-26.91704922540051],[-48.727255267899785,-26.917430720586935],[-48.72353838875767,-26.91524762438312],[-48.723618453225214,-26.914851129935325]]],[[[-48.682988212143414,-26.911749053406588],[-48.68304118848384,-26.911428102318467],[-48.68349205008492,-26.911475038251968],[-48.68353106448708,-26.911231538198138],[-48.68293811029703,-26.911171866380506],[-48.68290222496182,-26.911262136782945],[-48.68287187786261,-26.91108130732215],[-48.68296398114149,-26.909753922129457],[-48.683038135679745,-26.909608099906457],[-48.68330258332954,-26.909387721795998],[-48.68330722742068,-26.90946339840626],[-48.68349003039471,-26.90945252675761],[-48.683654160278515,-26.909446897461617],[-48.68375764258253,-26.90953182536127],[-48.68376118219686,-26.909964677502273],[-48.6836885574406,-26.910035617923306],[-48.68363909534542,-26.910184618954425],[-48.68389281892473,-26.910640997401096],[-48.68383195982989,-26.911045049148658],[-48.683901902085665,-26.911257044945387],[-48.683853947196425,-26.911483752140946],[-48.683911989769896,-26.91152077042093],[-48.68407102603665,-26.911764746734764],[-48.68405099145932,-26.911836550293263],[-48.68383781432156,-26.911819179607694],[-48.683820759673004,-26.91189658108893],[-48.68398781658787,-26.91189932274662],[-48.68386084263788,-26.912055374869418],[-48.6838825333411,-26.912205543657787],[-48.68374950713796,-26.912203360395466],[-48.68369406090217,-26.91249375370657],[-48.68359870243914,-26.91261703281471],[-48.6833647625198,-26.912252532102478],[-48.68344875258702,-26.91177672810052],[-48.682988212143414,-26.911749053406588]],[[-48.683609297416695,-26.910886032844516],[-48.683612752351976,-26.91071685639343],[-48.683013046579646,-26.91068481677117],[-48.68299429301177,-26.910845419770755],[-48.683609297416695,-26.910886032844516]]],[[[-48.69003805057442,-26.910680219734733],[-48.69081856259976,-26.910177762564064],[-48.69091699543947,-26.91024377625957],[-48.690951519465365,-26.910312323360383],[-48.69096913820148,-26.91042710719043],[-48.69059523457558,-26.910757320585255],[-48.69054719591802,-26.9109604794028],[-48.6905402380091,-26.91066518174002],[-48.69003805057442,-26.910680219734733]]],[[[-48.686957570834636,-26.907516920784577],[-48.68718853370118,-26.90754217362885],[-48.68721137789579,-26.90759621752548],[-48.68715922029927,-26.90760967545294],[-48.686943852007616,-26.907602567974514],[-48.686957570834636,-26.907516920784577]]],[[[-48.685534636382904,-26.91055973280701],[-48.68546731268829,-26.910522562980994],[-48.68566307060329,-26.910080792421105],[-48.68501296274596,-26.91005939582863],[-48.68494090477859,-26.90997234283583],[-48.684931199060685,-26.909861266486],[-48.68502522494533,-26.909751890746126],[-48.68571559335082,-26.910049452165943],[-48.6856236113051,-26.91035207195963],[-48.685534636382904,-26.91055973280701]]],[[[-48.690387313999544,-26.910972174720094],[-48.69029733772631,-26.911274830914284],[-48.68906842344702,-26.91130659422052],[-48.689052572907926,-26.91169275709683],[-48.68863583105536,-26.911578593229034],[-48.68864028291409,-26.911115316667413],[-48.68904232124963,-26.910971625322617],[-48.690387313999544,-26.910972174720094]]],[[[-48.68507883461508,-26.90526687673363],[-48.68420943805852,-26.9052365143724],[-48.68438270472878,-26.905155274556723],[-48.684350947024235,-26.905049203149826],[-48.683960057158835,-26.904940817623228],[-48.68383307164678,-26.905003137907176],[-48.68381276896759,-26.905215694147333],[-48.6834102255638,-26.9051894087303],[-48.68331372299427,-26.905126999992987],[-48.68333375685855,-26.90502535568566],[-48.68339608303366,-26.904904727937716],[-48.68351849466441,-26.904870957263828],[-48.68495389351048,-26.90493565321605],[-48.685358346771785,-26.905063937819264],[-48.68507883461508,-26.90526687673363]]],[[[-48.686053942496734,-26.903831993456343],[-48.68585457585654,-26.903823357439258],[-48.68580805108937,-26.90375640205606],[-48.685803609936485,-26.903582797495634],[-48.68590303076607,-26.903502133555637],[-48.685988987973836,-26.903494597770944],[-48.686002235980695,-26.903725595328908],[-48.686053942496734,-26.903831993456343]]],[[[-48.68651275122092,-26.904034513723403],[-48.686059651292766,-26.90433479336733],[-48.68580025858398,-26.904334119035482],[-48.685502088563474,-26.904082349609478],[-48.68548817374596,-26.90398193775089],[-48.68651275122092,-26.904034513723403]]],[[[-48.686576583588625,-26.904035559904646],[-48.6866102243148,-26.903853633614304],[-48.686153643583935,-26.90383541643617],[-48.68629288647595,-26.9037589831381],[-48.686541367342244,-26.903707596713367],[-48.68659979789371,-26.903679930930352],[-48.686720077323116,-26.90355488359171],[-48.68667710425674,-26.903509454691495],[-48.68672953196016,-26.90299329475719],[-48.68709916942484,-26.903067334008313],[-48.68695327657882,-26.90395943923119],[-48.686576583588625,-26.904035559904646]]],[[[-48.68387824484904,-26.893419808555556],[-48.68373219902043,-26.893420179609727],[-48.68360524732114,-26.89349278958938],[-48.68344492004691,-26.89363862133896],[-48.683331634492326,-26.89369670137578],[-48.68316631859939,-26.893683845419822],[-48.6831311065052,-26.893645460138377],[-48.68315435851144,-26.893513977111624],[-48.683272842431236,-26.893301987529096],[-48.683290546414874,-26.893139983348547],[-48.683407518212356,-26.89305245600065],[-48.6835111233655,-26.892964709248254],[-48.683616828665976,-26.89297566452649],[-48.68370553292714,-26.89306380037795],[-48.683720552638526,-26.893134128025906],[-48.68387824484904,-26.893419808555556]]],[[[-48.684425285559456,-26.91623998627798],[-48.684297869273855,-26.916177835800067],[-48.68430086215013,-26.916031274886077],[-48.68437710692641,-26.91594715869761],[-48.684563626890174,-26.91593722792492],[-48.684581963478514,-26.915850305111206],[-48.684668252053775,-26.915781199463247],[-48.6847967122998,-26.915775884638244],[-48.68490905778284,-26.91585010470781],[-48.684910932257075,-26.915948328227177],[-48.684425285559456,-26.91623998627798]]],[[[-48.68277341318017,-26.913174300272914],[-48.683369709818926,-26.913146636608023],[-48.6834230724415,-26.91326125964665],[-48.68342114637283,-26.913355554745586],[-48.683329107849005,-26.91346779090177],[-48.68314876756968,-26.913509219099286],[-48.682440202311106,-26.91350313346667],[-48.68243311805465,-26.913849806284627],[-48.68249832198928,-26.914142180242653],[-48.68242575027989,-26.914210346608844],[-48.68236211972146,-26.91429530512875],[-48.68212646470813,-26.91446899076743],[-48.68207594441389,-26.91451809880276],[-48.6808392894286,-26.914608753446995],[-48.68078076200418,-26.91444410683603],[-48.680877089200536,-26.914273682950625],[-48.68215699580858,-26.914186512278885],[-48.682093072299836,-26.91398293774388],[-48.681648192941125,-26.914021405624307],[-48.68213108272889,-26.913713066329574],[-48.68277341318017,-26.913174300272914]]],[[[-48.69378416035733,-26.913160207423164],[-48.69382546172407,-26.913042808530548],[-48.69420045544259,-26.912658934683193],[-48.69422724488918,-26.913353502867245],[-48.69378416035733,-26.913160207423164]]],[[[-48.68537584294964,-26.911062055271778],[-48.685538179196,-26.91110241224422],[-48.68570269137707,-26.91157511623507],[-48.68573000634617,-26.911753120591893],[-48.685801876535166,-26.911870820406023],[-48.68584488592523,-26.912037984882623],[-48.68574941692163,-26.9121668128316],[-48.68561521441558,-26.915710192289158],[-48.685541077195225,-26.91570342728883],[-48.685257056053764,-26.915820838876858],[-48.68533515107001,-26.912146146668025],[-48.684834094054445,-26.91213237954903],[-48.68489187442638,-26.91203067749951],[-48.684864334314284,-26.91186376656822],[-48.68473166745786,-26.91169235692926],[-48.684801086173806,-26.911626911565428],[-48.6849098167651,-26.911606500820056],[-48.685017300983404,-26.91164710469041],[-48.68504078463107,-26.911861112011625],[-48.68535971279449,-26.911852471873043],[-48.685344434201085,-26.911236322476206],[-48.68537584294964,-26.911062055271778]]],[[[-48.689067721559184,-26.912222547336498],[-48.689085425537584,-26.915359238275588],[-48.6889848438426,-26.915435272610964],[-48.68884573846963,-26.915427445354133],[-48.6887100246004,-26.91525321506622],[-48.68866565867533,-26.91256302743173],[-48.688523410132454,-26.912492715443154],[-48.68849375081137,-26.9123813123746],[-48.68839278574937,-26.912243695186874],[-48.68840993053724,-26.91198993900366],[-48.689067721559184,-26.912222547336498]]],[[[-48.76678963328582,-26.894775483551708],[-48.766889910948315,-26.894329551542395],[-48.76693732466504,-26.893892727617466],[-48.76703375303611,-26.893501431137913],[-48.76771786686014,-26.89283599839281],[-48.76799108287967,-26.892760758818753],[-48.768060417656756,-26.89290108270999],[-48.76804610415107,-26.89306494639023],[-48.76736978448033,-26.893616138143464],[-48.767178365396134,-26.89460759646556],[-48.76678329795409,-26.895802189123987],[-48.766646162926506,-26.895725433048536],[-48.76680915337621,-26.895051761607494],[-48.76678963328582,-26.894775483551708]]],[[[-48.686604006539014,-26.89274431238674],[-48.6864493792781,-26.892762065579326],[-48.68645995426964,-26.89244502556656],[-48.6866724376245,-26.892212441587994],[-48.68691220057784,-26.89245796785584],[-48.686604006539014,-26.89274431238674]]],[[[-48.68656093689365,-26.892031721340885],[-48.68655677629216,-26.892134932410347],[-48.686451901641995,-26.892234647808884],[-48.686437217457964,-26.892147727371],[-48.686504067206634,-26.89209718354262],[-48.68656093689365,-26.892031721340885]]],[[[-48.76299216746613,-26.891975874150482],[-48.76298926760668,-26.89189844913932],[-48.76285733169507,-26.89155823450511],[-48.76347789992142,-26.891585468097315],[-48.76354965761778,-26.891743235435175],[-48.76342853604773,-26.891979993515157],[-48.76299216746613,-26.891975874150482]]],[[[-48.75650872365119,-26.88736459691618],[-48.75687116520547,-26.88754438884394],[-48.755732754569486,-26.88860779919879],[-48.75541407090775,-26.888458534300558],[-48.75650872365119,-26.88736459691618]]],[[[-48.748548496587134,-26.8851209153348],[-48.74763203673554,-26.885056578369664],[-48.74759509442006,-26.88482228656737],[-48.747632978974735,-26.884449962154537],[-48.74755340875142,-26.88342935279869],[-48.74791887813702,-26.883455070306173],[-48.74801569631416,-26.884724574055895],[-48.748165665175165,-26.884712048586902],[-48.74808736070754,-26.883487591217673],[-48.74848070744486,-26.88420491487667],[-48.74851391768479,-26.884767324635142],[-48.74866388761266,-26.88475479775074],[-48.74865464785573,-26.884381721680942],[-48.748827911680294,-26.884732550526138],[-48.748548496587134,-26.8851209153348]]],[[[-48.76266601764379,-26.8922612865815],[-48.76277891219619,-26.89244208176324],[-48.762778636359215,-26.89301887814329],[-48.76297478828508,-26.893196020668032],[-48.7630307181263,-26.893172044781412],[-48.76300393769597,-26.89340532345345],[-48.76288780915235,-26.893388566758322],[-48.76272491968771,-26.893211951151333],[-48.76253779781915,-26.8931393718562],[-48.76249648436346,-26.892984572776488],[-48.76233330210919,-26.8928228698481],[-48.76220980977422,-26.892617043502494],[-48.76239256228897,-26.892629883948153],[-48.762650284717374,-26.892778168022453],[-48.76266601764379,-26.8922612865815]]],[[[-48.762996534532164,-26.892092488440785],[-48.76301108859512,-26.893042450426403],[-48.762916097882545,-26.892797297373715],[-48.762880955497025,-26.89232933287561],[-48.762996534532164,-26.892092488440785]]],[[[-48.76587371115808,-26.891720357418222],[-48.766154492196364,-26.891824247700345],[-48.76818636018162,-26.89199560518573],[-48.768204333249784,-26.892209704191664],[-48.76806756558733,-26.892396494405425],[-48.76678809690084,-26.892316595250453],[-48.76648412907661,-26.892545491658595],[-48.76621547875925,-26.892670524543426],[-48.76594160928348,-26.892497129300327],[-48.7660152772988,-26.892135308041432],[-48.76587371115808,-26.891720357418222]]],[[[-48.7613457242142,-26.891439801400704],[-48.762170972627324,-26.89149266213449],[-48.76225044859065,-26.891399445428327],[-48.76231276060981,-26.891614246438643],[-48.76258971674963,-26.891912008098497],[-48.76199691544454,-26.891882724331474],[-48.76195983029641,-26.892076060639567],[-48.76137099272884,-26.89156451273813],[-48.7613457242142,-26.891439801400704]]],[[[-48.69175246816716,-26.875489953008916],[-48.6918950615573,-26.875628225572818],[-48.69232145523282,-26.875654612587706],[-48.692325331099745,-26.875768423893195],[-48.69185245897436,-26.87582173349026],[-48.69187730599086,-26.87596917934259],[-48.692407925373594,-26.875966751370452],[-48.69247269067076,-26.87628130964341],[-48.692124538378415,-26.876286719124845],[-48.69210853667407,-26.876389108353056],[-48.69189621243207,-26.87633292674515],[-48.69200134417681,-26.87679241049802],[-48.692055518666464,-26.876866815592976],[-48.69197210053259,-26.876861290540035],[-48.69186026282463,-26.87673184375782],[-48.69128394718068,-26.87570979215284],[-48.69122890679062,-26.87552578585929],[-48.691378200158205,-26.87548661081363],[-48.691524012866395,-26.875314210277764],[-48.69157961725022,-26.87547048200571],[-48.69175246816716,-26.875489953008916]]],[[[-48.75056955896175,-26.876170481152172],[-48.75040061033749,-26.876302046216665],[-48.75012930424395,-26.87544247199703],[-48.749782558853674,-26.87510255468792],[-48.749599737639265,-26.87509466979803],[-48.74960642326241,-26.874897123820755],[-48.749923181510695,-26.87458144933774],[-48.74995884444118,-26.875090445903016],[-48.75010043646921,-26.875080269712893],[-48.75005737684817,-26.874594774558986],[-48.75042609827409,-26.874734902308052],[-48.75056955896175,-26.876170481152172]]],[[[-48.692483925339396,-26.867045710227686],[-48.69258514014717,-26.866783800959254],[-48.69259706921257,-26.866501012972158],[-48.69275894493818,-26.86645094400445],[-48.692902936751004,-26.866519879167285],[-48.692952411716576,-26.86667327621293],[-48.69284832624535,-26.867076630778353],[-48.692824655722625,-26.86702353179182],[-48.69270202410768,-26.8671214050224],[-48.692483925339396,-26.867045710227686]]],[[[-48.72849556356247,-26.857182074292393],[-48.72883095606053,-26.857182492058573],[-48.72883845548021,-26.857500844436462],[-48.72846119835327,-26.857514670432046],[-48.72849556356247,-26.857182074292393]]],[[[-48.730149275774615,-26.857099252314246],[-48.73062693356895,-26.85705471340927],[-48.73099579651627,-26.856628039193723],[-48.73154071214719,-26.856268830899566],[-48.733476573438026,-26.855658453171642],[-48.73481418086328,-26.855023543193724],[-48.734651883159984,-26.85482204659863],[-48.73449928880696,-26.85441186496401],[-48.7349278983755,-26.854324259860327],[-48.73495520885182,-26.854623040137948],[-48.73511859601155,-26.854769857698972],[-48.735562945019176,-26.854170346302542],[-48.73662026464724,-26.853968497393296],[-48.73721384046043,-26.853669713628708],[-48.73731146530702,-26.853499729056207],[-48.73792003949786,-26.853840134869518],[-48.73934167447087,-26.855110950222308],[-48.74052808548144,-26.85594539452412],[-48.740554906458556,-26.85599057538163],[-48.74237720903649,-26.857188209327443],[-48.74409016796537,-26.858031036933667],[-48.744016560130305,-26.858387874409953],[-48.74370292606769,-26.85826850219782],[-48.743978079073955,-26.85865079757801],[-48.74392732932906,-26.85897319284597],[-48.74349474301798,-26.858981203955885],[-48.74361596297372,-26.85873949137332],[-48.74351490481333,-26.85852406507321],[-48.74337546229671,-26.85856658974017],[-48.74328670579893,-26.858848599155635],[-48.74293092052121,-26.858897613589402],[-48.742930213932866,-26.8586539551895],[-48.74298997754417,-26.858436124420646],[-48.74331694850859,-26.858162891811574],[-48.743346139154305,-26.858088771379297],[-48.74263256986397,-26.857729307253162],[-48.74269348032262,-26.858570615904778],[-48.7422976882663,-26.858121749606333],[-48.74227618233176,-26.85752969093481],[-48.74144811179573,-26.857073916978013],[-48.740317992602,-26.856195627639078],[-48.740278822299324,-26.85677179931488],[-48.73993886929639,-26.856582385274557],[-48.73990866337034,-26.855870849971968],[-48.73922124087866,-26.855312892071513],[-48.73787976353994,-26.853914075780178],[-48.737693217401,-26.853816614283424],[-48.73700503244809,-26.854133775489526],[-48.73702977627266,-26.854561796222615],[-48.736656487201834,-26.854655267102597],[-48.736631151142234,-26.854257070358738],[-48.73607517720065,-26.854337669012594],[-48.735767301819706,-26.854486880593512],[-48.735436167326284,-26.854968869241745],[-48.73513709738472,-26.855232586164885],[-48.73389954232934,-26.85585418581331],[-48.73295016793476,-26.856201943865738],[-48.73145983969776,-26.85671007387325],[-48.73091594989979,-26.857295541193707],[-48.73093822532813,-26.858123799245302],[-48.73072663379354,-26.85817012530865],[-48.730590660805184,-26.858038660577076],[-48.730539826165035,-26.85739143595368],[-48.72918810170735,-26.857481601249507],[-48.730149275774615,-26.857099252314246]]],[[[-48.747309625042185,-26.874262585728744],[-48.74765555427905,-26.874153736470838],[-48.74769400884055,-26.874731147155316],[-48.747518727820605,-26.874902386409993],[-48.74734995054151,-26.87474555131362],[-48.747309625042185,-26.874262585728744]]],[[[-48.73468119272837,-26.87608882688886],[-48.734467399660076,-26.873395888051313],[-48.73457984213828,-26.873318133484958],[-48.7348403564507,-26.873322310928305],[-48.73506863617493,-26.876055802716238],[-48.73520988272444,-26.87606303991523],[-48.734888877572985,-26.87631148375369],[-48.73468120989539,-26.876437434812807],[-48.73453917297993,-26.87633073743271],[-48.734752186539275,-26.876214816462664],[-48.734760306841245,-26.876085665443302],[-48.73468119272837,-26.87608882688886]]],[[[-48.735256010811966,-26.875974276645064],[-48.73497643943029,-26.873379810705924],[-48.73512827633098,-26.873272853023586],[-48.73540215180679,-26.87330210539267],[-48.73555069218798,-26.875377343571294],[-48.73543399316205,-26.875390390400156],[-48.735270373587895,-26.8755319661729],[-48.735256010811966,-26.875974276645064]]],[[[-48.73411527527826,-26.875065929476165],[-48.733990986760006,-26.873374572953395],[-48.73417063775168,-26.873263089963558],[-48.73436295243513,-26.873350704698698],[-48.734536117217154,-26.87592792625689],[-48.7342607704802,-26.875277102162165],[-48.73411527527826,-26.875065929476165]]],[[[-48.74775737212052,-26.87377248468563],[-48.747701080742395,-26.872976003383297],[-48.74782016653443,-26.87312210158843],[-48.74781218498064,-26.873524738836835],[-48.74775737212052,-26.87377248468563]]],[[[-48.73291356188451,-26.87471350011943],[-48.732834316989496,-26.873266511898358],[-48.73306315966223,-26.873190626599847],[-48.733149961514805,-26.873286494792893],[-48.73320340619236,-26.87338679931542],[-48.73332990007177,-26.873438552459724],[-48.73349371698586,-26.873287037888353],[-48.733743244139205,-26.873286068547046],[-48.73384588055884,-26.873421968786065],[-48.733942650651,-26.875102938837806],[-48.733764483800655,-26.875139859972368],[-48.73291356188451,-26.87471350011943]]],[[[-48.747551226007396,-26.87298355925732],[-48.747597218527744,-26.873740096814068],[-48.747258940993206,-26.873602934620774],[-48.747251712636576,-26.872988728539436],[-48.747551226007396,-26.87298355925732]]],[[[-48.69665752088485,-26.878788247933837],[-48.696558947917154,-26.87878110757625],[-48.696814184211355,-26.878567646120818],[-48.69700093858687,-26.878688724191427],[-48.69700811468363,-26.87894335119779],[-48.69665752088485,-26.878788247933837]]],[[[-48.69723262508403,-26.879078877214933],[-48.69728116416168,-26.879017884736957],[-48.69758451003161,-26.879170371754594],[-48.69759959333925,-26.87923793431753],[-48.69723262508403,-26.879078877214933]]],[[[-48.70368718480559,-26.878401064758375],[-48.70372338451375,-26.87930627160805],[-48.703518247624615,-26.879483675100563],[-48.70337210811141,-26.879184370745715],[-48.703353857330065,-26.879019010794288],[-48.70368718480559,-26.878401064758375]]],[[[-48.70427351168988,-26.878544305311088],[-48.70394223013834,-26.878959415907417],[-48.70389138214551,-26.87816831680268],[-48.70405345366662,-26.87798467881335],[-48.70409945991022,-26.877845261768737],[-48.70419564230228,-26.877868956630554],[-48.70426173650986,-26.87795671150216],[-48.70427351168988,-26.878544305311088]]],[[[-48.70479501258188,-26.87773553440929],[-48.70482500243448,-26.877879875799714],[-48.70477681889613,-26.878432376714375],[-48.704672097907476,-26.878729447985762],[-48.70472900725255,-26.878966440353143],[-48.70487839135297,-26.879105344376942],[-48.70498219583003,-26.88068573289716],[-48.70467320963473,-26.880557145626042],[-48.70463278269269,-26.880573087278513],[-48.70442511765862,-26.876957692961888],[-48.704503239448314,-26.87690824518532],[-48.70460349184398,-26.876883132219774],[-48.70473038125734,-26.8769137808601],[-48.70479015956686,-26.877008810337966],[-48.70479501258188,-26.87773553440929]]],[[[-48.68808192770152,-26.89430663407716],[-48.688214398027256,-26.89416495035257],[-48.68830020391999,-26.894092584740076],[-48.68841961454694,-26.894087163277337],[-48.688494980912196,-26.894123437851036],[-48.688573295607235,-26.8942169326882],[-48.688535148806906,-26.894373070351744],[-48.68816546338081,-26.894547755673525],[-48.68808192770152,-26.89430663407716]]],[[[-48.68621519489576,-26.894563759280786],[-48.686093791830785,-26.894666892550184],[-48.68597434405002,-26.89467415597547],[-48.68601881349533,-26.894510745399888],[-48.68634495637878,-26.894252361688473],[-48.68621519489576,-26.894563759280786]]],[[[-48.68703007643377,-26.89434473398343],[-48.68665529714764,-26.89386093027865],[-48.686807728934625,-26.893749083722607],[-48.68690279291383,-26.89382809990501],[-48.686946901984875,-26.893884150846397],[-48.687048743458625,-26.894236228623463],[-48.68703007643377,-26.89434473398343]]],[[[-48.68506543978812,-26.892897066537643],[-48.68472506211873,-26.89324834973481],[-48.68459652573691,-26.89329788106626],[-48.684499627071,-26.89325848450677],[-48.68441950443786,-26.893152969993853],[-48.684415178676666,-26.89306253014807],[-48.68450155104269,-26.89296251206968],[-48.68461097957096,-26.892942176179947],[-48.68495053673705,-26.892731965535084],[-48.68510916332578,-26.89271981239404],[-48.685095762100865,-26.892872665499723],[-48.68506543978812,-26.892897066537643]]],[[[-48.69445875571177,-26.92427149773504],[-48.69442962328758,-26.92433005805718],[-48.69433744983439,-26.92429903397859],[-48.694301069885654,-26.924223300882037],[-48.6942778980544,-26.924086958613955],[-48.694286644750946,-26.924000336039374],[-48.69429004091648,-26.923931514990507],[-48.69430783560983,-26.9238906592776],[-48.69435481235691,-26.92388695452834],[-48.69438127125526,-26.923959840734636],[-48.69446999670603,-26.924013171672634],[-48.69448103764204,-26.92410816915343],[-48.69445317254236,-26.92420252994146],[-48.69445875571177,-26.92427149773504]]],[[[-48.6730447010593,-26.920922335067164],[-48.6730117406313,-26.92057911904146],[-48.67320333125588,-26.92077353827673],[-48.67332358007798,-26.92097873349475],[-48.673364565102645,-26.921219810609497],[-48.67333503316719,-26.92128706162739],[-48.67327836709301,-26.921304721684876],[-48.673229124252856,-26.921249453541844],[-48.67315158315003,-26.921056916123742],[-48.6730447010593,-26.920922335067164]]],[[[-48.675832773212235,-26.919389737946506],[-48.67587248708999,-26.92005448567498],[-48.67570019134509,-26.919786010488043],[-48.67562051211062,-26.919625315503705],[-48.675575401902584,-26.9195130042388],[-48.67569520044652,-26.91945122475867],[-48.675832773212235,-26.919389737946506]]],[[[-48.67692800650459,-26.9197371653727],[-48.67670786347711,-26.920068243445876],[-48.6766935114355,-26.920190200500613],[-48.67678868072535,-26.92046271819107],[-48.676631700001245,-26.92060357798712],[-48.6765254952817,-26.919278953324635],[-48.67637996094501,-26.91929515128817],[-48.67643694793332,-26.920563181832435],[-48.676203163638526,-26.92069215018941],[-48.676134181905525,-26.920876960360246],[-48.67588713224649,-26.92107477520824],[-48.675774018678815,-26.92109947581172],[-48.67570542647098,-26.920976152560367],[-48.675721086269526,-26.920790464260236],[-48.67589769261168,-26.92055961287835],[-48.675923179200915,-26.920761916770452],[-48.67607777679189,-26.92080962161942],[-48.67600567580053,-26.919339458097298],[-48.67623913085102,-26.919226422297257],[-48.676358384558235,-26.91919119714059],[-48.67644790717874,-26.919160794885766],[-48.67665526855008,-26.91916420944695],[-48.676844638992115,-26.91917795359167],[-48.676939214430774,-26.919190135910345],[-48.677134291821474,-26.91921459882839],[-48.67719837471219,-26.919268780689794],[-48.67716690182035,-26.919358579483166],[-48.677151571169055,-26.91952833571672],[-48.67710286779356,-26.919591286925996],[-48.67708632404791,-26.91924170052121],[-48.67690408719261,-26.919241356997016],[-48.67692800650459,-26.9197371653727]]],[[[-48.67952435998137,-26.92438272945574],[-48.67927111105933,-26.924593730969764],[-48.6791479651177,-26.92467405277748],[-48.6790476221645,-26.924653807485477],[-48.67896532632197,-26.924620577080507],[-48.679030854123134,-26.924459615827253],[-48.67907086172861,-26.92424245103475],[-48.67907635291285,-26.923974247331078],[-48.67906474837599,-26.923817329720116],[-48.67898408418876,-26.923704435368077],[-48.67890341916908,-26.923591540059835],[-48.678768669992856,-26.923514944898738],[-48.67880348650758,-26.923406606241787],[-48.67880862325543,-26.92330043511983],[-48.68028105375741,-26.9231756685507],[-48.680266917270664,-26.92295903975231],[-48.679910206799526,-26.922760714897763],[-48.68006164169014,-26.9226011656722],[-48.68021837546826,-26.92232747921961],[-48.68028031175193,-26.9220522339694],[-48.68033754493506,-26.921572370160217],[-48.68037219522957,-26.921471997617925],[-48.680407446237226,-26.92259514146785],[-48.68052989827793,-26.92266096364533],[-48.680537624286444,-26.923190984014283],[-48.68064043491004,-26.92330919505426],[-48.68071276353621,-26.923707111254387],[-48.680923265529195,-26.923705022516664],[-48.68095176150494,-26.92352238605237],[-48.68115369215464,-26.923636677844847],[-48.681291130912946,-26.923575127677523],[-48.68132340591954,-26.923661661515673],[-48.68196195086835,-26.92361389438335],[-48.681716703823454,-26.92349889194974],[-48.68199870029885,-26.923178931076766],[-48.683078442413695,-26.922744453272156],[-48.683495012744444,-26.922654192847673],[-48.6827074795622,-26.923631689735224],[-48.68278611224046,-26.92385193621678],[-48.68245635845854,-26.92389167834036],[-48.682363328544305,-26.92394859062777],[-48.68214410371667,-26.923938707327046],[-48.68215055140064,-26.924064632821775],[-48.68177995060863,-26.924217926452865],[-48.68178429692053,-26.92397718433476],[-48.68077660486266,-26.924066046414175],[-48.68076753755084,-26.924282293741822],[-48.68145073871655,-26.92423111112097],[-48.681262583530994,-26.924302397129726],[-48.68040529411947,-26.92434408919628],[-48.68036915333501,-26.924088478249924],[-48.67931699384669,-26.9241571783726],[-48.679327665727946,-26.92439178341263],[-48.67952435998137,-26.92438272945574]],[[-48.68035139626849,-26.923746252026408],[-48.68031267746807,-26.923520896855194],[-48.679261956555735,-26.92359516951175],[-48.679266526173805,-26.923825512180695],[-48.68035139626849,-26.923746252026408]]],[[[-48.68915901717176,-26.921049538311646],[-48.68831520806132,-26.921090161432964],[-48.687497479852475,-26.921426325922237],[-48.68728966109182,-26.921600475959888],[-48.68725442191851,-26.921810746307674],[-48.68719284817273,-26.922098266348787],[-48.68663666011171,-26.922660657481277],[-48.68692824497697,-26.922931773067102],[-48.6872826876864,-26.92254917842218],[-48.68735279106178,-26.922450452614065],[-48.68750141309821,-26.922447339608333],[-48.68761649330268,-26.92257129603971],[-48.687522961852736,-26.922908229453157],[-48.68710113058302,-26.923256428312705],[-48.68717817850133,-26.923424150463802],[-48.68701412379291,-26.923576822859474],[-48.686804413732204,-26.92354009211655],[-48.68669163119108,-26.923673110508368],[-48.686493470063304,-26.923762487729057],[-48.686409461000906,-26.92393589226449],[-48.686155077133826,-26.923965012072948],[-48.68607985044496,-26.923859741420397],[-48.68620654332866,-26.923566354887424],[-48.686428818100936,-26.923442381684023],[-48.68651827931759,-26.923305132214537],[-48.68647626549019,-26.923240634100914],[-48.68602669992409,-26.92312783749201],[-48.68538607898156,-26.92358064030375],[-48.68526981022397,-26.923514922720596],[-48.68517020227326,-26.923391219223006],[-48.68522855419275,-26.92326178334823],[-48.68608128035026,-26.92257664365801],[-48.68559823381493,-26.92213315280006],[-48.685619911658435,-26.921980920680987],[-48.68573265069089,-26.92191618671434],[-48.68584122135608,-26.921904096243527],[-48.68637073249516,-26.92234557325129],[-48.686837348570904,-26.921925979310718],[-48.68690788398479,-26.921502664841697],[-48.68726209558971,-26.921131164303954],[-48.68772496913782,-26.92089461016749],[-48.687509071549485,-26.92040279248381],[-48.687605281651784,-26.92023791011485],[-48.68773561996251,-26.92022062577711],[-48.68786375250754,-26.920311503283692],[-48.68812009880014,-26.920792886947254],[-48.68828716932312,-26.92079562435199],[-48.688152977479774,-26.920546510947432],[-48.68820987067568,-26.920336595037348],[-48.68834600144856,-26.920338825405093],[-48.688441402432495,-26.92036535690065],[-48.68852018735504,-26.920599691066254],[-48.68874596890046,-26.9207587517493],[-48.68910060230049,-26.920726760274366],[-48.68915901717176,-26.921049538311646]],[[-48.68646983261075,-26.92294922529985],[-48.686322701033916,-26.922727641572187],[-48.68624365420323,-26.922809574784555],[-48.68646983261075,-26.92294922529985]]],[[[-48.69745838648545,-26.920097558159704],[-48.697526135652886,-26.920495821598713],[-48.697393584439176,-26.920733383568233],[-48.69729323131853,-26.920776411917036],[-48.69683750769621,-26.92059907828773],[-48.69715820938624,-26.920481766493676],[-48.69745838648545,-26.920097558159704]]],[[[-48.680761141563245,-26.91984206071277],[-48.68173962457211,-26.919767124315484],[-48.68184658052939,-26.91994490251373],[-48.68108632158861,-26.92002538271263],[-48.68089173137184,-26.91997702598536],[-48.680761141563245,-26.91984206071277]]],[[[-48.69584815701492,-26.920965770202418],[-48.695745204135534,-26.921121520640327],[-48.69582122785401,-26.921308817408445],[-48.69576449268849,-26.921350826956928],[-48.69579525134414,-26.92140857710995],[-48.6954696489814,-26.92152133307959],[-48.6954235117397,-26.921434707312912],[-48.69487249584372,-26.921640385563578],[-48.6949023181197,-26.921547845220243],[-48.69528161129457,-26.921346518201887],[-48.695235474262134,-26.921259892385372],[-48.69476542551871,-26.92140964502713],[-48.694654283734025,-26.921379204750572],[-48.69584815701492,-26.920965770202418]]],[[[-48.68347279114856,-26.92059875471764],[-48.683377696881706,-26.92040576516309],[-48.682953943955596,-26.920620752735186],[-48.681359983488164,-26.92069928861645],[-48.6819448646809,-26.920355599956498],[-48.684525044459754,-26.920220686894126],[-48.68458814595023,-26.92031327502185],[-48.68459082261565,-26.92048532605615],[-48.68446783875593,-26.920597054816778],[-48.684340423417396,-26.92062270718406],[-48.684186693079816,-26.920573020284227],[-48.68347279114856,-26.92059875471764]]],[[[-48.683048022192345,-26.921014862424062],[-48.68196865480942,-26.920977714165968],[-48.68151726313192,-26.921106238748884],[-48.68127611603472,-26.921396352757256],[-48.6812726217241,-26.921323993507134],[-48.68100526422996,-26.92133815794731],[-48.68098353202554,-26.921477547504427],[-48.68087507500491,-26.921484087951523],[-48.68065118328734,-26.921838293419324],[-48.68064274396985,-26.921348901266683],[-48.680374966133805,-26.921336567660536],[-48.680419970563996,-26.921164642885554],[-48.68072196919369,-26.92117757681389],[-48.68087935482772,-26.921161569250014],[-48.68098472197443,-26.92108095344225],[-48.681045760953694,-26.920994295484597],[-48.68294307558512,-26.920932020384946],[-48.683020847119565,-26.920975981626626],[-48.683048022192345,-26.921014862424062]]],[[[-48.67418984241428,-26.919631623988227],[-48.673955928969114,-26.919622455449282],[-48.67391538293819,-26.91957662863765],[-48.67374022480748,-26.919592335467026],[-48.67358187476515,-26.91936658950505],[-48.67343205038044,-26.919303022078854],[-48.67350660719462,-26.91924381944551],[-48.673446504345094,-26.918309776806293],[-48.673497789336295,-26.918265464013665],[-48.673542931963716,-26.91823167601488],[-48.673588856963775,-26.91830415455981],[-48.673763521765245,-26.91831234771201],[-48.673929539499724,-26.91845321564596],[-48.67397864540826,-26.918515122230854],[-48.67413134317394,-26.91872749264446],[-48.67417019581347,-26.919108658988456],[-48.674348905794076,-26.919100314380213],[-48.67435754209215,-26.91925718320993],[-48.67431372791556,-26.919370684967323],[-48.67427233066254,-26.91951079041364],[-48.67420149935518,-26.919532865815235],[-48.67418984241428,-26.919631623988227]]],[[[-48.67292736605233,-26.918914838864456],[-48.67289916509929,-26.91837579326903],[-48.67295389480391,-26.91834415614281],[-48.67324457897421,-26.91833035435233],[-48.673280116180635,-26.91905347449459],[-48.67292736605233,-26.918914838864456]]],[[[-48.727553467576115,-26.91777364161668],[-48.72775617614739,-26.918037953541457],[-48.727355838124105,-26.91850139118557],[-48.727135033290864,-26.9184481116533],[-48.72710455292077,-26.91830839553003],[-48.727553467576115,-26.91777364161668]]],[[[-48.68042558047187,-26.919586844896443],[-48.68045897740681,-26.919258002333873],[-48.6815409822879,-26.919189577894173],[-48.68164728121608,-26.91928842604139],[-48.68160360165913,-26.919456941195662],[-48.681521630662125,-26.919530500569426],[-48.68042558047187,-26.919586844896443]]],[[[-48.69827484663941,-26.91959564835422],[-48.69813497915266,-26.91940731122272],[-48.69809123684921,-26.919202651367502],[-48.698295135535375,-26.918940311853742],[-48.6982758481549,-26.918317425697918],[-48.69842500202418,-26.918441510799884],[-48.69841056378895,-26.918562926536755],[-48.69832060399454,-26.918668799527847],[-48.69833967995157,-26.918908835904332],[-48.698515600073,-26.919287395422526],[-48.69827484663941,-26.91959564835422]]],[[[-48.695121884068044,-26.918399793352613],[-48.69554115744147,-26.918365720444665],[-48.695660717633444,-26.918421772254423],[-48.695697445813146,-26.918518086238663],[-48.69568186103844,-26.9185996745681],[-48.69562954483487,-26.91866124260609],[-48.69533315418781,-26.91866403108822],[-48.695121884068044,-26.918399793352613]]],[[[-48.6859540705401,-26.92026077617797],[-48.68567433027541,-26.919864986361333],[-48.68581877218387,-26.919914541845472],[-48.686606196124124,-26.919849773912123],[-48.68662353345279,-26.91975850547572],[-48.68566628640891,-26.919803842782972],[-48.6855600599763,-26.91954963774532],[-48.68567870165044,-26.919498870895076],[-48.686586839905765,-26.91943330876965],[-48.68657621879369,-26.919347130090312],[-48.6857459361072,-26.91938900156135],[-48.68569683113867,-26.91936877581027],[-48.68549031696657,-26.919479135502172],[-48.68508151704224,-26.919189449045234],[-48.685314234245496,-26.91915997433168],[-48.68542778026617,-26.919358813547618],[-48.68615549378533,-26.919035056693282],[-48.68760477572719,-26.918915937617008],[-48.68777172554233,-26.918962369337194],[-48.68780307139607,-26.919094663507842],[-48.687761937492475,-26.919214671828275],[-48.68766925978611,-26.919244364620152],[-48.68694402793193,-26.919294899928982],[-48.686945367603066,-26.91938092554076],[-48.687766481711776,-26.919333348567367],[-48.68785692178346,-26.919451351863795],[-48.687859941820406,-26.91960676333597],[-48.68778776526405,-26.919655518523722],[-48.68700056811735,-26.919709200566597],[-48.68700638048379,-26.92003111690765],[-48.686920300253966,-26.920154550122223],[-48.68602498442376,-26.92019812999385],[-48.6859540705401,-26.92026077617797]]],[[[-48.687439278948155,-26.918456849589877],[-48.68758699076937,-26.918498111109532],[-48.68773379680295,-26.918583746519076],[-48.6879959806759,-26.918626883447054],[-48.68804282384658,-26.918758043563383],[-48.68800934141514,-26.918882340272962],[-48.687894021096064,-26.91892206547157],[-48.68776717377399,-26.918919986876197],[-48.687557698125886,-26.91887216425381],[-48.68742343583154,-26.91877841109751],[-48.68666093873202,-26.91883527042407],[-48.687439278948155,-26.918456849589877]]],[[[-48.686310063464674,-26.916237609651535],[-48.68611145905055,-26.916567271429802],[-48.686022398741954,-26.916581002560637],[-48.68606948616319,-26.916652587709425],[-48.685880388179854,-26.916971307752323],[-48.68573188352371,-26.916817495502997],[-48.685138510811456,-26.91698220998116],[-48.68495884214465,-26.916960704805255],[-48.68492525107387,-26.916882208819096],[-48.68494254018254,-26.916745161222646],[-48.68554599401453,-26.916593603386115],[-48.68538546251133,-26.916352840001803],[-48.68576539214255,-26.916237001163108],[-48.686310063464674,-26.916237609651535]]],[[[-48.682348847082395,-26.914641877162964],[-48.682517187726404,-26.91473341945163],[-48.68263581462224,-26.914380255276487],[-48.68374240969773,-26.91671775167686],[-48.68362748699348,-26.91673805961906],[-48.68357143760638,-26.916906372562963],[-48.68380020601083,-26.916918450961937],[-48.68383310459948,-26.916974477893536],[-48.68387841605033,-26.916852757114153],[-48.683960323984145,-26.916803602319543],[-48.68415354039258,-26.916741145917122],[-48.68432903645517,-26.916785640762402],[-48.68436429255967,-26.916877771065465],[-48.684303585302466,-26.916971102439312],[-48.68427566356508,-26.917126005112515],[-48.684106956304085,-26.917203691764442],[-48.68398155556984,-26.917231245092967],[-48.68465919615424,-26.91865262520687],[-48.68504334060145,-26.918633958707744],[-48.685222798501826,-26.918939303344462],[-48.68483206948101,-26.918977282583484],[-48.68483993547612,-26.919046768964296],[-48.68478132260479,-26.919037485012122],[-48.684777995832675,-26.919503514887918],[-48.684900838547655,-26.920004907478585],[-48.68397322662099,-26.918144764686378],[-48.68159012298038,-26.918299831388726],[-48.68159392940581,-26.9184164149032],[-48.68170022773011,-26.918515262074862],[-48.681704349296616,-26.91876779205283],[-48.6816028515434,-26.918888194422642],[-48.680468567640695,-26.918934081899202],[-48.680429374017926,-26.918532323528392],[-48.681261587090866,-26.91847476299101],[-48.681261442703466,-26.91833049623402],[-48.680275413610936,-26.918381035876255],[-48.680137570056665,-26.918166259052324],[-48.679748178734165,-26.91808016478069],[-48.67974218391894,-26.917861632067428],[-48.67941428241416,-26.917888727309776],[-48.67943124061531,-26.91763930649345],[-48.679489371317594,-26.917549945463055],[-48.67970534019173,-26.91754475510724],[-48.67970458228143,-26.917314409953974],[-48.679789373676805,-26.91722548717169],[-48.67979730841002,-26.917127332150272],[-48.679583834607065,-26.91698834633609],[-48.67967962187408,-26.916986695269326],[-48.679671900348616,-26.9167590746426],[-48.67948143218192,-26.916779464381005],[-48.67950643345796,-26.91642657677752],[-48.679619872260645,-26.916428076704424],[-48.67960179469122,-26.91625548021934],[-48.679981721561866,-26.91622453801188],[-48.6800288712019,-26.916404284118496],[-48.68033881387948,-26.91638163608827],[-48.680700075476224,-26.91657345336572],[-48.680740722347906,-26.91670451456005],[-48.68002194891544,-26.916742635883402],[-48.68002995484591,-26.916956389942484],[-48.68030266058882,-26.91693867888912],[-48.68005587016021,-26.91705114255865],[-48.67994301880578,-26.917121419290993],[-48.6799288847399,-26.917207190320422],[-48.680258129212426,-26.91714879429791],[-48.68086158479253,-26.91715039044392],[-48.681089616760914,-26.917198526799783],[-48.68007310091569,-26.91726782234828],[-48.68006805097723,-26.917514652402925],[-48.68105329058074,-26.91746149014663],[-48.681009101602605,-26.917654966128516],[-48.6814904781794,-26.917421510491657],[-48.68359157616787,-26.917284010781],[-48.683490920234355,-26.917060412515816],[-48.68185468640284,-26.9171667088692],[-48.682081803196496,-26.916956818110556],[-48.682480979734684,-26.916808012960495],[-48.683354612768824,-26.91676409752108],[-48.68326014466256,-26.916540601611377],[-48.68285693544439,-26.916583918990405],[-48.682889686839296,-26.916495678284186],[-48.68224115565846,-26.916276953906536],[-48.68309661727008,-26.916213321978386],[-48.682903117379155,-26.915838386249014],[-48.68165948096409,-26.915906782617903],[-48.68148233805381,-26.915585105559497],[-48.68277069956706,-26.915503294000427],[-48.68253536301601,-26.915055538581957],[-48.68123024102665,-26.915161255267535],[-48.68102951104156,-26.914833877534875],[-48.6823867987086,-26.91475347247412],[-48.682348847082395,-26.914641877162964]],[[-48.68011554130176,-26.918067522044662],[-48.683818864462765,-26.917823184330356],[-48.683739410103534,-26.91762212953414],[-48.680117042824065,-26.917842827132],[-48.68011554130176,-26.918067522044662]]],[[[-48.70846186368069,-26.933945536659238],[-48.708378342693344,-26.933412145716108],[-48.7085249259697,-26.933021716926298],[-48.708747255206504,-26.933000467313903],[-48.70885444952259,-26.933186183475815],[-48.70870170131346,-26.933332870087224],[-48.708797119622126,-26.933826676446603],[-48.708751967384465,-26.934139196857238],[-48.70846186368069,-26.933945536659238]]],[[[-48.689783101360824,-26.933032939331746],[-48.68974320023423,-26.933132820378223],[-48.68945564498751,-26.932943844394124],[-48.68951361952641,-26.932877111633626],[-48.689783101360824,-26.933032939331746]]],[[[-48.68933656177694,-26.93207663074468],[-48.68902757863762,-26.93211407158802],[-48.688878330331164,-26.93220260678853],[-48.68848998240428,-26.93191732321588],[-48.6887088179355,-26.931904306228798],[-48.688834641712496,-26.931983403110614],[-48.68886491840421,-26.93195202257654],[-48.68894129760739,-26.93198515061704],[-48.68902726908976,-26.93198390330238],[-48.68918553583286,-26.931925398809348],[-48.68933656177694,-26.93207663074468]]],[[[-48.691716672688315,-26.93362642215995],[-48.69162325887571,-26.93370192869254],[-48.69145039337363,-26.933749570769926],[-48.69126444645833,-26.933711993840994],[-48.690936085085724,-26.933536610307414],[-48.69064618622464,-26.933364511649106],[-48.69031348514505,-26.932965918407668],[-48.690450851625016,-26.932915039676104],[-48.6908601502613,-26.933336138006325],[-48.69117568550887,-26.933559127144687],[-48.6913603346801,-26.933660436214304],[-48.691447605960995,-26.93359545457344],[-48.69157958852917,-26.933517922618947],[-48.691716672688315,-26.93362642215995]]],[[[-48.69048474275251,-26.932124655635054],[-48.69006803632405,-26.932721496402657],[-48.68978244300446,-26.9326291577214],[-48.68980328365134,-26.93255179962269],[-48.689941879621955,-26.93258594614006],[-48.69004924086541,-26.932553171902153],[-48.69037399378306,-26.932105575122947],[-48.69048474275251,-26.932124655635054]]],[[[-48.7052312953829,-26.93116323531405],[-48.70509118779547,-26.93095957862982],[-48.70492476600472,-26.93082261976052],[-48.70516765864683,-26.930744528988757],[-48.705881243537384,-26.930159462586087],[-48.706094293969116,-26.930185302369047],[-48.70619689153098,-26.93032370827653],[-48.70604026464766,-26.930525024910512],[-48.7055188490802,-26.930934215714807],[-48.7055588865499,-26.931148675408366],[-48.70547464674594,-26.931199513924334],[-48.7052312953829,-26.93116323531405]]],[[[-48.683653639027455,-26.925194373817725],[-48.68395893447607,-26.92594590318148],[-48.683992435858755,-26.926124009169158],[-48.6839391349921,-26.926309013240274],[-48.68380107064038,-26.926401073116562],[-48.683685967953174,-26.926429700781586],[-48.68376817986484,-26.926647447200963],[-48.68419898867978,-26.926618454183075],[-48.68434413728913,-26.926937108194842],[-48.6838783632389,-26.926959245724568],[-48.68365202906133,-26.926578323461268],[-48.68351365032084,-26.926244002802957],[-48.68345366515887,-26.92540891367767],[-48.683653639027455,-26.925194373817725]]],[[[-48.68472247818744,-26.925385540341743],[-48.684612680793265,-26.925306057995027],[-48.68464588709896,-26.925195630096912],[-48.68454665204296,-26.925205098632944],[-48.68443938215723,-26.92515340018706],[-48.68441729301849,-26.925022645342686],[-48.68453284630556,-26.924971829998885],[-48.68461561278541,-26.924859441424744],[-48.68476733155607,-26.924856382282673],[-48.684881660990854,-26.92471399397988],[-48.68510122087718,-26.924723145822963],[-48.6851618543356,-26.924785175761603],[-48.68522024363692,-26.924805554126763],[-48.68472247818744,-26.925385540341743]]],[[[-48.70009671001014,-26.925214187280467],[-48.69984742303905,-26.925499940787528],[-48.69963630105225,-26.92528181956749],[-48.69986041228666,-26.92505648113223],[-48.70009671001014,-26.925214187280467]]],[[[-48.693673059401036,-26.929677821169943],[-48.69371916396312,-26.92974232832341],[-48.69367100590425,-26.929778730278365],[-48.69354883499858,-26.92981126622036],[-48.693673059401036,-26.929677821169943]]],[[[-48.687987658622795,-26.931371836786482],[-48.68784487853367,-26.93143391384406],[-48.68760916621093,-26.931257384042055],[-48.68770364094688,-26.931202484750937],[-48.687987658622795,-26.931371836786482]]],[[[-48.69250217054278,-26.930491451228402],[-48.69244143062543,-26.930563508719583],[-48.692295936713094,-26.930577066430814],[-48.69223736062642,-26.93054290398657],[-48.692419432446215,-26.93047947249912],[-48.69250217054278,-26.930491451228402]]],[[[-48.68551762647491,-26.93031194179881],[-48.68570092871688,-26.930333544753513],[-48.68582317163849,-26.930478994418856],[-48.685696429891394,-26.930445038505926],[-48.68551762647491,-26.93031194179881]]],[[[-48.699558902282604,-26.93020164112887],[-48.699790244770156,-26.929915596207522],[-48.70007748369054,-26.930219042181182],[-48.699941043285335,-26.93035278133196],[-48.699736185874826,-26.9304156337098],[-48.699558902282604,-26.93020164112887]]],[[[-48.6871396280388,-26.930812047253816],[-48.68699752576729,-26.93084092961111],[-48.686893852130595,-26.930693128626345],[-48.68699708740162,-26.93068087527724],[-48.6871396280388,-26.930812047253816]]],[[[-48.685947961467726,-26.930608547934344],[-48.68607081971587,-26.93068759849015],[-48.686354870379304,-26.930673663167674],[-48.68653277200753,-26.930814713461125],[-48.68607715849668,-26.93081255293206],[-48.68593125046376,-26.93070124766954],[-48.685947961467726,-26.930608547934344]]],[[[-48.68626041472677,-26.92996551553479],[-48.68620770346618,-26.929789330176188],[-48.686056901638956,-26.929627473634827],[-48.6849969373245,-26.928853013158673],[-48.68493471237081,-26.928925041967208],[-48.68470797179648,-26.928708809920803],[-48.68473889956794,-26.92864556439167],[-48.68457263645525,-26.928515329218097],[-48.68445314623137,-26.92827163733774],[-48.68427556558614,-26.92782510627816],[-48.68477671538231,-26.928245071606725],[-48.68485305004236,-26.92857040272841],[-48.68495063147187,-26.928726074423764],[-48.686126351549994,-26.92949180876168],[-48.68653343699405,-26.92972959113157],[-48.68661492592422,-26.929802650103685],[-48.686669841988746,-26.93001606160415],[-48.68671059899469,-26.930269750139818],[-48.68662656657496,-26.93028497497958],[-48.68658796310541,-26.93014355264185],[-48.68651691464492,-26.93013973156735],[-48.68626041472677,-26.92996551553479]]],[[[-48.69471990802461,-26.92978923456043],[-48.695002934776824,-26.930007699588685],[-48.69506864439796,-26.930128310693078],[-48.69503147259189,-26.930207395507217],[-48.6949138773315,-26.930306416657796],[-48.694715335876474,-26.93015972745871],[-48.69471990802461,-26.92978923456043]]],[[[-48.69489610401729,-26.929286070918035],[-48.69538330005298,-26.92966592645741],[-48.69540693941172,-26.929815070929664],[-48.69533356847141,-26.929925441143805],[-48.69520838173751,-26.92996058513367],[-48.69506720192627,-26.929907806980715],[-48.69470206349337,-26.92957377545474],[-48.69483511559436,-26.929516180613163],[-48.69490234560114,-26.929416336485236],[-48.69489610401729,-26.929286070918035]]],[[[-48.70306411361631,-26.93197476570653],[-48.70282209159302,-26.932217870283026],[-48.702727231071904,-26.932218981251328],[-48.703002812359884,-26.931928608594507],[-48.70306411361631,-26.93197476570653]]],[[[-48.68765434936057,-26.931547987626523],[-48.68754344334695,-26.93160341705008],[-48.68728197444571,-26.931456905281536],[-48.68741626977926,-26.931379072223304],[-48.68765434936057,-26.931547987626523]]],[[[-48.69478994395564,-26.929114327370716],[-48.69469261049357,-26.92909148533323],[-48.69459850917077,-26.9290554140194],[-48.69444870475901,-26.9291353146794],[-48.69422914732935,-26.929147663984043],[-48.69446417814824,-26.928884538244283],[-48.69417278138592,-26.928640699793352],[-48.69374453785072,-26.928859492819768],[-48.69364624127077,-26.928738347504318],[-48.69347484328114,-26.928714294622505],[-48.693319004553615,-26.92879940712999],[-48.69326097633562,-26.929029564422265],[-48.69318231680968,-26.929254071663127],[-48.69320967291226,-26.92936608784182],[-48.69334449365159,-26.92944001432482],[-48.693135966136964,-26.929638490588285],[-48.69331758927125,-26.929815454432298],[-48.693273518452905,-26.92994224048372],[-48.693303059780455,-26.930383684412188],[-48.69330149233623,-26.93046069415717],[-48.69313427734521,-26.930667814356482],[-48.69304716144384,-26.93087093260463],[-48.69299302755883,-26.930836842205757],[-48.69287467310253,-26.93097303841027],[-48.693062926666144,-26.931115577647223],[-48.69302790431245,-26.931234543057794],[-48.69269424933278,-26.931319403159737],[-48.69259654039601,-26.93124209791382],[-48.69252037134564,-26.931271400208274],[-48.69246846079836,-26.931055382873296],[-48.692416754798266,-26.930974845814386],[-48.69235809739056,-26.93094466542213],[-48.692286182813746,-26.930983334971394],[-48.69222771743295,-26.931234735880842],[-48.69225085492475,-26.931553881008327],[-48.692277615631276,-26.931695107473185],[-48.69216746152633,-26.93164681821627],[-48.69204059652513,-26.931764280639232],[-48.692012916699305,-26.931668197774222],[-48.691684559723605,-26.93149281533899],[-48.691766444787525,-26.931401182128493],[-48.6918487497488,-26.93143440558437],[-48.69190035894176,-26.931374152624095],[-48.69175379497127,-26.931294719018616],[-48.691577778814434,-26.931060732654686],[-48.69134076688289,-26.93105685374264],[-48.6913096388575,-26.93098462159218],[-48.69109309502544,-26.930994359279932],[-48.691082867871394,-26.93091450071563],[-48.69173497414435,-26.93090923443477],[-48.69199947198971,-26.93072761507638],[-48.692420155887,-26.930880598944352],[-48.69266758017667,-26.930664166439257],[-48.692734315767986,-26.930734323991143],[-48.692983425042556,-26.930289468207416],[-48.69292838868093,-26.930081369268507],[-48.69267107279859,-26.930055910105455],[-48.69261230764442,-26.93003104070045],[-48.692616675360256,-26.929962046178648],[-48.69272257276994,-26.930000967624956],[-48.6928732994333,-26.929875926212937],[-48.69258540662909,-26.929605578714746],[-48.692487899449965,-26.929736803028753],[-48.692297623351614,-26.929329918945964],[-48.6925938615514,-26.928899116710905],[-48.69188340882993,-26.927840875852944],[-48.691583260151155,-26.927997408208554],[-48.69145648729431,-26.92770372669807],[-48.69166953253436,-26.92757439363174],[-48.69157721930826,-26.927450689053398],[-48.691427360148886,-26.92753324147939],[-48.69151545034969,-26.927282325566964],[-48.69198861217298,-26.92776821760732],[-48.69208195448109,-26.927841467461867],[-48.692269028696934,-26.9278232773843],[-48.69280471395639,-26.928586454555443],[-48.69287496111623,-26.92848400402368],[-48.69244699870425,-26.92781556248824],[-48.69266856389772,-26.927558860518406],[-48.693110377611006,-26.92812924111415],[-48.69318929595025,-26.92803755835527],[-48.692768814553226,-26.92743830607606],[-48.692823654535644,-26.927364823453328],[-48.693219363726385,-26.927870697210807],[-48.69327619283222,-26.92784506241805],[-48.692954611494635,-26.927191643841745],[-48.69297626808843,-26.927146839293464],[-48.69340316101314,-26.927722287614966],[-48.693484933722814,-26.927635963963336],[-48.69304549786797,-26.926948741913765],[-48.69308817289905,-26.926744897617873],[-48.69309540448394,-26.926535160182294],[-48.69300848444082,-26.9262920073304],[-48.693113523473535,-26.926227314839775],[-48.692575478624406,-26.92543488054729],[-48.69242007648483,-26.925498747991856],[-48.692532965537566,-26.92563075795125],[-48.69236410299401,-26.92562799593132],[-48.69218802870955,-26.925542767721712],[-48.69203403200111,-26.925537591727526],[-48.69183699334591,-26.925608747642816],[-48.6915935271577,-26.925631327236342],[-48.69141753740122,-26.92583299039968],[-48.690975743998244,-26.925844354837654],[-48.69103355928681,-26.92562482031179],[-48.69112631629396,-26.92558117971828],[-48.69107224657187,-26.92547138278886],[-48.69097087235696,-26.925501600293995],[-48.69075635413823,-26.925266983077904],[-48.690945100029516,-26.925166473047614],[-48.69085128701857,-26.924971021723177],[-48.69086002472461,-26.924833031922816],[-48.69089472223452,-26.92473000044264],[-48.69110447578123,-26.924616551958973],[-48.69104327870029,-26.924711181317658],[-48.6911964628843,-26.924756190204366],[-48.691237546058176,-26.92492155850881],[-48.69125658314963,-26.92529642158978],[-48.69152377181098,-26.92498202713423],[-48.69176271772412,-26.92489030584963],[-48.6920868607912,-26.924980613622726],[-48.69219759801418,-26.925072742536567],[-48.691469125608556,-26.925337088973084],[-48.69150832900968,-26.9254492992723],[-48.692325677382655,-26.925186406465528],[-48.69247239641203,-26.925257872317754],[-48.69307536042525,-26.925044596431476],[-48.69359009661719,-26.92479799790905],[-48.69395895817821,-26.924729648957324],[-48.69418615930478,-26.924632419731623],[-48.69424762740618,-26.925398466275883],[-48.69437506118165,-26.925543993706125],[-48.69448029075966,-26.92590698340521],[-48.69456635826599,-26.926046522030916],[-48.695033774381535,-26.92637824035151],[-48.69504744509312,-26.926580349269294],[-48.69459809536967,-26.92681739521594],[-48.69443939830041,-26.92704325219185],[-48.695092254362436,-26.926708589142283],[-48.695156767549875,-26.927033722944795],[-48.69440145412572,-26.927451716569262],[-48.69446425384863,-26.927569624468493],[-48.69529120906651,-26.927126236894992],[-48.69537318826438,-26.927175390794137],[-48.695717492472035,-26.927149138380397],[-48.69575724051233,-26.92723479251237],[-48.69467215707287,-26.927838661009687],[-48.69474691523468,-26.92795145158906],[-48.6958497752954,-26.927347872905962],[-48.69600941721948,-26.927658622239644],[-48.69694189878127,-26.928438891137773],[-48.697108127799545,-26.928425666059123],[-48.69781913336893,-26.929021678782977],[-48.6979521852031,-26.92889103049913],[-48.69710835374811,-26.928122840312078],[-48.69717602239936,-26.92770954737164],[-48.69824812879349,-26.92861959421242],[-48.698369006071715,-26.928504684758607],[-48.69705828443941,-26.927378231822225],[-48.696946365113014,-26.927052324726397],[-48.697075108063856,-26.926841914534368],[-48.69716517188877,-26.926784943890432],[-48.69731352404203,-26.926484535937163],[-48.69748513564364,-26.926497962235942],[-48.697453460224736,-26.926598389032378],[-48.69754061083879,-26.926684815491864],[-48.697615802834946,-26.926776360276886],[-48.69768420698633,-26.92691029718158],[-48.69782684086568,-26.926891373426283],[-48.699039640832986,-26.927878088979732],[-48.69916073112374,-26.92775255694791],[-48.69791906171252,-26.926728181946824],[-48.698178478184886,-26.926503964097606],[-48.69940183388896,-26.927554603199354],[-48.699529172792126,-26.92741323387643],[-48.698405033861924,-26.92643859430921],[-48.69883368813058,-26.926344644077663],[-48.69889773202855,-26.92640147283698],[-48.69972278074808,-26.92561269492661],[-48.69956484766339,-26.925947483127093],[-48.69950823287443,-26.926254701500206],[-48.69916656664874,-26.926589148786377],[-48.69925905062677,-26.926704883028368],[-48.699524874549724,-26.926456859711728],[-48.6995461477064,-26.92672284699047],[-48.69966082508769,-26.926767219019748],[-48.699545445820014,-26.92690346999083],[-48.699620262397,-26.927013602373524],[-48.69986804210439,-26.92677856714946],[-48.700143560106255,-26.926783059048155],[-48.700420531782676,-26.926715851112682],[-48.6998824202904,-26.92723835851788],[-48.70011883136623,-26.92741753562597],[-48.701016974118595,-26.926531654623094],[-48.700932137867404,-26.926331041908686],[-48.700979861345836,-26.92631588169042],[-48.70105845014882,-26.926240126716646],[-48.701264103755264,-26.92618238012845],[-48.70133391222571,-26.92624727118878],[-48.701620469403004,-26.925999582359967],[-48.70185289256128,-26.925936958343232],[-48.70202374960279,-26.925841454297668],[-48.702145426573814,-26.92568670893137],[-48.70207637160514,-26.925584640171618],[-48.70251940523322,-26.92565826614267],[-48.70255705735812,-26.925701381431004],[-48.70280391853733,-26.925803688567214],[-48.70296136652601,-26.925931103649905],[-48.703129800320575,-26.925955096626673],[-48.7030722207672,-26.926017912810607],[-48.70281480267187,-26.925997783492356],[-48.702025429376,-26.926781848844648],[-48.702180076220586,-26.926901249753104],[-48.70292075756077,-26.926180144355627],[-48.70285773925573,-26.926365066505348],[-48.702962844437394,-26.92655340660362],[-48.703150053399874,-26.926387411782496],[-48.70320963302082,-26.926384892056877],[-48.70243318990882,-26.92713382258943],[-48.70261999492606,-26.92727499739743],[-48.703423965684976,-26.926501792569898],[-48.70370449821038,-26.92669762008084],[-48.701099229233606,-26.929197366014893],[-48.70105091164824,-26.928803430975428],[-48.70113278744665,-26.928711791687014],[-48.700867715573935,-26.928484333365933],[-48.70081147995836,-26.92833465910062],[-48.7006987399054,-26.92819468824645],[-48.70066609699179,-26.92834291481019],[-48.6998093757445,-26.927625002380406],[-48.69965575125909,-26.92774734772849],[-48.700422248273405,-26.92838409884994],[-48.70033536313566,-26.928430497208314],[-48.70034338723817,-26.928765334624156],[-48.69941400163758,-26.927977169029315],[-48.699281115261684,-26.92809985212077],[-48.700487476146435,-26.929113015379343],[-48.700537247764956,-26.92928914942415],[-48.70076644596354,-26.929531961633796],[-48.700442224575475,-26.92988263386859],[-48.70041583282863,-26.92943061615789],[-48.699634516136555,-26.92879362308594],[-48.699536588793656,-26.928799995574025],[-48.699050405485266,-26.928369698943943],[-48.698902704190765,-26.928492139985952],[-48.69917644426693,-26.928730368487813],[-48.69865184871605,-26.928732436558676],[-48.69823336652572,-26.928762798257388],[-48.698155735014694,-26.929229057447277],[-48.69781680163891,-26.92957417150349],[-48.69757004050341,-26.92961264612107],[-48.69728390246736,-26.929692980427333],[-48.69565220810188,-26.92831954296912],[-48.69552249546471,-26.928431648869324],[-48.696282938802774,-26.92907363534062],[-48.69630738894895,-26.92918294683622],[-48.69615612796965,-26.929334547514244],[-48.69600541251752,-26.929313491296238],[-48.6952744334381,-26.92867995413031],[-48.69516562009533,-26.9287844317058],[-48.6957895195921,-26.929291370297765],[-48.69581628445349,-26.92943259637891],[-48.69571328788047,-26.92954248200573],[-48.695650155356596,-26.92958660946621],[-48.695478755479,-26.92956255891504],[-48.6948938553728,-26.929032348937998],[-48.69478994395564,-26.929114327370716]],[[-48.70241275832402,-26.92594873422859],[-48.70210465445897,-26.92594371609942],[-48.701616756004306,-26.926475018029493],[-48.7017596059758,-26.926591570393214],[-48.70241275832402,-26.92594873422859]],[[-48.70134226382006,-26.92671227806845],[-48.7003719415999,-26.92765011195257],[-48.70053256754805,-26.927766955324522],[-48.70149087615027,-26.926836894019424],[-48.70134226382006,-26.92671227806845]],[[-48.70174414972957,-26.927061501202104],[-48.70078896461508,-26.927983646603316],[-48.7009108619439,-26.928110484556573],[-48.70187256449449,-26.927159224491223],[-48.70174414972957,-26.927061501202104]],[[-48.70213715214997,-26.927410579493834],[-48.70119414006715,-26.928316987057748],[-48.701371410907655,-26.92848988584852],[-48.70234722748414,-26.92757338520939],[-48.70213715214997,-26.927410579493834]],[[-48.69721461809619,-26.926830909816452],[-48.69706955634612,-26.926969330865862],[-48.698634728510136,-26.928261974453203],[-48.69876465475179,-26.92813924372805],[-48.69721461809619,-26.926830909816452]],[[-48.69758308661713,-26.929262214950143],[-48.69602739622387,-26.92794049374203],[-48.69590032247363,-26.9280685819435],[-48.69745052046827,-26.92936896344037],[-48.69758308661713,-26.929262214950143]],[[-48.69551821104404,-26.927913582043562],[-48.69450260915446,-26.928452173686132],[-48.694735781324894,-26.928644588626124],[-48.69551821104404,-26.927913582043562]],[[-48.693960933532544,-26.927691560395],[-48.69429718215033,-26.92820708465073],[-48.69437426299816,-26.928205687715295],[-48.694474134444555,-26.928103720478283],[-48.69463649051687,-26.927989493170546],[-48.69448911734143,-26.927949895375964],[-48.69441683628025,-26.927861052456706],[-48.69431374004493,-26.927830147525825],[-48.69422190056874,-26.927828646444425],[-48.694028541247896,-26.9275731281576],[-48.693960933532544,-26.927691560395]],[[-48.693721073327104,-26.927682326626712],[-48.69376131607484,-26.92759798061375],[-48.69368408246661,-26.927461241799627],[-48.6936251652022,-26.92729823834343],[-48.6935957016338,-26.927289787242977],[-48.693478963905775,-26.927492420801496],[-48.6935253377518,-26.92754365036123],[-48.693721073327104,-26.927682326626712]],[[-48.69399197328973,-26.928350854018344],[-48.69373845222952,-26.927993409168025],[-48.69366152467945,-26.928132940291423],[-48.69386904859202,-26.928420567321997],[-48.69399197328973,-26.928350854018344]],[[-48.69344048116412,-26.928655292037178],[-48.693554734508496,-26.928574812096407],[-48.69344539898903,-26.92841364099089],[-48.69336012320526,-26.928526471357838],[-48.69344048116412,-26.928655292037178]],[[-48.694015060775435,-26.926924747675248],[-48.69429959797803,-26.926485780456645],[-48.693879926820664,-26.9267206532538],[-48.694015060775435,-26.926924747675248]],[[-48.69446035568131,-26.926012913013576],[-48.694361790433945,-26.925905046785836],[-48.69362689567946,-26.926339308132135],[-48.69369281909095,-26.926449297991923],[-48.69446035568131,-26.926012913013576]],[[-48.69370488417307,-26.927312823674082],[-48.69377529177109,-26.92720240582532],[-48.6933179187536,-26.926522860755274],[-48.693189341083304,-26.926579199094554],[-48.69370488417307,-26.927312823674082]],[[-48.69342524662951,-26.92605443370334],[-48.69416579489522,-26.925633547783715],[-48.694150775297466,-26.92549782606936],[-48.6933591085295,-26.92595506639236],[-48.69342524662951,-26.92605443370334]],[[-48.69399970483982,-26.925203152939126],[-48.69413469153051,-26.925123011204683],[-48.69411310703367,-26.924872957388327],[-48.6938530472454,-26.924982931386758],[-48.69399970483982,-26.925203152939126]],[[-48.693693909722,-26.925376133329344],[-48.69349220799672,-26.925093914041025],[-48.69338749347575,-26.925142673388464],[-48.69358897888606,-26.92543551454612],[-48.693693909722,-26.925376133329344]],[[-48.69303527086407,-26.92526707773426],[-48.6929215611777,-26.92532100225655],[-48.693166186453986,-26.925678302827265],[-48.69328603740711,-26.925613853271106],[-48.69303527086407,-26.92526707773426]]],[[[-48.69910841036422,-26.935876297382528],[-48.698963260367954,-26.93587260100332],[-48.6996348554368,-26.935200861712172],[-48.70022913935261,-26.93468724290899],[-48.70076410977188,-26.934175310316334],[-48.7010820411277,-26.933843130236955],[-48.70105672264143,-26.93377630726848],[-48.69881426256028,-26.93343159769761],[-48.69902241342625,-26.933105599859434],[-48.70097201669853,-26.933422953813253],[-48.70108018341839,-26.933642541551546],[-48.70123155160588,-26.93377782829408],[-48.70058286853876,-26.934489795859527],[-48.700052043788126,-26.93494335438055],[-48.69910841036422,-26.935876297382528]]],[[[-48.6889062419925,-26.932724638297362],[-48.68882141381967,-26.932822536670617],[-48.6891832923442,-26.93308608032054],[-48.68928166014346,-26.933254067844956],[-48.689338731028045,-26.93319596566806],[-48.68954930919444,-26.933342534611068],[-48.68955030985501,-26.933489247685444],[-48.689423866434545,-26.933621350951974],[-48.68928307726078,-26.933576108640217],[-48.68860233906781,-26.933092661718966],[-48.68853565532939,-26.933132716241733],[-48.687839901044434,-26.93328768875723],[-48.68772570721179,-26.933210679429898],[-48.687578872484,-26.933363913715656],[-48.687421209080235,-26.933363117450973],[-48.68728107717019,-26.933285682503914],[-48.687054429825494,-26.933437608437515],[-48.6874136042534,-26.932993270192643],[-48.68722293203013,-26.932865177914543],[-48.68677056554934,-26.93338698165259],[-48.686952877401446,-26.93352360349987],[-48.68667680869736,-26.933749854728184],[-48.68651284392118,-26.933666661380546],[-48.68610809978239,-26.934134103408528],[-48.68608479979981,-26.9341999135699],[-48.685710461903525,-26.934351202776977],[-48.685869319437586,-26.931459230409157],[-48.68599625834771,-26.93169388111156],[-48.685940469964734,-26.93325296138792],[-48.68589284861266,-26.933434656145593],[-48.685841063386874,-26.933820227418206],[-48.68656231325672,-26.933492152062097],[-48.68674714614372,-26.93323756917381],[-48.68717150738233,-26.93278654782727],[-48.68731095771089,-26.932799568754085],[-48.68759642747538,-26.93309048680727],[-48.687769042900406,-26.933043224410106],[-48.687881727202004,-26.93299855845464],[-48.68800993550334,-26.932975613908035],[-48.688147707876674,-26.933070899272096],[-48.68828507592085,-26.93289246308859],[-48.68820447344667,-26.932832105869124],[-48.68836433680953,-26.93262720265635],[-48.688207706688026,-26.932477939018963],[-48.68820539526117,-26.93239560747088],[-48.687921652869285,-26.9322156359411],[-48.68749096871266,-26.93219426406879],[-48.68688650474112,-26.931690592930146],[-48.68700833638669,-26.931588829172718],[-48.687515957486575,-26.93194779371429],[-48.68766681749971,-26.931792835850363],[-48.687816340327906,-26.9318990485229],[-48.68821472606343,-26.93189953023924],[-48.68875200309467,-26.93229351086911],[-48.68865844739017,-26.932396770986976],[-48.688014953889976,-26.931947028598643],[-48.68785204903029,-26.932105366647466],[-48.68831951469785,-26.9324761933163],[-48.68851793559367,-26.93263150935069],[-48.68858063403557,-26.93254219253056],[-48.6889062419925,-26.932724638297362]]],[[[-48.692511543124,-26.924287071846635],[-48.69251835909403,-26.9243444310548],[-48.69243499314288,-26.924419993740567],[-48.692329928314194,-26.9245810734801],[-48.692195016862314,-26.92463969253679],[-48.692172317180095,-26.924598222554906],[-48.69214283743016,-26.924604847889444],[-48.69191504689829,-26.92461811696749],[-48.69189083611471,-26.924581941170196],[-48.69189057003456,-26.92449696001184],[-48.692055482102006,-26.92443525387436],[-48.692125828917014,-26.92431296428773],[-48.692254172311635,-26.92428286215472],[-48.692511543124,-26.924287071846635]]],[[[-48.684287661579674,-26.924476933642094],[-48.6845429084784,-26.924167669831036],[-48.685723229789794,-26.924272814400716],[-48.6854737093707,-26.92451840951597],[-48.684287661579674,-26.924476933642094]]],[[[-48.728055671958096,-26.91790106453348],[-48.72831087419164,-26.917621750298665],[-48.729059651333095,-26.918039048276235],[-48.7287911710384,-26.918427541382115],[-48.728386152457695,-26.91870941623916],[-48.72737160672183,-26.919513514039707],[-48.72684764284141,-26.91991777771868],[-48.72619031963878,-26.920886734564117],[-48.71347871401586,-26.933440222993323],[-48.71307648592464,-26.933304422859297],[-48.71305266992216,-26.933110117465034],[-48.71435234048728,-26.93193286025611],[-48.71993095143245,-26.92652377200588],[-48.72841888882407,-26.91818287637259],[-48.728055671958096,-26.91790106453348]]]]}},{"type":"Feature","id":3,"properties":{"nome":null},"geometry":{"type":"MultiPolygon","coordinates":[[[[-48.70668624357878,-26.936432650446804],[-48.705292504052544,-26.93567408468834],[-48.70510285639572,-26.93627264444847],[-48.70526399608804,-26.936533824668853],[-48.70522709677703,-26.936712226457026],[-48.70492550781877,-26.9368117365815],[-48.704483680416246,-26.937808944628514],[-48.703871824916405,-26.938161960159153],[-48.704180564731715,-26.937436062654545],[-48.70358876945593,-26.93734687187399],[-48.70342077691002,-26.93715021806397],[-48.703362988198116,-26.936443214770385],[-48.70350576467536,-26.93624167634652],[-48.703765410390695,-26.936295627193225],[-48.70374092002939,-26.93695653991201],[-48.70422704086225,-26.937058927153924],[-48.704936969594065,-26.935698133519264],[-48.704882007170156,-26.935398903138992],[-48.70454522609455,-26.93531883872312],[-48.70443843916103,-26.93511323737002],[-48.70395211972579,-26.934747317275033],[-48.7041314963901,-26.934655764605655],[-48.705441223752906,-26.935452751937504],[-48.70672314047653,-26.936254249021108],[-48.70668624357878,-26.936432650446804]]],[[[-48.86653500680194,-27.036343780770043],[-48.866466698611944,-27.036432250700365],[-48.86636418675077,-27.03642075074961],[-48.86633245343309,-27.036336980066107],[-48.86653500680194,-27.036343780770043]]],[[[-48.71956424554486,-26.94192080077319],[-48.71963307222613,-26.94194677513724],[-48.71949161614438,-26.942083711989532],[-48.71924098851941,-26.942131867752067],[-48.719042328598626,-26.94207893185997],[-48.7191152786074,-26.94203784679456],[-48.71910976262728,-26.9418985332726],[-48.71933635302871,-26.94194197675242],[-48.71956424554486,-26.94192080077319]]],[[[-48.69973691523455,-26.93784348105578],[-48.69919110422993,-26.937675465844375],[-48.69924959081324,-26.937527251896608],[-48.69898077217007,-26.937378670686616],[-48.69896534552848,-26.937318752677086],[-48.69901233737241,-26.93719024006239],[-48.69913102034691,-26.93708278668572],[-48.699390160593644,-26.93716159763982],[-48.69961945275388,-26.937344339419212],[-48.69961823582068,-26.937677460899966],[-48.69973691523455,-26.93784348105578]]],[[[-48.70169017061587,-26.938367579692635],[-48.7011716805571,-26.93821990593275],[-48.70131940398379,-26.93777481005958],[-48.701190041967095,-26.935947879746816],[-48.701503832307615,-26.93579388163158],[-48.701709632161275,-26.937955199168872],[-48.701817322734165,-26.938116066223206],[-48.70181510444842,-26.93822541980335],[-48.70169017061587,-26.938367579692635]]],[[[-48.69514283207557,-26.939958176581804],[-48.695085573159204,-26.93985895400483],[-48.69511857896995,-26.93969346910607],[-48.69519863505267,-26.93961907050971],[-48.695354429073014,-26.939609662010263],[-48.696214977413554,-26.938684688099556],[-48.69532153268885,-26.939769836144073],[-48.69514283207557,-26.939958176581804]]],[[[-48.69180141957736,-26.93906809272572],[-48.69172111121939,-26.938936615059436],[-48.693813189270095,-26.93851925457463],[-48.69180141957736,-26.93906809272572]]],[[[-48.69369858289172,-26.941091422116774],[-48.694323782989315,-26.94073639180859],[-48.693661985194865,-26.941360447100184],[-48.693519878505455,-26.941279759274185],[-48.69369858289172,-26.941091422116774]]],[[[-48.70032771538177,-26.94057791567497],[-48.70011363731322,-26.940738508991164],[-48.700092654881516,-26.941225448539257],[-48.70002680881791,-26.94118956862143],[-48.69997156540435,-26.940358299813802],[-48.70006211759433,-26.94027027668839],[-48.70025582371998,-26.9402933244186],[-48.70032771538177,-26.94057791567497]]],[[[-48.69509931816952,-26.938819201386735],[-48.69474029009436,-26.93942164658885],[-48.69484193682407,-26.939524250692344],[-48.694818278863394,-26.939667309421313],[-48.69475427547146,-26.939753923822334],[-48.69457079331122,-26.939740299230305],[-48.69435070917753,-26.940068749812067],[-48.69446102979922,-26.940182122157328],[-48.694681364296876,-26.940132596032324],[-48.694875627269,-26.940053423509646],[-48.69499485009232,-26.93994778857769],[-48.69500372952315,-26.940094035002925],[-48.69449047178634,-26.94055582646955],[-48.694194889669156,-26.940443410306465],[-48.694077390499324,-26.940537119048212],[-48.69401016322921,-26.94049086112309],[-48.693574908466566,-26.940906109015714],[-48.693143588267596,-26.941273604352414],[-48.69298753833557,-26.941077135923912],[-48.69381123685079,-26.94021665625811],[-48.694070920754065,-26.939835726063105],[-48.69442111995659,-26.939230481727588],[-48.69490394925083,-26.938515836263893],[-48.694936199121294,-26.93882450478438],[-48.69509931816952,-26.938819201386735]]],[[[-48.69764928217665,-26.938336476238014],[-48.69740938389603,-26.938675645513936],[-48.69645545096173,-26.939480489537498],[-48.69632354805484,-26.939692141490035],[-48.69625376198254,-26.939850113289502],[-48.69598069547707,-26.939910291886573],[-48.695817032852865,-26.940046840952053],[-48.695707109416254,-26.940268796162357],[-48.69537797545223,-26.940357890951802],[-48.695279952188876,-26.940540261864342],[-48.695108112084995,-26.940805955394712],[-48.69483564969558,-26.940836307951486],[-48.69477213219328,-26.94068610194316],[-48.69550767164113,-26.939982118935845],[-48.69669727300458,-26.93904688040877],[-48.69764928217665,-26.938336476238014]]],[[[-48.691404486801986,-26.931459362074676],[-48.691574411440655,-26.93144604272367],[-48.691837395974304,-26.93176341935598],[-48.69186904847822,-26.931973249485903],[-48.69162876257531,-26.932207252932606],[-48.69147225729115,-26.932247627573787],[-48.69134301076919,-26.93212564926104],[-48.69139736548638,-26.932004888191855],[-48.69168703134548,-26.93169834435449],[-48.691404486801986,-26.931459362074676]]],[[[-48.68626736754691,-26.931490358589176],[-48.686229396686876,-26.931746479236082],[-48.68642874777121,-26.9318955269546],[-48.68636710131091,-26.931982176184253],[-48.68612326896351,-26.93180285672295],[-48.686076371893,-26.931460390879987],[-48.68604191751274,-26.931388265593082],[-48.686032883601456,-26.930853211233707],[-48.68611308182107,-26.930933242276062],[-48.68613490394823,-26.931330754809373],[-48.68626736754691,-26.931490358589176]]],[[[-48.69043079282106,-26.932008883575396],[-48.690688612516624,-26.93186434683786],[-48.69079127823583,-26.93191649888015],[-48.690886840413285,-26.931880874033848],[-48.69096247659593,-26.93180507691194],[-48.691041927699885,-26.931832941500655],[-48.691078386760516,-26.931934480847993],[-48.69096230141618,-26.93195914462051],[-48.69087685698534,-26.932079939816855],[-48.69041600307539,-26.932043838095513],[-48.69043079282106,-26.932008883575396]]],[[[-48.691943443529716,-26.9304955923381],[-48.691699304918366,-26.930696139417925],[-48.69133791763808,-26.930687569338236],[-48.691509992049895,-26.930387556859383],[-48.6909136618688,-26.929546346932902],[-48.6909343595704,-26.929403240365176],[-48.691033369463604,-26.929343763577098],[-48.69117293679703,-26.929330110099617],[-48.69128857342533,-26.929472791329218],[-48.6917146539052,-26.93008807737058],[-48.69205159530658,-26.929623409127643],[-48.692331117581766,-26.93015926110333],[-48.69230649702639,-26.930204017008066],[-48.692159846499166,-26.930201617798776],[-48.691943443529716,-26.9304955923381]]],[[[-48.69045910665285,-26.927508108788757],[-48.69074533742539,-26.927369675817676],[-48.690919009707066,-26.927563940097652],[-48.6909565450341,-26.927680839345015],[-48.691034712679226,-26.927762623058463],[-48.6909809439114,-26.927854770334424],[-48.69081853212553,-26.927891469717423],[-48.690692953567265,-26.927785652269428],[-48.69045910665285,-26.927508108788757]]],[[[-48.69030470353162,-26.92607438850806],[-48.69042559807965,-26.92621412058973],[-48.69027826540342,-26.926392396402562],[-48.69021609667376,-26.926309084748237],[-48.690102180882555,-26.926414558607494],[-48.6902040618209,-26.926605860443278],[-48.69009225079414,-26.92670600196719],[-48.689820306922364,-26.926535172777793],[-48.689760580638755,-26.92633203886496],[-48.69013031401153,-26.926209286121697],[-48.69030470353162,-26.92607438850806]]],[[[-48.68128781547629,-26.921732236509158],[-48.68139547866197,-26.921764523315254],[-48.68155721754222,-26.92202796641264],[-48.68163208191997,-26.92207497328358],[-48.68162880531053,-26.92215953583757],[-48.68168228408094,-26.922268612394934],[-48.6816628164919,-26.922463881681438],[-48.681649618516246,-26.922503892456465],[-48.68152566540875,-26.92266276526927],[-48.68138925450061,-26.92297679562663],[-48.681301263492756,-26.923041932666305],[-48.681053804888755,-26.923035091486142],[-48.68088832151411,-26.92295469025508],[-48.680810489134316,-26.922825792806634],[-48.68076345215147,-26.92255313726736],[-48.68069879109609,-26.9223856156913],[-48.680700039330674,-26.92232460125231],[-48.680819022011995,-26.921954799193557],[-48.680991172547344,-26.921860528236568],[-48.68102626359405,-26.922414579917962],[-48.681264664778034,-26.922410175041772],[-48.68128781547629,-26.921732236509158]]],[[[-48.684238426933085,-26.911295858986026],[-48.68430360396451,-26.910983430561913],[-48.68452892859173,-26.91101209698961],[-48.68462279221616,-26.911113511898268],[-48.68458312133393,-26.911237705403842],[-48.68445469756106,-26.9113132797785],[-48.684238426933085,-26.911295858986026]]],[[[-48.68471207799755,-26.910529595574598],[-48.68465961648782,-26.91082558660208],[-48.68431100154272,-26.910772703956027],[-48.68432588700073,-26.91049829008698],[-48.68471207799755,-26.910529595574598]]]]}},{"type":"Feature","id":4,"properties":{"nome":null},"geometry":{"type":"MultiPolygon","coordinates":[[[[-48.685541077195225,-26.91570342728883],[-48.68561521441558,-26.915710192289158],[-48.6856544138128,-26.915760772207555],[-48.688668645038526,-26.915613199518518],[-48.6887100246004,-26.91525321506622],[-48.68884573846963,-26.915427445354133],[-48.6889848438426,-26.915435272610964],[-48.689085425537584,-26.915359238275588],[-48.68910273015833,-26.915573144939028],[-48.690437265587775,-26.915539507024448],[-48.69058573994237,-26.915847112373754],[-48.689092346070694,-26.915930862159787],[-48.689110668015154,-26.916094847484626],[-48.69068759644708,-26.916012464684872],[-48.690743610500526,-26.91614932319281],[-48.6900460444437,-26.916210038435576],[-48.690324357159156,-26.916372730356667],[-48.689103490302664,-26.916447069028354],[-48.68909751335818,-26.91658846195488],[-48.69079476770487,-26.916524694170274],[-48.69112820592567,-26.916716030230827],[-48.6910460733794,-26.916797916071587],[-48.690988182624,-26.916905167096928],[-48.690863075361044,-26.91696970419459],[-48.690803741407855,-26.9168438886299],[-48.68907216899187,-26.91692096558386],[-48.68910899656425,-26.917088028043366],[-48.68988902778416,-26.917081379887755],[-48.68977134810247,-26.917374594347834],[-48.68976513449986,-26.91739007584904],[-48.68971651055244,-26.917650066049184],[-48.68964799465314,-26.917671138705188],[-48.68954517875806,-26.917552933873715],[-48.689415126269196,-26.917556352516485],[-48.68931208365905,-26.91744924104686],[-48.688314411773554,-26.9175050325878],[-48.68793761425626,-26.917770742489186],[-48.68771957720378,-26.917839302098862],[-48.68712062331042,-26.91776845065671],[-48.68692443040255,-26.917676456947834],[-48.68695166989985,-26.91755483316379],[-48.68650978508328,-26.917370032613874],[-48.685880388179854,-26.916971307752323],[-48.68606948616319,-26.916652587709425],[-48.68620065036334,-26.916746290305056],[-48.68868536353282,-26.916615003409945],[-48.68868886829584,-26.91644305243015],[-48.68611145905055,-26.916567271429802],[-48.686310063464674,-26.916237609651535],[-48.688713536234935,-26.91614383040833],[-48.688692742167746,-26.91594928696368],[-48.6857124777094,-26.91610019179466],[-48.68576539214255,-26.916237001163108],[-48.68538546251133,-26.916352840001803],[-48.685350601970754,-26.916241295155103],[-48.684425285559456,-26.91623998627798],[-48.684910932257075,-26.915948328227177],[-48.68525433874098,-26.91595396175922],[-48.685257056053764,-26.915820838876858],[-48.685541077195225,-26.91570342728883]],[[-48.6868796041615,-26.91714305293837],[-48.687057969414575,-26.91719868871385],[-48.68869622308642,-26.917145076829506],[-48.68869714315199,-26.91694811498787],[-48.68678269690854,-26.917038814397085],[-48.6868796041615,-26.91714305293837]]],[[[-48.68491748721627,-26.919189531918406],[-48.68508151704224,-26.919189449045234],[-48.68549031696657,-26.919479135502172],[-48.685072364774356,-26.919486150317255],[-48.68528291115055,-26.91993626956728],[-48.6854047611487,-26.919880008357552],[-48.68567433027541,-26.919864986361333],[-48.68574951838731,-26.919971667005623],[-48.6859540705401,-26.92026077617797],[-48.68551045872129,-26.920311761060375],[-48.68544799519936,-26.920491066720754],[-48.683495012744444,-26.922654192847673],[-48.683078442413695,-26.922744453272156],[-48.68199870029885,-26.923178931076766],[-48.681716703823454,-26.92349889194974],[-48.681316738170146,-26.923344586853126],[-48.681291130912946,-26.923575127677523],[-48.68115369215464,-26.923636677844847],[-48.68095176150494,-26.92352238605237],[-48.68089908183937,-26.92318513570738],[-48.680672060484014,-26.923087076449097],[-48.68064043491004,-26.92330919505426],[-48.680537624286444,-26.923190984014283],[-48.68052989827793,-26.92266096364533],[-48.68065513829494,-26.922703944123278],[-48.68065118328734,-26.921838293419324],[-48.68087507500491,-26.921484087951523],[-48.68098353202554,-26.921477547504427],[-48.680991172547344,-26.921860528236568],[-48.680819022011995,-26.921954799193557],[-48.680700039330674,-26.92232460125231],[-48.68069879109609,-26.9223856156913],[-48.68076345215147,-26.92255313726736],[-48.680810489134316,-26.922825792806634],[-48.68088832151411,-26.92295469025508],[-48.681053804888755,-26.923035091486142],[-48.681301263492756,-26.923041932666305],[-48.68138925450061,-26.92297679562663],[-48.68152566540875,-26.92266276526927],[-48.681649618516246,-26.922503892456465],[-48.68163281908613,-26.92272001291039],[-48.6817736932453,-26.922793071937964],[-48.682022974473526,-26.922483670537915],[-48.6816628164919,-26.922463881681438],[-48.68168228408094,-26.922268612394934],[-48.68162880531053,-26.92215953583757],[-48.68187946918935,-26.922160879536218],[-48.68188748302941,-26.921314846223396],[-48.68161184322554,-26.9213241885191],[-48.68163208191997,-26.92207497328358],[-48.68155721754222,-26.92202796641264],[-48.68139547866197,-26.921764523315254],[-48.68128781547629,-26.921732236509158],[-48.68127611603472,-26.921396352757256],[-48.68151726313192,-26.921106238748884],[-48.68196865480942,-26.920977714165968],[-48.683048022192345,-26.921014862424062],[-48.68309835060654,-26.92112666173997],[-48.6840490236971,-26.92110065489647],[-48.684417253173,-26.92110392458177],[-48.685072241061555,-26.920401672796665],[-48.684900838547655,-26.920004907478585],[-48.684777995832675,-26.919503514887918],[-48.68478132260479,-26.919037485012122],[-48.68483993547612,-26.919046768964296],[-48.68491748721627,-26.919189531918406]],[[-48.68278910725665,-26.9221744350736],[-48.68213954612393,-26.922912829724584],[-48.68229569174475,-26.922995850200273],[-48.68292623608254,-26.922279336890217],[-48.68278910725665,-26.9221744350736]],[[-48.68409996117631,-26.921485733696247],[-48.683986223359355,-26.921447801070002],[-48.68291701593843,-26.92151902361817],[-48.682822692585304,-26.92143979419882],[-48.68276640282454,-26.921316799694544],[-48.68223976165681,-26.921341440983266],[-48.682258347848524,-26.922248946411848],[-48.682557282656695,-26.92185713020218],[-48.682515781870634,-26.921767670997898],[-48.68255000930806,-26.921607322549953],[-48.682703650929646,-26.921509971316215],[-48.6828515912741,-26.92154014355235],[-48.68294478109111,-26.92167484121578],[-48.6829011022296,-26.92184335678431],[-48.683148081594695,-26.922024968680706],[-48.68339850752772,-26.921735003675103],[-48.68351332205464,-26.921720243448135],[-48.683624192972054,-26.921747032195498],[-48.683710798971006,-26.921901041630846],[-48.68409996117631,-26.921485733696247]]],[[[-48.69151545034969,-26.927282325566964],[-48.691427360148886,-26.92753324147939],[-48.69126504234268,-26.927625062683937],[-48.69116909091347,-26.927632437246004],[-48.69098826694157,-26.927495302962626],[-48.69067717190951,-26.926992871545654],[-48.690531552147874,-26.92708709319853],[-48.69074533742539,-26.927369675817676],[-48.69045910665285,-26.927508108788757],[-48.690046588084606,-26.926987914404236],[-48.68982631967321,-26.92663187670472],[-48.689820306922364,-26.926535172777793],[-48.69009225079414,-26.92670600196719],[-48.6902040618209,-26.926605860443278],[-48.69033757374172,-26.92681199087281],[-48.690476807155676,-26.9267373442211],[-48.69027826540342,-26.926392396402562],[-48.69042559807965,-26.92621412058973],[-48.69030470353162,-26.92607438850806],[-48.69013031401153,-26.926209286121697],[-48.689760580638755,-26.92633203886496],[-48.68994455541578,-26.926118583960484],[-48.69003430217411,-26.925730053428925],[-48.69020518383653,-26.925473447739716],[-48.69027403825272,-26.92542448276668],[-48.69075635413823,-26.925266983077904],[-48.69097087235696,-26.925501600293995],[-48.69074542148252,-26.92560215385931],[-48.69082692234077,-26.925716194633537],[-48.69103355928681,-26.92562482031179],[-48.690975743998244,-26.925844354837654],[-48.69141753740122,-26.92583299039968],[-48.6915935271577,-26.925631327236342],[-48.69183699334591,-26.925608747642816],[-48.69203403200111,-26.925537591727526],[-48.69218802870955,-26.925542767721712],[-48.69236410299401,-26.92562799593132],[-48.692532965537566,-26.92563075795125],[-48.69300848444082,-26.9262920073304],[-48.69309540448394,-26.926535160182294],[-48.69308817289905,-26.926744897617873],[-48.69304549786797,-26.926948741913765],[-48.6928777966728,-26.92673727268748],[-48.69273646068374,-26.926817254176935],[-48.69297626808843,-26.927146839293464],[-48.692954611494635,-26.927191643841745],[-48.69327619283222,-26.92784506241805],[-48.693219363726385,-26.927870697210807],[-48.692823654535644,-26.927364823453328],[-48.692768814553226,-26.92743830607606],[-48.69244199752232,-26.926968080707596],[-48.69232423905033,-26.92706633816832],[-48.69266856389772,-26.927558860518406],[-48.69244699870425,-26.92781556248824],[-48.692035432315635,-26.927233356638926],[-48.69191629655018,-26.9273011782706],[-48.692269028696934,-26.9278232773843],[-48.69208195448109,-26.927841467461867],[-48.69198861217298,-26.92776821760732],[-48.69151545034969,-26.927282325566964]],[[-48.692680515019156,-26.92642812822969],[-48.6920747011028,-26.92559886000835],[-48.69195197721862,-26.925646944590667],[-48.692556880269265,-26.926520923043135],[-48.692680515019156,-26.92642812822969]],[[-48.69225799126307,-26.926693143929278],[-48.69160608000381,-26.925775459105484],[-48.691481105048204,-26.925836029498342],[-48.69213504774951,-26.9267519585693],[-48.69225799126307,-26.926693143929278]],[[-48.6911317637241,-26.92593765166661],[-48.69100700695241,-26.925987490739935],[-48.69169481962481,-26.92700415974339],[-48.69182814006119,-26.926925835921963],[-48.6911317637241,-26.92593765166661]],[[-48.691408044420655,-26.92716942150939],[-48.69069288502337,-26.92612367926754],[-48.69054211824939,-26.926176670289557],[-48.6912705872026,-26.92725483169582],[-48.691408044420655,-26.92716942150939]]],[[[-48.69101059556569,-26.920059941033536],[-48.69095658822876,-26.92012841470514],[-48.69078546449901,-26.920172778092404],[-48.690768244380685,-26.920258500043413],[-48.69039555957735,-26.920322104981892],[-48.69040837333655,-26.920452708319495],[-48.690840237660765,-26.920370651520646],[-48.690789479988126,-26.92058344322112],[-48.69082429151182,-26.920697760261326],[-48.690510219648985,-26.920770647835724],[-48.69086147249358,-26.921303518509042],[-48.69186348808098,-26.9208839975614],[-48.69212127587318,-26.921143452700843],[-48.691010632150714,-26.92157784313194],[-48.69151177425511,-26.92250157024759],[-48.693439186608416,-26.921778129792656],[-48.69342803285759,-26.922022087695165],[-48.69346520755224,-26.92217250955887],[-48.69338250803793,-26.922282130889876],[-48.693149785418036,-26.922311617732195],[-48.69312381373625,-26.922257093923797],[-48.69300084183998,-26.922292536075297],[-48.692998013140055,-26.922317459289786],[-48.69271838153586,-26.922560841408412],[-48.69266549849145,-26.922421953716793],[-48.69172918489644,-26.92280614150797],[-48.691775864422986,-26.922945621077485],[-48.692666996998014,-26.92261444767301],[-48.69221666930093,-26.922842899323175],[-48.692179586993724,-26.922992106794602],[-48.69206785472171,-26.923159512607654],[-48.69191884083147,-26.92321984373138],[-48.69195387437883,-26.923285266682928],[-48.69170692704647,-26.92360138047566],[-48.690428675091205,-26.921317242066813],[-48.69025153162252,-26.92135318211619],[-48.69016293812376,-26.921296245632682],[-48.690140164660185,-26.921198771831314],[-48.69024176809849,-26.92107281567253],[-48.69012636128123,-26.920812915126028],[-48.68915901717176,-26.921049538311646],[-48.68910060230049,-26.920726760274366],[-48.6895932240917,-26.920548948063164],[-48.690018328828145,-26.92049487320286],[-48.689987781431235,-26.919829576233138],[-48.69013341856059,-26.91982086325005],[-48.69026635607543,-26.919676000470655],[-48.690363225937546,-26.919630422249767],[-48.690384351558635,-26.919998712972777],[-48.6909089058575,-26.91988626841954],[-48.69101059556569,-26.920059941033536]]],[[[-48.68836433680953,-26.93262720265635],[-48.68820447344667,-26.932832105869124],[-48.6876125977824,-26.932420329142015],[-48.68746148133736,-26.932587804829556],[-48.68800993550334,-26.932975613908035],[-48.687881727202004,-26.93299855845464],[-48.687769042900406,-26.933043224410106],[-48.68759642747538,-26.93309048680727],[-48.68731095771089,-26.932799568754085],[-48.68717150738233,-26.93278654782727],[-48.68674714614372,-26.93323756917381],[-48.68656231325672,-26.933492152062097],[-48.685841063386874,-26.933820227418206],[-48.68589284861266,-26.933434656145593],[-48.685940469964734,-26.93325296138792],[-48.68599625834771,-26.93169388111156],[-48.685869319437586,-26.931459230409157],[-48.68593125046376,-26.93070124766954],[-48.68607715849668,-26.93081255293206],[-48.68653277200753,-26.930814713461125],[-48.68741626977926,-26.931379072223304],[-48.68728197444571,-26.931456905281536],[-48.68651807839925,-26.93094167378983],[-48.68638642923842,-26.93093772594306],[-48.68631910225337,-26.930911575561296],[-48.68628470853206,-26.930934267977772],[-48.68635841034472,-26.93103923841164],[-48.68635422383718,-26.931146508534653],[-48.68700833638669,-26.931588829172718],[-48.68688650474112,-26.931690592930146],[-48.68749096871266,-26.93219426406879],[-48.687921652869285,-26.9322156359411],[-48.68820539526117,-26.93239560747088],[-48.688207706688026,-26.932477939018963],[-48.68836433680953,-26.93262720265635]],[[-48.68623895291267,-26.93346851064633],[-48.68613466441965,-26.933395240697664],[-48.68617150233169,-26.933546119619958],[-48.68623895291267,-26.93346851064633]],[[-48.68639988633331,-26.932331566770785],[-48.6862018342258,-26.932158364162177],[-48.68618730395086,-26.9325767482656],[-48.68639988633331,-26.932331566770785]],[[-48.68674511481224,-26.932530439445625],[-48.68627731721212,-26.933055884299257],[-48.68647015207931,-26.933191432178376],[-48.68692594078876,-26.932667578365315],[-48.68674511481224,-26.932530439445625]],[[-48.687284492422826,-26.932213688695825],[-48.68626736754691,-26.931490358589176],[-48.68613490394823,-26.931330754809373],[-48.68611308182107,-26.930933242276062],[-48.686032883601456,-26.930853211233707],[-48.68604191751274,-26.931388265593082],[-48.686076371893,-26.931460390879987],[-48.68612326896351,-26.93180285672295],[-48.68636710131091,-26.931982176184253],[-48.68642874777121,-26.9318955269546],[-48.68713330281478,-26.932384740966434],[-48.687284492422826,-26.932213688695825]]],[[[-48.68434413728913,-26.926937108194842],[-48.68419898867978,-26.926618454183075],[-48.687128120713865,-26.926408495485507],[-48.6876385383534,-26.92581483565466],[-48.687936651335285,-26.925159433445714],[-48.68792052031942,-26.925039873816623],[-48.68797206049359,-26.92494084265004],[-48.68811247830996,-26.924884883611835],[-48.68824686119089,-26.92497308933061],[-48.68852623268404,-26.9253882656678],[-48.689756850203565,-26.92438469926261],[-48.68996363896134,-26.92441305384539],[-48.69003901001888,-26.92451138976731],[-48.68996198527743,-26.92464607026223],[-48.68983652949371,-26.92472724563189],[-48.68874610203707,-26.925685946401202],[-48.68888160100537,-26.925871270729516],[-48.68914504601299,-26.92585339181172],[-48.68916810191714,-26.9259369990538],[-48.6890993951536,-26.92611897905798],[-48.68893224489595,-26.92627160287057],[-48.68877433545566,-26.92627456409215],[-48.68813412511515,-26.925492813733893],[-48.6878814776604,-26.926043536636925],[-48.687489274309094,-26.926456030786877],[-48.68727755968922,-26.926668957082303],[-48.686917009103446,-26.926743500367667],[-48.68434413728913,-26.926937108194842]]],[[[-48.704483680416246,-26.937808944628514],[-48.704078041582456,-26.938662544922614],[-48.70417285834384,-26.93868001015799],[-48.70420701412417,-26.9388685077424],[-48.70454481240369,-26.938898867483616],[-48.70489560876509,-26.938561489829194],[-48.70497031617465,-26.93815995130702],[-48.70498805397362,-26.937832070329474],[-48.70501840122134,-26.93770328455351],[-48.70518114484337,-26.93761146009819],[-48.70535730383214,-26.937678965218584],[-48.70547356671278,-26.93769080163156],[-48.705609787657885,-26.93753887777209],[-48.70595827216793,-26.937589296632837],[-48.70606052429628,-26.937745100723436],[-48.706028990516444,-26.938480483564874],[-48.706104128394124,-26.938879487708984],[-48.70614707662608,-26.938676323729368],[-48.706370915410524,-26.93830704345292],[-48.706588301009276,-26.93798240790307],[-48.70664738203039,-26.9378043673022],[-48.70680962159959,-26.9377373930836],[-48.70684532417472,-26.93789211456618],[-48.706728570013375,-26.938178608336905],[-48.70643898642973,-26.938507041515873],[-48.70627867969719,-26.939026522760887],[-48.70616384663295,-26.939492049309074],[-48.70588231060023,-26.939422830027542],[-48.7057904440268,-26.93930200084855],[-48.70564743852777,-26.93869305758843],[-48.705167569373266,-26.938829446078106],[-48.704812133094244,-26.939121997918544],[-48.70361430463073,-26.938824051894425],[-48.703871824916405,-26.938161960159153],[-48.704483680416246,-26.937808944628514]]],[[[-48.71463502313873,-26.938958318669663],[-48.71429071647977,-26.93938781467375],[-48.71456804722176,-26.93966578490031],[-48.71546832419946,-26.938902207950807],[-48.71557082385602,-26.939321540726855],[-48.71488051045473,-26.939852337181257],[-48.715946918091134,-26.940341980098474],[-48.716067662662844,-26.940682051550606],[-48.717034254724524,-26.941170071098547],[-48.71741453185687,-26.941295561120548],[-48.71724554503554,-26.941422106018628],[-48.717040739148246,-26.941398900831178],[-48.71700996689485,-26.941274095834327],[-48.71474583251894,-26.9402031871077],[-48.71372931588292,-26.939440868574014],[-48.713406483363784,-26.93918035588743],[-48.71323255641951,-26.939040003880255],[-48.7128521659614,-26.938645997251953],[-48.713120177511556,-26.93856084204497],[-48.713984604116256,-26.93916158633591],[-48.71421670255399,-26.93893165040808],[-48.714262564585425,-26.938308371116914],[-48.7144219778634,-26.93824382927223],[-48.71455262408574,-26.938367766976747],[-48.71463502313873,-26.938958318669663]]],[[[-48.70870955001614,-26.936236809980358],[-48.7086190236555,-26.936598316550764],[-48.707343481285996,-26.936577587815417],[-48.70668624357878,-26.936432650446804],[-48.70672314047653,-26.936254249021108],[-48.705441223752906,-26.935452751937504],[-48.7041314963901,-26.934655764605655],[-48.70395211972579,-26.934747317275033],[-48.70319093513215,-26.934257586196576],[-48.70326746027846,-26.93390331530522],[-48.705221497722704,-26.935071284869874],[-48.70575803741417,-26.935423100423492],[-48.7068426204164,-26.936107023112353],[-48.70802156651553,-26.936240548909467],[-48.70870955001614,-26.936236809980358]]],[[[-48.6942088938333,-26.93808077985343],[-48.694231623019284,-26.93812896599615],[-48.69432314757441,-26.938146401096986],[-48.694776308828395,-26.93801567605457],[-48.69492402647391,-26.937893240544525],[-48.694977042053935,-26.937763943580556],[-48.695009101698254,-26.93764493025757],[-48.69508511762339,-26.937550542579217],[-48.69497732971124,-26.93745846358834],[-48.6949259444733,-26.93736199374534],[-48.694884319805205,-26.937077079246443],[-48.69496211005668,-26.93704116133342],[-48.69500314373663,-26.937282234945357],[-48.69510737400632,-26.937403476581327],[-48.695239288141984,-26.937620799677426],[-48.6953012213735,-26.937927297394975],[-48.695319891606935,-26.938320747839807],[-48.69509931816952,-26.938819201386735],[-48.694936199121294,-26.93882450478438],[-48.69490394925083,-26.938515836263893],[-48.694953038782984,-26.938288188393674],[-48.694931389855824,-26.938186891926495],[-48.693813189270095,-26.93851925457463],[-48.69172111121939,-26.938936615059436],[-48.69180141957736,-26.93906809272572],[-48.69077004714252,-26.9393566927945],[-48.69054116309719,-26.939244032994935],[-48.69053098918767,-26.939161518563935],[-48.690711886158674,-26.939156511411706],[-48.69092990702214,-26.939075077542608],[-48.69114922649561,-26.93892991044679],[-48.69420938024585,-26.938056880536834],[-48.6942088938333,-26.93808077985343]]],[[[-48.70161042670234,-26.940782510512676],[-48.70186708528395,-26.940722344158278],[-48.70235674849564,-26.940650765892585],[-48.70264513958153,-26.940381989878098],[-48.7030574588651,-26.940294233627046],[-48.70357807726927,-26.94033751736859],[-48.703658848737646,-26.940458167241996],[-48.703810912866146,-26.940619755504603],[-48.703857195716274,-26.940526036575353],[-48.703838639050254,-26.940346732470683],[-48.703871607973255,-26.940088711156285],[-48.703843470217514,-26.93983466734384],[-48.70385899546651,-26.939616140518517],[-48.70376874403963,-26.93941578027754],[-48.703551238277335,-26.939198431527274],[-48.70392090260103,-26.939298922975055],[-48.70395469159313,-26.939821561784075],[-48.70408739792169,-26.94011708562027],[-48.70428473730887,-26.940234660412614],[-48.704588558546575,-26.940299273230924],[-48.70448863590761,-26.940576093779388],[-48.704230093880454,-26.94074094229728],[-48.70393706585163,-26.940964896146454],[-48.70356709389613,-26.940879315872127],[-48.70344356598605,-26.94067841355352],[-48.70320629691179,-26.940614882165093],[-48.702855184258034,-26.940693691859984],[-48.70247099802477,-26.941035492191425],[-48.70206049065983,-26.94103377608491],[-48.70174184561303,-26.94115288952488],[-48.701526558863264,-26.94109965839618],[-48.70149056041499,-26.94095984836147],[-48.70161042670234,-26.940782510512676]]],[[[-48.6969297647479,-26.933848442492177],[-48.69780039520065,-26.933299499892378],[-48.698274168044776,-26.933028310750675],[-48.69859403398518,-26.933038842709518],[-48.69902241342625,-26.933105599859434],[-48.69881426256028,-26.93343159769761],[-48.69861643341569,-26.933395164918995],[-48.6983379914386,-26.933387965698248],[-48.69777958762717,-26.933740121775745],[-48.69784239395615,-26.93385802851823],[-48.69786296697736,-26.93401243528645],[-48.697846049091424,-26.93411575873282],[-48.697729099236184,-26.934182915927117],[-48.69757843092434,-26.934159205989843],[-48.69751185318977,-26.934081083697755],[-48.697482661998784,-26.933913254174495],[-48.69624878159185,-26.934690024032395],[-48.696264662605785,-26.934929359118073],[-48.69630171382431,-26.93514778854468],[-48.6962812911773,-26.935277618534805],[-48.69618578043271,-26.935310591949],[-48.69602643955372,-26.93527611247287],[-48.695981410575676,-26.935158495395086],[-48.695947701141634,-26.93492152584039],[-48.69599052948661,-26.934855815304473],[-48.69608071501885,-26.934647433637455],[-48.69618469454347,-26.934343646198542],[-48.6969297647479,-26.933848442492177]]],[[[-48.79234087171211,-26.97064359081745],[-48.79273092532984,-26.96999333971298],[-48.79328139560709,-26.969653889955755],[-48.79346965459907,-26.969960156736082],[-48.79305262093112,-26.970286779154236],[-48.792721828452045,-26.97074403383773],[-48.7924209072748,-26.97109236311787],[-48.7919081152841,-26.97177549616795],[-48.791772117011845,-26.97135070878897],[-48.79234087171211,-26.97064359081745]]],[[[-48.70052058152345,-26.943101997004685],[-48.7001533264045,-26.943155674164775],[-48.70002680881791,-26.94118956862143],[-48.700092654881516,-26.941225448539257],[-48.70011363731322,-26.940738508991164],[-48.70032771538177,-26.94057791567497],[-48.70052058152345,-26.943101997004685]]],[[[-48.685222798501826,-26.918939303344462],[-48.68504334060145,-26.918633958707744],[-48.68664354408746,-26.918474323476786],[-48.687439278948155,-26.918456849589877],[-48.68666093873202,-26.91883527042407],[-48.6861371760108,-26.918871071289768],[-48.68615549378533,-26.919035056693282],[-48.68542778026617,-26.919358813547618],[-48.685314234245496,-26.91915997433168],[-48.68549165837936,-26.919110172811084],[-48.68561411010104,-26.919175991452704],[-48.68568432578665,-26.919071718288954],[-48.68579294929797,-26.91905685451179],[-48.68578368732385,-26.918904114822976],[-48.685222798501826,-26.918939303344462]]],[[[-48.70007748369054,-26.930219042181182],[-48.699790244770156,-26.929915596207522],[-48.699966297951775,-26.929796814812764],[-48.69865184871605,-26.928732436558676],[-48.69917644426693,-26.928730368487813],[-48.700205872715976,-26.929596775599585],[-48.700336180235254,-26.92947009156388],[-48.699536588793656,-26.928799995574025],[-48.699634516136555,-26.92879362308594],[-48.70041583282863,-26.92943061615789],[-48.700442224575475,-26.92988263386859],[-48.70007748369054,-26.930219042181182]]],[[[-48.70808909011163,-26.935644972492256],[-48.707612151876894,-26.93563722155188],[-48.707538331959555,-26.935447075407286],[-48.7076184874924,-26.93532407085813],[-48.70793015686892,-26.935274441046044],[-48.70837770599614,-26.934540843257963],[-48.70846186368069,-26.933945536659238],[-48.708751967384465,-26.934139196857238],[-48.70878244543021,-26.934552391025075],[-48.70833238442824,-26.935410256786323],[-48.70808909011163,-26.935644972492256]]],[[[-48.699790244770156,-26.929915596207522],[-48.699558902282604,-26.93020164112887],[-48.6983208265483,-26.92915098322547],[-48.698155735014694,-26.929229057447277],[-48.69823336652572,-26.928762798257388],[-48.69865184871605,-26.928732436558676],[-48.69852260467457,-26.928846568119983],[-48.699790244770156,-26.929915596207522]]],[[[-48.81898806551969,-26.999652723713762],[-48.81828966804418,-27.00031816024949],[-48.81817203914678,-27.000947840801103],[-48.817861962812565,-27.000619825709645],[-48.817879397900754,-27.000291913753006],[-48.81810254269444,-26.99994729874871],[-48.818678893494635,-26.999421687869464],[-48.81898806551969,-26.999652723713762]]],[[[-48.683901902085665,-26.911257044945387],[-48.68383195982989,-26.911045049148658],[-48.68389281892473,-26.910640997401096],[-48.68363909534542,-26.910184618954425],[-48.6836885574406,-26.910035617923306],[-48.68383259622786,-26.910104565136518],[-48.68398261752224,-26.910032120674348],[-48.684116130813884,-26.910161930013977],[-48.68469983614717,-26.91037125871949],[-48.68471207799755,-26.910529595574598],[-48.68432588700073,-26.91049829008698],[-48.68431100154272,-26.910772703956027],[-48.68400765747079,-26.91077604944656],[-48.6839763044066,-26.910947542189238],[-48.68430360396451,-26.910983430561913],[-48.684238426933085,-26.911295858986026],[-48.683901902085665,-26.911257044945387]]],[[[-48.68661492592422,-26.929802650103685],[-48.68653343699405,-26.92972959113157],[-48.686126351549994,-26.92949180876168],[-48.68495063147187,-26.928726074423764],[-48.68485305004236,-26.92857040272841],[-48.68477671538231,-26.928245071606725],[-48.686205079174904,-26.929264650498375],[-48.68651638495261,-26.929548677166505],[-48.68660298570015,-26.929661665939392],[-48.68661492592422,-26.929802650103685]]],[[[-48.76258971674963,-26.891912008098497],[-48.76231276060981,-26.891614246438643],[-48.76225044859065,-26.891399445428327],[-48.762435060672345,-26.891317839866446],[-48.76260564546885,-26.891385184567465],[-48.76265814467934,-26.891535188283815],[-48.76285733169507,-26.89155823450511],[-48.76298926760668,-26.89189844913932],[-48.76299216746613,-26.891975874150482],[-48.762996534532164,-26.892092488440785],[-48.762880955497025,-26.89232933287561],[-48.762916097882545,-26.892797297373715],[-48.76301108859512,-26.893042450426403],[-48.7630307181263,-26.893172044781412],[-48.76297478828508,-26.893196020668032],[-48.762778636359215,-26.89301887814329],[-48.76277891219619,-26.89244208176324],[-48.76266601764379,-26.8922612865815],[-48.76258971674963,-26.891912008098497]]],[[[-48.692808294723235,-26.93044864400064],[-48.69260388397524,-26.930299199179867],[-48.69250217054278,-26.930491451228402],[-48.692419432446215,-26.93047947249912],[-48.69223736062642,-26.93054290398657],[-48.69215904567909,-26.930459273851902],[-48.692164549304174,-26.93033451401353],[-48.69230649702639,-26.930204017008066],[-48.692331117581766,-26.93015926110333],[-48.69205159530658,-26.929623409127643],[-48.692297623351614,-26.929329918945964],[-48.692487899449965,-26.929736803028753],[-48.69236555528358,-26.929923405799556],[-48.692616675360256,-26.929962046178648],[-48.69261230764442,-26.93003104070045],[-48.69267107279859,-26.930055910105455],[-48.69292838868093,-26.930081369268507],[-48.692983425042556,-26.930289468207416],[-48.692734315767986,-26.930734323991143],[-48.69266758017667,-26.930664166439257],[-48.692808294723235,-26.93044864400064]]],[[[-48.697007116520865,-26.935948257436728],[-48.69691374026208,-26.93514715831245],[-48.69686111830535,-26.934965664075687],[-48.696932284952815,-26.934818067879956],[-48.69692932722347,-26.93467191807977],[-48.69712002854979,-26.934475802158488],[-48.69727721608908,-26.934470399089037],[-48.6973840859712,-26.934607620073017],[-48.69734319533671,-26.934723834100414],[-48.697287815561914,-26.934823872752457],[-48.69732366548542,-26.935539028639436],[-48.697007116520865,-26.935948257436728]]],[[[-48.727340568934224,-26.91704922540051],[-48.72831087419164,-26.917621750298665],[-48.728055671958096,-26.91790106453348],[-48.72794606717402,-26.917834659199887],[-48.72775617614739,-26.918037953541457],[-48.727553467576115,-26.91777364161668],[-48.727660815013984,-26.91767592414752],[-48.727255267899785,-26.917430720586935],[-48.727340568934224,-26.91704922540051]]],[[[-48.701099229233606,-26.929197366014893],[-48.70076644596354,-26.929531961633796],[-48.700537247764956,-26.92928914942415],[-48.700487476146435,-26.929113015379343],[-48.700615029340845,-26.929202142728442],[-48.70073959124201,-26.92908354340227],[-48.70034338723817,-26.928765334624156],[-48.70033536313566,-26.928430497208314],[-48.700422248273405,-26.92838409884994],[-48.70099462405932,-26.92886128847563],[-48.70105091164824,-26.928803430975428],[-48.701099229233606,-26.929197366014893]]],[[[-48.693661985194865,-26.941360447100184],[-48.693135302047835,-26.94182599769665],[-48.69296319382381,-26.941690363027163],[-48.69285781415152,-26.941770986894692],[-48.69265307119482,-26.941491372678236],[-48.69298753833557,-26.941077135923912],[-48.693143588267596,-26.941273604352414],[-48.693574908466566,-26.940906109015714],[-48.69321883934543,-26.94136249672376],[-48.69333551719378,-26.94145472253866],[-48.693519878505455,-26.941279759274185],[-48.693661985194865,-26.941360447100184]]],[[[-48.701190041967095,-26.935947879746816],[-48.70102972163817,-26.935099981546706],[-48.70140511874093,-26.93491715403616],[-48.701503832307615,-26.93579388163158],[-48.701190041967095,-26.935947879746816]]],[[[-48.69087685698534,-26.932079939816855],[-48.69045101507924,-26.932761636017116],[-48.690450851625016,-26.932915039676104],[-48.69031348514505,-26.932965918407668],[-48.69023996663646,-26.93286510041754],[-48.69006803632405,-26.932721496402657],[-48.69048474275251,-26.932124655635054],[-48.69037399378306,-26.932105575122947],[-48.69041600307539,-26.932043838095513],[-48.69087685698534,-26.932079939816855]]],[[[-48.71909924981683,-26.94173179131353],[-48.71956424554486,-26.94192080077319],[-48.71933635302871,-26.94194197675242],[-48.71910976262728,-26.9418985332726],[-48.7191152786074,-26.94203784679456],[-48.719042328598626,-26.94207893185997],[-48.71827167448352,-26.941778071254564],[-48.718210227285354,-26.94152348988447],[-48.71909924981683,-26.94173179131353]]],[[[-48.730149275774615,-26.857099252314246],[-48.72918810170735,-26.857481601249507],[-48.72883845548021,-26.857500844436462],[-48.72883095606053,-26.857182492058573],[-48.730149275774615,-26.857099252314246]]],[[[-48.70269263125286,-26.934483167877346],[-48.70265885455436,-26.934644216237842],[-48.70250725575504,-26.934733734140615],[-48.70247917605124,-26.935024154746486],[-48.70223854247913,-26.935127138356425],[-48.702072017866776,-26.9349951468083],[-48.70210418098954,-26.934640153110557],[-48.7022130789547,-26.934604635815155],[-48.70269263125286,-26.934483167877346]]],[[[-48.69204059652513,-26.931764280639232],[-48.69186904847822,-26.931973249485903],[-48.691837395974304,-26.93176341935598],[-48.691574411440655,-26.93144604272367],[-48.691404486801986,-26.931459362074676],[-48.69129336002817,-26.931420003866354],[-48.691275921603946,-26.931257678453303],[-48.69134843172964,-26.931189799308935],[-48.69134076688289,-26.93105685374264],[-48.691577778814434,-26.931060732654686],[-48.69175379497127,-26.931294719018616],[-48.691590681150224,-26.931235208181217],[-48.691766444787525,-26.931401182128493],[-48.691684559723605,-26.93149281533899],[-48.692012916699305,-26.931668197774222],[-48.69204059652513,-26.931764280639232]]],[[[-48.70492476600472,-26.93082261976052],[-48.70509118779547,-26.93095957862982],[-48.7052312953829,-26.93116323531405],[-48.704360592398324,-26.93115155407582],[-48.704515662496085,-26.93102728509905],[-48.70456163403628,-26.930811738617408],[-48.70492476600472,-26.93082261976052]]],[[[-48.71531520928788,-26.938516860534207],[-48.71506918121216,-26.9386123210721],[-48.714981649027955,-26.93855123528639],[-48.714745679774744,-26.938423104243626],[-48.71462507268384,-26.938351538313206],[-48.71464946210741,-26.93824254322128],[-48.71506731305908,-26.938154839696217],[-48.71522089525635,-26.93824185681607],[-48.71531520928788,-26.938516860534207]]],[[[-48.691082867871394,-26.93091450071563],[-48.691080425094526,-26.930816174032174],[-48.691132088456825,-26.930753266381046],[-48.691271278851715,-26.93075820135643],[-48.69133791763808,-26.930687569338236],[-48.691699304918366,-26.930696139417925],[-48.691943443529716,-26.9304955923381],[-48.69192533126075,-26.930657336031974],[-48.69199947198971,-26.93072761507638],[-48.69173497414435,-26.93090923443477],[-48.691082867871394,-26.93091450071563]]],[[[-48.686153643583935,-26.90383541643617],[-48.686053942496734,-26.903831993456343],[-48.686002235980695,-26.903725595328908],[-48.685988987973836,-26.903494597770944],[-48.68667710425674,-26.903509454691495],[-48.686720077323116,-26.90355488359171],[-48.68659979789371,-26.903679930930352],[-48.686541367342244,-26.903707596713367],[-48.68629288647595,-26.9037589831381],[-48.686153643583935,-26.90383541643617]]],[[[-48.72004288684013,-26.941983235269856],[-48.720008259204214,-26.942049801822225],[-48.7197212314443,-26.942114772642586],[-48.719693872404626,-26.942233665650928],[-48.719662192647064,-26.942322495199956],[-48.719545248324096,-26.94231330516399],[-48.71942261033114,-26.942204417665867],[-48.719375889808624,-26.942320511249953],[-48.71919046453821,-26.94243684683016],[-48.71924098851941,-26.942131867752067],[-48.71949161614438,-26.942083711989532],[-48.71963307222613,-26.94194677513724],[-48.72004288684013,-26.941983235269856]]],[[[-48.6838825333411,-26.912205543657787],[-48.68386084263788,-26.912055374869418],[-48.68398781658787,-26.91189932274662],[-48.6842472286037,-26.911925774126452],[-48.68437534924844,-26.912016654123338],[-48.684397833337,-26.912127996086323],[-48.68432137797368,-26.91223493963293],[-48.6841939155429,-26.912263365642886],[-48.6838825333411,-26.912205543657787]]],[[[-48.68407102603665,-26.911764746734764],[-48.683911989769896,-26.91152077042093],[-48.68419024618259,-26.911533659833708],[-48.6843881825734,-26.911539682680502],[-48.68449149741445,-26.911632929623416],[-48.68446295398073,-26.911818340773923],[-48.684309950367854,-26.9118851885433],[-48.68405099145932,-26.911836550293263],[-48.68407102603665,-26.911764746734764]]],[[[-48.68212646470813,-26.91446899076743],[-48.68236211972146,-26.91429530512875],[-48.68242575027989,-26.914210346608844],[-48.68249832198928,-26.914142180242653],[-48.68263581462224,-26.914380255276487],[-48.682517187726404,-26.91473341945163],[-48.682348847082395,-26.914641877162964],[-48.68227743254759,-26.914501987891985],[-48.68207594441389,-26.91451809880276],[-48.68212646470813,-26.91446899076743]]],[[[-48.82391785050959,-27.007769475078042],[-48.8234603756262,-27.00788671571176],[-48.823296755955354,-27.00773501189511],[-48.82329676184952,-27.007446609552435],[-48.82391785050959,-27.007769475078042]]],[[[-48.685723229789794,-26.924272814400716],[-48.68582255698054,-26.924410385136316],[-48.68583935501493,-26.92457295762539],[-48.68578651099256,-26.924735775694135],[-48.68563948026584,-26.924812432156497],[-48.68548971412994,-26.924719809666716],[-48.6854737093707,-26.92451840951597],[-48.685723229789794,-26.924272814400716]]],[[[-48.694194889669156,-26.940443410306465],[-48.69449047178634,-26.94055582646955],[-48.694323782989315,-26.94073639180859],[-48.69369858289172,-26.941091422116774],[-48.69414332154037,-26.940647109047333],[-48.694077390499324,-26.940537119048212],[-48.694194889669156,-26.940443410306465]]],[[[-48.68420943805852,-26.9052365143724],[-48.68381276896759,-26.905215694147333],[-48.68383307164678,-26.905003137907176],[-48.683960057158835,-26.904940817623228],[-48.684350947024235,-26.905049203149826],[-48.68438270472878,-26.905155274556723],[-48.68420943805852,-26.9052365143724]]],[[[-48.68522024363692,-26.924805554126763],[-48.68533083487937,-26.924846208370198],[-48.685364621402584,-26.925010447543748],[-48.68529834555655,-26.92507316929621],[-48.68511781707248,-26.925122919153377],[-48.685081234329175,-26.925247163057577],[-48.68500314862639,-26.925281948322752],[-48.68493823082186,-26.925278108075176],[-48.68487408538167,-26.925388028337505],[-48.68472247818744,-26.925385540341743],[-48.68522024363692,-26.924805554126763]]],[[[-48.690993116688006,-26.931319458568648],[-48.69093271422434,-26.931520355804793],[-48.69080375089361,-26.931595279924977],[-48.69066691412591,-26.9317657049259],[-48.690688612516624,-26.93186434683786],[-48.69043079282106,-26.932008883575396],[-48.69060885110971,-26.9317063136681],[-48.6905515457887,-26.931609745536786],[-48.69061905137661,-26.93149662622135],[-48.69077348787081,-26.931480559946298],[-48.69094814941612,-26.931199185296403],[-48.690993116688006,-26.931319458568648]]],[[[-48.70397575213121,-26.93160021308055],[-48.70363332924344,-26.93203849031721],[-48.70304182262897,-26.93263584696815],[-48.70299043215207,-26.932539379708015],[-48.70342784032999,-26.932096764172936],[-48.70397575213121,-26.93160021308055]]],[[[-48.86078362428251,-27.03436440482263],[-48.86067998992007,-27.034265865418273],[-48.860741906098326,-27.03407536393516],[-48.86100615702917,-27.033902857453874],[-48.86112301117672,-27.03403640546597],[-48.86114874102659,-27.03414370569133],[-48.86098389667888,-27.034198383797982],[-48.860852877820705,-27.034226227117106],[-48.86078362428251,-27.03436440482263]]],[[[-48.86061553839156,-27.034297206070136],[-48.860458077013625,-27.034401721719576],[-48.86045540170557,-27.03425001873316],[-48.86026934225885,-27.03425216201565],[-48.86022295788166,-27.034209189715867],[-48.860192290333,-27.034069492734716],[-48.8603007746992,-27.0340587117313],[-48.86048518928806,-27.03399687299324],[-48.86062584384168,-27.034192940034966],[-48.86061553839156,-27.034297206070136]]],[[[-48.6954917283737,-26.936502599046094],[-48.69565737523152,-26.936518587568337],[-48.69581111627879,-26.936537038156317],[-48.69584068338504,-26.936686278469352],[-48.69568144774649,-26.93664648761091],[-48.69559140302977,-26.936702128762597],[-48.695488996965395,-26.93670975330121],[-48.695406902121285,-26.93666590903463],[-48.695361577278085,-26.936562897356282],[-48.695142766621224,-26.93646502006414],[-48.6954917283737,-26.936502599046094]]],[[[-48.691583260151155,-26.927997408208554],[-48.691473629213355,-26.928064989677225],[-48.691358054408504,-26.928055942905072],[-48.69123247413142,-26.927950125879786],[-48.691240573390125,-26.92784649662965],[-48.691328187335365,-26.92775848128893],[-48.69145648729431,-26.92770372669807],[-48.691583260151155,-26.927997408208554]]],[[[-48.69665834579314,-26.93648446687408],[-48.696622708229974,-26.9365609202913],[-48.696514835787895,-26.936545876496172],[-48.69622268265855,-26.936410941127605],[-48.696003598039155,-26.936399392963953],[-48.696049768165956,-26.936315143278566],[-48.69614894398241,-26.9362476964114],[-48.69628824970719,-26.936247316003794],[-48.69634346279756,-26.936301345956494],[-48.696391994646234,-26.936392456091646],[-48.69665834579314,-26.93648446687408]]],[[[-48.68770364094688,-26.931202484750937],[-48.68760916621093,-26.931257384042055],[-48.68699752576729,-26.93084092961111],[-48.6871396280388,-26.930812047253816],[-48.68770364094688,-26.931202484750937]]],[[[-48.69582383927186,-26.936348641755842],[-48.695743951640154,-26.936342023969328],[-48.69566514419041,-26.93628229567604],[-48.695323350806234,-26.936183736789022],[-48.69537358802743,-26.936118148457805],[-48.69549732237456,-26.936154702796973],[-48.695596661361705,-26.936079290498103],[-48.69572090879613,-26.936090618254827],[-48.695796536933194,-26.936160919834055],[-48.69582023604651,-26.936234358167017],[-48.69582383927186,-26.936348641755842]]],[[[-48.684864334314284,-26.91186376656822],[-48.68489187442638,-26.91203067749951],[-48.684834094054445,-26.91213237954903],[-48.68471949778451,-26.912061141275867],[-48.684705597031474,-26.91190832538265],[-48.68470921011844,-26.911807122679114],[-48.68473166745786,-26.91169235692926],[-48.684864334314284,-26.91186376656822]]],[[[-48.68347279114856,-26.92059875471764],[-48.682953943955596,-26.920620752735186],[-48.683377696881706,-26.92040576516309],[-48.68347279114856,-26.92059875471764]]],[[[-48.69639908792796,-26.936772435511237],[-48.696394693910136,-26.936842758144955],[-48.69625619736329,-26.936803306653115],[-48.69614675982543,-26.936865272412565],[-48.696044515624344,-26.936864930596325],[-48.69596921090901,-26.936778695615132],[-48.69600433937989,-26.93665441949104],[-48.69619266339031,-26.936721249200705],[-48.69639908792796,-26.936772435511237]]],[[[-48.69781680163891,-26.92957417150349],[-48.69768277433789,-26.92970947198287],[-48.69748564309337,-26.929784969383345],[-48.69728390246736,-26.929692980427333],[-48.69757004050341,-26.92961264612107],[-48.69781680163891,-26.92957417150349]]],[[[-48.69875869091915,-26.93594895565141],[-48.69881729981421,-26.93598178863746],[-48.698963260367954,-26.93587260100332],[-48.69910841036422,-26.935876297382528],[-48.69896635445468,-26.93601211206662],[-48.69874845231156,-26.93608824916731],[-48.69866059387881,-26.936036344212074],[-48.69875869091915,-26.93594895565141]]],[[[-48.70331332526082,-26.933145790878243],[-48.70320175317766,-26.932902818495258],[-48.70327747500566,-26.932861787622596],[-48.7033736674759,-26.932905617725954],[-48.70345171250393,-26.933023736957598],[-48.70339167004603,-26.933112260403238],[-48.70331332526082,-26.933145790878243]]],[[[-48.83778122732107,-27.006026386812845],[-48.83759573958063,-27.006001162168236],[-48.83735312194344,-27.005915388835742],[-48.837266562970065,-27.005797206408555],[-48.83763630068816,-27.005912280002438],[-48.83778122732107,-27.006026386812845]]],[[[-48.68918553583286,-26.931925398809348],[-48.68902726908976,-26.93198390330238],[-48.68894129760739,-26.93198515061704],[-48.68886491840421,-26.93195202257654],[-48.688917152126045,-26.931861233702683],[-48.68906157245216,-26.931827738094707],[-48.68918553583286,-26.931925398809348]]],[[[-48.68380020601083,-26.916918450961937],[-48.68357143760638,-26.916906372562963],[-48.68362748699348,-26.91673805961906],[-48.68374240969773,-26.91671775167686],[-48.68380020601083,-26.916918450961937]]],[[[-48.8662673668112,-27.03632853395469],[-48.86633245343309,-27.036336980066107],[-48.86636418675077,-27.03642075074961],[-48.866466698611944,-27.036432250700365],[-48.86653500680194,-27.036343780770043],[-48.86651849587915,-27.036482761287285],[-48.86645834859785,-27.036506711760463],[-48.86633779575167,-27.036494939107236],[-48.866219075311186,-27.036386229350413],[-48.8662673668112,-27.03632853395469]]],[[[-48.700867715573935,-26.928484333365933],[-48.70066609699179,-26.92834291481019],[-48.7006987399054,-26.92819468824645],[-48.70081147995836,-26.92833465910062],[-48.700867715573935,-26.928484333365933]]],[[[-48.68994377674818,-26.933147139506914],[-48.68983958346293,-26.93320238103822],[-48.68974320023423,-26.933132820378223],[-48.689783101360824,-26.933032939331746],[-48.68994377674818,-26.933147139506914]]],[[[-48.686409461000906,-26.92393589226449],[-48.68634402566099,-26.924033307919757],[-48.68620482526383,-26.924029637125738],[-48.686155077133826,-26.923965012072948],[-48.686409461000906,-26.92393589226449]]],[[[-48.68566628640891,-26.919803842782972],[-48.68557139169111,-26.919790495078395],[-48.68553554849518,-26.919651191573973],[-48.6855600599763,-26.91954963774532],[-48.68566628640891,-26.919803842782972]]],[[[-48.70306411361631,-26.93197476570653],[-48.703002812359884,-26.931928608594507],[-48.70324488716163,-26.93168284863709],[-48.70306411361631,-26.93197476570653]]],[[[-48.691034712679226,-26.927762623058463],[-48.6909565450341,-26.927680839345015],[-48.690919009707066,-26.927563940097652],[-48.690994695134016,-26.92762063796442],[-48.69104825094309,-26.927685917608965],[-48.691034712679226,-26.927762623058463]]]]}},{"type":"Feature","id":5,"properties":{"nome":null},"geometry":{"type":"MultiPolygon","coordinates":[[[[-48.6655312060253,-26.912616166583966],[-48.66605003055664,-26.912067114051045],[-48.66583030428187,-26.911766630709522],[-48.665630611082584,-26.911880452611925],[-48.66577034323999,-26.91142586850735],[-48.666016512468495,-26.911270558005],[-48.66630799866722,-26.911216938151114],[-48.66687726322126,-26.911199786580372],[-48.66629164930259,-26.91175484025006],[-48.66645201479626,-26.911932272957277],[-48.66677905515421,-26.911679670404354],[-48.667031264080634,-26.911303760622303],[-48.66743853531177,-26.91076118122904],[-48.66738344973551,-26.91073114135411],[-48.66751846978059,-26.910636271855534],[-48.66755148735883,-26.910535556277168],[-48.66746720539997,-26.910420416998583],[-48.66754682591331,-26.910310760627688],[-48.66723320839934,-26.910061439259763],[-48.66708790428404,-26.910129781353184],[-48.66682484750054,-26.909904876198976],[-48.66688573542033,-26.90980323359982],[-48.66664356161566,-26.909596789579027],[-48.666752598167974,-26.909481711803462],[-48.66702586986579,-26.909449040326272],[-48.668421006780626,-26.910538826960074],[-48.6684808675944,-26.910487103344334],[-48.66719744930103,-26.90946250163585],[-48.667542683274604,-26.909388516110226],[-48.66754399375371,-26.909324784945174],[-48.6687130813824,-26.910180218499526],[-48.66874836455871,-26.910119766582973],[-48.66753542217626,-26.90916526122852],[-48.66754361255519,-26.908766940975006],[-48.667827468889556,-26.909003154747875],[-48.66768230054567,-26.907785612195532],[-48.66748881468313,-26.90778935078633],[-48.66750310608642,-26.90807256540212],[-48.66746116816298,-26.908165239180207],[-48.66741175647516,-26.907686275437783],[-48.66757585360054,-26.90748710365061],[-48.66763993565367,-26.9074755773804],[-48.66763135361182,-26.90738176547067],[-48.66796612340667,-26.90695165238389],[-48.66800705083641,-26.90741783469424],[-48.668226801903344,-26.907415916316296],[-48.66819330764387,-26.906854463977098],[-48.66852570221477,-26.906828078592184],[-48.66860523276397,-26.90737223110057],[-48.66902610333119,-26.90727730114098],[-48.66941203341206,-26.907241172669803],[-48.66965469750103,-26.90725580460148],[-48.66974620830436,-26.907416697717842],[-48.66979193045709,-26.9072102561172],[-48.67011313389878,-26.907151805802947],[-48.67015544713033,-26.907228596079857],[-48.67044405202536,-26.907188971191037],[-48.67042234394388,-26.90681158034589],[-48.670796315714625,-26.90678056320378],[-48.670835026412774,-26.90713716384301],[-48.67156744733773,-26.907032360596286],[-48.67197060274931,-26.907023072180724],[-48.672809555516324,-26.906975532399],[-48.67270746248117,-26.906923656852776],[-48.67352714626952,-26.906830914517965],[-48.67375709177023,-26.906887832331876],[-48.67409051097412,-26.90710052490809],[-48.674331696022094,-26.90747639214232],[-48.673940960930324,-26.90733542270886],[-48.674018446448486,-26.907933175559215],[-48.677262280218905,-26.908954831214782],[-48.67727221565542,-26.908863629980086],[-48.67769065135095,-26.90897677144516],[-48.67769978093164,-26.909109740469976],[-48.67772266027445,-26.909439508534792],[-48.67763971312346,-26.91001805530871],[-48.67761686377468,-26.910378340075834],[-48.6776143335623,-26.91095535471915],[-48.67782293778319,-26.911044790708814],[-48.67786991178513,-26.910715421243975],[-48.677992832415086,-26.91060647094468],[-48.681892993356925,-26.910409800401162],[-48.6818200837999,-26.910494606387175],[-48.68186166983256,-26.910731106624556],[-48.6809478106433,-26.910777128100612],[-48.68092022678729,-26.910915390281264],[-48.68192363079672,-26.910879162981665],[-48.682105483597,-26.911217841838372],[-48.68093181415119,-26.911256821587017],[-48.68092761795729,-26.911462052161706],[-48.68206720299003,-26.911425286815206],[-48.68198697152246,-26.911565459513458],[-48.68197372283668,-26.911759443408684],[-48.68093903415827,-26.911811802857567],[-48.680926464084784,-26.91197250702239],[-48.68199124067697,-26.911962256673196],[-48.68198074617756,-26.912172932051057],[-48.682077418229255,-26.912288266889078],[-48.680981135748425,-26.912325742572357],[-48.68095922778073,-26.912489067358877],[-48.681755372363725,-26.912449435953473],[-48.68163897986202,-26.91254185058157],[-48.68135053335212,-26.912573178302306],[-48.68114817382339,-26.912783475143645],[-48.68096789078073,-26.91282212743251],[-48.68097725981821,-26.912969319925864],[-48.68059612138782,-26.913295973913375],[-48.679799915205216,-26.91333837242077],[-48.67976344728998,-26.91375946787514],[-48.68000166091674,-26.913763384304122],[-48.67966394137055,-26.914085201138573],[-48.67819543484667,-26.914163697171833],[-48.67817409013694,-26.91429928714286],[-48.67800819415097,-26.914390884020595],[-48.67781442725785,-26.914332208768894],[-48.677829584563874,-26.91419651705656],[-48.677432854741696,-26.914226054589562],[-48.677410230036365,-26.91457524468883],[-48.677720564264675,-26.91453318926033],[-48.677811474232904,-26.914476424418197],[-48.67935514203488,-26.91435477988295],[-48.67882464501341,-26.914720586971672],[-48.678003394517255,-26.914776434106827],[-48.678029732291776,-26.915001586965133],[-48.678614258653944,-26.914990739429772],[-48.67850424918863,-26.915153624984647],[-48.67833488618884,-26.915320847444118],[-48.67807236043696,-26.91533797966627],[-48.678046925890094,-26.915491429957033],[-48.67790223853549,-26.915611242618624],[-48.67782608532685,-26.916146578668823],[-48.67771529387113,-26.916452925186892],[-48.677679337364566,-26.91609305995959],[-48.677357361371115,-26.91609885786989],[-48.67737977845545,-26.916515373187003],[-48.67773574748999,-26.916506358951143],[-48.67765133229096,-26.916866237509925],[-48.677390728491176,-26.91688731104333],[-48.677374093086236,-26.917095110379375],[-48.67757556117794,-26.917093438675938],[-48.677537838644874,-26.91719907346696],[-48.677376463276865,-26.91726548294315],[-48.67712051177074,-26.917319710149773],[-48.677019903701144,-26.917312741311875],[-48.676969838784714,-26.916736118498644],[-48.6767688010618,-26.91673003465727],[-48.67679499026732,-26.91729841236449],[-48.67642799654045,-26.917276431825943],[-48.676386280464584,-26.9168208367249],[-48.67619623018191,-26.916731703767194],[-48.67623259716959,-26.917267901487968],[-48.675990017848555,-26.917247967738845],[-48.67587962951733,-26.917139894932284],[-48.675864232174,-26.91677339869791],[-48.67567236332536,-26.916773013342045],[-48.67567357831148,-26.917072748004134],[-48.67533311489952,-26.91691306961668],[-48.675325408376196,-26.916789492219724],[-48.67517375785339,-26.916789767848798],[-48.67516788235745,-26.916878470924097],[-48.67494726111956,-26.916943901450438],[-48.67485980906569,-26.916873394901987],[-48.6748796520925,-26.91677277892492],[-48.6750715215993,-26.916664373094054],[-48.67529676099371,-26.916662771399828],[-48.67562228014138,-26.91668407160852],[-48.67593823766366,-26.91659364630343],[-48.67608194869707,-26.916521634953458],[-48.676252996563,-26.916561640928602],[-48.67651204057647,-26.916645597372256],[-48.67667200189443,-26.916648231195826],[-48.677111501717754,-26.916602339873712],[-48.67693822731751,-26.916381664407496],[-48.676932951056756,-26.916119614942705],[-48.67680675299481,-26.916145738236263],[-48.67665342987281,-26.91581913620698],[-48.67693065882315,-26.915778337076926],[-48.67696574275389,-26.91557638963244],[-48.67642754956556,-26.915561980584975],[-48.67619430165107,-26.915466587372617],[-48.67594640689057,-26.915481925170013],[-48.6757986154889,-26.91559601177432],[-48.67533554769889,-26.915638048291964],[-48.67508319238736,-26.915517010938924],[-48.67493496704704,-26.9153043543169],[-48.67698223919028,-26.915224324769046],[-48.67697389801189,-26.915027211467837],[-48.674622678672556,-26.915142842926276],[-48.67446311224285,-26.914832073747867],[-48.67700626003694,-26.914655986563666],[-48.677006461545574,-26.914495079473678],[-48.674348608126074,-26.914620535414368],[-48.67419685864493,-26.914323957354945],[-48.677022616595984,-26.91415965424117],[-48.67703164377976,-26.91402108767793],[-48.67388076990809,-26.914193903668306],[-48.673865437248864,-26.914337914936688],[-48.67406686739138,-26.91432458982506],[-48.67402646610968,-26.914634646262144],[-48.67391458198484,-26.914657770449203],[-48.67389569974531,-26.91482391752464],[-48.673977313595856,-26.91482406708521],[-48.673797184867084,-26.914937978586433],[-48.67346992811185,-26.9150016490805],[-48.673116754056664,-26.914884257835375],[-48.673533510325726,-26.914829043981896],[-48.673543110822294,-26.91466274396034],[-48.67289562039821,-26.914696456459914],[-48.672849344311096,-26.914387746095954],[-48.67349087373334,-26.914342837386535],[-48.673499337311604,-26.91423200531929],[-48.67282715599041,-26.914262536494885],[-48.67277414448397,-26.91413126954663],[-48.672703957680646,-26.91408294935982],[-48.67256098603642,-26.914263694938217],[-48.67099050064507,-26.91433488539445],[-48.67101004339498,-26.91444573541861],[-48.670618928191644,-26.914444592477665],[-48.6703258195307,-26.912343061899712],[-48.67003809614621,-26.91218849993077],[-48.67048406415865,-26.91639060590702],[-48.67083120840325,-26.91622786585763],[-48.67087456841799,-26.916425152721764],[-48.67062839239905,-26.916580471292622],[-48.670632681231204,-26.91666023360618],[-48.6705142950304,-26.916726795133265],[-48.67080138760464,-26.91710264746869],[-48.670955511907714,-26.917389423465696],[-48.67129327843727,-26.917968774776835],[-48.67079730194332,-26.91769827201377],[-48.66967007249845,-26.916314285512065],[-48.66939839166031,-26.915980409342115],[-48.66923919621818,-26.915940590965228],[-48.66922405672455,-26.915809390702307],[-48.669166872400325,-26.91573076619485],[-48.669056740629,-26.915879136953258],[-48.66869117398807,-26.915788093820822],[-48.66894060224678,-26.915446824266848],[-48.66858364263082,-26.915046976564135],[-48.668077003068696,-26.915682316539165],[-48.66761424446688,-26.915706544905202],[-48.66833772935804,-26.914815420864667],[-48.66806739606737,-26.914417003320466],[-48.66695447392608,-26.915713625375503],[-48.66716729287244,-26.915826662207316],[-48.66701798136656,-26.915882633905706],[-48.66641148394118,-26.915691972316655],[-48.666242299845834,-26.91556166890246],[-48.665932461710376,-26.915354660093616],[-48.665367747438985,-26.91486186034699],[-48.66489254028681,-26.91405177520684],[-48.666687364383186,-26.91545952220382],[-48.66683207060023,-26.915345393676734],[-48.66492396362663,-26.913776873254182],[-48.6648127719037,-26.913896386023584],[-48.664811311410446,-26.913391651794754],[-48.6652840235544,-26.912897829498707],[-48.66500380141212,-26.912677618283688],[-48.66522835452053,-26.912421010020633],[-48.6655312060253,-26.912616166583966]],[[-48.677815228873236,-26.913537382442897],[-48.67779905152058,-26.913420595382913],[-48.67748327091116,-26.913426495892743],[-48.677469419656234,-26.9134984000516],[-48.677815228873236,-26.913537382442897]],[[-48.67764727051197,-26.915543218775014],[-48.67736225012055,-26.915557948068574],[-48.677374311239056,-26.91572460513627],[-48.67763716365341,-26.915734480335473],[-48.67764727051197,-26.915543218775014]],[[-48.677124588416895,-26.91250507013314],[-48.677121014521546,-26.91237739329245],[-48.67676249388113,-26.91235484542728],[-48.676734563576176,-26.91250974701499],[-48.677124588416895,-26.91250507013314]],[[-48.67762033901485,-26.91519598715981],[-48.677614268531805,-26.914887938525794],[-48.67740704710381,-26.914881753981085],[-48.67739793282203,-26.91517568052317],[-48.67762033901485,-26.91519598715981]],[[-48.676281793290265,-26.913462203081522],[-48.676285770938264,-26.913268067576396],[-48.67587706762862,-26.91327798252778],[-48.675798614468036,-26.91348198949411],[-48.676281793290265,-26.913462203081522]],[[-48.67632903240471,-26.91296915439299],[-48.67632018083339,-26.912797001077283],[-48.675856930102334,-26.912750532014613],[-48.67585272445941,-26.91295576180578],[-48.67632903240471,-26.91296915439299]],[[-48.68058390912986,-26.912833850321825],[-48.67975963579741,-26.912886883747085],[-48.67978796274895,-26.913014968529666],[-48.68060020276688,-26.912945090967554],[-48.68058390912986,-26.912833850321825]],[[-48.669026060256876,-26.912493606500266],[-48.669153453076504,-26.912318155451327],[-48.66834366522898,-26.91166668884752],[-48.669026060256876,-26.912493606500266]],[[-48.680519901467335,-26.910818645938974],[-48.67966527489292,-26.910843438126992],[-48.67966862480976,-26.910982208571298],[-48.68051717918477,-26.910951768468358],[-48.680519901467335,-26.910818645938974]],[[-48.6805566543283,-26.91235067212377],[-48.679738572277735,-26.912403807351954],[-48.67973596237542,-26.912531382596452],[-48.68055336474864,-26.91251152784341],[-48.6805566543283,-26.91235067212377]],[[-48.6793093131177,-26.910998494987883],[-48.67928694770713,-26.91088160625302],[-48.678271113227595,-26.910920385205685],[-48.67824352509288,-26.91105864663221],[-48.6793093131177,-26.910998494987883]],[[-48.66986806736556,-26.914288612815373],[-48.66985212616083,-26.914160731994627],[-48.66893463838738,-26.914833605510484],[-48.66898793063634,-26.914951006234425],[-48.66986806736556,-26.914288612815373]],[[-48.68052377906008,-26.911839657185027],[-48.679712341301965,-26.911870708158844],[-48.679721199107725,-26.91204286072233],[-48.68055131270911,-26.912006568555153],[-48.68052377906008,-26.911839657185027]],[[-48.6805494873485,-26.91149051666878],[-48.680553911087145,-26.911274192681454],[-48.67972312104985,-26.911343765580355],[-48.67970092892148,-26.911520956706255],[-48.6805494873485,-26.91149051666878]],[[-48.67424391527831,-26.912934806065305],[-48.674243869727896,-26.91263518003973],[-48.67365687644772,-26.91258666443861],[-48.673724752122936,-26.912898505692876],[-48.67424391527831,-26.912934806065305]],[[-48.67432375792027,-26.91356866392061],[-48.67427444162341,-26.913257128749137],[-48.673767423972215,-26.913232125789257],[-48.67380334035988,-26.913593377872886],[-48.67432375792027,-26.91356866392061]],[[-48.675445027082475,-26.913520554260362],[-48.67543765481648,-26.913276294173045],[-48.6747199270904,-26.913264469824536],[-48.67472684391928,-26.91353091670526],[-48.675445027082475,-26.913520554260362]],[[-48.679328900641956,-26.911553680251963],[-48.679301709347065,-26.91137012811675],[-48.6782359178123,-26.91143027947651],[-48.67823273860753,-26.91158558867808],[-48.679328900641956,-26.911553680251963]],[[-48.67934820944944,-26.913029932156867],[-48.67935047936907,-26.912918996690284],[-48.67750439171231,-26.912999599796695],[-48.67753339762234,-26.91309440364103],[-48.67934820944944,-26.913029932156867]],[[-48.67706241949288,-26.913425117153377],[-48.67707951262495,-26.912892731251173],[-48.67670311084928,-26.912836597297403],[-48.67669770776878,-26.91340246796152],[-48.67706241949288,-26.913425117153377]],[[-48.67337000087753,-26.91359733125063],[-48.67333408587981,-26.91323607914544],[-48.67280175066895,-26.913238398655878],[-48.67283067944737,-26.9136383761114],[-48.67337000087753,-26.91359733125063]],[[-48.67938890675545,-26.91255341953183],[-48.6793727278263,-26.912436632542537],[-48.67753272222082,-26.91252288455193],[-48.67751200190431,-26.912627967228175],[-48.67938890675545,-26.91255341953183]],[[-48.673255614395295,-26.91253566061887],[-48.672693370252794,-26.912487549090216],[-48.672747162468326,-26.912882387572804],[-48.673285341349526,-26.9128968107277],[-48.673255614395295,-26.91253566061887]],[[-48.67545650952689,-26.912960333126136],[-48.67547996022946,-26.91272212886593],[-48.67462691174103,-26.91266923555861],[-48.674652275948795,-26.912941535454806],[-48.67545650952689,-26.912960333126136]],[[-48.668391574411054,-26.91415325283708],[-48.669071973712505,-26.91327116835593],[-48.669086742172034,-26.913154891860035],[-48.66946227698753,-26.912650622841625],[-48.66941391906067,-26.91259433852095],[-48.6682575067673,-26.914051163417025],[-48.668391574411054,-26.91415325283708]],[[-48.67634567417815,-26.91245895563184],[-48.67634885608553,-26.91230364665783],[-48.6745697704058,-26.91213562633829],[-48.67457220416557,-26.912318771064086],[-48.67634567417815,-26.91245895563184]],[[-48.67937403151118,-26.91207044399637],[-48.67938294196422,-26.91193742423034],[-48.67775444654816,-26.911971671450367],[-48.67766975529812,-26.911875950409165],[-48.677717041189744,-26.91168252737004],[-48.6778240410973,-26.91159550967447],[-48.677815414294706,-26.91141226373849],[-48.67756917528021,-26.911347176824403],[-48.67755202513596,-26.912184735924356],[-48.67937403151118,-26.91207044399637]],[[-48.6683060377686,-26.90777649776243],[-48.66805077526215,-26.90784996138754],[-48.668224958542204,-26.90931212114795],[-48.6685173776046,-26.909538895858436],[-48.6683060377686,-26.90777649776243]],[[-48.66884138651288,-26.912745791199683],[-48.66793898859031,-26.911782071693175],[-48.66777173426228,-26.912090029386206],[-48.66858166599582,-26.913035576243598],[-48.66884138651288,-26.912745791199683]],[[-48.67000835002839,-26.90956906739326],[-48.669829665037014,-26.908023604454325],[-48.66968117690178,-26.908021152876643],[-48.669522707835704,-26.907902015814695],[-48.669697856098644,-26.909619426814047],[-48.67000835002839,-26.90956906739326]],[[-48.6764113597462,-26.91197175868384],[-48.674444863714115,-26.911284630685277],[-48.67447771151677,-26.911795644407817],[-48.6764113597462,-26.91197175868384]],[[-48.67076476888092,-26.909503872194666],[-48.67052727821329,-26.90780762801811],[-48.670412951446664,-26.907950004046448],[-48.67024601586336,-26.907941700456146],[-48.67044235688858,-26.909531842284604],[-48.67076476888092,-26.909503872194666]],[[-48.67945663459806,-26.91378077941517],[-48.679378863909115,-26.913346707484944],[-48.6781893078041,-26.913404822325436],[-48.6782054268475,-26.91382678228341],[-48.67945663459806,-26.91378077941517]],[[-48.66988358537003,-26.91473830559263],[-48.669242784889256,-26.915199353807207],[-48.67013056437935,-26.916273797357107],[-48.66988358537003,-26.91473830559263]],[[-48.6700680909359,-26.909975101880505],[-48.66977099558828,-26.90997574498464],[-48.66996163370329,-26.91184322416721],[-48.67026974013772,-26.911909344655456],[-48.6700680909359,-26.909975101880505]],[[-48.66869216127127,-26.914585461016234],[-48.669767521964786,-26.913759835113797],[-48.6696866467968,-26.912876271757533],[-48.66945740877095,-26.913188757040086],[-48.66947403234774,-26.913283357733672],[-48.668583754344176,-26.91443940635056],[-48.66869216127127,-26.914585461016234]],[[-48.66809668897792,-26.911035616644007],[-48.66767020386903,-26.910706750274695],[-48.66763251097204,-26.910733870644645],[-48.667716165028956,-26.910879515913983],[-48.667670460559535,-26.91099528189242],[-48.66732001402859,-26.911483314645317],[-48.667146343757395,-26.911802262630697],[-48.666729887738605,-26.91218932827202],[-48.66698966260648,-26.91249879550224],[-48.66809668897792,-26.911035616644007]],[[-48.66933122309079,-26.9096910536652],[-48.66906267274955,-26.907700218491158],[-48.66895715229669,-26.90771512104742],[-48.668998816106914,-26.908398287767312],[-48.66897167358797,-26.90851435997496],[-48.668773119052645,-26.908538823818564],[-48.6689248446174,-26.90988963978478],[-48.66933122309079,-26.9096910536652]],[[-48.6680099855229,-26.913747448854917],[-48.668357699180156,-26.91339253520265],[-48.66753664849817,-26.91238576860062],[-48.66721231455814,-26.912807649563874],[-48.6680099855229,-26.913747448854917]],[[-48.669617609304645,-26.91232027182376],[-48.669336531081726,-26.910035154665483],[-48.66877747398532,-26.910736142017033],[-48.669288872789274,-26.911149636588892],[-48.66922680610531,-26.91145933338902],[-48.66913893115584,-26.911518916806862],[-48.6690342050484,-26.91149499281525],[-48.6689574194893,-26.911316168452935],[-48.66858008559997,-26.91100476267341],[-48.66838968203502,-26.911234658859],[-48.66929641139611,-26.911987599521687],[-48.669617609304645,-26.91232027182376]],[[-48.67257247296959,-26.907369735861607],[-48.67202722252177,-26.907399584145253],[-48.672302239284605,-26.909379425680953],[-48.67278619781445,-26.90932082278308],[-48.67257247296959,-26.907369735861607]],[[-48.67377199186567,-26.909237199888825],[-48.6734778192509,-26.907284787599476],[-48.67298779703431,-26.90733774341103],[-48.673232122462,-26.909305980736054],[-48.67377199186567,-26.909237199888825]],[[-48.67149082197518,-26.91393254459398],[-48.671492985772545,-26.91382715690939],[-48.671465124723305,-26.913676885195265],[-48.67131571788767,-26.91371880843056],[-48.67118589839457,-26.913711117117472],[-48.67076951176026,-26.909875707363803],[-48.670490294770055,-26.90990993941624],[-48.67093783564321,-26.913734766567096],[-48.671199448203694,-26.913955479826242],[-48.67137178232268,-26.914002712268257],[-48.67149082197518,-26.91393254459398]],[[-48.67289292095094,-26.909699888800894],[-48.67235339051095,-26.90975202644451],[-48.672657458501014,-26.91212629693834],[-48.67321385449212,-26.9121576668139],[-48.67289292095094,-26.909699888800894]],[[-48.67188083496688,-26.909405766406596],[-48.67160571174763,-26.907431471677988],[-48.67091163188411,-26.907475505598637],[-48.671111701207025,-26.909487403132513],[-48.67188083496688,-26.909405766406596]],[[-48.67418308937305,-26.91227906723738],[-48.673848464958425,-26.909582474336123],[-48.67325932492489,-26.909639345960922],[-48.67363952171923,-26.91222571829247],[-48.67418308937305,-26.91227906723738]],[[-48.67716462804786,-26.910852240233684],[-48.6772005083909,-26.910309066141878],[-48.67481535831789,-26.909515178000618],[-48.6742206008702,-26.909544218666717],[-48.67423795673887,-26.909905164040826],[-48.67716462804786,-26.910852240233684]],[[-48.67717579905067,-26.911817884270256],[-48.67718176598567,-26.911224280142704],[-48.674310655871636,-26.910283668516442],[-48.67440860522976,-26.91094001917105],[-48.67717579905067,-26.911817884270256]],[[-48.67727331730043,-26.9093226096868],[-48.67408762337752,-26.908332428501843],[-48.674112462526644,-26.908932088651408],[-48.67725474936816,-26.90992710377799],[-48.67727331730043,-26.9093226096868]],[[-48.666729139457374,-26.912827404077028],[-48.66655989069689,-26.91263040543905],[-48.666182493250496,-26.912923788073073],[-48.66598621360315,-26.912837313027513],[-48.665958244917604,-26.912692587801676],[-48.66517310051562,-26.913550728179587],[-48.66705553288925,-26.915013398517157],[-48.667834030868505,-26.914177331118196],[-48.666951905351034,-26.913130711402506],[-48.66606662684979,-26.914042687946072],[-48.665899454743105,-26.91404547200839],[-48.66578429345561,-26.91392704691984],[-48.665805253183834,-26.91381087244896],[-48.666729139457374,-26.912827404077028]],[[-48.67239361714089,-26.91322057044484],[-48.67182438645709,-26.913211180561042],[-48.67175241574984,-26.91309902075047],[-48.67178092231007,-26.91291638756714],[-48.67187475615832,-26.912867997955964],[-48.672332728650154,-26.912870004377012],[-48.67226679214233,-26.91246386833682],[-48.67172379441721,-26.912382778965604],[-48.671676686964986,-26.912265480300672],[-48.67168469652841,-26.912176835210865],[-48.67176718014412,-26.912078320731716],[-48.67223053924711,-26.91211925579779],[-48.67196280681821,-26.90978442378466],[-48.67116949059049,-26.909837919365362],[-48.67161603057668,-26.913712666593646],[-48.67244581372058,-26.913693063651294],[-48.67239361714089,-26.91322057044484]]],[[[-48.702951121470626,-26.90925941302282],[-48.70292073121808,-26.909380570012654],[-48.702593208602934,-26.909393128977165],[-48.70254873940816,-26.909322633878272],[-48.702213454458715,-26.909324331991876],[-48.70218175819054,-26.909509871926975],[-48.70232031151467,-26.909467402719866],[-48.702257788520015,-26.90979556141688],[-48.70220287891907,-26.909944943493],[-48.702005785595944,-26.91002045068264],[-48.701873257409765,-26.910258019462965],[-48.701812812729756,-26.90940010310268],[-48.70162957329289,-26.909382807427413],[-48.70168683302963,-26.910693289465243],[-48.7013616392199,-26.91137854788394],[-48.70125809095061,-26.909398224669683],[-48.700747112669845,-26.909404213929417],[-48.70093227972459,-26.913067527197043],[-48.701454882325905,-26.913079618230256],[-48.701431290609364,-26.912077393151172],[-48.701776519507575,-26.91197925310761],[-48.70181215975121,-26.91317488669793],[-48.701972919335766,-26.913317046933503],[-48.70194706676758,-26.911933727267915],[-48.70231260631019,-26.911818026635498],[-48.70246056055603,-26.913478840973685],[-48.70233484487317,-26.91357697848767],[-48.701224636289595,-26.91360898995662],[-48.70093679769048,-26.913660798128852],[-48.70058333619432,-26.913709501459806],[-48.70021599008546,-26.913749988330892],[-48.70002933428957,-26.913704010145988],[-48.69985319881011,-26.913532973638066],[-48.69935156053537,-26.913274336548003],[-48.6991917496251,-26.912888885318015],[-48.69900961238857,-26.909472503631093],[-48.6987737092153,-26.909493702789568],[-48.69895453541026,-26.91258088796149],[-48.698844710846586,-26.911895698943574],[-48.698700358157254,-26.911141965261336],[-48.69849600998364,-26.910787988852867],[-48.69837872353423,-26.909487261977905],[-48.69797351129612,-26.90939478176925],[-48.69773224461533,-26.90909029389401],[-48.69768982809652,-26.907837302283994],[-48.697812637178046,-26.907882241698854],[-48.69803918032433,-26.907732082721935],[-48.69809937285447,-26.909092704844504],[-48.69835058175836,-26.909103957185337],[-48.698297714414366,-26.90757886688162],[-48.69843104213404,-26.907498746817918],[-48.69834596094696,-26.906577813465645],[-48.69824730868125,-26.906522534903473],[-48.69815418004912,-26.905211467861488],[-48.69794643097374,-26.905222391578455],[-48.69798740307321,-26.90635012956389],[-48.697656126062405,-26.905761512914435],[-48.69752701556446,-26.905240596923292],[-48.69734733812601,-26.90524482132137],[-48.69731396287373,-26.905709416961077],[-48.69696033523776,-26.905828877920452],[-48.69693314212847,-26.905399074061755],[-48.697002562859375,-26.9053214906765],[-48.69724585929373,-26.905132248043937],[-48.69691805897521,-26.90515910160357],[-48.69654760751156,-26.905124433153965],[-48.6963730820996,-26.905071492440648],[-48.696231563464345,-26.904965421352518],[-48.69604746196791,-26.904991039997103],[-48.695901517163605,-26.904906363538025],[-48.69585077619618,-26.90367112582998],[-48.69562003702474,-26.90363515751695],[-48.695612935695756,-26.90457426625644],[-48.69554757665574,-26.90454576873345],[-48.69549343068148,-26.904563370274733],[-48.69561325674745,-26.90475496026905],[-48.69563689787638,-26.904966448039467],[-48.69585226277029,-26.904973541961535],[-48.69590934601313,-26.905110437743133],[-48.69580539233805,-26.90531626447285],[-48.69504236293649,-26.905353898933313],[-48.69500771757905,-26.905585903007747],[-48.69488508249862,-26.90582720370767],[-48.6947878703431,-26.906093965717382],[-48.69466895913857,-26.906151955372994],[-48.694661074745056,-26.90604895869324],[-48.69455467930927,-26.90603112053928],[-48.6944420170545,-26.905830700851276],[-48.694536467712894,-26.90569985788018],[-48.69462083078585,-26.905672612299444],[-48.69464397671675,-26.905515558368176],[-48.69479340868012,-26.90542854933452],[-48.69482779689141,-26.905307458791025],[-48.69497979406181,-26.904995971334674],[-48.695289440742464,-26.904978665151113],[-48.69521607597293,-26.90367865388649],[-48.694912798437294,-26.903677279851244],[-48.6949107567813,-26.90397422063153],[-48.69469199396887,-26.903741656352384],[-48.69481553115943,-26.903554040166142],[-48.69483164243474,-26.90335035691592],[-48.69521079222557,-26.90334939266653],[-48.695168829399215,-26.902271729361697],[-48.69472356544829,-26.902285926648794],[-48.69446567772948,-26.90191675926225],[-48.69433293699695,-26.901919063698116],[-48.69432944344799,-26.90174726286146],[-48.69401641568762,-26.901734993394754],[-48.69401335910733,-26.901983614583944],[-48.694312751304956,-26.90197956008409],[-48.694366027798964,-26.902009053780187],[-48.69429210913483,-26.902111608687225],[-48.6938811200389,-26.902108473253517],[-48.69365247537398,-26.902362353802893],[-48.69364426578624,-26.902319722101034],[-48.69357765612136,-26.90231282840893],[-48.69358850728463,-26.902171674122584],[-48.69339052879,-26.901996695554168],[-48.69362398501771,-26.90199693189826],[-48.69361489374099,-26.90175705814208],[-48.69309006018071,-26.90175921580101],[-48.69300440079356,-26.901654054616465],[-48.692892270563114,-26.901476900220555],[-48.693623503840975,-26.901431601274012],[-48.69362322191129,-26.90124911844226],[-48.69294538017814,-26.901220152224006],[-48.69315240430239,-26.90104821358801],[-48.69378584861505,-26.901199894246528],[-48.694001129755215,-26.90130896200782],[-48.69400790636492,-26.90141730743741],[-48.69420255609851,-26.90141243635769],[-48.694209590509864,-26.901459065592118],[-48.694412470850274,-26.901491002823196],[-48.69466809477689,-26.901284075787657],[-48.69471035806183,-26.90195385217869],[-48.69513005267892,-26.901921347457783],[-48.69503064529913,-26.90072467290321],[-48.69466724378483,-26.90073662875851],[-48.69467383541233,-26.90100150801199],[-48.694426424307046,-26.900804255535366],[-48.69435135980788,-26.90057045964344],[-48.69413643962122,-26.900541903001116],[-48.693886850800354,-26.90045195450868],[-48.69386451333839,-26.900372873595586],[-48.694039038297554,-26.900229026103144],[-48.69403315440306,-26.90042035323024],[-48.69425083275058,-26.900411385689633],[-48.69423981637808,-26.900167902263703],[-48.694032440077514,-26.900160936801594],[-48.69408198491012,-26.90007945191512],[-48.69431757791999,-26.900072566397938],[-48.69430713630288,-26.899997257996834],[-48.69411992429391,-26.89997988752036],[-48.693849016962545,-26.899760782281675],[-48.69373976829521,-26.90003092542598],[-48.693534926930326,-26.900095561231918],[-48.692519072480245,-26.90020418961743],[-48.692423254524336,-26.900206201550564],[-48.69240910368899,-26.900313310594502],[-48.69206977439392,-26.900515286838843],[-48.69180095521051,-26.900586029472787],[-48.691790794349984,-26.900693202756614],[-48.691860638942245,-26.90079095060493],[-48.69079038172264,-26.90082711794129],[-48.690791387042395,-26.900973831711564],[-48.69192873859967,-26.900974542155286],[-48.69190537211625,-26.90114232556584],[-48.691843420841515,-26.901245074790133],[-48.69082407522613,-26.90132858797838],[-48.690813693942765,-26.901446492007963],[-48.69145534089557,-26.90148918834883],[-48.69125722387308,-26.901811545497786],[-48.69082208242776,-26.90181873975273],[-48.690777819490236,-26.902032695305],[-48.691324376954256,-26.902041635191367],[-48.691242027537946,-26.902362308299004],[-48.69083466405218,-26.902377112227427],[-48.69081114891268,-26.90255204922424],[-48.69118978676642,-26.90257613260961],[-48.6911194773021,-26.902893424355593],[-48.69082403640672,-26.90289932521496],[-48.69083990741456,-26.903099952711823],[-48.691210930615725,-26.90310602166589],[-48.691339732989306,-26.903444459948357],[-48.6908446689184,-26.90345425207074],[-48.690826228567666,-26.90367399678074],[-48.691007715493924,-26.90367875423581],[-48.69086930616398,-26.9038124538157],[-48.690906653531066,-26.903938294901014],[-48.69086109434039,-26.904019842743683],[-48.6908529634512,-26.90461544555849],[-48.69111224839132,-26.904621475641655],[-48.6904794076765,-26.90492956419943],[-48.69048488316721,-26.904464514965284],[-48.690490140030235,-26.90401019659966],[-48.690287456035,-26.9039684166218],[-48.689775325587505,-26.90398329239952],[-48.68974471979605,-26.903918387369693],[-48.69051411767333,-26.903959602188635],[-48.69051948970933,-26.9038917077887],[-48.689894372379364,-26.90382065363716],[-48.689703675337405,-26.903778174705],[-48.68853525586073,-26.90373400016539],[-48.68851170101972,-26.903518935070007],[-48.688220612872044,-26.903507011791778],[-48.68813561295204,-26.903369657033856],[-48.68812488282842,-26.903308655375156],[-48.68816645392114,-26.90322704227225],[-48.68817734839701,-26.9030841008248],[-48.68821587704876,-26.90295592456559],[-48.6885239426344,-26.90291803342402],[-48.688541430502305,-26.902843182132884],[-48.68851931508455,-26.902753370621145],[-48.68842626410014,-26.90261946145318],[-48.68851665589999,-26.902492133457958],[-48.68851530439213,-26.902370223916865],[-48.68867435277898,-26.902461607092935],[-48.68869367633607,-26.902728258303615],[-48.68903090009823,-26.90291202222364],[-48.68893797586403,-26.90296774868084],[-48.68894172875869,-26.90317533324102],[-48.69045114473159,-26.903132056161677],[-48.69041685721919,-26.90290072787753],[-48.69053375124415,-26.902630756308472],[-48.69063366543165,-26.902282825129525],[-48.690695009520816,-26.90018088714245],[-48.690662222542265,-26.899359149106065],[-48.690762788069634,-26.899283113336114],[-48.693564454417555,-26.899182759857766],[-48.693522950507145,-26.898673493285788],[-48.69352319021862,-26.89835722263547],[-48.6935689957887,-26.89817383852772],[-48.6930194991066,-26.89817143534932],[-48.69289194948576,-26.89805282918047],[-48.69293739704767,-26.897948147342124],[-48.69321804672474,-26.897841759702114],[-48.69351997857037,-26.897836706452207],[-48.69353847187269,-26.897610244966923],[-48.693617421659,-26.89751590435123],[-48.69372404552077,-26.897517646186383],[-48.6937896364185,-26.897497466150536],[-48.6937563615569,-26.897385353311307],[-48.69425190018378,-26.89720218647484],[-48.69447453209147,-26.897405048147625],[-48.694472424933835,-26.897508775153216],[-48.69447770758794,-26.897838037399325],[-48.69450387752123,-26.89826871919828],[-48.69431252901241,-26.898217188357055],[-48.694298240815144,-26.898561086125767],[-48.69495338812336,-26.89844883466699],[-48.69459342507051,-26.898280194089857],[-48.69484072209162,-26.898286742824837],[-48.6948366272452,-26.898193648138218],[-48.69520962670813,-26.89834733094341],[-48.69527089595721,-26.899063931254116],[-48.695478344121206,-26.899067317808417],[-48.69547081772177,-26.898455356274347],[-48.695848929960995,-26.89870125446733],[-48.69589737335932,-26.89906700112011],[-48.6961772106603,-26.89904294365435],[-48.69617257269472,-26.898878280337946],[-48.69689609469039,-26.89921210561779],[-48.69721857935386,-26.89944635833861],[-48.69730263675404,-26.900220578031412],[-48.69754207474364,-26.900220906184497],[-48.69753308432507,-26.899877270566463],[-48.697744013401895,-26.90010254726913],[-48.69792012747436,-26.90007679484432],[-48.69801426718032,-26.901731367992813],[-48.69820177230092,-26.9017344255536],[-48.69809218030894,-26.900054555046502],[-48.698171317197676,-26.899891256778673],[-48.69846932673234,-26.89985675752662],[-48.69856902195439,-26.901729678892437],[-48.69877219463034,-26.901747303810982],[-48.69867006662777,-26.900092600424628],[-48.69873172108862,-26.900004155710636],[-48.698928001390726,-26.90075515797248],[-48.698931772512196,-26.900372373095056],[-48.699055662499724,-26.900166868401627],[-48.699123776866166,-26.901727988511375],[-48.69933579930008,-26.901702819703996],[-48.699218940409175,-26.900577421407053],[-48.69929510075405,-26.90036398314065],[-48.6995270686874,-26.900339138980375],[-48.699676926992666,-26.900427453522486],[-48.699711390896994,-26.90168031695475],[-48.69992660531854,-26.901694557359022],[-48.699874734689,-26.90090655112311],[-48.70010592330613,-26.90072975409258],[-48.70050992662436,-26.900970099939936],[-48.70042684521234,-26.901198030377024],[-48.70032363967567,-26.901320955310474],[-48.70049155626382,-26.90473433228821],[-48.70071925236462,-26.90472372968702],[-48.700652352742104,-26.903298593839413],[-48.70088004595431,-26.903287990792602],[-48.700810975478525,-26.90236373936974],[-48.70062187746802,-26.902636166018276],[-48.70052734059249,-26.901196267907938],[-48.700577461299396,-26.901086165437412],[-48.70075488563115,-26.90119281789469],[-48.70067799811238,-26.90124523547088],[-48.70089858230251,-26.901388370689904],[-48.70108389937142,-26.904650952843774],[-48.701270686033745,-26.904689774781176],[-48.70113440420381,-26.90176432426409],[-48.70109356339151,-26.901613382142312],[-48.70113468992943,-26.901553226533757],[-48.701339968770085,-26.901663909189487],[-48.70148011308577,-26.901837935462297],[-48.70165811101561,-26.90467461545484],[-48.701849901056114,-26.90466342636711],[-48.701712164466535,-26.902203092263463],[-48.70176148765353,-26.90213233539501],[-48.70191998151268,-26.902188585641394],[-48.70197401764035,-26.902082125463792],[-48.70209530252079,-26.902202174233995],[-48.70223079521709,-26.904576599235124],[-48.70231262068187,-26.90467453742544],[-48.70218742841834,-26.902382574552426],[-48.70232053100582,-26.90231318030113],[-48.70225547352631,-26.90256973829778],[-48.702434935014814,-26.902773027307905],[-48.702573989517944,-26.90280391503986],[-48.70268822222352,-26.90465202644356],[-48.70278012794635,-26.904646366754967],[-48.702720100112735,-26.903471803103237],[-48.70296028391875,-26.903829934123326],[-48.70308779785113,-26.9036423747557],[-48.70313179072526,-26.90462346498541],[-48.703287602282934,-26.904615266655416],[-48.7032237976568,-26.90342990698504],[-48.70329370446752,-26.902933701235657],[-48.70344922411889,-26.902939809673967],[-48.70353953582653,-26.903012838886987],[-48.70364346427353,-26.904594111366414],[-48.703703770841685,-26.904609514354014],[-48.70355845137433,-26.904888024027034],[-48.70278421520474,-26.904887948865195],[-48.70257705225021,-26.90506705512573],[-48.7025069169822,-26.905377200380492],[-48.70214421883438,-26.905156615771293],[-48.70232442279369,-26.90517565059426],[-48.70233714939877,-26.90503989342252],[-48.70196963483972,-26.905057167350975],[-48.70197228636924,-26.90522179932756],[-48.70204310149115,-26.90522295222155],[-48.70220624698503,-26.905443865982225],[-48.70202473856163,-26.905489214185422],[-48.70199376803279,-26.90563898697814],[-48.702346975404986,-26.90558927751225],[-48.702506638189995,-26.90578508885567],[-48.70256215441652,-26.90659104394522],[-48.70229307515343,-26.906772720837274],[-48.70206807670365,-26.906797681505314],[-48.70206728174357,-26.906935422393143],[-48.702200192791544,-26.90692506304709],[-48.70211002909929,-26.907041669507944],[-48.70210401968818,-26.907535336193355],[-48.70210522015891,-26.907673108655636],[-48.70211919122292,-26.907968522349357],[-48.70215212872763,-26.908115756486644],[-48.70214052825545,-26.908392862981053],[-48.702169548392455,-26.908536456065207],[-48.702169337985396,-26.908842371566678],[-48.70215169567436,-26.908974471329685],[-48.70253500061411,-26.90896639865158],[-48.70252718261473,-26.90890902331648],[-48.702886260086,-26.908914867986695],[-48.70293754669661,-26.90894432719177],[-48.702951121470626,-26.90925941302282]],[[-48.69395727015676,-26.898557660187105],[-48.693946719823664,-26.898487716784686],[-48.69378729073422,-26.898477957039358],[-48.693699884734855,-26.898557033813717],[-48.69395727015676,-26.898557660187105]],[[-48.694127697753665,-26.89832071859373],[-48.694127305616504,-26.898143600654986],[-48.693925735112416,-26.89814567499988],[-48.69394219307195,-26.898317688558144],[-48.694127697753665,-26.89832071859373]],[[-48.694117925516544,-26.89781963832846],[-48.69410640153097,-26.89760119281124],[-48.69394461603296,-26.897609283837426],[-48.693936411168686,-26.897816673498838],[-48.694117925516544,-26.89781963832846]],[[-48.70239688554505,-26.906376357080617],[-48.70210556900081,-26.906375192887822],[-48.702036112616796,-26.906356172144502],[-48.70206462415711,-26.90652480238754],[-48.70214136996564,-26.906479538267476],[-48.70239696131457,-26.906471175880014],[-48.70239688554505,-26.906376357080617]],[[-48.70238581115634,-26.905937870714773],[-48.70210258405183,-26.905931471437825],[-48.70202141204737,-26.905899736810223],[-48.70201430687339,-26.90605347540622],[-48.70210222392893,-26.90604775037554],[-48.7023757317856,-26.906041469198666],[-48.70238581115634,-26.905937870714773]],[[-48.6942008792452,-26.8998255673101],[-48.694227948391045,-26.899475365485163],[-48.694000444795925,-26.89947701625383],[-48.69403151213936,-26.89981385589636],[-48.6942008792452,-26.8998255673101]],[[-48.6939591679354,-26.899151638639758],[-48.694188484468945,-26.899158962480413],[-48.69417486797674,-26.89865066403542],[-48.69394544343479,-26.898648706155782],[-48.6939591679354,-26.899151638639758]],[[-48.69491116239309,-26.899092048271292],[-48.6948748024693,-26.89862273731375],[-48.69453327606096,-26.898638627587463],[-48.69457155716306,-26.89911154900792],[-48.69491116239309,-26.899092048271292]],[[-48.69561601495379,-26.90034512173881],[-48.695551194951555,-26.899410205309138],[-48.6953156032144,-26.899417093881727],[-48.69539239010488,-26.900352204787545],[-48.69561601495379,-26.90034512173881]],[[-48.69624750576204,-26.90029818057472],[-48.696186524868274,-26.89937048317312],[-48.69595115104003,-26.8993666418664],[-48.69600821301858,-26.900290697151476],[-48.69624750576204,-26.90029818057472]],[[-48.69574214723515,-26.901896454707988],[-48.69562927964997,-26.90067451429121],[-48.69543321626515,-26.9006999372066],[-48.69550876357792,-26.901892644902215],[-48.69574214723515,-26.901896454707988]],[[-48.69585943651453,-26.90329378826851],[-48.69576538580533,-26.902226010021334],[-48.69554596482027,-26.902222428162222],[-48.6955557966658,-26.90331029967798],[-48.69585943651453,-26.90329378826851]],[[-48.697666057764835,-26.90178114770858],[-48.697546821520355,-26.900576994817452],[-48.69731942420591,-26.900573285773703],[-48.697426326124024,-26.901795127497255],[-48.697666057764835,-26.90178114770858]],[[-48.69203222334694,-26.900448480084822],[-48.6920249841214,-26.90021579204769],[-48.69078514584783,-26.900250975642464],[-48.69077646153592,-26.90048161361408],[-48.69203222334694,-26.900448480084822]],[[-48.696387101753636,-26.901874778473942],[-48.69628050155908,-26.90063862875158],[-48.69604497983653,-26.90064194139919],[-48.69611987901362,-26.901866840199432],[-48.696387101753636,-26.901874778473942]],[[-48.69044301606741,-26.903678460860778],[-48.69044524452841,-26.903470974086524],[-48.688938000518164,-26.903505341508687],[-48.688927790868725,-26.90371269835821],[-48.69044301606741,-26.903678460860778]],[[-48.69499272101336,-26.900381460290642],[-48.69493167779941,-26.899457339085266],[-48.69460788342757,-26.89948425434975],[-48.69462910261774,-26.90040414615296],[-48.69499272101336,-26.900381460290642]],[[-48.69653627891854,-26.9048961507733],[-48.696458838439966,-26.90359965112691],[-48.69619124851722,-26.903609595832688],[-48.69627681072315,-26.904899071701706],[-48.69653627891854,-26.9048961507733]],[[-48.69204641871903,-26.899897700514696],[-48.69201706059197,-26.899575201307922],[-48.690763302759414,-26.899608367944403],[-48.690769230316214,-26.89990543865575],[-48.69204641871903,-26.899897700514696]],[[-48.69875702876459,-26.904807143200493],[-48.69894098455158,-26.904788674033547],[-48.698780390859305,-26.90208108541288],[-48.69860499919941,-26.902071070643633],[-48.69875702876459,-26.904807143200493]],[[-48.693664015029604,-26.899831109193467],[-48.69363457958025,-26.89951218700525],[-48.69241295554346,-26.89953515886799],[-48.69232736020693,-26.89962321015142],[-48.69216248545159,-26.8996849182131],[-48.692148324256515,-26.89998881694984],[-48.69236447916974,-26.899956570684257],[-48.69243012784829,-26.899868193344933],[-48.693664015029604,-26.899831109193467]],[[-48.698381571882074,-26.90482248965893],[-48.698237240547314,-26.90210085443344],[-48.69803007668633,-26.902083164535348],[-48.698201678349264,-26.904837446163278],[-48.698381571882074,-26.90482248965893]],[[-48.699891231779034,-26.904768381764818],[-48.70008331198734,-26.904742888041454],[-48.69992283590486,-26.902028144993427],[-48.69972321701694,-26.90203204864742],[-48.699891231779034,-26.904768381764818]],[[-48.699332109314746,-26.90478789413172],[-48.69950852164789,-26.904747833142157],[-48.69934776928145,-26.902047398275542],[-48.6991323367585,-26.902043887016827],[-48.699332109314746,-26.90478789413172]],[[-48.697630513878686,-26.904860333542718],[-48.697830283761846,-26.904849279219995],[-48.69767414183228,-26.902120295998113],[-48.697434482056764,-26.902130698769316],[-48.697630513878686,-26.904860333542718]],[[-48.70176606841385,-26.90894940727558],[-48.70155750907698,-26.905060297324287],[-48.70135788372764,-26.905064202036236],[-48.701629838157515,-26.90897581336833],[-48.70176606841385,-26.90894940727558]],[[-48.69985526544586,-26.91308665140847],[-48.69964126280514,-26.90946938278506],[-48.699417691199166,-26.909472894076437],[-48.69959353016449,-26.91300367000329],[-48.69985526544586,-26.91308665140847]],[[-48.6989620811693,-26.909061152620108],[-48.69879351432108,-26.905172694205547],[-48.698538034989134,-26.9051756852051],[-48.69875519572862,-26.90902915596617],[-48.6989620811693,-26.909061152620108]],[[-48.69962510378375,-26.90903618078192],[-48.699440554951124,-26.905147461595227],[-48.699192618946235,-26.90517204485005],[-48.69937744940618,-26.909046455865187],[-48.69962510378375,-26.90903618078192]],[[-48.696877560431524,-26.899338822395286],[-48.6965942410647,-26.899337778129134],[-48.69662063119275,-26.90000371653854],[-48.69652075004634,-26.900009243142033],[-48.696375025885054,-26.90011062764252],[-48.696348983593225,-26.90021396414235],[-48.69635783015783,-26.900367962517123],[-48.69655077085072,-26.90049634134737],[-48.69669242975315,-26.900595258775237],[-48.696759430247916,-26.901816450523516],[-48.69697449900078,-26.901837849392354],[-48.69706081572211,-26.901910817353045],[-48.69724055943387,-26.901903015981702],[-48.697226706834236,-26.90179902762259],[-48.69703122241072,-26.9017958385844],[-48.696946734035265,-26.900846289725898],[-48.6972337590269,-26.900664916298275],[-48.69726459113075,-26.90032550847902],[-48.696906127003025,-26.90009424695598],[-48.696877560431524,-26.899338822395286]],[[-48.70031148379403,-26.909040209952884],[-48.70008803057815,-26.905100764959023],[-48.69979193023192,-26.905138876269337],[-48.70000028366686,-26.909035138930932],[-48.70031148379403,-26.909040209952884]],[[-48.70056764309238,-26.913384501439165],[-48.70031241182816,-26.90943738392897],[-48.700008465250846,-26.909468210956476],[-48.700248741974015,-26.913364992251992],[-48.70056764309238,-26.913384501439165]],[[-48.697052904978946,-26.902153097706663],[-48.69682506897474,-26.90217084866626],[-48.69682919597016,-26.90255734009994],[-48.69669811944587,-26.902723367160903],[-48.696473762658734,-26.902766220533394],[-48.69642546610166,-26.902196530854845],[-48.69617826361003,-26.90218534028813],[-48.69621574723204,-26.902894395715037],[-48.69645141887617,-26.90288393001843],[-48.69645010760912,-26.903145102190688],[-48.69620039931756,-26.903158916939116],[-48.696196153585134,-26.9032697663021],[-48.69645975300972,-26.903259755525845],[-48.69647107018599,-26.903193747275573],[-48.69662245183472,-26.903305346695916],[-48.696810249789245,-26.90329409924004],[-48.69687314183503,-26.903144849572417],[-48.69693938270568,-26.90489136855957],[-48.69722905231726,-26.904878830007924],[-48.697149795046904,-26.903278170880654],[-48.6972227683802,-26.903222113362958],[-48.697427613838116,-26.90315747335566],[-48.69708734913203,-26.902815590095702],[-48.697052904978946,-26.902153097706663]],[[-48.70123797359869,-26.909012367734707],[-48.70103828083121,-26.905080465116345],[-48.700527176099094,-26.90509360788207],[-48.70073541093089,-26.908997025076033],[-48.70123797359869,-26.909012367734707]]],[[[-48.75745444336582,-26.949057156141677],[-48.75721740559664,-26.946457807324073],[-48.75708290851012,-26.945684949846434],[-48.75710253173796,-26.94497421231252],[-48.756947259616524,-26.943569533241327],[-48.757126613209145,-26.9434779105187],[-48.75701527831039,-26.940975035069393],[-48.757195119651435,-26.94085855802026],[-48.75788820270617,-26.940879523726917],[-48.75797766816049,-26.941124592267837],[-48.75798114859398,-26.941229067272314],[-48.75840299784318,-26.941499309555255],[-48.758537092203674,-26.94145171734741],[-48.75870814092792,-26.941499186943396],[-48.758893075554994,-26.94168610448525],[-48.75956998337573,-26.942805700308227],[-48.760131820527086,-26.943291973791183],[-48.76095410283164,-26.943513872538226],[-48.76158128137172,-26.943782393429874],[-48.76172789155931,-26.94394383652161],[-48.76181280308471,-26.944139107117145],[-48.761718900080226,-26.944679606694688],[-48.761824917040926,-26.944929908457805],[-48.76198271943623,-26.94508655734959],[-48.76212217214725,-26.944487111736187],[-48.762289645707106,-26.944435073234363],[-48.762413972056564,-26.944601134610938],[-48.7624078835352,-26.944909325803508],[-48.7623280731661,-26.94501745170542],[-48.76235148426567,-26.945236608810678],[-48.76243502284926,-26.945501470211685],[-48.76230002052096,-26.947841320631138],[-48.762215250317986,-26.947919534173504],[-48.76223984007123,-26.948079040346304],[-48.76258088176889,-26.948228651631545],[-48.76271429545916,-26.948215850959446],[-48.7629606048487,-26.948105394084173],[-48.76327092056328,-26.94812523463593],[-48.763508051291936,-26.948198608985603],[-48.76355443644914,-26.948378350893446],[-48.763397069258296,-26.948480274579914],[-48.76304861319182,-26.94842502317877],[-48.76309754383942,-26.9501611618086],[-48.76322874971743,-26.950541143938132],[-48.763204940932766,-26.9509037509668],[-48.76312880782282,-26.951106410108274],[-48.76310647146961,-26.951394454119324],[-48.76429873411853,-26.951428282695392],[-48.764355233981476,-26.95165790750961],[-48.764225597510624,-26.951760272529846],[-48.76318873872563,-26.951723936229513],[-48.76279551057371,-26.951125983640935],[-48.76292343154338,-26.950829670841884],[-48.7627004396448,-26.95004049627343],[-48.76272208801716,-26.949787248287706],[-48.76197765261191,-26.94983510251979],[-48.76199183718524,-26.94995963666218],[-48.76232149551756,-26.950123985719774],[-48.76258581942632,-26.950506080960835],[-48.76263843920636,-26.9506511151499],[-48.76271275371172,-26.95082135538306],[-48.76262145227366,-26.950949189016853],[-48.761744101548636,-26.94986122950425],[-48.761537650993134,-26.949639166604683],[-48.761499183585975,-26.948778334520632],[-48.76174295015117,-26.948235242037466],[-48.76069336222822,-26.948283218136854],[-48.76069201380985,-26.949193142337595],[-48.76038523519169,-26.9489943471427],[-48.75745444336582,-26.949057156141677]],[[-48.75960091376657,-26.943345695083],[-48.75935749195582,-26.94317028039177],[-48.75925772643062,-26.943305435489407],[-48.75960091376657,-26.943345695083]],[[-48.762085612372566,-26.948302836012527],[-48.76189005224238,-26.948652771586474],[-48.76188650670544,-26.94939359946871],[-48.76200548794198,-26.9495496323052],[-48.76271664232292,-26.949501249750824],[-48.762658139203815,-26.948530706424833],[-48.762369714152115,-26.948526129501797],[-48.762085612372566,-26.948302836012527]],[[-48.760346387719586,-26.948854502647357],[-48.76029634512344,-26.948018348508388],[-48.75963352665991,-26.948007818601326],[-48.75943171474169,-26.947972291302403],[-48.75896059868438,-26.94794740135404],[-48.759141243528575,-26.948912427240646],[-48.760346387719586,-26.948854502647357]],[[-48.76179989363498,-26.947880621009297],[-48.76171396026363,-26.946894725372772],[-48.760593558202416,-26.946876935999995],[-48.76066107218798,-26.947952042336208],[-48.76179989363498,-26.947880621009297]],[[-48.76029144499316,-26.947705010710557],[-48.76022608390276,-26.946100380304813],[-48.75944888543028,-26.946122840048893],[-48.75953409064214,-26.947705410109815],[-48.76029144499316,-26.947705010710557]],[[-48.75766303899291,-26.94552760178333],[-48.757734131041126,-26.94614033409184],[-48.75793793825516,-26.945934735594097],[-48.75822179308797,-26.945889524185972],[-48.75818200956397,-26.943134195367293],[-48.75754864302665,-26.943178821239382],[-48.75766303899291,-26.94552760178333]],[[-48.7601717571748,-26.945761395559664],[-48.760097158805394,-26.943641976490895],[-48.75929739771198,-26.943683967045395],[-48.759421506669604,-26.94582406179812],[-48.7601717571748,-26.945761395559664]],[[-48.7590494977693,-26.945838040404237],[-48.75888590409432,-26.943170245386725],[-48.75910109165833,-26.942949908032876],[-48.758817363507504,-26.942428271407504],[-48.7576550878426,-26.941445153866507],[-48.75760326513959,-26.9412603523299],[-48.75739418057783,-26.941172497198053],[-48.75748254322725,-26.942874455402144],[-48.758393618229256,-26.942814354224822],[-48.75850218473025,-26.94293541720071],[-48.75857745618881,-26.945860372153607],[-48.7590494977693,-26.945838040404237]],[[-48.7618265311887,-26.945409769100173],[-48.76145001368582,-26.945090532191017],[-48.761327455831236,-26.944834995043752],[-48.76132947438046,-26.944452153993797],[-48.761395495517775,-26.944199610559313],[-48.761377338183124,-26.943995454392777],[-48.76043430861807,-26.94370700001289],[-48.76053854214034,-26.94657274638246],[-48.761736986056796,-26.946571885603543],[-48.7618265311887,-26.945409769100173]],[[-48.75884435040981,-26.948915167274702],[-48.75853241089593,-26.947856064852928],[-48.75863697084786,-26.94761905252418],[-48.759125069897735,-26.947626810419575],[-48.759076137898575,-26.946174099162498],[-48.75830487942302,-26.946176756814403],[-48.7577107506215,-26.946480570029436],[-48.757868992986516,-26.948576456021925],[-48.757782250909706,-26.948754082403205],[-48.75788399569722,-26.948939677733787],[-48.75884435040981,-26.948915167274702]]],[[[-48.751652670676314,-26.946868910084245],[-48.751670395232665,-26.946814496775335],[-48.75147308921365,-26.94669201371],[-48.75143900164572,-26.9464527972559],[-48.751590138186366,-26.946385593775293],[-48.75171602989405,-26.946472131265924],[-48.7520586296588,-26.94654223441535],[-48.75215491501313,-26.946722773857363],[-48.7523467738615,-26.946840196651422],[-48.75246593621276,-26.946986294716325],[-48.75245752871315,-26.947130359349416],[-48.75230560235198,-26.94723732951612],[-48.752265833463305,-26.947843324295448],[-48.75237974589305,-26.947974421203536],[-48.75320150440801,-26.946545532031703],[-48.7530753659878,-26.945912032249634],[-48.75285082073252,-26.945764255338315],[-48.752753844538525,-26.945618511192073],[-48.75277898990212,-26.94546974071327],[-48.75293636134867,-26.945367829177474],[-48.752800954566055,-26.945201583462623],[-48.75245855548323,-26.945121540425536],[-48.75215855566395,-26.94514162021717],[-48.75207900889331,-26.9449563751179],[-48.75205958590448,-26.944816839353766],[-48.75190991023029,-26.944531028452527],[-48.751651344809254,-26.941066139797243],[-48.75067763552892,-26.941766633470863],[-48.750371504877826,-26.941816446296006],[-48.75027394367614,-26.94170052556838],[-48.750276707862845,-26.94156134357658],[-48.751310735132364,-26.940896621247564],[-48.751516452235315,-26.939756257594198],[-48.751316785287074,-26.938355838792535],[-48.75104447466706,-26.93362774745715],[-48.75085601411064,-26.93361977087765],[-48.750345498980984,-26.933626546259287],[-48.749993723279744,-26.933461819931043],[-48.750271193254974,-26.933177848203584],[-48.75071357754406,-26.93324954431444],[-48.75147592243885,-26.93313241666764],[-48.751659253795374,-26.93339887492589],[-48.751812982836924,-26.93739413818076],[-48.751879823579515,-26.938499068486674],[-48.75208093242505,-26.939268018792124],[-48.752284979049065,-26.939609391937267],[-48.7525570362325,-26.939598810957932],[-48.752732936256756,-26.939681171681723],[-48.75275346881327,-26.94004448163337],[-48.75286996300727,-26.940324790384903],[-48.752771955042775,-26.940790631820413],[-48.752593241166345,-26.94140932990577],[-48.75261584414758,-26.941668253352244],[-48.7528647842093,-26.94226393198367],[-48.75311865673491,-26.9426110706375],[-48.753127161219574,-26.942462034851225],[-48.75319398762967,-26.942169729506734],[-48.753372034349184,-26.94186427930646],[-48.753588608379964,-26.94157435922309],[-48.75408804076069,-26.941288944611582],[-48.75416992526163,-26.94107643619012],[-48.75399074333095,-26.940879660294428],[-48.7538150386128,-26.94078735907914],[-48.753453891258665,-26.940254535635074],[-48.753288242291624,-26.93965521233457],[-48.753423814789734,-26.939533063305298],[-48.753446315436115,-26.93867817375264],[-48.75359822870274,-26.938571201458423],[-48.75384156750613,-26.93860988394678],[-48.753831219442844,-26.939131817673363],[-48.75418016889307,-26.939020523926498],[-48.75386952389694,-26.93342165712938],[-48.75377056359847,-26.932676711845556],[-48.75340195004675,-26.93252166995383],[-48.75310898136878,-26.932188827239322],[-48.75317819200316,-26.93205567488657],[-48.753339216133085,-26.93204829546993],[-48.75398721679721,-26.93238181870046],[-48.75418085613146,-26.932688217421404],[-48.75443549009079,-26.936635364454474],[-48.75450379317797,-26.938227611767605],[-48.754613666092986,-26.94052162410015],[-48.7545481531901,-26.94102776289558],[-48.754589271995265,-26.94119250658464],[-48.75535432799323,-26.940941149633083],[-48.75558773138318,-26.94064154982451],[-48.75576396481338,-26.9401471164245],[-48.75580173976418,-26.9396405353525],[-48.75578713756712,-26.93925743051624],[-48.75559017081041,-26.938558163033935],[-48.755607664170306,-26.938235237528573],[-48.75578353140351,-26.938039141021587],[-48.75730042435339,-26.936800285922423],[-48.75759777101335,-26.93635252707247],[-48.75766172838574,-26.936204372220345],[-48.75813884383562,-26.935923558333393],[-48.75812295366555,-26.935605073080126],[-48.75774795333758,-26.93521126658326],[-48.756764603335995,-26.93416137604632],[-48.75535788430751,-26.932920764355888],[-48.75390846248951,-26.932156807871397],[-48.753839422061716,-26.93200156536325],[-48.75395745968035,-26.931923886145636],[-48.75427219057456,-26.931998510852278],[-48.75513441170538,-26.9324398598481],[-48.75587899619693,-26.932939001013374],[-48.756839616801116,-26.933734944175526],[-48.758486294792625,-26.935466649493097],[-48.758514162356995,-26.935740573129305],[-48.758632634173175,-26.935921461912617],[-48.75881339062456,-26.936038698178688],[-48.758709924195465,-26.936221032698864],[-48.75812359898415,-26.9366940354273],[-48.75791068487646,-26.93680004324739],[-48.75606690740352,-26.93829724105199],[-48.75624832181627,-26.938941563593673],[-48.75618176760023,-26.9397808360438],[-48.75615626848281,-26.940227944897813],[-48.75598787898921,-26.940886590956534],[-48.75530207784795,-26.941338107904347],[-48.75519941867213,-26.941759125479802],[-48.75508424739862,-26.94281143528431],[-48.75482012247603,-26.942981262631115],[-48.75470414147178,-26.942954554297867],[-48.75458051733653,-26.94275369105703],[-48.75462338171939,-26.94255050707081],[-48.75466870922497,-26.942223051736125],[-48.75479385125884,-26.941787475938355],[-48.754872356879964,-26.941465521214766],[-48.75480540759305,-26.94148434458168],[-48.75455523486692,-26.941510195749586],[-48.75418770297036,-26.941578929438386],[-48.75358718201989,-26.942205827702395],[-48.75351759626735,-26.942637315577493],[-48.75384182543862,-26.943353529147714],[-48.75392857671085,-26.94429468792625],[-48.75458620437037,-26.944146045529408],[-48.75467297562494,-26.94424687414379],[-48.75459108929384,-26.944459382685928],[-48.7540119960831,-26.944564524951847],[-48.7539330187555,-26.945189785559364],[-48.75354553414174,-26.94598416354308],[-48.753568460456556,-26.946506627705087],[-48.75264570729078,-26.948272030278126],[-48.75184338573742,-26.94760288809175],[-48.75182790993593,-26.947264520736802],[-48.75154602384501,-26.94721030265331],[-48.751313247193046,-26.946918193449594],[-48.751652670676314,-26.946868910084245]],[[-48.75292233740028,-26.94467644641491],[-48.75258911247407,-26.944134120514914],[-48.75247863142106,-26.943550593270853],[-48.752301543134436,-26.94352788154782],[-48.7523478021977,-26.94483137777365],[-48.75249102212836,-26.944883384871602],[-48.75274258333647,-26.944787946336746],[-48.752886100302526,-26.94482504019802],[-48.75292233740028,-26.94467644641491]],[[-48.7542402192111,-26.939349657268387],[-48.753731935515276,-26.93966227992924],[-48.753810656780836,-26.94002900293319],[-48.753955983289764,-26.940394300416123],[-48.75424387099286,-26.94070468664054],[-48.75431833707537,-26.94058653532056],[-48.7542402192111,-26.939349657268387]],[[-48.75362833381513,-26.94488658958672],[-48.753564684161496,-26.94417949943294],[-48.753419613697254,-26.943381609345835],[-48.753153734354086,-26.94280057921879],[-48.7531173997587,-26.94295414320699],[-48.75284617048828,-26.943481865419965],[-48.75294080267612,-26.944025360615516],[-48.753286304444586,-26.94450821285034],[-48.75323821061279,-26.944974849549467],[-48.753405417498406,-26.945216186684576],[-48.75336166213459,-26.94546410862123],[-48.75362833381513,-26.94488658958672]],[[-48.75277074257789,-26.942809393237752],[-48.75263127165904,-26.942568497519538],[-48.752309639677996,-26.942001494193093],[-48.75223788664903,-26.941423555647233],[-48.75232142913697,-26.94084809313551],[-48.752523041951534,-26.94047340599506],[-48.752422299018114,-26.940238098956563],[-48.751876755952544,-26.93977194567806],[-48.751924962548685,-26.940697575000062],[-48.752071652169235,-26.940854056135063],[-48.75225744627678,-26.943233808758592],[-48.75252941358168,-26.94322819842804],[-48.75277074257789,-26.942809393237752]]],[[[-48.738439389617355,-26.934300097493907],[-48.73882007797617,-26.934127196182416],[-48.73909026169952,-26.933375731088],[-48.73934161592947,-26.933011806186347],[-48.739667236662186,-26.932818130605625],[-48.739882933816666,-26.932572969713988],[-48.74061736167075,-26.931908496077952],[-48.741223641672384,-26.93043644493627],[-48.740988153481595,-26.930005052620785],[-48.739339434007285,-26.92477756338056],[-48.739518273576564,-26.924710815579488],[-48.73970463601238,-26.92482319301214],[-48.741248800987286,-26.929730773934104],[-48.741724337341246,-26.9303649039576],[-48.74104774901653,-26.93202478067328],[-48.74095525193851,-26.93221224835611],[-48.740368581954314,-26.932700086899402],[-48.73972426800119,-26.933296389645772],[-48.739408844406064,-26.933534980349688],[-48.739192434523865,-26.934371837892463],[-48.73847760591711,-26.934608995425677],[-48.73792103580936,-26.93469951777618],[-48.73735734322911,-26.934591029067345],[-48.73618261541371,-26.93452245649346],[-48.73472897035061,-26.935085853464315],[-48.735235577287405,-26.93582989463035],[-48.73529636577474,-26.93611926635969],[-48.735073137810716,-26.936185294051334],[-48.73481031282645,-26.93601201388178],[-48.73436095462609,-26.935179389636136],[-48.73348053133825,-26.935374081962046],[-48.73069957328077,-26.93628405258063],[-48.730018789113366,-26.93648193541625],[-48.729924676648956,-26.936748925757847],[-48.72972462437509,-26.936765595657974],[-48.729489369442724,-26.93632424374243],[-48.72893996001042,-26.936056837289126],[-48.727388181681576,-26.935425219593323],[-48.727015574383586,-26.935747388095155],[-48.72691866352159,-26.936153556805063],[-48.72726016357406,-26.937382250790225],[-48.72737963109211,-26.938617310491797],[-48.72761647686562,-26.938979133458044],[-48.727686219755824,-26.938821143320926],[-48.72795462152144,-26.938716076645363],[-48.72802887700206,-26.93888633171764],[-48.7280112053062,-26.939214219734055],[-48.727594616280456,-26.939515791570873],[-48.72762574903102,-26.940729538619898],[-48.72720703620347,-26.94058356641156],[-48.72712814936176,-26.93953810861383],[-48.724725045803375,-26.93875351290084],[-48.72476422224745,-26.939012704405005],[-48.72536131076343,-26.939668736465972],[-48.72535352586281,-26.940056451974375],[-48.72510949881456,-26.940052515842755],[-48.72502375645823,-26.939901963106962],[-48.72467739381976,-26.939468756468273],[-48.7243257335148,-26.93874707024577],[-48.723843277035115,-26.938460834433887],[-48.72226671783944,-26.937958039932525],[-48.720330034225555,-26.937707967887835],[-48.72023280766605,-26.937577116793907],[-48.720302759599626,-26.937409189181853],[-48.720759526059474,-26.937317124953157],[-48.72166625898511,-26.937470999841764],[-48.72239552492727,-26.93762200319292],[-48.72397128035363,-26.938164561966598],[-48.725262253392906,-26.938523507173407],[-48.72701351637648,-26.939168309660154],[-48.72706047802674,-26.939039786670527],[-48.72696232246415,-26.938401747665637],[-48.7269400166488,-26.937854433841515],[-48.72654764825182,-26.93639619261102],[-48.72588233971237,-26.93637552194358],[-48.72525130503462,-26.93630567799204],[-48.72452204247122,-26.93615468968517],[-48.72416490928073,-26.93625831914943],[-48.723855937607624,-26.93617377554043],[-48.723089104366714,-26.93568405651179],[-48.721949358096566,-26.934979474662512],[-48.72115396081165,-26.934807511460278],[-48.72138199038997,-26.934502912466098],[-48.721459231082996,-26.93452404922993],[-48.722151406033625,-26.933759549366165],[-48.72251862440481,-26.93370581133344],[-48.72255859512952,-26.933925238163827],[-48.721902094958565,-26.934570981579093],[-48.72219877055859,-26.93471499756348],[-48.72285727451786,-26.935073692409375],[-48.726329237466736,-26.931798249998447],[-48.72756264371449,-26.93115183380647],[-48.723241286557865,-26.93528872818174],[-48.72393247347348,-26.935677779780526],[-48.724296303271146,-26.935793041328125],[-48.72747588740388,-26.932711745517715],[-48.727788641590735,-26.93260739296874],[-48.72789676493802,-26.932748359617708],[-48.72481156995309,-26.935826215570682],[-48.72552419277612,-26.935976933968902],[-48.72645145210532,-26.93593718861036],[-48.726576093528536,-26.935531468161354],[-48.727010803330145,-26.935155605297652],[-48.72768404277286,-26.935057062185606],[-48.728234641123876,-26.93526482439861],[-48.73000929893591,-26.933632640387298],[-48.73030857243635,-26.93364740135754],[-48.730293099732364,-26.93386593452559],[-48.72861906371151,-26.935459963591526],[-48.729529916293515,-26.93596191697098],[-48.73020432502585,-26.936082162836385],[-48.73112042224876,-26.93576872935105],[-48.734236104375604,-26.934764679825292],[-48.73430523787387,-26.934636510046946],[-48.73529958670308,-26.93373756875669],[-48.73548317725371,-26.93398913302156],[-48.734894688095686,-26.934566420116827],[-48.73584562633271,-26.93417395601672],[-48.73681099758401,-26.934169559915254],[-48.73807167750158,-26.934378731001],[-48.73480655092072,-26.926902632091554],[-48.73513235987428,-26.926699024426142],[-48.738439389617355,-26.934300097493907]]],[[[-48.726596470867925,-26.86071979821133],[-48.72691000611255,-26.860740780163283],[-48.727021246171226,-26.860806324242287],[-48.72724722893105,-26.86076214329763],[-48.72723012527647,-26.860432467918788],[-48.72717673583987,-26.86028816143729],[-48.72727672842755,-26.860175541474632],[-48.727280035704666,-26.86005767728107],[-48.72774805654176,-26.860597195861036],[-48.72801858039153,-26.861364281043553],[-48.7279111339992,-26.861734306930945],[-48.72779756586229,-26.861679499559465],[-48.727807309532565,-26.86148839187036],[-48.72769184544474,-26.861337773758578],[-48.72748330799851,-26.861398175064537],[-48.72734468884443,-26.8612206205795],[-48.726894632099054,-26.861213381781376],[-48.72777457368794,-26.862236984663667],[-48.72839197295427,-26.863059786063967],[-48.72865597396801,-26.863781271785555],[-48.72903542455366,-26.864950896228706],[-48.729040434565974,-26.865886048520622],[-48.728813928993475,-26.867141566020504],[-48.72978515616048,-26.86715717478741],[-48.72975089670845,-26.867092868612165],[-48.729645678081766,-26.867022110380947],[-48.72961830038934,-26.866695492743396],[-48.729884158762374,-26.866981784246967],[-48.72993565988894,-26.86762356556847],[-48.729808058497106,-26.867929173791],[-48.729681045605076,-26.867920559426477],[-48.72973163877411,-26.868056851541873],[-48.729619737640725,-26.86821037752967],[-48.729346316702404,-26.86821801599075],[-48.72862095633113,-26.86820104390763],[-48.72854947988579,-26.86940592325382],[-48.72943792143069,-26.869414891560822],[-48.72951746506815,-26.869238459531818],[-48.729638387049114,-26.86962497547091],[-48.72929554587578,-26.86997199036581],[-48.72934250729106,-26.86974275744533],[-48.72851931425801,-26.869729524738407],[-48.728202765116755,-26.871339556912787],[-48.727620785163325,-26.87259466658221],[-48.72730049648473,-26.873205810198673],[-48.72794096774615,-26.87317360880194],[-48.7280796858182,-26.87287519110583],[-48.72818388227999,-26.873383219734308],[-48.72769223122724,-26.874022675228435],[-48.727590323808585,-26.873821454900867],[-48.72767055552043,-26.873660702839558],[-48.72776643035259,-26.873606458956502],[-48.72770202690202,-26.87356823294463],[-48.727052668523726,-26.8736002892534],[-48.72668451594026,-26.87423456965829],[-48.7257383881117,-26.875329735061097],[-48.72658352778855,-26.876209714986782],[-48.726446966066206,-26.876604907397645],[-48.72550737761529,-26.875623536922685],[-48.72414850591522,-26.877062694872507],[-48.7229593655595,-26.87756950614624],[-48.72310330316782,-26.87999450046825],[-48.72324525661294,-26.879858654227455],[-48.72349995106045,-26.883851472622755],[-48.72310530810102,-26.88463989047396],[-48.72309196927032,-26.883662861592526],[-48.72329639766678,-26.88380960530638],[-48.72306272959996,-26.880097447726527],[-48.72287582219848,-26.88025913354377],[-48.722717755314065,-26.877948138274306],[-48.72224517923258,-26.87817428565312],[-48.721571657501435,-26.87837593742842],[-48.72197684422563,-26.88416819807474],[-48.722177799413906,-26.88419269023887],[-48.72227022363286,-26.884311064381446],[-48.72239946424356,-26.88436627774794],[-48.722612691595685,-26.884369716335776],[-48.72272405649485,-26.884429953879334],[-48.72284208988367,-26.88445310799612],[-48.72293513391819,-26.884688375257475],[-48.72310530810102,-26.88463989047396],[-48.72297818003173,-26.884919859164974],[-48.72270726951813,-26.8849715962517],[-48.72261183015387,-26.884855830549185],[-48.72258735947911,-26.88474652196873],[-48.72237271415128,-26.884666023716],[-48.72208550267847,-26.884658735522986],[-48.72200042783524,-26.884912381117495],[-48.72185979810068,-26.884981836647654],[-48.72173842957729,-26.884977221961073],[-48.72163938995325,-26.88489327479083],[-48.72133319403518,-26.880664597889847],[-48.721195385774074,-26.878526597759897],[-48.72158744426999,-26.878179615861185],[-48.72156740754291,-26.878144758598012],[-48.721179367636395,-26.87814381241838],[-48.721047044340395,-26.878242622001856],[-48.72080136009351,-26.878233345143073],[-48.72235507661838,-26.877716492973974],[-48.723229789972855,-26.877231183866108],[-48.72390915551857,-26.87673740865615],[-48.72542319768658,-26.875093549487765],[-48.72630850693081,-26.874077100212112],[-48.72714520054699,-26.87252857390954],[-48.72780491970221,-26.87123752666101],[-48.72811924402705,-26.86973903107079],[-48.728311469574784,-26.86753195506502],[-48.728602297980984,-26.866022453685094],[-48.72863503042107,-26.86527386077844],[-48.72851812168633,-26.86460255530722],[-48.7280305129676,-26.86321336174943],[-48.727227864499454,-26.862175064167722],[-48.72680755871905,-26.8617167064626],[-48.72679627184216,-26.861392437439484],[-48.726596470867925,-26.86071979821133]],[[-48.729644309875425,-26.86746140770528],[-48.728729632573476,-26.867439329355967],[-48.72869088876442,-26.867628669489026],[-48.72959389575505,-26.867617362941942],[-48.729644309875425,-26.86746140770528]]],[[[-48.751200054671294,-26.88395362654262],[-48.750617338895,-26.88383743959453],[-48.75070026393077,-26.883570251266814],[-48.75115889038756,-26.883652140368785],[-48.75108331919336,-26.88326806271634],[-48.750501360337914,-26.883253822205642],[-48.750804937606986,-26.883044844360647],[-48.750874214835804,-26.88290672050138],[-48.75096937482581,-26.882301602738764],[-48.75075365358122,-26.88115451610852],[-48.75060090161711,-26.88102777312717],[-48.75058961306849,-26.880757840633734],[-48.75065311804251,-26.880351114820424],[-48.75056915738099,-26.88039079995519],[-48.750412160793175,-26.87851867793077],[-48.75027882925413,-26.878531471175915],[-48.75041722524151,-26.880502745451718],[-48.750070392066064,-26.880656338344185],[-48.74993446384568,-26.87856079299765],[-48.74973500803519,-26.878552643044312],[-48.74995645903769,-26.880669440170504],[-48.749879163560195,-26.88079251912119],[-48.749971725140725,-26.88087852444397],[-48.74998047643457,-26.88127645577384],[-48.75006342861671,-26.88128772142182],[-48.750049289963215,-26.881441640946424],[-48.749693364235405,-26.881774093591208],[-48.7496789990556,-26.881659499538785],[-48.749506368818835,-26.881696528512414],[-48.7495233213499,-26.881960335051268],[-48.749438891212854,-26.88202363113748],[-48.74951413331593,-26.8821441677846],[-48.74958608168806,-26.8829906215117],[-48.74917002023725,-26.882859681178996],[-48.74910037959352,-26.88231658004882],[-48.74903494307991,-26.88226084087623],[-48.74900153297085,-26.8817083729099],[-48.748790492180504,-26.881724898602215],[-48.748841050218246,-26.882531232915156],[-48.74854749912995,-26.883073516485382],[-48.74848304800782,-26.88184928069229],[-48.74831288101257,-26.881762037221606],[-48.74842032156582,-26.88333502621502],[-48.7480478065781,-26.8831053293747],[-48.74796315924889,-26.88178132324064],[-48.74779646522519,-26.881798554529198],[-48.7478842650294,-26.882963494707273],[-48.747527298515124,-26.882788740776018],[-48.747407249774334,-26.881852016340574],[-48.747299144625636,-26.88171106522732],[-48.747302003900835,-26.881566911360373],[-48.74737741924035,-26.88139905284399],[-48.74732389142204,-26.88046338920122],[-48.74757590058521,-26.880338126391816],[-48.74732130568522,-26.880314175915778],[-48.747211315774145,-26.878870427551593],[-48.74709786726573,-26.878719446952893],[-48.747048154322044,-26.878430255015292],[-48.74711684119078,-26.878321958005472],[-48.74706479382274,-26.877311732107596],[-48.7468560299258,-26.877213926488],[-48.746813887951646,-26.876263526423294],[-48.7472150567956,-26.876165504788265],[-48.747325424235,-26.876192126745472],[-48.747498924002585,-26.878347940825424],[-48.74764066798276,-26.87833031180311],[-48.74758249409315,-26.877489049620728],[-48.747839581999344,-26.877806408983176],[-48.74794618279845,-26.877743468098245],[-48.74797448924193,-26.878273479322225],[-48.74814543928727,-26.87832095593078],[-48.74808290088188,-26.877419955344344],[-48.748170099709796,-26.877356704951694],[-48.74856047040501,-26.87766375727868],[-48.74847030281659,-26.877736905700324],[-48.7485081711565,-26.87834414215268],[-48.748212007036976,-26.87887892614322],[-48.748199170948766,-26.878687283570105],[-48.74801070335859,-26.878684278900465],[-48.74820311239525,-26.880726028621794],[-48.74816839882279,-26.88107851564555],[-48.74821910084434,-26.881317998421864],[-48.748261574097825,-26.881413151366687],[-48.74866613727339,-26.881424573142827],[-48.749182550328094,-26.881388051609743],[-48.74917855722236,-26.8810299757314],[-48.74910013600672,-26.880790050559252],[-48.74893938104407,-26.88078748860675],[-48.74878197129019,-26.879497129544916],[-48.74861003389876,-26.879499361628902],[-48.748673403157305,-26.88077827766225],[-48.74837426325051,-26.880763564110794],[-48.748226517403936,-26.878986063780996],[-48.74856465116586,-26.878991453868643],[-48.74859980814966,-26.879175992478178],[-48.74942702445513,-26.879124534792346],[-48.74937449205391,-26.878417617218552],[-48.749484047291126,-26.8782055491194],[-48.74945154816392,-26.877886797555103],[-48.749317964664904,-26.877352622616847],[-48.749307737603054,-26.87702925423148],[-48.74961201634679,-26.87706393655856],[-48.7495572464519,-26.876749802731215],[-48.749353250413165,-26.875851520959525],[-48.749597664754546,-26.876109007308546],[-48.749656263014145,-26.877069614016936],[-48.7497464454753,-26.878115254582152],[-48.74982851010159,-26.87817125824789],[-48.749716166305895,-26.876284928365923],[-48.750120572809664,-26.87686319641706],[-48.75026176139482,-26.87813340723643],[-48.750328082360674,-26.878144408641838],[-48.750474400053754,-26.878315800530185],[-48.7507021554928,-26.879134901142855],[-48.75087101082284,-26.879008307917523],[-48.75100462969192,-26.88066127207762],[-48.75112244771838,-26.88087198920993],[-48.75130736992915,-26.882734611016886],[-48.751307692363305,-26.88383848889723],[-48.751200054671294,-26.88395362654262]],[[-48.749608657106286,-26.881291664968277],[-48.74947296247804,-26.87946463246713],[-48.74932319761694,-26.879467218702665],[-48.74944780289221,-26.881294073634173],[-48.749608657106286,-26.881291664968277]],[[-48.74794300784788,-26.88139937070728],[-48.74770778818133,-26.878720471322495],[-48.7475580244083,-26.87872305574399],[-48.747749090898246,-26.88139130603874],[-48.74794300784788,-26.88139937070728]]],[[[-48.76072241960101,-26.86307157334003],[-48.76088138819681,-26.863163596317133],[-48.76106329195079,-26.864061516793427],[-48.76100598571756,-26.866407595723814],[-48.76074359291841,-26.868750422681625],[-48.76058070423997,-26.870826315652494],[-48.76081776305282,-26.87230191117396],[-48.76074225047018,-26.873320061438335],[-48.76050096266396,-26.875434488939618],[-48.76053143400988,-26.875857627904676],[-48.76092159272942,-26.877161615050174],[-48.76105055744431,-26.879058152166614],[-48.760756736492546,-26.879898805966636],[-48.76089374980647,-26.879980536602886],[-48.76113637996099,-26.88004902443117],[-48.761142763666385,-26.88028780133842],[-48.76059231224713,-26.88036360625847],[-48.76036437104049,-26.881518565787314],[-48.7603224944748,-26.882517358198722],[-48.76052688054457,-26.883400716398352],[-48.760508068260016,-26.884917006069116],[-48.760763462220396,-26.884901165378363],[-48.76117711258274,-26.884733689488556],[-48.76135303563727,-26.88481106414621],[-48.761394443367585,-26.884960893323235],[-48.76103544338074,-26.88516901595103],[-48.76027858224361,-26.885306187684495],[-48.75922531693543,-26.88641324533824],[-48.7599496635504,-26.886519212846643],[-48.76079483828881,-26.88640333300176],[-48.760514869532564,-26.886821548923763],[-48.7599814084578,-26.88687772995887],[-48.758958489414056,-26.886727246017635],[-48.75872222478072,-26.886897531121928],[-48.75754177755405,-26.887142328769087],[-48.75726415882712,-26.886879354718364],[-48.75758250009075,-26.886765072807975],[-48.75855714317046,-26.88655181449897],[-48.758822793957776,-26.886297464986363],[-48.76010319571527,-26.884920529571108],[-48.76012653077146,-26.88373746459561],[-48.75995452557613,-26.882899370921656],[-48.7599250820525,-26.882143096719105],[-48.75995205112687,-26.881337992294814],[-48.760253528284984,-26.88010961370685],[-48.760331472351496,-26.87981250396544],[-48.76050674441345,-26.87964124909865],[-48.76067424827115,-26.878738924169713],[-48.760645777854045,-26.877932940094805],[-48.76051808875589,-26.87794086088432],[-48.76050189446464,-26.87763728666951],[-48.76059642219743,-26.877623867572463],[-48.76052327108217,-26.877115520875627],[-48.760055166117375,-26.875546758237824],[-48.760194055743675,-26.874126848266314],[-48.760420536168,-26.87220113821065],[-48.7602552289147,-26.87214879351713],[-48.76026052027693,-26.871880366038656],[-48.76042680694966,-26.87188300220569],[-48.76028414849117,-26.871244270707173],[-48.760196331406846,-26.870636242235523],[-48.760239386582555,-26.870139682650635],[-48.760129119097996,-26.870108099915686],[-48.76014490729415,-26.869869673402665],[-48.76026704429569,-26.869861665411907],[-48.76057303396578,-26.86671399655528],[-48.760670343879525,-26.863463570904436],[-48.76051515478587,-26.863461111471224],[-48.760505186792095,-26.863122828282236],[-48.76072241960101,-26.86307157334003]]],[[[-48.70584569012687,-26.873197652940547],[-48.70564529753793,-26.87331647035053],[-48.70553501857596,-26.87173052218758],[-48.70442202009716,-26.872461516901897],[-48.703862446027046,-26.872749278315556],[-48.70358906332405,-26.872805870463498],[-48.703657866208154,-26.872462969073215],[-48.703105718162234,-26.872842401935802],[-48.701694702296585,-26.87285829415646],[-48.69992731958723,-26.873362204200152],[-48.700036520797205,-26.873469407313415],[-48.70015206064947,-26.874944468191867],[-48.70023545009313,-26.87495137494471],[-48.70019497939275,-26.873588510512697],[-48.70053753672864,-26.87378274262379],[-48.700622483013376,-26.874935480768833],[-48.70076001999687,-26.874865586320965],[-48.7007379453891,-26.87396911123795],[-48.700902142182755,-26.874110501781207],[-48.70107791092752,-26.87398574157796],[-48.701124055926876,-26.87491590047842],[-48.70125951617701,-26.87494862281156],[-48.701340997744744,-26.87504982481598],[-48.701272291223084,-26.875234588354058],[-48.70115398398916,-26.875271504218418],[-48.701179378276,-26.876156935048787],[-48.70087146646917,-26.876390517815246],[-48.700837171039986,-26.876556420560615],[-48.70077965830257,-26.875270961077504],[-48.70062423901678,-26.875307271520995],[-48.70071212575603,-26.87692614818778],[-48.70040192297309,-26.87773120831331],[-48.70037058819797,-26.877292351242737],[-48.70024957914543,-26.877309800775976],[-48.70029610858942,-26.878220545025567],[-48.69992475353607,-26.878225595734214],[-48.69988131952447,-26.877314902811552],[-48.69968782540036,-26.87724516696602],[-48.69966774877826,-26.87716715869906],[-48.699708344391986,-26.876995809821366],[-48.69985791730086,-26.876942758867894],[-48.69977656554122,-26.875307343112855],[-48.69959898712565,-26.87521567179409],[-48.69954792864315,-26.87513993307775],[-48.6996186621833,-26.87500791607637],[-48.69976227327346,-26.874943670669126],[-48.69969487150397,-26.873535977592216],[-48.69834514844869,-26.87419093347717],[-48.69716275082349,-26.87483195797032],[-48.69654230724827,-26.8752213473792],[-48.69590453967185,-26.875854593998234],[-48.69564261980871,-26.875650568919827],[-48.69568962948856,-26.875468229652135],[-48.69562507868169,-26.87529516690974],[-48.69564791064246,-26.87508468948924],[-48.69576948184885,-26.874886919134607],[-48.695759698980225,-26.874759139975595],[-48.695793550963316,-26.874615426154786],[-48.69595515616847,-26.87457922195817],[-48.69613250435903,-26.87468199034756],[-48.696140150334266,-26.874915160518533],[-48.69605434151925,-26.875180097509023],[-48.69659032942861,-26.874683908209008],[-48.69734195371876,-26.8743091402735],[-48.697416684646605,-26.87451427320369],[-48.69814035609341,-26.873915710677725],[-48.698761462679876,-26.873569326649005],[-48.699199602904315,-26.87355010754175],[-48.69921528393918,-26.873234086678245],[-48.69959623275503,-26.873059958245697],[-48.69967782384046,-26.873155614666352],[-48.700646475402195,-26.872832913288292],[-48.70063532325626,-26.872313928136744],[-48.70079231632445,-26.872352550373424],[-48.700952620666015,-26.87222753939145],[-48.701069259566694,-26.87273159480644],[-48.702448722451685,-26.872593123862806],[-48.70244583812576,-26.872276801132116],[-48.702609818482834,-26.872581872323657],[-48.70287820209886,-26.87261952872192],[-48.70292604912335,-26.872548173500007],[-48.703484512114784,-26.872468474326837],[-48.70347356202138,-26.871785804932053],[-48.70341316819812,-26.8717126898925],[-48.703628901023116,-26.871447084315022],[-48.70383588924762,-26.8716141358739],[-48.70414326239895,-26.87201863811992],[-48.7041922852324,-26.8718890406157],[-48.70423025793141,-26.87215322109928],[-48.70620440795766,-26.87090631028652],[-48.70640469773813,-26.87094562925313],[-48.707685441324166,-26.872938984760417],[-48.708721633824105,-26.874481692876273],[-48.70831493638548,-26.874092233980154],[-48.70808537780191,-26.87381662271458],[-48.70771478910332,-26.873477686726805],[-48.707561694454135,-26.87309234081944],[-48.70716085573552,-26.872719620532557],[-48.70623256026944,-26.87135066484033],[-48.7060221529898,-26.871352797571227],[-48.705916178834656,-26.871545281114145],[-48.70584836584122,-26.871533082537837],[-48.70584569012687,-26.873197652940547]],[[-48.70024351026658,-26.87527063060804],[-48.700144529340335,-26.87528377315435],[-48.700222402694486,-26.8769227583324],[-48.70035390607969,-26.876928587593802],[-48.70024351026658,-26.87527063060804]]],[[[-48.69854077369025,-26.869573444048314],[-48.69837492287323,-26.867681410180097],[-48.69778645671063,-26.86771621277966],[-48.697008167283435,-26.867653590206547],[-48.697069211159196,-26.8689155260303],[-48.69670660129025,-26.86879586663633],[-48.69665101601562,-26.867570085916437],[-48.696507076761904,-26.86765096966308],[-48.69653898873156,-26.868671062481333],[-48.69636204165526,-26.86854888095096],[-48.69624076053738,-26.868580195372207],[-48.69619201134704,-26.868848512185785],[-48.69614219534192,-26.867643633209333],[-48.69599617463189,-26.867674544052466],[-48.696028559963395,-26.86867106278269],[-48.69586938069949,-26.868740599927815],[-48.695683551351884,-26.86859885217619],[-48.69562991539122,-26.867735155703908],[-48.69543593271729,-26.867842965852667],[-48.695475005043676,-26.868662034574356],[-48.69534416470719,-26.868707064610277],[-48.69513078270629,-26.86870358367379],[-48.69506686435547,-26.867584479247054],[-48.69503431587509,-26.86690145977459],[-48.69539613056751,-26.866907361904406],[-48.695404224236626,-26.867423521746762],[-48.69586668556543,-26.867347834010676],[-48.69591099285073,-26.86714602969171],[-48.69592476887529,-26.866924306009384],[-48.69628866403983,-26.866980178211072],[-48.696287539546866,-26.86718823590901],[-48.69653111183829,-26.867228274165573],[-48.69678306191999,-26.86716024848185],[-48.69742353772046,-26.867306630803597],[-48.69836263194983,-26.86737187066188],[-48.69884089176983,-26.867279783969217],[-48.69900890280859,-26.867537760907293],[-48.699281480217685,-26.867214825991514],[-48.69968563171548,-26.86711598135545],[-48.700359887357585,-26.866816229766933],[-48.7008287049361,-26.86688489537906],[-48.70242847892782,-26.867321523115482],[-48.70379960302878,-26.86789868491528],[-48.70397836024989,-26.86808469692926],[-48.70399648763642,-26.86841236596315],[-48.70404487919375,-26.868926407843272],[-48.7046356937498,-26.868622505717163],[-48.70488905503031,-26.86863771910037],[-48.705089630928335,-26.868815761919365],[-48.705370134710186,-26.86932525136503],[-48.70565545590062,-26.86959622290346],[-48.70583067854835,-26.86980437104093],[-48.70610992944172,-26.870069694945666],[-48.70616089138747,-26.870303568059498],[-48.705739968753946,-26.87031337965432],[-48.70528356811769,-26.86962902429523],[-48.70513602263265,-26.86958223826665],[-48.70469184128594,-26.869824714593236],[-48.7044184650207,-26.869881308826205],[-48.70426513827043,-26.869844848479627],[-48.70424358120656,-26.869656518064527],[-48.703917862094734,-26.868935441011104],[-48.70329444607956,-26.869474630405335],[-48.70282942842337,-26.86921737827377],[-48.7027949155442,-26.869394375694302],[-48.70273357557419,-26.86780172666455],[-48.702581296890244,-26.86772867493027],[-48.70261082231833,-26.869319248980382],[-48.702572573485945,-26.869068935172322],[-48.70244425842083,-26.86898916705908],[-48.70232126307527,-26.86956423190777],[-48.70218978580601,-26.867586706885632],[-48.70050783105986,-26.867148785765917],[-48.69951814405257,-26.867443402375166],[-48.69934339413933,-26.86751823832769],[-48.69943832903349,-26.869399406806398],[-48.69925856602405,-26.869263310515574],[-48.69913273237246,-26.869366686437164],[-48.69906683796415,-26.8695653662623],[-48.69897033337614,-26.867609265923306],[-48.69884033684733,-26.867612696924347],[-48.69895517101904,-26.869580194023797],[-48.69883900665581,-26.86966430657043],[-48.69854077369025,-26.869573444048314]],[[-48.70332491301407,-26.869344731505148],[-48.70323987363015,-26.868042175907732],[-48.70309935646719,-26.86795388680934],[-48.7031888419166,-26.86934251945042],[-48.70332491301407,-26.869344731505148]],[[-48.704700602824865,-26.868931514158632],[-48.704228591066936,-26.869173536976806],[-48.70443154226042,-26.86954027538516],[-48.7049688346771,-26.86928266591441],[-48.704700602824865,-26.868931514158632]]],[[[-48.72355428475349,-26.848626405249597],[-48.72338785751481,-26.84886486970945],[-48.7229011324864,-26.84961976491277],[-48.72247402795218,-26.850965295376284],[-48.725170317322075,-26.850848476634614],[-48.72494117974259,-26.851229361582032],[-48.72238775105568,-26.851348477582466],[-48.72229877740067,-26.8518662162439],[-48.72228106641113,-26.852750446932472],[-48.72239707324192,-26.85338044994244],[-48.72257433714934,-26.853806335798044],[-48.723340765010335,-26.85478652322904],[-48.7244250086851,-26.85666915944099],[-48.72455518960538,-26.857305800383937],[-48.726807941885205,-26.857220271716102],[-48.72693837970671,-26.857117759902007],[-48.72767329319166,-26.857097700776603],[-48.728161656083934,-26.857194956517517],[-48.72818020412322,-26.857536133556927],[-48.72773368756724,-26.857543535984586],[-48.72777448725476,-26.857844722026567],[-48.727180645651245,-26.85788003932155],[-48.72711509954338,-26.857584146072465],[-48.72462697572854,-26.857646661360018],[-48.72468524350209,-26.857948847504435],[-48.72491685171176,-26.858516615142918],[-48.725232395640965,-26.85917546815629],[-48.724863821434006,-26.859381049176154],[-48.724411043350074,-26.85843796721739],[-48.72419564893247,-26.857774316196476],[-48.72404467953755,-26.857105293221846],[-48.72403577878465,-26.856835949834753],[-48.72360928282047,-26.856008660497704],[-48.722971816654,-26.855011323366135],[-48.722275929326045,-26.85407713720837],[-48.72189278493873,-26.85358383785431],[-48.72188234850972,-26.85339138308015],[-48.721854332413066,-26.853006360190868],[-48.72183628472676,-26.852480486960943],[-48.72086463436577,-26.85247123266053],[-48.72056563370705,-26.852415134534297],[-48.72044090362261,-26.852220837389588],[-48.72047523243446,-26.852112428907226],[-48.72053366519663,-26.852049275474776],[-48.720769400739954,-26.852053077001802],[-48.72085454486943,-26.852083293251738],[-48.72134227128643,-26.852171275774737],[-48.72155741114584,-26.852133082222537],[-48.72185023128781,-26.852141006748088],[-48.72193578646124,-26.851437336914653],[-48.72209662441738,-26.8505425944188],[-48.72141034237032,-26.85055717084706],[-48.72131033428111,-26.850555558656605],[-48.72118432073295,-26.85042533729723],[-48.72125909249909,-26.850259894843482],[-48.72221810540154,-26.850185618369885],[-48.72244652320125,-26.849484249914727],[-48.72283003764079,-26.848887931653397],[-48.72323943479442,-26.848376940897193],[-48.72355428475349,-26.848626405249597]]],[[[-48.67563780874289,-26.887009243437795],[-48.67508932365581,-26.88741724982153],[-48.67497518545183,-26.887348961583662],[-48.67523364394017,-26.88712069978929],[-48.67514632787969,-26.88706577878804],[-48.67488060245423,-26.887286402611757],[-48.674679544207685,-26.887161372030306],[-48.674427076778066,-26.88743754042741],[-48.674371357437735,-26.887346254220482],[-48.67443130608252,-26.887231054342372],[-48.674867462176984,-26.88682327941652],[-48.6747579453598,-26.886747705989226],[-48.67431288482659,-26.887188529867064],[-48.67422139794781,-26.887236818384704],[-48.67427925351236,-26.887123427769083],[-48.674563732182726,-26.8867906141016],[-48.67450699248301,-26.88674910642025],[-48.67425596170086,-26.88695521628285],[-48.674089949252725,-26.88692666257857],[-48.67449930147441,-26.88652213644486],[-48.67440429028495,-26.88644126882938],[-48.67392173041432,-26.886905449715425],[-48.673806023975956,-26.886931207799794],[-48.67368771762658,-26.88688315191069],[-48.6736259820078,-26.886784389862633],[-48.67364413005846,-26.886701697644234],[-48.674124936778654,-26.886222734983694],[-48.673967301094486,-26.886186941774422],[-48.67354938381697,-26.886607923659742],[-48.67342343640478,-26.886631668158053],[-48.67329918799076,-26.88657244935866],[-48.67324682614984,-26.886518104049173],[-48.6733302616956,-26.886360872863527],[-48.67379999399249,-26.885920457573643],[-48.673668806786885,-26.88579842028561],[-48.67357459003799,-26.88567883560298],[-48.67334850218974,-26.885671422660355],[-48.673407770871776,-26.885589407933935],[-48.673273961439435,-26.885494990238122],[-48.67228237247689,-26.88647846430098],[-48.67200911467688,-26.886224259992677],[-48.67219014628794,-26.886093109606165],[-48.67187750886717,-26.88579287542819],[-48.671879890284686,-26.885676727641112],[-48.672610467286724,-26.884952913231214],[-48.67248903327961,-26.88485685513414],[-48.67177813252733,-26.885523820717264],[-48.67165469510077,-26.885525474752686],[-48.67153969417658,-26.885416611745658],[-48.67153358676703,-26.885313233280446],[-48.6723557998464,-26.884533759292236],[-48.672487950926005,-26.88450827331524],[-48.672600767393064,-26.88452304187582],[-48.673256488945526,-26.885042861354272],[-48.67392427729047,-26.884371488487186],[-48.67301695843302,-26.883583799342194],[-48.67300490829391,-26.883469256425624],[-48.673143097277624,-26.88334981333749],[-48.67330350281403,-26.88335061149839],[-48.6754188404795,-26.885207568656593],[-48.6753151177336,-26.884949510122244],[-48.675771665262886,-26.885353538959247],[-48.67571635915538,-26.885442997370834],[-48.676116285375365,-26.88579998713988],[-48.67614561690987,-26.885673216931007],[-48.67645887071926,-26.8859439436739],[-48.67643276434928,-26.886013596127544],[-48.67655203354942,-26.886115148227933],[-48.67659732330314,-26.886213638530172],[-48.67696537591739,-26.886520307285746],[-48.67702404062203,-26.886668812815127],[-48.67722596832823,-26.88675143740247],[-48.677318243222516,-26.88663975399279],[-48.67756828217294,-26.886902483692936],[-48.67744037985025,-26.887038884615457],[-48.67672921976252,-26.886612790345055],[-48.67618482915031,-26.886144277578758],[-48.676166815371374,-26.88630070836628],[-48.674555765014716,-26.88497020421299],[-48.6742894773504,-26.885218481940512],[-48.67599428988611,-26.886624604727455],[-48.67597353126544,-26.886770364154795],[-48.675792799867416,-26.886916147498344],[-48.67514224339267,-26.8863612064927],[-48.67499773420426,-26.886487925650087],[-48.67563780874289,-26.887009243437795]],[[-48.67300903648513,-26.885300206740617],[-48.67288162256745,-26.88519482847357],[-48.67227784806437,-26.88575290756738],[-48.67240286545892,-26.88587484438497],[-48.67300903648513,-26.885300206740617]],[[-48.67365893833437,-26.885351487413452],[-48.674321783980076,-26.884720604569956],[-48.6742049522629,-26.88460064877968],[-48.67353590087197,-26.885233272519727],[-48.67365893833437,-26.885351487413452]],[[-48.67486623138575,-26.886155178112727],[-48.67435830763582,-26.885705640776607],[-48.674360946326765,-26.885387332519812],[-48.67422960171464,-26.885343387781596],[-48.67421201393386,-26.885159573317306],[-48.67375623009888,-26.885421327425284],[-48.6739328070187,-26.885739661027973],[-48.67396211928694,-26.88603974566228],[-48.67448063103099,-26.886288018887594],[-48.67449542851985,-26.886034150455192],[-48.674755109384314,-26.886258470928997],[-48.67486623138575,-26.886155178112727]]],[[[-48.70614702473419,-26.88528123289251],[-48.70577895033691,-26.88527709757208],[-48.70567084589057,-26.883298276011214],[-48.705559074876014,-26.883333345795105],[-48.70569296798519,-26.88525725839812],[-48.70557775370887,-26.885259074873527],[-48.70530846617667,-26.88555716067574],[-48.704893037350736,-26.88514835786821],[-48.70483853168236,-26.88397820068644],[-48.705135022573046,-26.883555145976853],[-48.70524699342494,-26.885342225883758],[-48.70533327377496,-26.88534731702689],[-48.70523444387953,-26.883317005674584],[-48.70519743487736,-26.883316404333208],[-48.70519017998481,-26.883268335113833],[-48.704506817612724,-26.883091245135887],[-48.70446684062357,-26.883441007767704],[-48.70424846492976,-26.883662459785278],[-48.70420934492652,-26.883359362826468],[-48.70396591207146,-26.883395979292803],[-48.70396556307459,-26.883820157041594],[-48.703779550155986,-26.883865084103437],[-48.70363719223222,-26.88378531006428],[-48.703612274300816,-26.8833902296159],[-48.70352599557401,-26.88338513842077],[-48.70353017127384,-26.883178647064952],[-48.7034412074499,-26.88306124646406],[-48.70356545348062,-26.883061186641896],[-48.70348290084898,-26.881447946639764],[-48.70382239577559,-26.881339121457394],[-48.703940023794345,-26.883048834372502],[-48.70416237326852,-26.883037694989337],[-48.704079948287024,-26.881214209371198],[-48.70412944175879,-26.881207636438987],[-48.704438936654775,-26.881972509072906],[-48.70433586155254,-26.881170417855994],[-48.7045551903615,-26.880748876669244],[-48.70462318668183,-26.88074260426197],[-48.70463278269269,-26.880573087278513],[-48.70467320963473,-26.880557145626042],[-48.70498219583003,-26.88068573289716],[-48.704995731352916,-26.880728371301675],[-48.7050748120079,-26.880733344549164],[-48.705506585413055,-26.88094323073256],[-48.70551027264702,-26.881015217216994],[-48.70546889195067,-26.881027455323917],[-48.705562225817125,-26.882973762347724],[-48.70562398180936,-26.882971077329586],[-48.705551940289354,-26.88134509753168],[-48.70579422930964,-26.882077524026275],[-48.70592849525172,-26.881946916656133],[-48.70614702473419,-26.88528123289251]],[[-48.705098889169214,-26.881055793573154],[-48.70497725763394,-26.881171850518598],[-48.70511786191908,-26.882966773573937],[-48.70518343061829,-26.882978904751845],[-48.705098889169214,-26.881055793573154]],[[-48.704650086259356,-26.881078008626268],[-48.70446908416419,-26.88107875522323],[-48.70457791482105,-26.883020704277946],[-48.704718246530746,-26.88299716520007],[-48.704650086259356,-26.881078008626268]]],[[[-48.74737361743475,-26.943310022565598],[-48.74708261696062,-26.940088258616576],[-48.747253647852034,-26.939857290553658],[-48.74741468400481,-26.93984991773939],[-48.747639296278564,-26.939714279177718],[-48.74786608302345,-26.93946928317243],[-48.74807950461434,-26.9393384376569],[-48.7477556261976,-26.934420573855277],[-48.74812481646152,-26.934267352330266],[-48.74831597346012,-26.93665216586139],[-48.748442189798105,-26.939513288573245],[-48.74825561063868,-26.939689314078898],[-48.748056159617384,-26.939954637290707],[-48.74758405621581,-26.94026035666538],[-48.747715204448994,-26.94315139018643],[-48.748220993307314,-26.942826319741563],[-48.74837003831273,-26.94258505438069],[-48.74843579108774,-26.94234743061172],[-48.7488399776725,-26.942388690047665],[-48.74954353345534,-26.941882793540017],[-48.74986965894038,-26.941664241290628],[-48.75012796345156,-26.941787699370337],[-48.750263263686726,-26.941958918177885],[-48.75014343467078,-26.94212606679305],[-48.74989000165901,-26.942315945293693],[-48.74967498063252,-26.942247873347757],[-48.74884663847948,-26.942891004445062],[-48.74887259099292,-26.944935058346175],[-48.74851424815632,-26.944819945540967],[-48.74842424296738,-26.943207464603184],[-48.748213483195656,-26.943204099339415],[-48.74821875852242,-26.943776003984894],[-48.74832316306678,-26.944105847239783],[-48.748322793248086,-26.944682634221667],[-48.7478901635198,-26.944397273574783],[-48.74786447228083,-26.943457088572792],[-48.747088895357265,-26.94395685176353],[-48.746602992779245,-26.94383969631651],[-48.74737361743475,-26.943310022565598]]],[[[-48.7855277636316,-26.96998972789799],[-48.785111388565575,-26.969714674439647],[-48.78454667990386,-26.963410718904672],[-48.78484955052134,-26.96324641692394],[-48.78572799096946,-26.963160770841686],[-48.78520531112339,-26.958110524004034],[-48.785030109279646,-26.95572100766325],[-48.78450673490387,-26.955245376245074],[-48.784224514936085,-26.95492270552479],[-48.784450481772986,-26.95471741475258],[-48.78474515707568,-26.954970667301257],[-48.78542209860258,-26.9555382140734],[-48.78611456162742,-26.963256346958193],[-48.785965659701375,-26.96349268379748],[-48.784965172847556,-26.96357641331166],[-48.7855277636316,-26.96998972789799]]],[[[-48.68376350979905,-26.902496962629893],[-48.683502455929606,-26.902480155794972],[-48.683326906525075,-26.902575668943022],[-48.683058699039364,-26.902615991526876],[-48.68287674018616,-26.902634472782058],[-48.68304519965907,-26.903961090956912],[-48.68289460920004,-26.904495315728326],[-48.68271129764956,-26.905068360853804],[-48.682636389489076,-26.90541419493253],[-48.682843717008154,-26.905814754768404],[-48.683262393552276,-26.906419149779385],[-48.68395906604217,-26.90630893150632],[-48.68397295330408,-26.90660613114518],[-48.68332415351479,-26.90671713516214],[-48.68366498822655,-26.90742043507763],[-48.683671598258044,-26.90787852459851],[-48.683463726688075,-26.908619106429626],[-48.683291790864544,-26.908552474190557],[-48.68302666447975,-26.908806133789547],[-48.68303334319935,-26.90825447004478],[-48.68123003390283,-26.908323054101622],[-48.6817618340235,-26.908108652893574],[-48.68138497410826,-26.907990894759894],[-48.68323186064294,-26.907914243102343],[-48.68290536653344,-26.90787668194745],[-48.68101279037307,-26.90793430892094],[-48.680660334250746,-26.907782415616097],[-48.68057166098049,-26.90762688808982],[-48.6832953121177,-26.907543174635062],[-48.6831453407497,-26.907265209262363],[-48.68161218715631,-26.90731193554217],[-48.681600927949226,-26.906992984516148],[-48.682988487277186,-26.906933460404076],[-48.68262844084877,-26.906194064013206],[-48.682237022487094,-26.90620910505545],[-48.68217279430382,-26.906422728187117],[-48.68168394431435,-26.906518461335892],[-48.67996775912147,-26.906522463986363],[-48.67984883672268,-26.906287940857563],[-48.67953326006201,-26.906497431572042],[-48.67953942190385,-26.90608781368188],[-48.679633227594955,-26.906137170248815],[-48.68039127548305,-26.906160256204522],[-48.68054953341716,-26.90595565859229],[-48.68242453697892,-26.90583769987631],[-48.68245893046798,-26.90560450207554],[-48.682374627896294,-26.905379981499642],[-48.68248134448342,-26.904797328261402],[-48.68258534775509,-26.904347450357093],[-48.682707187266914,-26.904184753937102],[-48.682701175770774,-26.90404386670311],[-48.682607500495074,-26.90384309963865],[-48.6825958908688,-26.90368618262882],[-48.68270348389777,-26.903350587082276],[-48.6828406749425,-26.90316157937005],[-48.68276412818179,-26.90255732250052],[-48.6828184176955,-26.902510399178865],[-48.68316351455112,-26.902441684181326],[-48.683324812040325,-26.902377922276944],[-48.68367518135387,-26.902341169174903],[-48.68376350979905,-26.902496962629893]]],[[[-48.7020879070994,-26.922094417108884],[-48.70189209437559,-26.921908749412932],[-48.70215870990406,-26.921752082387787],[-48.702191933590335,-26.92149142894828],[-48.70225738920046,-26.92143748318931],[-48.70221581749192,-26.92137150754397],[-48.70227602998641,-26.921157807964654],[-48.702361780619896,-26.92106259835823],[-48.70249505473586,-26.92118284272773],[-48.70260873569868,-26.921088087762726],[-48.70251659625262,-26.920907687151935],[-48.702785619085915,-26.920681286828998],[-48.70288579298808,-26.920809936888645],[-48.70313767506503,-26.920592200854728],[-48.70395710015017,-26.92033718744906],[-48.70420166416814,-26.92048070933461],[-48.704299600989245,-26.920374963109577],[-48.704774950540134,-26.92075123009185],[-48.70481659771915,-26.920862826388248],[-48.7047061115199,-26.920996993292835],[-48.70456123457137,-26.921055461708132],[-48.703819116820206,-26.92044943806172],[-48.70361547963696,-26.920650070655068],[-48.705330149952914,-26.92211274656552],[-48.70534698793061,-26.92226687460193],[-48.704772307227245,-26.922845940793618],[-48.703761111513494,-26.92375657312929],[-48.70356802618095,-26.923707147958456],[-48.70367684459073,-26.923458459031966],[-48.70375949533149,-26.923393164552294],[-48.70286965274661,-26.92259151915789],[-48.702643297710715,-26.92253416288006],[-48.702715790691926,-26.922453049906846],[-48.70297107136349,-26.922314085839986],[-48.70392823889123,-26.923141872507184],[-48.70418034295257,-26.922913404822502],[-48.70358480328238,-26.92236164584205],[-48.703501409540074,-26.92243900369635],[-48.703407856884574,-26.92242674731584],[-48.70317195818675,-26.922249373746535],[-48.70326808302314,-26.922134653909147],[-48.70311670680331,-26.92202127184106],[-48.70292753416917,-26.92200030215154],[-48.70253630777583,-26.921707692224118],[-48.702410709323686,-26.9217995691719],[-48.70255386986357,-26.921973644328713],[-48.70214460403325,-26.922078791594245],[-48.7020879070994,-26.922094417108884]],[[-48.704337624531995,-26.922193206982612],[-48.704164372840204,-26.922075891884266],[-48.70400941271261,-26.922237958900833],[-48.704158795474484,-26.922351307624094],[-48.704337624531995,-26.922193206982612]],[[-48.702921734040686,-26.921350800297883],[-48.70278360450193,-26.921470203733055],[-48.70330611092464,-26.92188302418266],[-48.70340013194268,-26.921773635883856],[-48.702921734040686,-26.921350800297883]],[[-48.703880102524565,-26.92133061988862],[-48.70335396815088,-26.920899852563313],[-48.70316657960992,-26.92108643622582],[-48.703684806733214,-26.921513497387163],[-48.703880102524565,-26.92133061988862]]],[[[-48.74572290540013,-26.943736127517944],[-48.745358825686786,-26.943630860295976],[-48.745067086713675,-26.94017041066431],[-48.74355575713496,-26.93972856048624],[-48.74300193640267,-26.93940146785343],[-48.74274532959681,-26.939193495422963],[-48.74263431044698,-26.93669062630102],[-48.743003910291954,-26.936517537230923],[-48.74313157558488,-26.939020671960034],[-48.74388723589453,-26.93952005295858],[-48.74505212523651,-26.939807189809102],[-48.744811386757966,-26.935735954988584],[-48.745175631215254,-26.93555282924146],[-48.74572290540013,-26.943736127517944]]],[[[-48.69028387161655,-26.90644790438375],[-48.69014551403519,-26.906774815265422],[-48.68897437099881,-26.906813787496525],[-48.688961583338425,-26.90704972457199],[-48.69009297718612,-26.907002947543937],[-48.68992376514049,-26.907620064544584],[-48.689121475424585,-26.907674018166365],[-48.68896611485097,-26.907463951391936],[-48.68884576990223,-26.907494182421118],[-48.68874899756342,-26.907542689221916],[-48.68875295100175,-26.907936332816014],[-48.688701012021035,-26.907939060434547],[-48.68863970966539,-26.908009616001777],[-48.68859975325618,-26.908256737717238],[-48.68696393823343,-26.908330121801043],[-48.68679405277248,-26.908636833584072],[-48.68852772304086,-26.90860888377424],[-48.68841613835513,-26.908796689340413],[-48.68859110216238,-26.908828179149264],[-48.68869162849107,-26.90898725694874],[-48.68872206959674,-26.90925610430345],[-48.68861565875347,-26.909385852677364],[-48.688601718603756,-26.908943742806994],[-48.686533230329694,-26.908999301318108],[-48.68653228200373,-26.90904579991602],[-48.687179051373754,-26.909034932073183],[-48.687200145555245,-26.90917481930686],[-48.68714137189968,-26.909316974975795],[-48.68641473404937,-26.90933011148565],[-48.686290397117226,-26.909506972561974],[-48.68859795485518,-26.909422236773633],[-48.688503982232135,-26.90957812922748],[-48.68850593029104,-26.90967834489049],[-48.68863221778541,-26.909748394455164],[-48.68634090384203,-26.90981908508492],[-48.686349125195555,-26.909611696229177],[-48.68595307135353,-26.909462084345392],[-48.68610044582757,-26.909085234865525],[-48.6867362731542,-26.90799632175345],[-48.68680662873427,-26.908069035155354],[-48.687113760547454,-26.908077645755753],[-48.68739170898828,-26.907951604505385],[-48.688578603071136,-26.907923638433513],[-48.688587111437904,-26.907701942188666],[-48.687619978142955,-26.907717407816147],[-48.687633478755615,-26.907642491418997],[-48.68750952838388,-26.907457983927365],[-48.687375265463494,-26.907387801911362],[-48.68859817043896,-26.907355058647948],[-48.68856898609988,-26.90682861648851],[-48.68824071159923,-26.906829502173224],[-48.688394066696326,-26.90674614176356],[-48.68852986002351,-26.906741210251564],[-48.688606027816085,-26.906724567730343],[-48.6887041101721,-26.906611678378912],[-48.68872365813107,-26.906239887591557],[-48.68875907216439,-26.906068724203926],[-48.68886209179449,-26.905909401340445],[-48.688983801832,-26.906007999817223],[-48.689311295629984,-26.90619226114233],[-48.688996440180894,-26.906220202259927],[-48.688987350066476,-26.906470512518293],[-48.69028387161655,-26.90644790438375]]],[[[-48.78123466086359,-26.967048149411667],[-48.78086424743638,-26.9666942485347],[-48.78066757145478,-26.956348535105096],[-48.780749712592765,-26.95612109794442],[-48.78103932979046,-26.95606598778062],[-48.78115785786996,-26.956246859756487],[-48.78123466086359,-26.967048149411667]]],[[[-48.82861573226193,-26.997805053844747],[-48.82889291036618,-26.997824244306774],[-48.829064185721876,-26.998155069271224],[-48.82950097008462,-26.998534738488697],[-48.83001087857767,-26.999442616491727],[-48.82881916554404,-26.998484448200646],[-48.828512214984855,-26.997992411826537],[-48.828466083409914,-26.997504396830358],[-48.82430900823253,-26.99776344647916],[-48.82416348218397,-26.997825840583445],[-48.82383483088614,-26.997885403977367],[-48.82355937312218,-26.998065129172925],[-48.82295976268483,-26.99807077810896],[-48.82215913333606,-26.998137959239116],[-48.821956587671664,-26.9979906250364],[-48.82119632696285,-26.998267267295056],[-48.82031618359718,-26.99842768388637],[-48.81994647812657,-26.99860097026641],[-48.819226300623896,-26.99881358054993],[-48.81964500645989,-26.99840237692554],[-48.82004399328151,-26.998149985283614],[-48.82073555521872,-26.997981679567985],[-48.82068935089646,-26.997787038399572],[-48.82033889578623,-26.997537964077218],[-48.8200162842124,-26.997284347323635],[-48.81987393507027,-26.996894290610847],[-48.819921493740836,-26.996730935559725],[-48.82015580649197,-26.99666992017653],[-48.82033710855367,-26.99676720352919],[-48.820408470393616,-26.99709649058225],[-48.8210150415314,-26.99759317925222],[-48.82124130609198,-26.99794972578188],[-48.82244531428331,-26.99768988964631],[-48.82294934006594,-26.997747406730166],[-48.823111896945306,-26.997665387538298],[-48.82358502086847,-26.99759811245062],[-48.823939506560926,-26.99734999410827],[-48.82441559441247,-26.997417019482516],[-48.828606047906625,-26.997153509000192],[-48.82861573226193,-26.997805053844747]]],[[[-48.703057350085416,-26.88310410324435],[-48.70300060717254,-26.883164041118974],[-48.70315343918046,-26.883437634965404],[-48.703456725971314,-26.883492362943787],[-48.70346320390862,-26.883680584298812],[-48.70309966712327,-26.883859100027394],[-48.703085403911395,-26.883445750540975],[-48.70288645310408,-26.88341853863391],[-48.7028723091937,-26.883914419192187],[-48.70275227499289,-26.883951195964034],[-48.70269649616138,-26.88386176354123],[-48.702532282427434,-26.88404905277481],[-48.70246646264419,-26.88343937120952],[-48.70226684059325,-26.883445344762293],[-48.70238430849256,-26.885466737739005],[-48.70249552765482,-26.885471774306648],[-48.70255912995351,-26.88578449182996],[-48.70240026621333,-26.88579620016605],[-48.70241548245488,-26.8862639714415],[-48.702036520009315,-26.886086288138802],[-48.702019089589946,-26.885829649597195],[-48.70195121546126,-26.885921676233988],[-48.7018168139718,-26.885966523463345],[-48.70180905989241,-26.885536681469965],[-48.701621759818245,-26.88523854921831],[-48.701502005854756,-26.883737204517903],[-48.70127303905322,-26.883770363406136],[-48.7010333790588,-26.883722200271382],[-48.70105056649245,-26.883482723790205],[-48.70097478573922,-26.883263866329074],[-48.70114985048351,-26.883353396479514],[-48.701410145240175,-26.88339820784859],[-48.70154311254973,-26.883332133735635],[-48.70153545142138,-26.88238958414855],[-48.701360217663265,-26.8816988176851],[-48.701696166234875,-26.88166371109766],[-48.70176156786081,-26.88219223758333],[-48.70181824162323,-26.882237422791583],[-48.70179444484039,-26.88168559723535],[-48.70184464642299,-26.881643995706394],[-48.70216510204734,-26.88206970461672],[-48.70223434174874,-26.883120223724546],[-48.702427869676185,-26.883110462767814],[-48.70235011019165,-26.882175993648165],[-48.70276296342875,-26.882304431866608],[-48.702808831969314,-26.883087150849754],[-48.703057350085416,-26.88310410324435]]],[[[-48.71946265690885,-26.911885171252447],[-48.71888151973378,-26.911547606759953],[-48.71861283034532,-26.911394093873575],[-48.71861642958056,-26.91121514837203],[-48.71871823272538,-26.911117348088844],[-48.718977084616,-26.910932583328997],[-48.71923698744678,-26.910419663306236],[-48.71918994194562,-26.909449300709813],[-48.7188805465739,-26.909389605037543],[-48.71886661228491,-26.909255127468512],[-48.718979401825244,-26.90916247602168],[-48.71919663822415,-26.9091162637705],[-48.718972467182,-26.90178344044503],[-48.7194085089988,-26.902163410024663],[-48.71957557098591,-26.907924057393988],[-48.71943236181623,-26.90815047030638],[-48.71948180189623,-26.910105390740508],[-48.71947824785882,-26.911109741205692],[-48.719556720025444,-26.911344708399877],[-48.71946265690885,-26.911885171252447]]],[[[-48.76403040601336,-26.952793918869627],[-48.76499874952128,-26.952928610562566],[-48.76693799497495,-26.953068732147887],[-48.766950419472316,-26.953282741290547],[-48.766770664541085,-26.953394259008988],[-48.76430563925772,-26.95318612941159],[-48.76676819946006,-26.954925715762542],[-48.766763296738176,-26.955174257308464],[-48.76644987760371,-26.95559194489063],[-48.76619014948052,-26.955538105984196],[-48.763623765967985,-26.953717304589414],[-48.763959327982896,-26.95302152130701],[-48.76403040601336,-26.952793918869627]],[[-48.76579791840131,-26.954607026851154],[-48.76565016564458,-26.954783691409126],[-48.76625773754909,-26.955206027212384],[-48.76638875050518,-26.955034069332488],[-48.76579791840131,-26.954607026851154]],[[-48.7655188505488,-26.954408681045624],[-48.76431015695208,-26.95351935148867],[-48.764147137640144,-26.95362615856615],[-48.7640140120989,-26.953624047248198],[-48.76537684101197,-26.954575491253056],[-48.7655188505488,-26.954408681045624]]],[[[-48.70459796200804,-26.902909403011545],[-48.7029845077791,-26.901943375556424],[-48.703071755032504,-26.90157626007562],[-48.70322210235854,-26.901049161262492],[-48.703044248784565,-26.90116076374958],[-48.70296237361114,-26.899685290760612],[-48.70238949100528,-26.899597251774527],[-48.70246781010812,-26.90124798942934],[-48.702857626219874,-26.901508371278148],[-48.70268014044744,-26.901798879963287],[-48.70216471766312,-26.90148051169268],[-48.702285227726804,-26.90108932505637],[-48.70219926682489,-26.90065227451694],[-48.70205709589798,-26.900649960317203],[-48.70199961480549,-26.899537235938105],[-48.701914571273726,-26.899494757134843],[-48.70219674855325,-26.899313401506255],[-48.70367390867932,-26.899523385761686],[-48.70378862095199,-26.899711200565875],[-48.70397723973144,-26.90034649530147],[-48.70401749636879,-26.90216413681428],[-48.704276748838765,-26.90223741979916],[-48.70425362189222,-26.902336134428232],[-48.704541072454326,-26.902499390491204],[-48.70459796200804,-26.902909403011545]],[[-48.70387910493956,-26.902108205936273],[-48.7037397705874,-26.899758709151985],[-48.703344995701,-26.89970940598209],[-48.70341435208045,-26.90180367126938],[-48.70387910493956,-26.902108205936273]]],[[[-48.713717309259586,-26.90881877401361],[-48.71379232810494,-26.908949269725042],[-48.713771085718705,-26.909177651864052],[-48.714189464886665,-26.909333596971454],[-48.71473336690692,-26.9095910209445],[-48.71527192603522,-26.909838410593373],[-48.71949237501907,-26.91233813237405],[-48.71948417946692,-26.912745730337438],[-48.717214079875625,-26.91144606036366],[-48.71687959964102,-26.91153015150851],[-48.716705173177544,-26.91137816000831],[-48.71671986501705,-26.911199395060272],[-48.71567799735351,-26.910605747033394],[-48.71540544874303,-26.910919563475748],[-48.715197557333816,-26.910776973449558],[-48.715167293465434,-26.91062731396788],[-48.71523054880516,-26.910240498099693],[-48.71422664549749,-26.90996568257336],[-48.71394413844739,-26.90967271289416],[-48.713767313456486,-26.9096400147649],[-48.7134421901031,-26.910360705138395],[-48.713040439517854,-26.91103042908624],[-48.71249786311372,-26.91180725964832],[-48.713717309259586,-26.90881877401361]]],[[[-48.67432806150438,-26.924543190320584],[-48.67431342339935,-26.924351521587834],[-48.6743892720053,-26.924275091856686],[-48.674452678664544,-26.923749019182107],[-48.67455866116616,-26.92325971460842],[-48.674570345149505,-26.92284098670872],[-48.67459471507197,-26.92263529553797],[-48.67494630756412,-26.922892148212668],[-48.674725321844576,-26.924204132178],[-48.675107500708215,-26.924253366360304],[-48.675307561399855,-26.92315650593609],[-48.67545697090784,-26.923265839554524],[-48.67562454385399,-26.92347579790791],[-48.675497587423976,-26.92430630794018],[-48.67585190970886,-26.924351503028152],[-48.67597453095002,-26.923627196505926],[-48.6763339909253,-26.9238514075061],[-48.67622145972354,-26.92443272753128],[-48.67661967424049,-26.92447864367363],[-48.67669086002541,-26.924223864726606],[-48.676988946659016,-26.924428001493453],[-48.676867199342425,-26.92508717357569],[-48.67685986715031,-26.92544493787021],[-48.67671669026839,-26.92548419465835],[-48.676449161978354,-26.925399334518676],[-48.67609071433017,-26.925371235193218],[-48.67586363662883,-26.925275943136583],[-48.675328831924205,-26.925244936454707],[-48.67481716575023,-26.925142178079454],[-48.67452037222015,-26.925126189005756],[-48.67431197255077,-26.925025653383535],[-48.67432806150438,-26.924543190320584]],[[-48.67653334545976,-26.92479566001098],[-48.674650811546044,-26.924528499072654],[-48.6745927026535,-26.92483166748946],[-48.676486845022545,-26.92511691125599],[-48.67653334545976,-26.92479566001098]]],[[[-48.70584990859903,-26.91879916184736],[-48.70567107951948,-26.918678038187785],[-48.7054841328033,-26.91884316437937],[-48.70584514293305,-26.919149587527173],[-48.70571971277774,-26.919233419784465],[-48.70570651149504,-26.919294031385352],[-48.705784577558205,-26.919381173281486],[-48.7060026583489,-26.91945270068083],[-48.70614086585642,-26.919526508359787],[-48.70606708941939,-26.919621915160167],[-48.705962477869186,-26.91966314978341],[-48.70521978144541,-26.919085748571874],[-48.705040524416006,-26.919265310953655],[-48.705600978070315,-26.91977534628158],[-48.70560714818573,-26.91986489734508],[-48.705512190958956,-26.92002078473823],[-48.705364338735144,-26.920029114866807],[-48.70477965460013,-26.919532996246158],[-48.704592054456505,-26.919730313127495],[-48.70507756354799,-26.92019619502122],[-48.7050662525558,-26.920360598871547],[-48.70497723831971,-26.92041997726066],[-48.70480225069002,-26.920388507307372],[-48.70448803555099,-26.92013651356186],[-48.70450689249319,-26.919993699782072],[-48.704412940219555,-26.919902721483464],[-48.70430047816023,-26.920016614248055],[-48.70412259559359,-26.92019676078847],[-48.70369887420716,-26.920030643727685],[-48.70466885762844,-26.919091099451705],[-48.70370723045974,-26.918681872405255],[-48.703343112684614,-26.918529248552176],[-48.70335921196048,-26.91832556387046],[-48.70358328643938,-26.91815911542158],[-48.70370540066962,-26.918180922088972],[-48.703812475176655,-26.918018076763975],[-48.70401400561797,-26.91792117178421],[-48.70440278719419,-26.918038415191887],[-48.70446096487443,-26.91792486553867],[-48.70460932216511,-26.917891499040195],[-48.70559077577813,-26.918192105054644],[-48.70581132290811,-26.91836288249247],[-48.70584990859903,-26.91879916184736]],[[-48.70547737436641,-26.918585438587467],[-48.70530927908585,-26.91850935564351],[-48.70524878048909,-26.918638969250612],[-48.705256258306015,-26.91876253198588],[-48.70522488985428,-26.91893197741223],[-48.70524266862477,-26.9190396063407],[-48.70534699028088,-26.9190126784097],[-48.70542439011046,-26.918836826062645],[-48.705487208972954,-26.918691149679816],[-48.70547737436641,-26.918585438587467]]],[[[-48.671118055855935,-26.885471093851795],[-48.6708675142221,-26.885265077423092],[-48.67093106254235,-26.885133165018473],[-48.670412891237355,-26.884726260268597],[-48.67032595401186,-26.884804559458498],[-48.670017059024545,-26.884555076358197],[-48.670101258504715,-26.884477677937298],[-48.66907383623691,-26.88363081154345],[-48.669012005599996,-26.88363716838873],[-48.66851646381546,-26.883230630752255],[-48.66866449386285,-26.88323307444703],[-48.66886823864526,-26.883026193146538],[-48.66911851332236,-26.8831575774151],[-48.669529181374585,-26.883490786121357],[-48.67026878871312,-26.882827993526234],[-48.67039184491653,-26.882844777246667],[-48.670504256466856,-26.882979417773072],[-48.66983909434454,-26.883722742784492],[-48.670004999857944,-26.883856421752334],[-48.670691152428304,-26.883192745040155],[-48.67082567441859,-26.883252135355114],[-48.67093031726745,-26.883364516247934],[-48.67026751425879,-26.884093128347455],[-48.67045107894366,-26.884168081916304],[-48.67107015259614,-26.883566001351696],[-48.67119739806899,-26.883579165261075],[-48.67131121012083,-26.883645591011238],[-48.67134560975306,-26.883773410875605],[-48.67064012172622,-26.88447734599505],[-48.67079997465342,-26.884605391480118],[-48.67151364920658,-26.883903435107058],[-48.671641423350124,-26.883890787905155],[-48.67176278001924,-26.883990533619418],[-48.67175803988522,-26.884121397281394],[-48.67109112433158,-26.884849945431284],[-48.671175927513566,-26.884926958550864],[-48.67190155922428,-26.884243640379996],[-48.67211885360944,-26.88427857457747],[-48.67216943762117,-26.88441957123639],[-48.671118055855935,-26.885471093851795]]],[[[-48.69694237268933,-26.90887614543357],[-48.696902039885494,-26.908896954473416],[-48.69678176757442,-26.908923616228904],[-48.69667281491222,-26.908785874240863],[-48.69639382506281,-26.90876700919166],[-48.69628479514499,-26.908829632955282],[-48.69604519382826,-26.908836456370327],[-48.6959191938216,-26.908752105313386],[-48.69581792552405,-26.908825589903643],[-48.695511080194336,-26.908802690181183],[-48.695493304956,-26.90889185042004],[-48.69573544211208,-26.908956629014455],[-48.69522921807334,-26.908974303857217],[-48.695269449213775,-26.908762070508025],[-48.69537108212047,-26.90867070236595],[-48.696568778436394,-26.908602593290908],[-48.696556015571474,-26.908444952955684],[-48.69565029571611,-26.908482049511502],[-48.69571542504125,-26.908272011110434],[-48.69561245962876,-26.908134366131144],[-48.696523236425016,-26.90809377405269],[-48.696510981031906,-26.907911095737763],[-48.695414250116116,-26.90797011970651],[-48.69536921430718,-26.907633052312498],[-48.696489372699226,-26.907599458044974],[-48.69648333580944,-26.90750364788457],[-48.69655707209885,-26.907508429441172],[-48.69653913306542,-26.906917766435676],[-48.696449402477946,-26.906914513388152],[-48.69645132570886,-26.906868924744764],[-48.69510303821091,-26.906934574621776],[-48.695107492327516,-26.907108180615598],[-48.69582338325157,-26.907083194281807],[-48.695849855797,-26.90725358158711],[-48.696026448007565,-26.907401373221436],[-48.69524517814271,-26.90745212779457],[-48.69523132711372,-26.907348139387892],[-48.69510343986664,-26.907356784610958],[-48.695036116850694,-26.907527429811136],[-48.694948941489976,-26.907545684689193],[-48.69482967084071,-26.907473965769178],[-48.694804433088606,-26.90734116787049],[-48.69486456855265,-26.90732783825887],[-48.69507457431329,-26.907206037588054],[-48.694954100162875,-26.906849849138414],[-48.69505725658547,-26.906683367286604],[-48.69641604313814,-26.906542751188468],[-48.696409773104996,-26.906360171433352],[-48.695494095959,-26.9063971043685],[-48.69583989900436,-26.906073574048257],[-48.69636694785572,-26.906012406666378],[-48.69636979707448,-26.905921214000255],[-48.69646163121116,-26.905919134593688],[-48.69659518121669,-26.90563149613312],[-48.69672524497726,-26.90551554448957],[-48.696766167636554,-26.90585880568276],[-48.69669391846866,-26.9058790948142],[-48.696668528282686,-26.905950240203232],[-48.69677864033233,-26.90603075307566],[-48.696817865803105,-26.90685075531774],[-48.69674416462574,-26.906942580459162],[-48.69672384905101,-26.907156928966486],[-48.69684933972878,-26.907266316309965],[-48.69694237268933,-26.90887614543357]]],[[[-48.69625387444022,-26.88401155690556],[-48.696260156240164,-26.883803257077773],[-48.6959591157552,-26.883840764414078],[-48.69591657356716,-26.88391015294591],[-48.69538040485472,-26.88347353343314],[-48.69560084821254,-26.88345499908552],[-48.69544813461579,-26.879198235942617],[-48.69556315419916,-26.87930708061853],[-48.69583364250485,-26.87935575634794],[-48.6959004155357,-26.88090511113666],[-48.6956329493236,-26.8810114038743],[-48.69606533741748,-26.881392844225598],[-48.696100662518084,-26.88147641338781],[-48.69591234283536,-26.881483023604424],[-48.69598386797318,-26.883431740210863],[-48.69622670296646,-26.88342463589209],[-48.6961537818406,-26.881493877561947],[-48.69624457936177,-26.881681630431164],[-48.696525317633196,-26.88152944646352],[-48.69662190932894,-26.883408950610093],[-48.69651155218255,-26.883982563732737],[-48.69663468832244,-26.884198507277684],[-48.696673789802496,-26.88429873560194],[-48.69675864758376,-26.88437389044269],[-48.69671057282973,-26.88451327069528],[-48.696204266518826,-26.884125092247157],[-48.69625387444022,-26.88401155690556]]],[[[-48.70081679841968,-26.9468211043629],[-48.700970453791456,-26.948817484920784],[-48.70083148730416,-26.94910361000573],[-48.69922846219163,-26.949355906688805],[-48.69915404460294,-26.94919558051721],[-48.69769663848062,-26.949380624750674],[-48.69583523375065,-26.949787774408602],[-48.69366605016307,-26.95005064262748],[-48.6936840276652,-26.94971282428697],[-48.70054811987386,-26.948850376242888],[-48.70042623496324,-26.946929097260092],[-48.70081679841968,-26.9468211043629]]],[[[-48.68863583105536,-26.911578593229034],[-48.689052572907926,-26.91169275709683],[-48.690558707129945,-26.912159293663457],[-48.69092641120419,-26.912329897458164],[-48.692148073918474,-26.91270410214732],[-48.69257345917151,-26.912786195683683],[-48.69314027574032,-26.913028031661785],[-48.693112586506494,-26.91349142380701],[-48.689067721559184,-26.912222547336498],[-48.68840993053724,-26.91198993900366],[-48.68783750836909,-26.911751598065962],[-48.687945042007904,-26.91133443730711],[-48.68863583105536,-26.911578593229034]]],[[[-48.79936335259055,-26.979082266046813],[-48.79902535685941,-26.97876869537502],[-48.79894200250648,-26.978488936853086],[-48.798770201196106,-26.978476307690702],[-48.798167282088336,-26.97837241031762],[-48.79860575224408,-26.978085888525563],[-48.799052124828066,-26.977963578091018],[-48.79915893025563,-26.978179061817695],[-48.79909041682111,-26.978277439936296],[-48.799171995482205,-26.97836324567961],[-48.799812543954424,-26.97738870677371],[-48.80083541654071,-26.975017903380753],[-48.80132965283364,-26.974145493223265],[-48.80142176233279,-26.97368946524351],[-48.80174200070513,-26.9737740203397],[-48.80169456793276,-26.974215827759615],[-48.799775459661575,-26.97815388352423],[-48.79941360276946,-26.97849630336162],[-48.79936335259055,-26.979082266046813]]],[[[-48.7468170868178,-26.871698918409646],[-48.74644591538277,-26.87168305302839],[-48.74630328839259,-26.870417789369064],[-48.74685221778767,-26.870416600633604],[-48.74967266728107,-26.870222877632987],[-48.749640031359384,-26.870470977810342],[-48.74926085844191,-26.8705793029875],[-48.749100117902415,-26.87057674211481],[-48.748758896042446,-26.870595202428728],[-48.74867411919094,-26.870599788800085],[-48.74846615257773,-26.870462220022766],[-48.748133488636945,-26.870461890614894],[-48.748040962482506,-26.870654339295506],[-48.74787309675242,-26.87066160766122],[-48.74795252587222,-26.871199893028113],[-48.74761498152139,-26.872005013587994],[-48.74750074482697,-26.87070539618152],[-48.74736148629205,-26.87073798192021],[-48.74744790876587,-26.872042128435666],[-48.747100211803286,-26.872240452617866],[-48.747007757855876,-26.870665433879005],[-48.746878183151566,-26.870685571608448],[-48.74695065276849,-26.87223309494492],[-48.7468170868178,-26.871698918409646]]],[[[-48.78786040293049,-26.97159764782196],[-48.787258186731655,-26.966068806852377],[-48.787185185882834,-26.96582898405822],[-48.78752076216482,-26.96569502456821],[-48.78772748789976,-26.965907111720092],[-48.788167195496875,-26.971801360346518],[-48.78786040293049,-26.97159764782196]]],[[[-48.77204765715217,-26.966913162613388],[-48.77157883600105,-26.96084937653364],[-48.77196225274718,-26.961104057098893],[-48.772439509174745,-26.96674035018388],[-48.77204765715217,-26.966913162613388]]],[[[-48.78829679952179,-26.973687942412752],[-48.78891817119405,-26.973697693865255],[-48.789588783866876,-26.973459594071265],[-48.7898615198307,-26.973702547839153],[-48.78909036330464,-26.97397387853717],[-48.78826819346814,-26.974015672757943],[-48.7890193283159,-26.9744849234232],[-48.790028591565765,-26.974809046088872],[-48.79134222771769,-26.975177712771686],[-48.790958165190034,-26.975519761284644],[-48.79092604171979,-26.975459588480554],[-48.79045221099121,-26.97528309676285],[-48.790420307880595,-26.97577983930223],[-48.79017358356338,-26.976193653358667],[-48.790048368031975,-26.975217095275788],[-48.78891830791284,-26.974826435423076],[-48.78774678026852,-26.97400251513108],[-48.78773285177626,-26.973579640926392],[-48.78829679952179,-26.973687942412752]]],[[[-48.75090367623901,-26.94658845735337],[-48.75050569261479,-26.946234044224298],[-48.750460513911065,-26.94599464978176],[-48.75023222005882,-26.946035759340624],[-48.74976669646513,-26.945729989159915],[-48.74954624726877,-26.94258393955131],[-48.7497258029953,-26.942482385540945],[-48.7499357717203,-26.942525515118408],[-48.750007593780985,-26.942820029829868],[-48.75012275559396,-26.945680974815506],[-48.75051832992049,-26.94559778319955],[-48.7504919452372,-26.944970844662375],[-48.7506759638497,-26.944924056716932],[-48.75087089594354,-26.945165839764478],[-48.75090367623901,-26.94658845735337]]],[[[-48.72070788472465,-26.87846294698975],[-48.72075465622778,-26.878641682882286],[-48.720661815681204,-26.878691985354305],[-48.7209889804962,-26.88327696381824],[-48.72077690418281,-26.883363860384605],[-48.72066506174104,-26.883327521372664],[-48.720568529515894,-26.883118761949703],[-48.72048488455983,-26.881677622576372],[-48.72053596746907,-26.881346392550096],[-48.7204276982299,-26.881132130024646],[-48.720289877903475,-26.878848025816115],[-48.720192123654655,-26.878785881041125],[-48.72017827584953,-26.87840749683605],[-48.720381413933424,-26.87834610768428],[-48.72070788472465,-26.87846294698975]]],[[[-48.72072003947265,-26.942106058286733],[-48.72082711707316,-26.942023259782278],[-48.72081247937078,-26.94192357759182],[-48.721321978711735,-26.941693140240652],[-48.72153177919274,-26.942019730264075],[-48.721475017054814,-26.942083452454895],[-48.72318429500007,-26.94564636938017],[-48.7225131876439,-26.945635531599333],[-48.72250569403948,-26.945456407326823],[-48.722600681272205,-26.945423136042212],[-48.722510791733015,-26.945202902183443],[-48.722350848100376,-26.945155568433947],[-48.72230522907335,-26.9449410229001],[-48.72236309088932,-26.944822622015806],[-48.72229318890019,-26.94471210235821],[-48.72213979221509,-26.94461515043139],[-48.7220885273242,-26.944405485200967],[-48.72213964400078,-26.944346643184257],[-48.7219970398874,-26.944264782851942],[-48.72189785998444,-26.943954897875955],[-48.721883020266944,-26.943865156522858],[-48.72111856357567,-26.942152277766684],[-48.72064771261685,-26.94225405857828],[-48.7206793167297,-26.942199874138296],[-48.72072003947265,-26.942106058286733]]],[[[-48.70308964002589,-26.961341093995504],[-48.70315791665196,-26.961804625706698],[-48.7033123251029,-26.96239884003541],[-48.703588872170826,-26.962990072775472],[-48.70397101873222,-26.963573079647112],[-48.7039264400557,-26.96385577198515],[-48.70380016674455,-26.964062549855438],[-48.70339451508367,-26.964911167327877],[-48.70238773478039,-26.96584943091876],[-48.70176592732676,-26.966411100343514],[-48.70177560883606,-26.96648087012492],[-48.70219043953241,-26.966820774822647],[-48.70173747911881,-26.966718915762055],[-48.7016300730129,-26.96626966195793],[-48.70300338520414,-26.965044017154522],[-48.70350031708669,-26.964346055304162],[-48.703651301263065,-26.96401537365508],[-48.70360611783452,-26.963780942190358],[-48.703624876957996,-26.96367682986869],[-48.703076420346726,-26.962812665858504],[-48.70276266570443,-26.961594322620215],[-48.70191205093749,-26.961674928679322],[-48.70180666089544,-26.961399736763656],[-48.70308964002589,-26.961341093995504]]],[[[-48.76023298312593,-26.891342597239937],[-48.76024235686549,-26.891710704480143],[-48.75984815578565,-26.891734285680855],[-48.760257084179074,-26.892650724239154],[-48.76038233816563,-26.892767075603228],[-48.761100005867775,-26.8929326021635],[-48.761608814511995,-26.89272188305351],[-48.761991693973656,-26.892991489577017],[-48.761635510904654,-26.893055457850497],[-48.76142597527399,-26.893275894581514],[-48.76097883332707,-26.893452784575224],[-48.76056382264018,-26.89340642332547],[-48.76054390273365,-26.893291741865887],[-48.76015926060439,-26.893111606226043],[-48.76008831968315,-26.893334239306576],[-48.75979704189477,-26.893200335988578],[-48.75972452882849,-26.892940620012265],[-48.75971834565625,-26.892691901550037],[-48.75964489970295,-26.892198467178872],[-48.759269387472834,-26.89155604057291],[-48.7596256142052,-26.89120865132182],[-48.76023298312593,-26.891342597239937]]],[[[-48.71089296935577,-26.94644251909206],[-48.710983475189,-26.946219541874083],[-48.71098299964296,-26.945282259211865],[-48.71066171837997,-26.945257154573326],[-48.710622798321225,-26.945329863892717],[-48.71046971329035,-26.945217987425806],[-48.710328515513226,-26.944929789500815],[-48.7103357702227,-26.94484537856124],[-48.710594515039084,-26.944670577344677],[-48.71060784323535,-26.944903247572665],[-48.710971172800015,-26.94490665979507],[-48.710962977835365,-26.944557224176855],[-48.71131801584945,-26.944284539441455],[-48.71134342477128,-26.94488038215756],[-48.71168204753649,-26.944870961337422],[-48.71163788245505,-26.94369305664575],[-48.71199571321047,-26.94369389058775],[-48.71204476388108,-26.944767456949005],[-48.71237287228225,-26.944454553886207],[-48.712375326976634,-26.94371496677183],[-48.71254483694726,-26.943700313021793],[-48.712714385242975,-26.94354643667892],[-48.7127706700411,-26.94426211537563],[-48.71323896203196,-26.944150375276866],[-48.71311988211668,-26.94427772408011],[-48.71257243590464,-26.94446276370568],[-48.711914913838214,-26.945153187796716],[-48.71116031963852,-26.945155858654697],[-48.71120487607475,-26.946245510901598],[-48.710847771626945,-26.946620092810168],[-48.710676437476295,-26.94658747832531],[-48.71089296935577,-26.94644251909206]]],[[[-48.74293642177415,-26.943107304977215],[-48.742612557782095,-26.943072286883638],[-48.742639943381384,-26.942811676861968],[-48.74297598919681,-26.942374517095452],[-48.742825252741326,-26.940194216109635],[-48.74264886627383,-26.939858245784933],[-48.74265461101326,-26.939569941345994],[-48.74282327275433,-26.939458276784524],[-48.743126328202166,-26.939562574253642],[-48.74321843375739,-26.939673439732957],[-48.74343672430577,-26.942362001229615],[-48.743519228290864,-26.94323348216296],[-48.74317159399699,-26.943138416703324],[-48.743090380639345,-26.942759219127023],[-48.742988368502154,-26.942866977986153],[-48.74293642177415,-26.943107304977215]]],[[[-48.6800955648685,-26.909319149363554],[-48.68037590358119,-26.90952033015726],[-48.68037162927968,-26.90959481698049],[-48.68090309069664,-26.9095576658404],[-48.68089141108599,-26.909523489252585],[-48.68174654712011,-26.90943659484704],[-48.682022484972094,-26.909524839375038],[-48.68209776823096,-26.909172350416434],[-48.682158907014184,-26.909056229642438],[-48.68229558087165,-26.90903272142581],[-48.68244684172258,-26.909126757958617],[-48.68235254944055,-26.909652330112806],[-48.68243716999907,-26.909675914107172],[-48.682110743763594,-26.910203222080096],[-48.680589922862104,-26.91026978919625],[-48.680622642768995,-26.910031735795407],[-48.680532103923696,-26.909919274961034],[-48.681836426158654,-26.90984637827237],[-48.6817880061579,-26.909792871001866],[-48.67984893473646,-26.909883077221856],[-48.67960298018039,-26.909804127363383],[-48.679466719918594,-26.90965762259773],[-48.67960862380888,-26.909376975895515],[-48.6800955648685,-26.909319149363554]]],[[[-48.766809085230285,-26.966352902657842],[-48.766358898825224,-26.966107094826185],[-48.76612457817798,-26.962234868600778],[-48.76629197804476,-26.962187797936537],[-48.76655687638323,-26.96226160850084],[-48.766809085230285,-26.966352902657842]]],[[[-48.701703174270335,-26.923352079017114],[-48.70156990061454,-26.923428623069142],[-48.701513820740985,-26.923635234066207],[-48.70099421522381,-26.923177728535123],[-48.700844073853624,-26.92329872364134],[-48.70121825196686,-26.923644730268204],[-48.700833953835975,-26.923502504205803],[-48.70069988143951,-26.923618393290486],[-48.70059794877356,-26.923527282429696],[-48.70043920893772,-26.923678549060554],[-48.70052953402671,-26.923751580929547],[-48.70044392484541,-26.923839635198167],[-48.700386391771474,-26.92392099161333],[-48.700265795440046,-26.92396285637026],[-48.700202876422004,-26.923916211639714],[-48.700088572763065,-26.924041366386028],[-48.69985198705848,-26.92389796827649],[-48.699667783784825,-26.923730376737957],[-48.69936539545797,-26.923682509944474],[-48.69978535243421,-26.923444265431847],[-48.69972816561085,-26.923361038917683],[-48.69987935941979,-26.923384971983086],[-48.699958149029605,-26.923436348049925],[-48.7001535985723,-26.923443112379086],[-48.700568728598554,-26.923442722488485],[-48.70054203093083,-26.92338146217623],[-48.70032068104545,-26.92327409213264],[-48.6999213699558,-26.92269152557335],[-48.69980775987,-26.922389121183073],[-48.6997629251846,-26.922238114568376],[-48.69968305005811,-26.92204360049182],[-48.699582353392714,-26.92189168305789],[-48.69945502992966,-26.921822519877345],[-48.69936146030391,-26.92181115398817],[-48.69934036761445,-26.92176876910998],[-48.69934629960039,-26.921673154248968],[-48.6994841073755,-26.92147145586835],[-48.70056435811382,-26.92301865904253],[-48.7006897961523,-26.922934831018313],[-48.70052786561067,-26.922653108617503],[-48.70095762716413,-26.92264728859952],[-48.70099892904956,-26.92265005075112],[-48.70126990103983,-26.922672355828404],[-48.701811416185976,-26.92313200583572],[-48.70180162257389,-26.92322129595841],[-48.70133476147068,-26.922820111063473],[-48.701236240526136,-26.92295446987287],[-48.701703174270335,-26.923352079017114]]],[[[-48.68648806116828,-26.897988259379236],[-48.68625865904676,-26.897930707555815],[-48.6861248242056,-26.897836300580746],[-48.68585780985479,-26.897817170084476],[-48.68568672242978,-26.89753219409383],[-48.68607543144756,-26.897534877368518],[-48.686047369811185,-26.897397942217413],[-48.68509326337594,-26.897382300932566],[-48.68510632719497,-26.897246039976604],[-48.6854659703695,-26.89706013309133],[-48.68605215443633,-26.897062365419963],[-48.68605497360213,-26.896924091826854],[-48.68551623457919,-26.896915260857277],[-48.68550849505712,-26.896588699892913],[-48.68606996491453,-26.896592370545346],[-48.68604141376525,-26.896479403256684],[-48.68551527763357,-26.896457868712417],[-48.68550729005185,-26.8963452375486],[-48.68575638131593,-26.896133543266114],[-48.68604010456109,-26.896140037391376],[-48.68603892419447,-26.895996166305494],[-48.685862237783155,-26.895985892944818],[-48.68641652620905,-26.89563534597127],[-48.68698455644213,-26.89579357928847],[-48.686752148827885,-26.895921173364048],[-48.686703876076386,-26.896205129605917],[-48.68654278891125,-26.89632037879098],[-48.68655717130897,-26.896000970136438],[-48.68641959159476,-26.89598949459669],[-48.68644480817331,-26.897577816239696],[-48.6865019370587,-26.897611178722038],[-48.68648806116828,-26.897988259379236]]],[[[-48.69472424316911,-26.87970281906894],[-48.69480321752569,-26.881131573059427],[-48.694975696110156,-26.881145453767132],[-48.6948728743661,-26.879472866545676],[-48.6952234035284,-26.879023052154796],[-48.69538507989283,-26.882255008141833],[-48.69533386563905,-26.882346386449893],[-48.695131703157074,-26.882376283635125],[-48.69502180144545,-26.882319162357707],[-48.69493995246594,-26.881487904965944],[-48.6948207046954,-26.881485958720983],[-48.69485014536747,-26.882264721357014],[-48.69467978462128,-26.8811332475796],[-48.69437118772637,-26.880124927360075],[-48.694372148420825,-26.879824326803647],[-48.69472424316911,-26.87970281906894]]],[[[-48.70970714744777,-26.87516352089752],[-48.709650080903195,-26.875231954946106],[-48.70955696460227,-26.875247091671085],[-48.70948460256955,-26.87530695347531],[-48.7094102095281,-26.875314070435635],[-48.70937786750317,-26.87523031520438],[-48.709291943684505,-26.875195629732733],[-48.70917898450412,-26.87527425457235],[-48.709149656952576,-26.875501276539342],[-48.70935012385803,-26.87553227044201],[-48.709398807199285,-26.875419311082872],[-48.709481191408166,-26.87547613476202],[-48.70954051182573,-26.875449352735146],[-48.70988489878423,-26.875707402936875],[-48.71004165825961,-26.875604518711395],[-48.7102844165746,-26.875686136461788],[-48.710294552293355,-26.875797274571706],[-48.71018930611388,-26.87595370781166],[-48.710347332335566,-26.876094987082766],[-48.7104196565872,-26.876190487574767],[-48.71032391216678,-26.876335976626766],[-48.71018980738881,-26.87638928970328],[-48.709954462628524,-26.87624675678302],[-48.7096331338014,-26.87653285477644],[-48.70947771379462,-26.876569175918416],[-48.7094864721796,-26.876441697654702],[-48.70872459079674,-26.875868920849086],[-48.708829630949246,-26.875876172856852],[-48.70877840539822,-26.87534821351742],[-48.70887271245507,-26.875427425674516],[-48.70924261114825,-26.875033917308425],[-48.70922252914791,-26.8749559091003],[-48.70879334920783,-26.875220835637784],[-48.7087508026834,-26.874876125092577],[-48.70906647973186,-26.87487014763486],[-48.70892723699896,-26.874718074330534],[-48.70909619868476,-26.874623711379517],[-48.70970714744777,-26.87516352089752]],[[-48.70963569933309,-26.876004868029113],[-48.70919412795681,-26.87566942580941],[-48.7090668324147,-26.875862854602627],[-48.70948866224837,-26.876157404052194],[-48.70963569933309,-26.876004868029113]]],[[[-48.74194056613498,-26.942967054247095],[-48.74158699239878,-26.94289177897433],[-48.74151608169392,-26.942691749521526],[-48.741518764866015,-26.942000637099223],[-48.74152897612543,-26.941210197807102],[-48.74155146547042,-26.940638738032245],[-48.74161465637433,-26.940251907250982],[-48.74165774063956,-26.94003878579012],[-48.74147313598964,-26.93983693567295],[-48.741565345141275,-26.939385928812662],[-48.74172965031947,-26.93921452756996],[-48.7419395110382,-26.93926263944934],[-48.74190197184996,-26.939754300229797],[-48.7421173772491,-26.940080951976103],[-48.74195178000917,-26.94059542497143],[-48.74189441971476,-26.94235968880266],[-48.741857376593906,-26.94254804447374],[-48.74198434357176,-26.9428583628474],[-48.74194056613498,-26.942967054247095]]],[[[-48.85306905673709,-27.030807167371623],[-48.8530838761663,-27.030320087094815],[-48.85322201742645,-27.030063623902365],[-48.853405482954116,-27.030051504746147],[-48.853479981153875,-27.03022170660753],[-48.85346056352262,-27.031096572581202],[-48.85607491160886,-27.03304587671093],[-48.85608085829486,-27.032148428327357],[-48.856251393446136,-27.032086383622424],[-48.85647540972356,-27.032132062360606],[-48.85660945604129,-27.032529419468897],[-48.85675423689419,-27.032800141247417],[-48.8567880532254,-27.03291999695982],[-48.856251756007914,-27.03294414860788],[-48.856244767093436,-27.03331200835814],[-48.85540832804613,-27.03276720213609],[-48.85468376897044,-27.032179345733226],[-48.8532556963361,-27.031066098426784],[-48.85249540911373,-27.030460282159],[-48.85223621644224,-27.030366821823414],[-48.85213703929094,-27.030034635453436],[-48.85306905673709,-27.030807167371623]]],[[[-48.74604345360244,-26.93194682273952],[-48.745391937117766,-26.93234911702409],[-48.744896672027,-26.93200805134377],[-48.7446489896182,-26.93177039129329],[-48.74455481090599,-26.93176391295035],[-48.74467954372012,-26.931907619486825],[-48.74488112661547,-26.93209233288629],[-48.744913913293054,-26.932396171511883],[-48.74488614059159,-26.932676665631483],[-48.74454977978309,-26.93271355227268],[-48.74454110418889,-26.93217391278725],[-48.74418775579172,-26.931949479000064],[-48.74413675119978,-26.931724907374207],[-48.744352782227494,-26.93146234059325],[-48.74462259047126,-26.93142439017168],[-48.744908100007656,-26.931573153293662],[-48.7452369420043,-26.931914044114457],[-48.74525377281507,-26.931765142146],[-48.74507323247751,-26.931498720927227],[-48.74471275413527,-26.9312145061208],[-48.744674672644045,-26.931037379254],[-48.744846982389596,-26.930881018050265],[-48.7450605906086,-26.93087946031301],[-48.7455028287079,-26.93151553265573],[-48.74573952052816,-26.931748044012906],[-48.74604345360244,-26.93194682273952]]],[[[-48.70584272378093,-26.880236798961125],[-48.705653684790654,-26.880228195428053],[-48.70546019148175,-26.879625662400684],[-48.70528596409013,-26.87664432142457],[-48.70538519966247,-26.87651683342191],[-48.70544688376941,-26.876110250043617],[-48.70529742809869,-26.87597503385359],[-48.70540993656438,-26.875903090277294],[-48.705545364723854,-26.875918200487376],[-48.7056180445852,-26.876087210419698],[-48.70584272378093,-26.880236798961125]]],[[[-48.73096934760957,-26.94074981207816],[-48.73060838193218,-26.940490415410384],[-48.73048314199426,-26.940095586558105],[-48.73050026980196,-26.939240622281616],[-48.730587343656296,-26.939048102944497],[-48.73062064976745,-26.938770188853436],[-48.73064050427906,-26.93833294333139],[-48.730753346037496,-26.937961834442554],[-48.731132791473144,-26.937575125481818],[-48.731392754941155,-26.937614113769886],[-48.73148335403342,-26.937799547595503],[-48.73116531310707,-26.93816735540155],[-48.730986916562465,-26.938487686970333],[-48.73106074872488,-26.93895627296127],[-48.73095009699453,-26.939218026259272],[-48.730876246879006,-26.939858267656046],[-48.73089046679483,-26.940256282456716],[-48.73137829648652,-26.940552525736734],[-48.73096934760957,-26.94074981207816]]],[[[-48.68467151006948,-26.892596447925026],[-48.68442215508781,-26.8927205342843],[-48.6842559189018,-26.8927528494762],[-48.68421150435351,-26.892686649393788],[-48.68420280239947,-26.89260904799966],[-48.684227187930226,-26.89252276730174],[-48.68439065378735,-26.892374219127525],[-48.683857417171964,-26.891895187371933],[-48.682555958313095,-26.89257465053322],[-48.68250228614312,-26.893289341960376],[-48.68246133690404,-26.893380882325296],[-48.682273659288384,-26.893405465765046],[-48.68216977264285,-26.893355809572043],[-48.68213362568005,-26.89324429353035],[-48.68229055845654,-26.893103424228514],[-48.682318847255544,-26.892588549209982],[-48.68412493262038,-26.89148124719593],[-48.684090874728916,-26.891262864318218],[-48.684445870920676,-26.89090248371274],[-48.68471456263371,-26.8911411103915],[-48.6841912980851,-26.89168580762617],[-48.68429233898119,-26.891774144526106],[-48.684561412579015,-26.891489930531257],[-48.684504154274705,-26.891675262252196],[-48.68463822550194,-26.891908915489626],[-48.68459359894481,-26.891979187270785],[-48.684683888782935,-26.89209040121508],[-48.68472615900823,-26.892034844675834],[-48.684791695260785,-26.89235128778991],[-48.68474647311685,-26.892551570852792],[-48.68467151006948,-26.892596447925026]]],[[[-48.71520646224863,-26.943289742265993],[-48.71598780706111,-26.942785281122134],[-48.716227060529256,-26.942475901504658],[-48.71639290975968,-26.942229972827118],[-48.71674816307866,-26.942220808729893],[-48.716738509788094,-26.942424515774512],[-48.716707070812916,-26.942607982066416],[-48.71742516881776,-26.94276380394217],[-48.71724993110923,-26.942925052910525],[-48.71710028456533,-26.94291765793954],[-48.71665989648001,-26.942746442390508],[-48.716619204391606,-26.943113733228266],[-48.71658906862987,-26.943232580493817],[-48.71633959008116,-26.94322356812735],[-48.71625656263708,-26.942938802832103],[-48.71569242182081,-26.94340203297459],[-48.715397101327156,-26.943740336938948],[-48.71384056551322,-26.94306871332432],[-48.713908624595156,-26.942995232691683],[-48.71493823892938,-26.9433848415103],[-48.71473430322788,-26.94304342108152],[-48.71514411909103,-26.94307989560635],[-48.71520646224863,-26.943289742265993]]],[[[-48.68321752831974,-26.901482590177366],[-48.682743323933465,-26.901544896894094],[-48.682570276630294,-26.90131360701822],[-48.68250679347899,-26.900505021676],[-48.682587088476545,-26.900490401957775],[-48.68382869716599,-26.9004764719491],[-48.68459405305203,-26.90071444084003],[-48.6854183039833,-26.90099988464969],[-48.68557459816409,-26.901163455904896],[-48.68526298508976,-26.90117981460963],[-48.684240138589786,-26.900848176131095],[-48.684118776874726,-26.900928479029517],[-48.68354213821671,-26.900829568646156],[-48.682659530740736,-26.900861595978682],[-48.68264548985223,-26.901158338181382],[-48.68365989647485,-26.901121317471947],[-48.68320174389814,-26.901278385707666],[-48.68321752831974,-26.901482590177366]]],[[[-48.70618718726425,-26.886215079644266],[-48.70607939281749,-26.88627177005784],[-48.7060802306708,-26.887403418016323],[-48.70591826834043,-26.88750173160085],[-48.70580824934622,-26.885659339642114],[-48.705729894434775,-26.885669131581782],[-48.705821889080596,-26.887579857922397],[-48.705683940933135,-26.88766262239349],[-48.70547588152833,-26.887696431582413],[-48.70539069933987,-26.88596608266861],[-48.705543580893945,-26.885728810917627],[-48.70613039811312,-26.88539161956947],[-48.70618718726425,-26.886215079644266]]],[[[-48.735152600245726,-26.882455814019156],[-48.73489463571404,-26.88255687080155],[-48.73454669663157,-26.88248664916657],[-48.73424043724731,-26.882272897556447],[-48.734082818728304,-26.880445510199873],[-48.73445133834531,-26.880595620510782],[-48.73461188231644,-26.882415595845277],[-48.734769866254055,-26.88241812978526],[-48.73471362699441,-26.88134568284693],[-48.73508253808564,-26.881754360287317],[-48.735152600245726,-26.882455814019156]]],[[[-48.711110283830706,-26.919289017267282],[-48.710996829409204,-26.91963847124264],[-48.71072555737041,-26.919778873350502],[-48.710498378401084,-26.919876130807207],[-48.71019028928178,-26.919871131366467],[-48.70982112837617,-26.919955458145918],[-48.70928673144262,-26.92017603947861],[-48.70934944826747,-26.919739023558225],[-48.7097958982958,-26.919568181055325],[-48.70955837910783,-26.919245469704908],[-48.70975313846806,-26.91892038239614],[-48.70981199074505,-26.919081474045303],[-48.71014881503709,-26.91943403218479],[-48.710351427554365,-26.91948099739878],[-48.710556043592085,-26.91941149683875],[-48.71063083381009,-26.91919863130657],[-48.711110283830706,-26.919289017267282]]],[[[-48.705365498192506,-26.879528221328833],[-48.704995663093975,-26.879204996302317],[-48.70484164683809,-26.87695431809489],[-48.70520747033727,-26.87671220687131],[-48.705365498192506,-26.879528221328833]]],[[[-48.68608989090096,-26.934512622606775],[-48.68627544341951,-26.934320666572408],[-48.68647687193444,-26.93423094356852],[-48.68698641542044,-26.933811733063322],[-48.687273786295734,-26.933716261884097],[-48.68747032130212,-26.933866180822665],[-48.68763639211243,-26.933650647748387],[-48.68812692758881,-26.933478000295906],[-48.68871807797311,-26.93346085362049],[-48.68904263099812,-26.93369516181728],[-48.689041026177954,-26.933773851061463],[-48.68885589158964,-26.93384774457136],[-48.68876850001336,-26.933826633253773],[-48.68871931103365,-26.933791837129384],[-48.68854800808989,-26.933774717404457],[-48.68822479408174,-26.93357263242828],[-48.68782260028507,-26.934013285935233],[-48.687266801830674,-26.934156237866333],[-48.68704425414566,-26.934009470212324],[-48.686722426804664,-26.93432620957992],[-48.68639104785302,-26.93442632441903],[-48.68566187892098,-26.93504408421793],[-48.68568485447795,-26.934700976252657],[-48.68606396611975,-26.93441380255449],[-48.68608989090096,-26.934512622606775]]],[[[-48.69915048892246,-26.957492966736847],[-48.699186951768965,-26.952968814167267],[-48.69949821292918,-26.957856643598788],[-48.69933886026248,-26.958052932871546],[-48.69917447500341,-26.957950804382303],[-48.69915048892246,-26.957492966736847]]],[[[-48.74890025872001,-26.87233876076982],[-48.74858963476377,-26.872065300731826],[-48.74865119796489,-26.872036447365698],[-48.74887021408129,-26.872036208480967],[-48.74918328624947,-26.872046169345534],[-48.74937184145257,-26.87204420077538],[-48.749389848009365,-26.871974873585117],[-48.74975339169963,-26.87237597068476],[-48.749802303270066,-26.87298586959814],[-48.749463266209816,-26.873166933617796],[-48.74941107808418,-26.872442618094645],[-48.74927295017238,-26.87241804191302],[-48.74933091539708,-26.873270488853557],[-48.748984103830864,-26.87342407960388],[-48.74893890056824,-26.872487305195346],[-48.74888116845327,-26.87246276606036],[-48.74890025872001,-26.87233876076982]]],[[[-48.81021249310383,-26.972399250081185],[-48.809930922884895,-26.972897093816673],[-48.80961958881457,-26.97349889472294],[-48.809463210836206,-26.974122994173758],[-48.809202091704876,-26.97471065746587],[-48.80914017144673,-26.974182614258616],[-48.80919437602667,-26.973676266053516],[-48.80960464900043,-26.972837325580482],[-48.80943974982312,-26.972755202174444],[-48.80949526398819,-26.972467663045375],[-48.80982307653738,-26.972447896162183],[-48.809940483221766,-26.97211656512429],[-48.81021249310383,-26.972399250081185]]],[[[-48.694604421963426,-26.883544282870243],[-48.69458062312112,-26.882953306357788],[-48.694099028703654,-26.882969419216103],[-48.69403234114273,-26.882911158139713],[-48.69401133490677,-26.882831511491908],[-48.69402980437696,-26.882732222552132],[-48.69409877537002,-26.882678021005255],[-48.69427170532589,-26.882669778622926],[-48.69449643877506,-26.88259183798693],[-48.694866966872034,-26.882677189769872],[-48.6949486152609,-26.88285972235074],[-48.69493885182561,-26.883138047771258],[-48.69473758908748,-26.883022261930044],[-48.69476924997179,-26.883083639245573],[-48.69495873611292,-26.883273003674685],[-48.69495446997934,-26.883483180830712],[-48.695230089793,-26.883482146183376],[-48.69579975039537,-26.884092673197138],[-48.6956796171585,-26.884301411149877],[-48.69535784782703,-26.884099586691622],[-48.69547946152634,-26.88386244632979],[-48.695089276962676,-26.883903942448214],[-48.694604421963426,-26.883544282870243]]],[[[-48.86715223669612,-27.0373265126769],[-48.86725830058343,-27.03729704256642],[-48.86740197918205,-27.03733402848292],[-48.867469444288524,-27.03743698772586],[-48.86744187910739,-27.037573314471715],[-48.86775628843896,-27.037684989218324],[-48.867568723128684,-27.03791336946549],[-48.86732747215224,-27.03789728176211],[-48.86731152569794,-27.038006435677442],[-48.86702539604603,-27.03816121871169],[-48.866534896532585,-27.038258204281377],[-48.86652020968291,-27.037713489847338],[-48.866341270439236,-27.037632458573444],[-48.86715223669612,-27.0373265126769]]],[[[-48.72226526696729,-26.88086558288083],[-48.722184981257215,-26.87894103306828],[-48.72199508991417,-26.878915700001635],[-48.72187363641304,-26.878780118976334],[-48.72205852606554,-26.87864205599747],[-48.72243032797858,-26.87867774496382],[-48.72249400241443,-26.878804970350426],[-48.72260312130312,-26.88056288386193],[-48.72226526696729,-26.88086558288083]]],[[[-48.80921270203298,-26.9724433799766],[-48.80920176304747,-26.97272166763168],[-48.80863413467358,-26.972802346148878],[-48.808553381845044,-26.97296020964809],[-48.80822813039412,-26.973134159079482],[-48.807896887801824,-26.973044474807878],[-48.80714559410507,-26.973152124744495],[-48.80695087756767,-26.97289052662724],[-48.80744150912536,-26.97277385046968],[-48.807809603639384,-26.97268012762864],[-48.808201198774974,-26.972805558213864],[-48.808568077927546,-26.97248805381829],[-48.80921270203298,-26.9724433799766]]],[[[-48.668775982660165,-26.887865693943546],[-48.66858088600126,-26.88813342376005],[-48.66832928172961,-26.887914236886363],[-48.66831929264522,-26.88779972876671],[-48.669085174916184,-26.88686074029627],[-48.669006616809206,-26.886780140791032],[-48.66922734588498,-26.8865477202721],[-48.66928396883062,-26.886594761754196],[-48.669336411147164,-26.886541442702388],[-48.66959353016359,-26.886715693843012],[-48.66957431307604,-26.88677844481615],[-48.66967641453278,-26.88686316318125],[-48.66948477424726,-26.887107043434803],[-48.66937768836566,-26.887038927686742],[-48.66930821172237,-26.887117083820392],[-48.66940021769885,-26.887185339691],[-48.66917616416018,-26.887420715150412],[-48.6690953267415,-26.88736807683247],[-48.669023452650436,-26.88746279071224],[-48.66908492219676,-26.887536089961564],[-48.66887863557764,-26.887771759044607],[-48.66878776153566,-26.887722627749838],[-48.668713792652376,-26.887819152330287],[-48.668775982660165,-26.887865693943546]]],[[[-48.76546560543152,-26.952045953082298],[-48.76551076513566,-26.952006890254555],[-48.76577642318609,-26.9520409347408],[-48.76574992040513,-26.952259299570397],[-48.7655254967577,-26.952385024583897],[-48.76535040510008,-26.952541366414142],[-48.765195093665085,-26.95253890461918],[-48.76504856718755,-26.952372493352854],[-48.76361213572811,-26.952339770316826],[-48.7634953086097,-26.95207438051628],[-48.76546560543152,-26.952045953082298]]],[[[-48.68880726678777,-26.901709165991242],[-48.68880690020415,-26.902030981978974],[-48.68857033493522,-26.902099241137666],[-48.68713153516746,-26.90194250663184],[-48.68707944002147,-26.902069271776544],[-48.68721902259835,-26.902204726536453],[-48.687149396968884,-26.902756872086723],[-48.68681393724144,-26.902572475760785],[-48.68681766230996,-26.902242914458057],[-48.686675792090384,-26.902154718426345],[-48.68683889057491,-26.90178885851824],[-48.6868773482619,-26.901664258744532],[-48.68720963788637,-26.901612455549223],[-48.687241096497566,-26.901831228421603],[-48.688494567205794,-26.902009190917276],[-48.68851852412486,-26.90160456213561],[-48.68880726678777,-26.901709165991242]]],[[[-48.69239708684539,-26.867818334047705],[-48.69118600398006,-26.869568577549018],[-48.69105971866973,-26.869541545007195],[-48.69117128058105,-26.869379681909546],[-48.69130428417219,-26.868771500179456],[-48.692110395428124,-26.867616672901786],[-48.69239708684539,-26.867818334047705]]],[[[-48.69697651552307,-26.881287827442254],[-48.6970348675802,-26.881554354576465],[-48.69710118221606,-26.881631050473686],[-48.69717314983451,-26.883204004720305],[-48.69682878348319,-26.883349619299683],[-48.69675971026436,-26.881482090760326],[-48.696646023866364,-26.881459488741722],[-48.69697651552307,-26.881287827442254]]],[[[-48.69599861305302,-26.909164871716083],[-48.6958549698581,-26.909556105771667],[-48.69585851156456,-26.909971211600194],[-48.69567395830589,-26.910215079994607],[-48.69553337125218,-26.910259298824194],[-48.69549297115963,-26.90959581539749],[-48.69529740087088,-26.90959620008316],[-48.695295219443125,-26.91024378119594],[-48.69514970589566,-26.91013764268895],[-48.69499433060886,-26.909927581695893],[-48.69499991958931,-26.909848957018692],[-48.69511344986351,-26.909761361599376],[-48.69516286795806,-26.909293451014648],[-48.69524484255528,-26.90918745021532],[-48.69599861305302,-26.909164871716083]]],[[[-48.77477354324498,-26.964877765416507],[-48.77469699934817,-26.963126272733682],[-48.77504890564229,-26.963290945553542],[-48.775184252287296,-26.96487430495302],[-48.77477354324498,-26.964877765416507]]],[[[-48.684754221273,-26.928947315335353],[-48.68457590242678,-26.929117053351547],[-48.682987579175354,-26.92809483148716],[-48.68386402880358,-26.92798703062866],[-48.68389899520275,-26.92819745866532],[-48.68404753545763,-26.92832474686306],[-48.684754221273,-26.928947315335353]]],[[[-48.76145782441548,-26.86007490385465],[-48.76132383748441,-26.861529703891545],[-48.761056474528225,-26.86271885191971],[-48.7610789723779,-26.861013664776443],[-48.76108602152227,-26.860655760703818],[-48.76111081274341,-26.859960013183194],[-48.76145782441548,-26.86007490385465]]],[[[-48.73591219748412,-26.886031467722944],[-48.73557221085626,-26.88611800563099],[-48.7355026664904,-26.886268547987985],[-48.735137981287174,-26.88634225744376],[-48.73511833592544,-26.8862151466351],[-48.73460283641134,-26.886343619002872],[-48.73465940636725,-26.88503679441994],[-48.73472434568483,-26.884978167587846],[-48.7348923061323,-26.88573168828786],[-48.73492280575555,-26.885801169205603],[-48.734947388934046,-26.885889201737058],[-48.735516536085306,-26.885851091863195],[-48.73591219748412,-26.886031467722944]]],[[[-48.68629828904581,-26.90995166598924],[-48.68830263082078,-26.909911161423853],[-48.688354086793886,-26.91003007784274],[-48.688333326186175,-26.910167490787426],[-48.68823567751234,-26.910258918764818],[-48.68797326521557,-26.91020989554139],[-48.686280702463684,-26.91022688251531],[-48.68629828904581,-26.90995166598924]]],[[[-48.696484465079884,-26.880704390864516],[-48.69613651774076,-26.880824125987598],[-48.69608876771505,-26.879249261714694],[-48.696430468894434,-26.87893024329692],[-48.696484465079884,-26.880704390864516]]],[[[-48.70107291402561,-26.91762327225908],[-48.70084126977313,-26.91703986201085],[-48.7008193735387,-26.916126668127166],[-48.70101662347697,-26.91604401030778],[-48.701105490964,-26.91599178737127],[-48.701360414973706,-26.91601740826949],[-48.70144217462262,-26.916118924283353],[-48.70146575489657,-26.916333988593237],[-48.701380149914456,-26.9162252536116],[-48.701330454663484,-26.91611710444831],[-48.70123512945992,-26.916094083491593],[-48.70125494578337,-26.917085512976687],[-48.7011841443127,-26.917427847463728],[-48.70107291402561,-26.91762327225908]]],[[[-48.74338937992103,-26.933458249262088],[-48.74324182428465,-26.933764174356565],[-48.742554982623794,-26.933710919024907],[-48.741868041257064,-26.933801856125125],[-48.74164492189161,-26.933723699048723],[-48.74160268479782,-26.933616117466556],[-48.7416330885759,-26.933482350134113],[-48.74223149231151,-26.933380051924278],[-48.74294422925178,-26.93338648604746],[-48.74338937992103,-26.933458249262088]]],[[[-48.733583594043075,-26.94096836755147],[-48.733069480606815,-26.941014799855367],[-48.73308226429446,-26.940930475777606],[-48.73367037734136,-26.94065153289822],[-48.733883058209216,-26.940697214919993],[-48.73396381485068,-26.940820334922346],[-48.73401028332407,-26.94182549269552],[-48.733557323301476,-26.94186545049267],[-48.733583594043075,-26.94096836755147]]],[[[-48.725581321363784,-26.941766872210334],[-48.7255639562075,-26.941664659190824],[-48.72571346626001,-26.94126431377637],[-48.72553244007083,-26.94116194753543],[-48.725509678400506,-26.94105218966749],[-48.72553400837311,-26.94094567753961],[-48.72561814890731,-26.940899797866336],[-48.72584241757968,-26.9409208173313],[-48.725871537008764,-26.94057571090686],[-48.72622613871579,-26.940598832271405],[-48.72617371708084,-26.941137482324756],[-48.72589600561276,-26.94184404525679],[-48.72569826820417,-26.941883121525503],[-48.725581321363784,-26.941766872210334]]],[[[-48.80880033418877,-26.969378905142193],[-48.8087359027854,-26.969840341768435],[-48.80839534296541,-26.96937260764016],[-48.80830539981629,-26.968859045198105],[-48.808262980651804,-26.968470533707247],[-48.808043573144374,-26.96833783683906],[-48.80802914415994,-26.96822324575424],[-48.808169860909246,-26.968121012863016],[-48.808319842872784,-26.968113400100474],[-48.80850615619724,-26.968235636684668],[-48.8086488216554,-26.96860581733427],[-48.808680917377885,-26.968954389077666],[-48.808692362612156,-26.96922307957661],[-48.80880033418877,-26.969378905142193]]],[[[-48.697908655716965,-26.883382671882885],[-48.6979226526101,-26.882806334206858],[-48.698235389694894,-26.882597496109817],[-48.69825855398205,-26.883369931725127],[-48.69845832513141,-26.88335658882779],[-48.69842786881265,-26.88243649245098],[-48.69845841035441,-26.88245174417018],[-48.698509710571344,-26.883675332716823],[-48.69827863131852,-26.883698539869542],[-48.69827485705789,-26.883884749373664],[-48.698174970506486,-26.88394213831475],[-48.69794738560203,-26.88390707620058],[-48.69793478708035,-26.88371691067314],[-48.697877143540325,-26.88371965933002],[-48.69774207961932,-26.883381800223983],[-48.697908655716965,-26.883382671882885]]],[[[-48.70684717982034,-26.87553882502199],[-48.70679950170969,-26.87560186109859],[-48.706585993054254,-26.875603943950264],[-48.706482017332796,-26.875543993963376],[-48.70642583991068,-26.874189196098587],[-48.706791445907704,-26.874161838658516],[-48.70684717982034,-26.87553882502199]]],[[[-48.70539877426253,-26.88770049136772],[-48.70503025416495,-26.887758256778632],[-48.704969122538664,-26.886471940729106],[-48.705264353380564,-26.88611157194974],[-48.70539877426253,-26.88770049136772]]],[[[-48.719314935475644,-26.94300570207326],[-48.71922032055629,-26.94315831348977],[-48.720318013128285,-26.94347440076385],[-48.720649409153374,-26.943686108554072],[-48.72074881893507,-26.9435708661663],[-48.7208890470682,-26.943632800347054],[-48.72082998420074,-26.943810848904292],[-48.71984003721372,-26.94351639659053],[-48.719335510284075,-26.943361554713945],[-48.7189950894276,-26.943460466620476],[-48.718769696507955,-26.943357375067595],[-48.71871229229905,-26.943177443412544],[-48.718873662553804,-26.943015968226483],[-48.719314935475644,-26.94300570207326]]],[[[-48.74656702352908,-26.9317015974429],[-48.74621903425859,-26.93190487734652],[-48.74572706395714,-26.930840389215508],[-48.74579350908938,-26.930707197541675],[-48.7459275452593,-26.930662102269245],[-48.74608455959212,-26.93071682079226],[-48.74656702352908,-26.9317015974429]]],[[[-48.75014110981744,-26.882964657184736],[-48.750143171833294,-26.88328043741376],[-48.75017808918118,-26.883757100978737],[-48.74998119905797,-26.88375893603478],[-48.749845864447536,-26.883592690996977],[-48.749692470439506,-26.882238998877376],[-48.7500752846338,-26.88250863413174],[-48.75014110981744,-26.882964657184736]]],[[[-48.689863390004376,-26.907890108324764],[-48.6898247153716,-26.908025438889354],[-48.68974135284147,-26.908199395867225],[-48.689013971871994,-26.908244001879307],[-48.68897609958979,-26.908541088665405],[-48.68882237796772,-26.908642333458726],[-48.6887322180502,-26.908562141274103],[-48.68876388110328,-26.9081833926647],[-48.68882520160247,-26.90791604791559],[-48.68883276215633,-26.907740850307036],[-48.68887796011633,-26.90767718724859],[-48.689016870057685,-26.907715241494166],[-48.68900045987454,-26.907891173197307],[-48.689863390004376,-26.907890108324764]]],[[[-48.6759994763123,-26.922512559849906],[-48.6758702111489,-26.922478391619318],[-48.6759199869246,-26.922941420881298],[-48.675958030730925,-26.92310939927151],[-48.67575996238598,-26.922941440587497],[-48.675727386120904,-26.92265135894089],[-48.675803719286115,-26.92210805964135],[-48.67570559643173,-26.921798967846655],[-48.675770659863694,-26.92180535227058],[-48.67643772211452,-26.921356786723592],[-48.676608831712905,-26.921394137766455],[-48.676291336450625,-26.921753985694274],[-48.67599943772185,-26.922266192671177],[-48.6759994763123,-26.922512559849906]]],[[[-48.70010480830727,-26.885637113356648],[-48.69994503179397,-26.88560500316658],[-48.69974162451172,-26.88529000770849],[-48.699692047965556,-26.88448159554999],[-48.699745852230244,-26.884484820966787],[-48.699833805596406,-26.88410264461196],[-48.699926497157776,-26.88418461051432],[-48.70005732155874,-26.884338663524602],[-48.70010480830727,-26.885637113356648]]],[[[-48.69962448468436,-26.883267467647627],[-48.69958592902382,-26.882530975334696],[-48.69996019139543,-26.882229076545798],[-48.70000789574684,-26.883237518854],[-48.70009423019009,-26.88322716780908],[-48.69979032180047,-26.88371095002349],[-48.69962448468436,-26.883267467647627]]],[[[-48.697477794368766,-26.908845523285958],[-48.69741062334908,-26.908812224851257],[-48.69727802198343,-26.908659785721134],[-48.697152235237716,-26.908761495712163],[-48.697035111161135,-26.907355219942897],[-48.69741768074912,-26.907579719860788],[-48.697477794368766,-26.908845523285958]]],[[[-48.687449571506185,-26.898180182550995],[-48.68745787553205,-26.898380069910203],[-48.6857676783151,-26.898404011428237],[-48.68613711684311,-26.898242239435646],[-48.6860600422463,-26.898087902477258],[-48.68737902652216,-26.89807360267199],[-48.687449571506185,-26.898180182550995]]],[[[-48.70265204915675,-26.8802128328459],[-48.70256806237194,-26.880399582762255],[-48.70252113901727,-26.88099083190345],[-48.70224044653925,-26.881141184419107],[-48.70214337701916,-26.881161275544855],[-48.702123520684104,-26.881227808148143],[-48.70188042434139,-26.881146392615285],[-48.70179384457595,-26.881054615040917],[-48.701882985884524,-26.88071487453986],[-48.70199938910031,-26.88065406227102],[-48.7020994611326,-26.880688887684084],[-48.70211480383946,-26.880845439465467],[-48.7022565553889,-26.880853278493525],[-48.70232500429292,-26.88092631942744],[-48.70244186010664,-26.880944818118508],[-48.7024728070661,-26.880838354091768],[-48.702460540571884,-26.88073303079916],[-48.70234116821702,-26.880432316297508],[-48.70233501864117,-26.880024630680804],[-48.70243097353677,-26.879957953385453],[-48.7026174183204,-26.879688033244],[-48.70265204915675,-26.8802128328459]]],[[[-48.700389694940164,-26.922454514208727],[-48.699612010736196,-26.92136441222975],[-48.69976487097594,-26.921306078296467],[-48.69975442580668,-26.921033980149353],[-48.6996357385692,-26.920785163549567],[-48.70051012690582,-26.922027117117626],[-48.70047066055051,-26.92220179585875],[-48.70040268185542,-26.922207843334505],[-48.700389694940164,-26.922454514208727]]],[[[-48.75685653879429,-26.948990463023165],[-48.756804404146486,-26.94868134664855],[-48.756629752233934,-26.94839514276144],[-48.75634725358156,-26.948231531374436],[-48.7562933970592,-26.948009404027875],[-48.75634142884375,-26.947965417367342],[-48.756541746214374,-26.947936284184085],[-48.75687253880792,-26.948182706610268],[-48.75707784505298,-26.948461939951564],[-48.75721940088107,-26.949018610825508],[-48.75685653879429,-26.948990463023165]]],[[[-48.69368781411212,-26.907004484575573],[-48.69340461155036,-26.90719306840222],[-48.69289856859627,-26.907349385798323],[-48.69259579193714,-26.907322968283978],[-48.69249185438889,-26.90713521380982],[-48.69249273904444,-26.906895502410368],[-48.693558555296,-26.90688429941392],[-48.69368781411212,-26.907004484575573]]],[[[-48.73212153050969,-26.940007579476088],[-48.73209967127122,-26.9397138603311],[-48.73188914620032,-26.939422079593548],[-48.73174271291116,-26.93897718777247],[-48.73184938189959,-26.938914262806897],[-48.732120740721534,-26.9389385166074],[-48.732413037809565,-26.939579674126833],[-48.73247312379178,-26.939903841910876],[-48.73212153050969,-26.940007579476088]]],[[[-48.68941947878195,-26.895045539602847],[-48.68933599457137,-26.895346575214386],[-48.68926176575508,-26.89535735193185],[-48.68920426106483,-26.89558578658249],[-48.6890791784257,-26.895650322827013],[-48.6888824558518,-26.895586067365688],[-48.68898636023432,-26.89514444282023],[-48.68893787372237,-26.895101231052553],[-48.68902674633747,-26.89457522624065],[-48.68904728731591,-26.89437453846089],[-48.689099518241015,-26.894334818915393],[-48.68924404945264,-26.89435839349304],[-48.6891716946038,-26.894527804044714],[-48.68932432623717,-26.89470919563731],[-48.68931570252052,-26.895031800019648],[-48.68941947878195,-26.895045539602847]]],[[[-48.70341874056841,-26.8830315986616],[-48.703245349408476,-26.882808388037073],[-48.703057350085416,-26.88310410324435],[-48.703015057127146,-26.881992008364882],[-48.703323586583984,-26.881583908172676],[-48.70341874056841,-26.8830315986616]]],[[[-48.76774157484534,-26.958183129001025],[-48.767428485036454,-26.958302480781686],[-48.76726242168291,-26.958563387417144],[-48.766610071038784,-26.95872211441928],[-48.76647384503953,-26.958595646043424],[-48.76653274898935,-26.958422545711578],[-48.76704106819688,-26.958251592449788],[-48.76750171711703,-26.95796551827314],[-48.76774157484534,-26.958183129001025]]],[[[-48.70272500334743,-26.92061947375158],[-48.702440182551754,-26.920788369625644],[-48.70181973803093,-26.91989092010937],[-48.70189605444051,-26.919670327513142],[-48.702087072579474,-26.919698484794438],[-48.70272500334743,-26.92061947375158]]],[[[-48.83756025706744,-27.004809704023316],[-48.837388437692304,-27.005085524862302],[-48.837355297505475,-27.005221759375026],[-48.83751263817681,-27.005557333058142],[-48.83727685616217,-27.00540453647746],[-48.83691525393402,-27.005299532311778],[-48.83665085392333,-27.005046845611005],[-48.83612586497729,-27.004342628682373],[-48.836749053602134,-27.004846968151842],[-48.83701578524104,-27.004977864040104],[-48.83729712106346,-27.00521589315289],[-48.837272893845636,-27.00503153908639],[-48.8371721604265,-27.00478385256675],[-48.837387218614445,-27.004859257514894],[-48.83756025706744,-27.004809704023316]]],[[[-48.7035875987023,-26.885424065336686],[-48.70358248485615,-26.885575212624236],[-48.703227214703944,-26.885954888176197],[-48.703208957979236,-26.885777079908753],[-48.70313216917497,-26.885709437416253],[-48.70316468394039,-26.885436552327395],[-48.7031698421866,-26.884762091979155],[-48.70336565765096,-26.884842736776665],[-48.70351593731716,-26.884835958521972],[-48.70354520176864,-26.885422914768476],[-48.7035875987023,-26.885424065336686]]],[[[-48.76639180476867,-26.895828316245687],[-48.76632759186276,-26.895991391050917],[-48.76696351752224,-26.896366923318947],[-48.76722109221345,-26.896664369355662],[-48.7675116207634,-26.8966963118955],[-48.76788981481492,-26.896923564282165],[-48.76775683905913,-26.897058204336386],[-48.767513337355666,-26.89703197755678],[-48.76705756213086,-26.896642323278098],[-48.766928844022665,-26.896604374781354],[-48.766905289456375,-26.896507716439125],[-48.76644846975082,-26.896189713985315],[-48.765817455187545,-26.895846577188127],[-48.76639180476867,-26.895828316245687]]],[[[-48.698118146393014,-26.916476210410014],[-48.69802538112524,-26.915294852359317],[-48.69813362003116,-26.915123979902564],[-48.69843845078524,-26.91524702597771],[-48.698478418029254,-26.915637678856452],[-48.698118146393014,-26.916476210410014]]],[[[-48.707677436437265,-26.87563553147134],[-48.70757589507456,-26.875761503828848],[-48.70736603921634,-26.875735903256928],[-48.707305584884615,-26.875665562835742],[-48.70724375766681,-26.8741303402216],[-48.70742942908847,-26.87412780447358],[-48.7075315612113,-26.875505543953086],[-48.707677436437265,-26.87563553147134]]],[[[-48.70247697464448,-26.887737990240307],[-48.7020926196239,-26.88769985939689],[-48.702103320159395,-26.886812635281974],[-48.70242906664727,-26.886609071549383],[-48.70247697464448,-26.887737990240307]]],[[[-48.85230454688338,-27.030569251540218],[-48.85249151539519,-27.03081078510447],[-48.85326229153812,-27.031449082948598],[-48.853571764743066,-27.03167259435944],[-48.85346148675409,-27.03177782091446],[-48.853500963499116,-27.032183683151327],[-48.8532757817882,-27.032053448350048],[-48.85310421839903,-27.0320234820009],[-48.853055215657285,-27.031388739662624],[-48.85208862605644,-27.030536120692027],[-48.85230454688338,-27.030569251540218]]],[[[-48.71314184120883,-26.942984042570917],[-48.713430212257556,-26.943196311596214],[-48.71341516039561,-26.943941910837943],[-48.713336659880724,-26.943982901876243],[-48.71309877499335,-26.943949210383096],[-48.71304743843138,-26.943331814571636],[-48.712877544591045,-26.943022021120363],[-48.71314184120883,-26.942984042570917]]],[[[-48.6970548691171,-26.880060820027058],[-48.69669978429005,-26.88012695624552],[-48.69665602434948,-26.87906486494809],[-48.69702097372347,-26.87922204600482],[-48.6970548691171,-26.880060820027058]]],[[[-48.694410039179814,-26.881149131302724],[-48.694411206929516,-26.8807876727196],[-48.69450454594409,-26.880850057800465],[-48.69453209040269,-26.881114238219872],[-48.69444741831702,-26.881232733448414],[-48.69441388348653,-26.88136497370563],[-48.694321776021155,-26.88134318234246],[-48.694202120080156,-26.881260081548874],[-48.694029566630014,-26.88124988693906],[-48.69394396425573,-26.881211603877052],[-48.693807343969866,-26.881204301427974],[-48.69380004032413,-26.88075371957124],[-48.693903927830725,-26.880600497656648],[-48.69393167187367,-26.880348285608918],[-48.69412122958983,-26.8804325278169],[-48.69416926453106,-26.881156266355934],[-48.694410039179814,-26.881149131302724]]],[[[-48.70481680834016,-26.88776541403114],[-48.704454641301766,-26.887802029545135],[-48.70440945434607,-26.887093586717626],[-48.704778707846394,-26.886734422409507],[-48.70481680834016,-26.88776541403114]]],[[[-48.706114155490475,-26.87552969751255],[-48.70605703069322,-26.875600903161754],[-48.705827666920754,-26.875622147091704],[-48.70574629281037,-26.87551540009253],[-48.70571854651149,-26.87520422153479],[-48.70596699416534,-26.87546349763719],[-48.705799554915004,-26.874256707785804],[-48.70604696825387,-26.874260725717075],[-48.706114155490475,-26.87552969751255]]],[[[-48.69840501754589,-26.886348788682554],[-48.698031329824104,-26.88607705721721],[-48.697979688648076,-26.884951460412587],[-48.69815628630556,-26.885168274228953],[-48.698256998929544,-26.88567893470781],[-48.69838866374526,-26.88588026282873],[-48.69840501754589,-26.886348788682554]]],[[[-48.678220954299015,-26.92414080652927],[-48.67815580634495,-26.924283178166217],[-48.67778938514681,-26.92431930789301],[-48.67800085968869,-26.924469231172644],[-48.6779565026822,-26.924609289032343],[-48.677385594047166,-26.924160924717228],[-48.677371355451896,-26.923988025923784],[-48.67792906161295,-26.923923492291756],[-48.678220954299015,-26.92414080652927]]],[[[-48.69985972409157,-26.8873659884316],[-48.69982086586464,-26.88665790483476],[-48.70008277168932,-26.886522006083126],[-48.70018539157279,-26.886634332884054],[-48.700212847704755,-26.88748330943516],[-48.69985972409157,-26.8873659884316]]],[[[-48.7644273803458,-26.894482021098714],[-48.76456566421635,-26.895063496938167],[-48.76411874007812,-26.894666085585158],[-48.76364083852776,-26.894293044278424],[-48.763350209649765,-26.893985123539103],[-48.76398795453054,-26.894407934853657],[-48.7641008606194,-26.89416607465599],[-48.7644273803458,-26.894482021098714]]],[[[-48.67090085680463,-26.915145215849495],[-48.67112827302805,-26.915037401215287],[-48.67143579525651,-26.91506903991503],[-48.6715297131534,-26.915113091274588],[-48.671427144756755,-26.91520171552741],[-48.6712297857634,-26.91528877541366],[-48.67111430478529,-26.91529880961565],[-48.67112161995524,-26.91536136928252],[-48.670982086726234,-26.91551844857947],[-48.670882605694594,-26.915745254256027],[-48.67080046163423,-26.91599359725974],[-48.67068823293828,-26.915109829873956],[-48.67090085680463,-26.915145215849495]]],[[[-48.831221859463696,-27.000699421078153],[-48.83154972203818,-27.000970497776986],[-48.83165656938937,-27.00133264916334],[-48.83171294762278,-27.00172137111474],[-48.83142784894775,-27.001391282425665],[-48.83092682447105,-27.000597912977973],[-48.831221859463696,-27.000699421078153]]],[[[-48.69351174059131,-26.907420233297284],[-48.693658131444565,-26.907286661660788],[-48.69383389477805,-26.907278799112216],[-48.693863766326274,-26.907576261048913],[-48.69388797674027,-26.907955923676123],[-48.69386222068047,-26.90804495326434],[-48.693740267483975,-26.908107967602415],[-48.69345019203393,-26.908091890112694],[-48.6933902844026,-26.90789769943348],[-48.69339326622874,-26.907751050799913],[-48.69374006173406,-26.907722726696566],[-48.69372255371875,-26.907504182710337],[-48.6934064095461,-26.907497227916927],[-48.69351174059131,-26.907420233297284]]],[[[-48.67438747963054,-26.92187885341262],[-48.67450303951015,-26.92187943069175],[-48.674480603267334,-26.921420171823502],[-48.67484502801682,-26.921423521183712],[-48.674878307361,-26.92193210137257],[-48.67490922202138,-26.921941908550345],[-48.67481757275239,-26.922075873369824],[-48.67466487481054,-26.922079997754885],[-48.6743284603912,-26.92193897763933],[-48.67438747963054,-26.92187885341262]]],[[[-48.69774207961932,-26.883381800223983],[-48.69757707393226,-26.882999190880255],[-48.69738178932582,-26.883095597751396],[-48.697307567006575,-26.88189999116867],[-48.697408423282724,-26.88209897220902],[-48.697535560586815,-26.882624817918465],[-48.69773693795235,-26.88273506887567],[-48.69774207961932,-26.883381800223983]]],[[[-48.699645749657556,-26.923291712786444],[-48.69908849086632,-26.92360822415992],[-48.698948323477616,-26.923630983477924],[-48.69884965669522,-26.92357570449823],[-48.698748669568594,-26.923438093492013],[-48.69947525987737,-26.923038473232012],[-48.699590539938995,-26.9232586109401],[-48.699645749657556,-26.923291712786444]]],[[[-48.6720229257785,-26.914759962602673],[-48.67158801215469,-26.91458277884905],[-48.67137088353357,-26.91447825413661],[-48.67252061781346,-26.914421164282345],[-48.67242154611967,-26.914724704235578],[-48.6720229257785,-26.914759962602673]]],[[[-48.69939883041497,-26.922969245487916],[-48.69856475918262,-26.92325619364624],[-48.69854343174164,-26.923127038241095],[-48.69856222429471,-26.92298780279629],[-48.69849946993278,-26.92293310940526],[-48.698469072572145,-26.922857475756178],[-48.69866952780343,-26.922814231286946],[-48.69877719113396,-26.922819565537615],[-48.69888869967854,-26.92283211874577],[-48.69929932964839,-26.922856705336155],[-48.69939883041497,-26.922969245487916]]],[[[-48.67903511307237,-26.90800008665363],[-48.67893628009736,-26.908051589283623],[-48.67858665319097,-26.908051151793455],[-48.67794133647082,-26.908034824000907],[-48.67773543985949,-26.907946831731643],[-48.67777359331574,-26.90781995327188],[-48.67897239450605,-26.907879518356143],[-48.67903511307237,-26.90800008665363]]],[[[-48.687407641456275,-26.943417660434775],[-48.68717289713889,-26.943591787784495],[-48.68705737796608,-26.943515514744792],[-48.68682670331232,-26.94327265644658],[-48.68676285959595,-26.942915653683947],[-48.68683613948505,-26.942810600916435],[-48.6871617812437,-26.943120097361714],[-48.687407641456275,-26.943417660434775]]],[[[-48.86478443590146,-27.03803150443371],[-48.86483117605212,-27.038495902111087],[-48.864626009827155,-27.038741417174712],[-48.864474144260186,-27.038729164843485],[-48.86443450917049,-27.038036138552155],[-48.86478443590146,-27.03803150443371]]],[[[-48.67428856714597,-26.921861285206468],[-48.67426660496348,-26.921920690970317],[-48.67346646882224,-26.92145259544228],[-48.673466703969076,-26.921368923537432],[-48.67359172333327,-26.921450012375164],[-48.673578937170774,-26.921314990608387],[-48.67368229216971,-26.9213326334368],[-48.67376618453903,-26.92143230182133],[-48.67427302020238,-26.921427375397155],[-48.67428856714597,-26.921861285206468]]],[[[-48.686216580395005,-26.8993140992278],[-48.685825263844926,-26.899312330791748],[-48.68575072226817,-26.89923549475496],[-48.68573592637884,-26.899154104390846],[-48.685770932150724,-26.899051400027407],[-48.685932000215814,-26.89902084335247],[-48.685961690483474,-26.898977068315258],[-48.68571794296288,-26.898825531884253],[-48.68573301113939,-26.898490123782114],[-48.6862102917385,-26.898711967533774],[-48.68615048455951,-26.898913512598003],[-48.68603720314722,-26.899005982831213],[-48.68591300242454,-26.89917872962692],[-48.686216580395005,-26.8993140992278]]],[[[-48.73581032489349,-26.8839793552562],[-48.735487215617496,-26.88433218493297],[-48.73539627523225,-26.883678724856466],[-48.73572888304769,-26.883405605287955],[-48.73581032489349,-26.8839793552562]]],[[[-48.686540098502526,-26.901959283417142],[-48.686400226911765,-26.902164513958983],[-48.686232961598996,-26.902147460715845],[-48.68576915853071,-26.901603160303157],[-48.68598806723202,-26.901631794181746],[-48.68608996900125,-26.901722914761727],[-48.686306711706244,-26.901662063353037],[-48.68654019266124,-26.901758917424953],[-48.686540098502526,-26.901959283417142]]],[[[-48.681888131735484,-26.89511036277956],[-48.681891747320904,-26.893192508033117],[-48.68197164147313,-26.893212393601576],[-48.68204445453223,-26.89513622745309],[-48.681888131735484,-26.89511036277956]]],[[[-48.68852295765557,-26.895602993910337],[-48.68839550585268,-26.895523448436535],[-48.6882747140207,-26.89549565108788],[-48.68819856703828,-26.895396657826684],[-48.68790891130147,-26.89568146385885],[-48.68772381185982,-26.895680277062233],[-48.688207214148676,-26.89527507886928],[-48.68865881421745,-26.895118333100083],[-48.68870587300152,-26.89523160296487],[-48.688736944952055,-26.89531011549009],[-48.68867426341391,-26.89547723484668],[-48.68852295765557,-26.895602993910337]]],[[[-48.70295132318884,-26.88510480058078],[-48.702587739820665,-26.885183723117528],[-48.70251235771069,-26.884474756366536],[-48.702925634770686,-26.88468434900494],[-48.70295132318884,-26.88510480058078]]],[[[-48.673668806786885,-26.88579842028561],[-48.67317732352242,-26.88629657076144],[-48.67304322739961,-26.886316491529907],[-48.67298024578577,-26.88627856865188],[-48.67291417159396,-26.886190800447284],[-48.67291198681323,-26.88609670766912],[-48.67334850218974,-26.885671422660355],[-48.673353215938796,-26.885742504513356],[-48.673450621140745,-26.885806813802844],[-48.673668806786885,-26.88579842028561]]],[[[-48.70333254878968,-26.874782589028907],[-48.70351057847694,-26.87485206749095],[-48.70364295611184,-26.875037327165693],[-48.70311392265989,-26.8747318699509],[-48.70295580480336,-26.874748719475104],[-48.702936101566785,-26.874346117689097],[-48.70321871134827,-26.87429245204579],[-48.703280770163495,-26.873977184272732],[-48.70333254878968,-26.874782589028907]]],[[[-48.68516709457133,-26.890061226319244],[-48.685007414606645,-26.89024545231465],[-48.68438888753723,-26.889724386033063],[-48.684418033726715,-26.889602669779986],[-48.68453989055455,-26.88958341746367],[-48.68474250417214,-26.889671744592686],[-48.68516709457133,-26.890061226319244]]],[[[-48.70269950634391,-26.874725130992868],[-48.70249005414834,-26.87483269893114],[-48.70233485196741,-26.87470532876702],[-48.70234140750161,-26.87422824678533],[-48.70264706695506,-26.874105598085663],[-48.70269950634391,-26.874725130992868]]],[[[-48.68858712810261,-26.90559540340281],[-48.688550902218665,-26.905464278383775],[-48.68846328256978,-26.90545472791131],[-48.68855039376732,-26.905145763779277],[-48.68865240955528,-26.904839727463127],[-48.68874325803449,-26.904494150280943],[-48.68880390351282,-26.90445578538196],[-48.68878335599199,-26.905464441696765],[-48.68870609606329,-26.9055347360852],[-48.68858712810261,-26.90559540340281]]],[[[-48.73629206981907,-26.88317906727138],[-48.7360893411589,-26.88319570786248],[-48.73595045192397,-26.88362607685976],[-48.73588005305882,-26.882776538628875],[-48.73623057031355,-26.882717516257703],[-48.73629206981907,-26.88317906727138]]],[[[-48.789831121845175,-26.972986041853773],[-48.78950738725112,-26.97279698468851],[-48.789539194386144,-26.972305213396446],[-48.789712830772814,-26.97222340580629],[-48.789854744927425,-26.972344970024942],[-48.789831121845175,-26.972986041853773]]],[[[-48.7042114724434,-26.88781401538128],[-48.703849411574524,-26.88784531836994],[-48.70383204133804,-26.88737190605066],[-48.704205122525075,-26.887230429693098],[-48.7042114724434,-26.88781401538128]]],[[[-48.734822559722645,-26.878942046438386],[-48.73450629530694,-26.879230344237907],[-48.73444932481661,-26.878611613437503],[-48.734785281372154,-26.878447941052805],[-48.734822559722645,-26.878942046438386]]],[[[-48.85446076412353,-27.032956629748472],[-48.8542229293996,-27.032761561401465],[-48.854226603092336,-27.032714378850752],[-48.85405457996057,-27.032562579762313],[-48.85411904525824,-27.032384552160963],[-48.85425001588013,-27.032359200696526],[-48.85466015612204,-27.03269115474589],[-48.85465821860838,-27.03279306137851],[-48.85446076412353,-27.032956629748472]]],[[[-48.69758762551584,-26.87995516092914],[-48.69726543731633,-26.880021834855015],[-48.6972231486513,-26.879343375263655],[-48.69758372655433,-26.87951339398911],[-48.69758762551584,-26.87995516092914]]],[[[-48.70190138568952,-26.920933448976164],[-48.701767949297505,-26.92074745520703],[-48.701798847879004,-26.920207680434306],[-48.70228538450926,-26.92089318848837],[-48.70216459170729,-26.920944891157543],[-48.70190138568952,-26.920933448976164]]],[[[-48.73407077782544,-26.882160782899582],[-48.73385727894823,-26.881744651545127],[-48.73384654446705,-26.880337300113855],[-48.733885545396774,-26.88032798080421],[-48.73407077782544,-26.882160782899582]]],[[[-48.70370715010896,-26.887848317794557],[-48.70329877908569,-26.887825737710205],[-48.70327419641433,-26.88729275251682],[-48.703653947988954,-26.887431715455033],[-48.70370715010896,-26.887848317794557]]],[[[-48.69351124292834,-26.9054326490355],[-48.69300398219958,-26.905452983522764],[-48.692858985941,-26.90532180521278],[-48.69289649207914,-26.9052437023251],[-48.69291477866781,-26.90512950548071],[-48.69323858934346,-26.90510259607729],[-48.693458733026944,-26.90526720366056],[-48.69351124292834,-26.9054326490355]]],[[[-48.686366236353926,-26.93026210985609],[-48.68633525472939,-26.930328011627495],[-48.68600588112005,-26.930203071922897],[-48.68573872381394,-26.930079151317443],[-48.685267153438076,-26.92951623020484],[-48.686276490511176,-26.93019422881966],[-48.686366236353926,-26.93026210985609]]],[[[-48.69784534859579,-26.885898702061905],[-48.69746574097098,-26.88562687180884],[-48.697421001502256,-26.885320428039744],[-48.6978076161289,-26.88532304283357],[-48.69784534859579,-26.885898702061905]]],[[[-48.70346417734655,-26.9109253748719],[-48.70311504796984,-26.91107815809433],[-48.70308404164667,-26.910545857430492],[-48.70341822097518,-26.910524174744328],[-48.70346417734655,-26.9109253748719]]],[[[-48.73534615215784,-26.884454232519207],[-48.735009186394265,-26.88466761258521],[-48.73494021488791,-26.884302902078655],[-48.73527391611349,-26.8839751053038],[-48.73534615215784,-26.884454232519207]]],[[[-48.70057681064739,-26.88234977356471],[-48.70039669456417,-26.8820019619983],[-48.70022984013417,-26.882725888556617],[-48.7001706112719,-26.881977924320243],[-48.70042495064897,-26.881825371990878],[-48.700552974712366,-26.881809128708927],[-48.70057681064739,-26.88234977356471]]],[[[-48.7008269248582,-26.8871637118925],[-48.70089798680148,-26.887590096567884],[-48.70048444795824,-26.88753023465492],[-48.700482396059684,-26.88711384008118],[-48.7008269248582,-26.8871637118925]]],[[[-48.70235417893291,-26.92431800788516],[-48.7019219919524,-26.923978214589503],[-48.70209596337307,-26.923666184919263],[-48.70246445147717,-26.92399778401391],[-48.702343655322615,-26.92404948661094],[-48.70232900256458,-26.924181633840153],[-48.70235417893291,-26.92431800788516]]],[[[-48.69610807926808,-26.88430426201914],[-48.696558685148105,-26.884700753471847],[-48.696402632728216,-26.884876366012076],[-48.69597278416697,-26.884537589839606],[-48.69610807926808,-26.88430426201914]]],[[[-48.68778762582769,-26.935531562506217],[-48.687702837150425,-26.935578475108905],[-48.6876659363036,-26.93562617277245],[-48.68772598593581,-26.93574008751461],[-48.687678978775935,-26.935769505890406],[-48.687562848224474,-26.93578728033526],[-48.68740145881871,-26.935675506783305],[-48.686307951036966,-26.935661149954303],[-48.68763210027596,-26.935523646004537],[-48.687703031053424,-26.93547113949319],[-48.68778762582769,-26.935531562506217]]],[[[-48.70048317519255,-26.921707788888988],[-48.699715614814025,-26.920586097607867],[-48.699803398067246,-26.920587528707433],[-48.70048462586466,-26.92143946276763],[-48.70048317519255,-26.921707788888988]]],[[[-48.73501435744486,-26.881002439811116],[-48.73466285470906,-26.881111167033882],[-48.73464980250969,-26.880653499752924],[-48.73491597617327,-26.880652796080557],[-48.73500882292635,-26.88072389859359],[-48.73501435744486,-26.881002439811116]]],[[[-48.69913243318466,-26.92395063860391],[-48.69912720857652,-26.924011379449578],[-48.69915201904457,-26.92416563782791],[-48.69905928070794,-26.92423613262001],[-48.699157113347184,-26.924357144012156],[-48.69908666491797,-26.92448480260306],[-48.69890064967051,-26.924209841089823],[-48.69873806558057,-26.92415709765481],[-48.698803727999106,-26.92387192927874],[-48.69887558732291,-26.923945108580295],[-48.69895374334191,-26.923904789091765],[-48.69913243318466,-26.92395063860391]]],[[[-48.68702819068855,-26.90581495736674],[-48.68697095028369,-26.90588200154375],[-48.686862939615715,-26.905894543207914],[-48.686540534889374,-26.905656690263584],[-48.68653391036781,-26.90554119194831],[-48.68662489024342,-26.905385251654366],[-48.68667108690011,-26.90546830266267],[-48.686725118308416,-26.90555863746177],[-48.686849597208116,-26.905521319610436],[-48.686866855224075,-26.905408896516953],[-48.68702819068855,-26.90581495736674]]],[[[-48.755690401372554,-26.948899806239435],[-48.755669874940196,-26.9486757229696],[-48.755741867608236,-26.94854261512928],[-48.75593901870649,-26.948533321675814],[-48.75601445445724,-26.948646400532446],[-48.75605208066219,-26.948987606738495],[-48.755690401372554,-26.948899806239435]]],[[[-48.8558595215079,-27.034007262757484],[-48.855336942712746,-27.033601497049336],[-48.85537298975004,-27.033457843478153],[-48.855518453854636,-27.0334003903113],[-48.85562876767984,-27.033439365723293],[-48.855767524461065,-27.03373485819218],[-48.8558595215079,-27.034007262757484]]],[[[-48.71998718353058,-26.94557730756356],[-48.71997073805546,-26.944878433013344],[-48.72021416775382,-26.94518816602819],[-48.72026018303623,-26.94538282952984],[-48.72014505371635,-26.94558980415297],[-48.71998718353058,-26.94557730756356]]],[[[-48.69829972944511,-26.8810973068511],[-48.698279525949445,-26.881231609187907],[-48.6980493679319,-26.88132376056867],[-48.69795512952201,-26.88130562599598],[-48.69789322418153,-26.881112812165885],[-48.69806147633098,-26.880827848148453],[-48.69816644322831,-26.880722591627457],[-48.698185874881766,-26.88108300218536],[-48.69829972944511,-26.8810973068511]]],[[[-48.68603865610111,-26.935653154848147],[-48.686000226282566,-26.935824489739232],[-48.68563268540579,-26.935838138458752],[-48.685445965831846,-26.935793928092295],[-48.685384599961175,-26.935671269796767],[-48.685416758145976,-26.93556266932831],[-48.68553215803564,-26.93558066423424],[-48.68559386608922,-26.93558883221202],[-48.68563905834706,-26.935575038333862],[-48.68581274691818,-26.93567091535804],[-48.68603865610111,-26.935653154848147]]],[[[-48.68707100158443,-26.907042908077564],[-48.687073235761666,-26.906835421829093],[-48.68702592903619,-26.906611022517424],[-48.68692904323255,-26.906371499007587],[-48.687158836074076,-26.90645397943853],[-48.68722838896641,-26.90656603732346],[-48.687296774344034,-26.90673532287016],[-48.68728130591067,-26.906906812581628],[-48.687220149156985,-26.90697021450903],[-48.68707100158443,-26.907042908077564]]],[[[-48.692387617823584,-26.871711967720756],[-48.691738011452884,-26.871709678358805],[-48.691851177295,-26.87154506692707],[-48.691978510447505,-26.871444496558368],[-48.69209307274409,-26.871515726982786],[-48.69235897612711,-26.871522844795443],[-48.692387617823584,-26.871711967720756]]],[[[-48.83861024720325,-27.006073923059102],[-48.83824464577065,-27.005742611205292],[-48.838698145188836,-27.005759518488645],[-48.83886983184447,-27.005998346925832],[-48.83881462804056,-27.00605468335844],[-48.83861024720325,-27.006073923059102]]],[[[-48.70312208138685,-26.87942547366556],[-48.703070014980675,-26.879579665794434],[-48.70287198124903,-26.879812512564694],[-48.702869745772986,-26.87921124246741],[-48.702999265752,-26.879111913336516],[-48.70312208138685,-26.87942547366556]]],[[[-48.70487839135297,-26.879105344376942],[-48.70472900725255,-26.878966440353143],[-48.704672097907476,-26.878729447985762],[-48.70477681889613,-26.878432376714375],[-48.70482500243448,-26.877879875799714],[-48.70487839135297,-26.879105344376942]]],[[[-48.74145479685075,-26.942913280743564],[-48.74109864703459,-26.942897631228448],[-48.74106101485733,-26.942698134649177],[-48.74115713518827,-26.94260768574435],[-48.7413586092956,-26.942589781007765],[-48.741457746931,-26.942695787759074],[-48.74145479685075,-26.942913280743564]]],[[[-48.690846218221836,-26.90509389151306],[-48.69064368140345,-26.9052408533776],[-48.69031936046623,-26.905292794614965],[-48.69015977786656,-26.905290183232697],[-48.69013769724504,-26.905198582957436],[-48.69046507936319,-26.905192312143146],[-48.690474459505474,-26.905123589026523],[-48.69066125670747,-26.90496563542024],[-48.69086490621251,-26.90496002217835],[-48.690846218221836,-26.90509389151306]]],[[[-48.68200287542266,-26.92606099586908],[-48.68218045951146,-26.925965519848845],[-48.682326888812774,-26.925948247154647],[-48.68250325787978,-26.926163655164256],[-48.6818911446903,-26.926262891715822],[-48.68200287542266,-26.92606099586908]]],[[[-48.70429657271507,-26.884843578699435],[-48.70429702726511,-26.8847066484797],[-48.70461729964948,-26.8843282446919],[-48.704642929904374,-26.884904537331074],[-48.70453817585007,-26.884795866312157],[-48.70429657271507,-26.884843578699435]]],[[[-48.75698617106591,-26.886775491966738],[-48.75658679235446,-26.8865006375879],[-48.75665373525029,-26.886340097984785],[-48.75685933788542,-26.88631850192688],[-48.75698028778847,-26.886511860552314],[-48.75698617106591,-26.886775491966738]]],[[[-48.70182186773498,-26.900561125681335],[-48.70178565589545,-26.89971579775466],[-48.701916524496234,-26.89979752524638],[-48.70195476986559,-26.900470813446486],[-48.701905375158546,-26.90054514744848],[-48.70182186773498,-26.900561125681335]]],[[[-48.7482505738883,-26.875185049313984],[-48.74801725092664,-26.874927737651156],[-48.7480072233305,-26.874594427325693],[-48.74814964046101,-26.87440277420917],[-48.7482505738883,-26.875185049313984]]],[[[-48.86427871329828,-27.03907924722624],[-48.863877456986245,-27.038861823254702],[-48.86371444339423,-27.038819567421026],[-48.863231520733144,-27.03836967892761],[-48.86306305280588,-27.038175677151358],[-48.86427871329828,-27.03907924722624]]],[[[-48.699339459347605,-26.8865751394379],[-48.69903211216328,-26.886606325242813],[-48.69901110705888,-26.886847445475773],[-48.69864420021418,-26.88653332283855],[-48.69866954773854,-26.88644434554583],[-48.699339459347605,-26.8865751394379]]],[[[-48.70360325551216,-26.870037295850928],[-48.70366090322267,-26.870246309468023],[-48.70357167699878,-26.870375253324962],[-48.703396420171195,-26.870475055677357],[-48.703368671330914,-26.870011287906607],[-48.70360325551216,-26.870037295850928]]],[[[-48.68292695380433,-26.895232782449888],[-48.68269465244729,-26.89512569171643],[-48.68270148409581,-26.894791071294918],[-48.68277845244216,-26.894446535427512],[-48.68292695380433,-26.895232782449888]]],[[[-48.79032208552862,-26.973421370077464],[-48.79007115219326,-26.97319864853557],[-48.79025119818941,-26.972788761221082],[-48.79027330604948,-26.97307750777845],[-48.79044705320656,-26.973274157584893],[-48.79032208552862,-26.973421370077464]]],[[[-48.69332489920646,-26.90973929755294],[-48.693374905842575,-26.909929748281876],[-48.69329452439803,-26.910055453340057],[-48.69305695155786,-26.91006051516243],[-48.6930445573228,-26.90988499089167],[-48.693067415768965,-26.90974224447761],[-48.69332489920646,-26.90973929755294]]],[[[-48.693016950099995,-26.90442273286486],[-48.693115088692835,-26.904503052730437],[-48.693097021633584,-26.90460651962944],[-48.692879548672536,-26.904703148338736],[-48.69280948179507,-26.90461613173505],[-48.692775321753736,-26.90452970111898],[-48.692759156344124,-26.90434338153471],[-48.69297894464429,-26.904329084022546],[-48.693016950099995,-26.90442273286486]]],[[[-48.75013059870051,-26.872787229672042],[-48.75025644550723,-26.87273205117428],[-48.7502717112234,-26.872941135583893],[-48.74990281386677,-26.87295017721468],[-48.749894454996735,-26.872532362431194],[-48.75013059870051,-26.872787229672042]]],[[[-48.69362021419908,-26.883347053251825],[-48.69323695236702,-26.88346601712946],[-48.69324261837032,-26.883364400285185],[-48.69359813681349,-26.882973689328338],[-48.69362021419908,-26.883347053251825]]],[[[-48.862147897592635,-27.032403588307],[-48.862491784358994,-27.03242373081286],[-48.862423426284394,-27.032661373232557],[-48.86222179945817,-27.032606098626665],[-48.8619221823672,-27.03244739832787],[-48.862147897592635,-27.032403588307]]],[[[-48.750253764410196,-26.884695602512434],[-48.75024242476346,-26.885128020636287],[-48.75012418982475,-26.885218126648404],[-48.750103928893154,-26.885541009090915],[-48.74991222171081,-26.885421103412796],[-48.75007226566611,-26.88518000617892],[-48.750253764410196,-26.884695602512434]]],[[[-48.724883870634464,-26.94127330768237],[-48.72484987270938,-26.941446790226035],[-48.72476583131809,-26.941487698533518],[-48.72465642904484,-26.94127212444912],[-48.724645255012454,-26.94086172804936],[-48.72472377625566,-26.940957469140816],[-48.724883870634464,-26.94127330768237]]],[[[-48.76119625933899,-26.886434559270146],[-48.76105766312559,-26.886151420506017],[-48.7611678215064,-26.88604874639988],[-48.761308888119004,-26.886065900393486],[-48.76138458768222,-26.886164062007097],[-48.76137163817258,-26.886258332990735],[-48.76119625933899,-26.886434559270146]]],[[[-48.686743079482625,-26.900202188126624],[-48.68655149265753,-26.900225935697513],[-48.686462726185596,-26.900077783903566],[-48.686537306397256,-26.89994304261631],[-48.68670318133611,-26.899882487540943],[-48.68676244668787,-26.900011077409477],[-48.686743079482625,-26.900202188126624]]],[[[-48.68135514151619,-26.926290148814278],[-48.68108017044713,-26.92626620984054],[-48.68103512188275,-26.926198885365334],[-48.681077500706046,-26.926094158315532],[-48.68115924911242,-26.92603169301868],[-48.681310488038754,-26.9260531957423],[-48.68138820827888,-26.926156444997208],[-48.68135514151619,-26.926290148814278]]],[[[-48.70039514714694,-26.885734746878914],[-48.70033452287074,-26.884665925016478],[-48.70049342005092,-26.88545232889066],[-48.70044905225737,-26.88571349316773],[-48.70039514714694,-26.885734746878914]]],[[[-48.70368630608267,-26.885018084811424],[-48.70367785978073,-26.88481277169112],[-48.70404323687131,-26.884746785756747],[-48.70403396192147,-26.884913080641514],[-48.70368630608267,-26.885018084811424]]],[[[-48.67421997663968,-26.922315722605976],[-48.67402533178247,-26.9222700112981],[-48.6731194201594,-26.92164942124368],[-48.67342478130526,-26.92178727532869],[-48.67421997663968,-26.922315722605976]]],[[[-48.861481709163456,-27.032689330724676],[-48.861123331203366,-27.032701286988807],[-48.86119747489065,-27.032597991250086],[-48.861679814122226,-27.03249095400209],[-48.86162462946806,-27.032619400673997],[-48.861481709163456,-27.032689330724676]]],[[[-48.856399884755824,-27.033769356071257],[-48.85625074760817,-27.033873993692314],[-48.85616786887685,-27.033706151736105],[-48.85616636829801,-27.033638999568836],[-48.85587150643527,-27.033522625013283],[-48.85576449878946,-27.033309661990646],[-48.856399884755824,-27.033769356071257]]],[[[-48.75058488013574,-26.882536640508132],[-48.750271153283684,-26.882698219684748],[-48.75022559515006,-26.882478707816237],[-48.75059026096539,-26.882404957949493],[-48.75058488013574,-26.882536640508132]]],[[[-48.69778279271218,-26.87991500161565],[-48.6977789221271,-26.87970008083257],[-48.69783349833778,-26.879645642634927],[-48.69814537949203,-26.87980841110817],[-48.69815107136676,-26.879857376478125],[-48.69778279271218,-26.87991500161565]]],[[[-48.697272975955414,-26.885490908494578],[-48.696887556076355,-26.885213669362624],[-48.69689633385264,-26.885026011094713],[-48.697255992971066,-26.88534355726517],[-48.697272975955414,-26.885490908494578]]],[[[-48.70285766524176,-26.886836896035085],[-48.70281826299845,-26.886852853705903],[-48.702694224196584,-26.886833314999507],[-48.70262433320139,-26.886780538459092],[-48.7026028842007,-26.886569942145147],[-48.70274041426669,-26.88648180980467],[-48.70285766524176,-26.886836896035085]]],[[[-48.810626761066914,-26.97077969131963],[-48.80997695282172,-26.97023256832835],[-48.8104063207232,-26.970413276596265],[-48.810626761066914,-26.97077969131963]]],[[[-48.75049315831915,-26.884087811284576],[-48.75048345924982,-26.88457743822323],[-48.75041131008468,-26.88472048860295],[-48.750253764410196,-26.884695602512434],[-48.75039202688889,-26.884434268517953],[-48.75049315831915,-26.884087811284576]]],[[[-48.676889908801805,-26.92358496353913],[-48.6765192711577,-26.923631323647715],[-48.67649773345664,-26.92334474392544],[-48.676761412348306,-26.923492530787925],[-48.67681408230648,-26.923525274578957],[-48.676889908801805,-26.92358496353913]]],[[[-48.70306092792661,-26.920193793611627],[-48.702827214557,-26.920204300558574],[-48.70278179491435,-26.919983514048848],[-48.703048119728756,-26.920037941489827],[-48.70316013555946,-26.920123848795836],[-48.70306092792661,-26.920193793611627]]],[[[-48.68403346546179,-26.8900107609735],[-48.68410454285609,-26.890011926728896],[-48.68389610956575,-26.890250742316805],[-48.68387762958585,-26.890350029187978],[-48.68386547461458,-26.890391325566796],[-48.6838130924833,-26.89043841721088],[-48.68374493950382,-26.890452053171714],[-48.68364335172707,-26.89040016442779],[-48.68403346546179,-26.8900107609735]]],[[[-48.78658389652499,-26.970752182928535],[-48.786244163351626,-26.97053054570615],[-48.7863397403201,-26.970467406301665],[-48.78651668596137,-26.9705000202566],[-48.78661946880626,-26.970635889697114],[-48.78658389652499,-26.970752182928535]]],[[[-48.8088897870693,-26.970777557420416],[-48.808635932691296,-26.97070399623384],[-48.80861479952357,-26.97064897059231],[-48.80871113549798,-26.97054604626757],[-48.80887853503876,-26.97049892472198],[-48.8088897870693,-26.970777557420416]]],[[[-48.68230057267871,-26.9125367652965],[-48.68215718820418,-26.912587122335946],[-48.6819969984451,-26.912551199650363],[-48.68182888813306,-26.912448562570066],[-48.682225499162094,-26.912424560300153],[-48.68230057267871,-26.9125367652965]]],[[[-48.68643334498397,-26.899761544102947],[-48.68612266836547,-26.899757983663395],[-48.68603167504207,-26.899680878099442],[-48.68603289002403,-26.8995204469539],[-48.68616724043664,-26.899457555549944],[-48.686137195723454,-26.89956526140599],[-48.68623374939714,-26.899686140383885],[-48.68643334498397,-26.899761544102947]]],[[[-48.68405319927375,-26.891227780589844],[-48.6838555150076,-26.890952748213945],[-48.68403944988127,-26.890937314019073],[-48.684087500212755,-26.89100172918775],[-48.68413753087675,-26.89106986507279],[-48.68414004443653,-26.891148287268813],[-48.68405319927375,-26.891227780589844]]],[[[-48.699965260792084,-26.923085820177977],[-48.69967382947211,-26.922891435256776],[-48.69956696436012,-26.92284675670899],[-48.699748847139034,-26.922735226357855],[-48.699965260792084,-26.923085820177977]]],[[[-48.860803911098316,-27.03256217317223],[-48.860611544370215,-27.03275069046556],[-48.860261587496176,-27.032757800776967],[-48.86045776233743,-27.032661332930065],[-48.860803911098316,-27.03256217317223]]],[[[-48.694818946851996,-26.908099940221412],[-48.69502750062436,-26.908049675636423],[-48.69504018867131,-26.908210892955935],[-48.694939356449,-26.90826291596296],[-48.69481212231519,-26.9082393698794],[-48.694818946851996,-26.908099940221412]]],[[[-48.735297025382295,-26.882399235738596],[-48.735260013845725,-26.88203068704311],[-48.73548332393168,-26.882233162405832],[-48.735297025382295,-26.882399235738596]]],[[[-48.683750075924124,-26.890832251027813],[-48.683532454677376,-26.890608200935013],[-48.6836127883871,-26.890578061742286],[-48.68370404163525,-26.89059154663524],[-48.68376497400894,-26.89062943137142],[-48.68380664872318,-26.890703884504326],[-48.683811726359686,-26.890757451487822],[-48.683750075924124,-26.890832251027813]]],[[[-48.7348248756507,-26.884803260875632],[-48.734646603864185,-26.884566700931416],[-48.73480499196436,-26.88441012519786],[-48.7348248756507,-26.884803260875632]]],[[[-48.694178134792075,-26.8824667642192],[-48.69412232012975,-26.88258204203441],[-48.69397073340875,-26.882653337829584],[-48.69386389653803,-26.882647905092497],[-48.69403285867392,-26.882455171182123],[-48.694178134792075,-26.8824667642192]]],[[[-48.687376942511364,-26.907305536411087],[-48.687296806029046,-26.907125323890604],[-48.68725445128792,-26.90704949230611],[-48.68745147456538,-26.90697758295648],[-48.687376942511364,-26.907305536411087]]],[[[-48.73432547329076,-26.879261007073893],[-48.73426391325975,-26.879011401423146],[-48.73422166052233,-26.878627851764715],[-48.73426373457357,-26.878464437808347],[-48.73432547329076,-26.879261007073893]]],[[[-48.70053273071846,-26.87814671600408],[-48.70044332573054,-26.878283977613137],[-48.70041159878016,-26.877864534739683],[-48.70053273071846,-26.87814671600408]]],[[[-48.675232738816625,-26.921591949129464],[-48.675069903657864,-26.921765251186955],[-48.67507451328238,-26.92150433773229],[-48.675232738816625,-26.921591949129464]]],[[[-48.70300442384034,-26.886241738245644],[-48.70280977549765,-26.88640824567111],[-48.70299207792077,-26.88603866747987],[-48.70300442384034,-26.886241738245644]]],[[[-48.735174028293194,-26.880781243768364],[-48.73531072592046,-26.88087791097646],[-48.73514640390068,-26.881054280755862],[-48.735174028293194,-26.880781243768364]]],[[[-48.693982412614744,-26.903457243877096],[-48.69389844610209,-26.903563211611846],[-48.693835013512206,-26.90354249674611],[-48.69382634834183,-26.903477950950016],[-48.69385297548281,-26.903346000252945],[-48.69391002406435,-26.903386290257263],[-48.693982412614744,-26.903457243877096]]],[[[-48.748787836374746,-26.873535317337737],[-48.74869606929474,-26.87340954547643],[-48.74877443113574,-26.873092560394962],[-48.748787836374746,-26.873535317337737]]],[[[-48.74849579293401,-26.874562436435184],[-48.748386634040955,-26.874754620023765],[-48.748359090274825,-26.87446578169055],[-48.74849579293401,-26.874562436435184]]],[[[-48.6862527512034,-26.930594953028272],[-48.68612011900395,-26.93059543420387],[-48.68588757366105,-26.93033660681261],[-48.6862527512034,-26.930594953028272]]],[[[-48.674101180539736,-26.887206713193287],[-48.67399060315894,-26.887107607960882],[-48.67399268042704,-26.88700620799179],[-48.674089949252725,-26.88692666257857],[-48.67407062219135,-26.887016712823183],[-48.674101180539736,-26.887206713193287]]],[[[-48.70277955438567,-26.911747010372054],[-48.70263627093293,-26.91175554607301],[-48.70243440235286,-26.911716247948135],[-48.70267462604686,-26.91167901095183],[-48.70275815900703,-26.91169289385388],[-48.70277955438567,-26.911747010372054]]],[[[-48.70272291640461,-26.886431730200016],[-48.7026136093483,-26.88637024372227],[-48.702632342293995,-26.886130562004627],[-48.70272291640461,-26.886431730200016]]],[[[-48.6967320051411,-26.880667854127477],[-48.69672561402582,-26.880374509938733],[-48.69682168347249,-26.880606610443312],[-48.6967320051411,-26.880667854127477]]],[[[-48.673123478035365,-26.92112684646894],[-48.67317593769314,-26.921241935460397],[-48.67300178519269,-26.92110026818346],[-48.67298073929983,-26.921042809160035],[-48.6730395319754,-26.921029832693833],[-48.673123478035365,-26.92112684646894]]]]}}]}
