{"type":"FeatureCollection","features":[{"type":"Feature","id":1,"properties":{"nome":null},"geometry":{"type":"MultiPolygon","coordinates":[[[[-48.81296858579448,-26.9906889935613],[-48.812782195472096,-26.990551727693905],[-48.81259307236459,-26.9904234781642],[-48.8123904933224,-26.990295680022545],[-48.81216373440471,-26.990159762832157],[-48.812000864145034,-26.99006086799142],[-48.81181921838738,-26.989945118248762],[-48.81162377978721,-26.98981600048399],[-48.81141952698834,-26.989676998828283],[-48.81121144256622,-26.98953160020603],[-48.81100450503561,-26.989383290602795],[-48.81080369487319,-26.989235556061843],[-48.81061399352867,-26.989091881764924],[-48.810440380337575,-26.98895575559136],[-48.81015000350331,-26.98872603367129],[-48.8097846521661,-26.988441976408346],[-48.80933574455575,-26.98809709009091],[-48.808794699332985,-26.98768488258832],[-48.80815293577721,-26.987198858791803],[-48.80740187177789,-26.9866325259436],[-48.8065329291126,-26.98597938734241],[-48.805537528384505,-26.985232950322818],[-48.80440709232376,-26.984386719017966],[-48.80360737180412,-26.983788278951085],[-48.803013118776704,-26.98275512519206],[-48.80283891803634,-26.982454190446735],[-48.802690383704046,-26.982205706607832],[-48.802555112428294,-26.981993862161616],[-48.802420701111465,-26.981802842843123],[-48.80227474678339,-26.981616836151396],[-48.80210484668397,-26.981420026833742],[-48.80189859816932,-26.981196603187104],[-48.80164359889728,-26.98093075071947],[-48.80132744683626,-26.980606656628606],[-48.801128426749706,-26.98040472604717],[-48.800933575196865,-26.9802104283734],[-48.80074671285298,-26.980027333862967],[-48.800571664376726,-26.979859012851353],[-48.80041224931958,-26.979709037414363],[-48.80027229225814,-26.979580978815594],[-48.80015561275415,-26.97947840644292],[-48.800066034361656,-26.979404891553653],[-48.800007378637375,-26.979364005370062],[-48.7999327937946,-26.97931742042456],[-48.79987068343978,-26.979265491794095],[-48.799820128087006,-26.979205725154348],[-48.799780204206805,-26.979135627016014],[-48.79974999129053,-26.97905270393327],[-48.79972856886308,-26.978954460652705],[-48.79971501641143,-26.97883840372271],[-48.7997084103981,-26.978702039642215],[-48.799707832316415,-26.9785428749871],[-48.7997073454433,-26.97847107967196],[-48.79970251475743,-26.97841188807321],[-48.79969066697306,-26.978362088976173],[-48.79966912781736,-26.978318470246478],[-48.79963522397481,-26.978277822468904],[-48.799586282187924,-26.978236933516467],[-48.7995196281663,-26.978192593043293],[-48.7994325866446,-26.978141589775223],[-48.79932248640648,-26.978080712487426],[-48.79893450605969,-26.977868624111878],[-48.79842911534953,-26.978228102796525],[-48.79792370505702,-26.978588319222066],[-48.79733452560714,-26.978521660347432],[-48.797171945839864,-26.978502324579644],[-48.79703499796823,-26.978482800084198],[-48.796917537786335,-26.97846100814322],[-48.79681342216192,-26.978434867318068],[-48.796716508964174,-26.97840229706529],[-48.796620653036555,-26.978361217678106],[-48.79651971227683,-26.978309548578498],[-48.79640754259005,-26.97824520914009],[-48.79627800089994,-26.97816611963453],[-48.796173118659254,-26.97809642776039],[-48.796052539506796,-26.978007853440285],[-48.79591783270918,-26.97790174871428],[-48.79577056947798,-26.977779469264224],[-48.79561231907849,-26.97764236713441],[-48.79544465174172,-26.977491796193156],[-48.79526913670001,-26.977329109395704],[-48.79508734414542,-26.977155661523042],[-48.79490084330144,-26.976972804640177],[-48.794293236284226,-26.97637022689605],[-48.793811332262635,-26.97589625625831],[-48.79342990936001,-26.97552968084104],[-48.79312374497759,-26.97524928736394],[-48.79286762045016,-26.97503386136844],[-48.792636313660665,-26.974862189910727],[-48.792404607984146,-26.97471305815189],[-48.79214728104718,-26.974565252810166],[-48.791839116882805,-26.974397558718277],[-48.791226305067376,-26.974042750346346],[-48.790333176802164,-26.97349368164519],[-48.789224988552,-26.972792936249792],[-48.7879669895478,-26.971983097571403],[-48.786624430336225,-26.97110675242695],[-48.78526255686917,-26.970206486939095],[-48.7839466099185,-26.969324893066265],[-48.78274182725416,-26.968504562259007],[-48.78171344312719,-26.96778808781629],[-48.781255791935926,-26.967464169838983],[-48.78075085319435,-26.967107414307215],[-48.78021212884253,-26.96672731974353],[-48.77965311747008,-26.966333385682525],[-48.77908732138925,-26.965935109196355],[-48.778528240429516,-26.965541992028875],[-48.77798937412882,-26.965163531605523],[-48.77748422262228,-26.964809228254953],[-48.77702628373895,-26.964488581529487],[-48.776554069496505,-26.964157822663058],[-48.77600726849453,-26.963774373869942],[-48.77540197566655,-26.963349537198727],[-48.77475428562951,-26.962894613965986],[-48.774080290514,-26.962420907483093],[-48.77339608397454,-26.96193972044848],[-48.772717758131584,-26.96146235491883],[-48.772061405544946,-26.96100011414729],[-48.771443116221164,-26.960564302521433],[-48.77053050352113,-26.959923119353423],[-48.76961650403588,-26.959285123304337],[-48.76868170896409,-26.95863703788982],[-48.76770671044741,-26.957965584350028],[-48.7666721035614,-26.957257486154145],[-48.76555848250758,-26.95649946346119],[-48.76434644471064,-26.955678237608193],[-48.76301658606114,-26.954780527310987],[-48.7615495071008,-26.95379305403848],[-48.761375793957455,-26.953676130487356],[-48.761175097696075,-26.953540966454195],[-48.760953310940664,-26.953391521540738],[-48.760716325264816,-26.953231755355937],[-48.76047003319211,-26.953065627554786],[-48.76022032518505,-26.952897096892844],[-48.75997309258926,-26.952730124885218],[-48.75973422878248,-26.952568668605487],[-48.75950962394862,-26.952416690527414],[-48.75916101502443,-26.952181683547778],[-48.75887580015283,-26.951993211486194],[-48.758633718616345,-26.951840831562773],[-48.75841450896811,-26.951714102609223],[-48.75819791403185,-26.95160258248485],[-48.75796367279981,-26.95149582796429],[-48.75769152540344,-26.951383397512537],[-48.75736121321419,-26.95125484763812],[-48.756952477833835,-26.951099736420332],[-48.75670385974446,-26.951004976735778],[-48.75646711865451,-26.950913325969182],[-48.75624645186471,-26.950826506077476],[-48.75604605772979,-26.950746235445237],[-48.75587013449611,-26.950674236983012],[-48.755722879444534,-26.950612230887717],[-48.75560849084031,-26.950561938275804],[-48.75553116698925,-26.950525078452106],[-48.75549510615896,-26.950503373410896],[-48.75547215992533,-26.95046941062646],[-48.75543263576433,-26.950396763710415],[-48.755378394082285,-26.950289375313385],[-48.755311296341404,-26.950151186296168],[-48.755233205032496,-26.949986136633182],[-48.75514598158175,-26.94979816899038],[-48.75505148745771,-26.949591223329197],[-48.75495158407605,-26.949369241418154],[-48.75484813383739,-26.94913616504525],[-48.75473238223227,-26.948873849018227],[-48.75459652751436,-26.94856714500236],[-48.754444675588076,-26.94822523945008],[-48.75428093032173,-26.947857316985687],[-48.75410939446168,-26.94747256403324],[-48.753934172673716,-26.947080167062364],[-48.753759368532315,-26.94668931163931],[-48.753589085507194,-26.946309183345388],[-48.75342742694934,-26.94594896867879],[-48.75299345976952,-26.94498225926089],[-48.75264057630855,-26.944195706579553],[-48.752358548572424,-26.943566339483304],[-48.75213715065613,-26.94307118398065],[-48.75196615540601,-26.942687266836415],[-48.75183533928118,-26.94239161387776],[-48.75173447610895,-26.94216125172683],[-48.75165334301198,-26.941973207013955],[-48.75158171425868,-26.941804507196988],[-48.751377935666206,-26.94132158553181],[-48.75077630100503,-26.94126933228242],[-48.750638490876206,-26.941257726187345],[-48.750450638295796,-26.9412422795491],[-48.750219790586605,-26.9412235603345],[-48.749952997065684,-26.94120213744678],[-48.74965730603694,-26.94117857979475],[-48.74933976681805,-26.941153455438723],[-48.7490074276879,-26.94112733337538],[-48.74866733692667,-26.94110078175844],[-48.74832654479172,-26.941074369740758],[-48.74648006308584,-26.94093240605788],[-48.745280836888085,-26.941306692731807],[-48.74491632012052,-26.94141710737578],[-48.74455474656553,-26.94152000556641],[-48.744195412417184,-26.94161554122096],[-48.74383761490723,-26.941703866460834],[-48.743480650256394,-26.941785133383817],[-48.74312381667674,-26.941859495014597],[-48.742766409356996,-26.941927104322136],[-48.74240772752727,-26.941988113430316],[-48.74204706637061,-26.942042675293344],[-48.741924355651875,-26.942056474487956],[-48.74178563933071,-26.942063274161505],[-48.74161894084886,-26.942062173144635],[-48.74141228570017,-26.94205226932939],[-48.74115369840641,-26.942032660495002],[-48.74083120451099,-26.94200244610598],[-48.74043282969935,-26.941960721835],[-48.739946597663725,-26.941906586689477],[-48.739360534279925,-26.941839136692572],[-48.73893947035834,-26.94179031857182],[-48.7385137112881,-26.941741413988193],[-48.73809242580967,-26.94169344804302],[-48.737684778598165,-26.94164744588034],[-48.73729993628731,-26.941604433680176],[-48.73694706348367,-26.94156543677797],[-48.736635326781695,-26.941531480613857],[-48.736373892759296,-26.941503590677026],[-48.73617192597559,-26.94148279244423],[-48.735249954433364,-26.941391035598386],[-48.73441522965147,-26.94194156694621],[-48.734222089355036,-26.94207108317265],[-48.73404608279385,-26.942193689130423],[-48.733885328525844,-26.942310924011448],[-48.73373794605844,-26.942424328812677],[-48.73360205493481,-26.94253544181126],[-48.73347577563432,-26.942645803995507],[-48.73335722565593,-26.942756953588678],[-48.73324452446212,-26.94287043064193],[-48.733135792490884,-26.942987776116908],[-48.73305209830925,-26.943079031748063],[-48.73296524457287,-26.94317026991891],[-48.732877248954274,-26.94325959001891],[-48.732790128222156,-26.94334508691643],[-48.732705900091474,-26.94342485911038],[-48.73262658129935,-26.943497004186764],[-48.73255419164766,-26.9435596179806],[-48.73249074684582,-26.943610799874502],[-48.73243826469175,-26.943648645677175],[-48.73218458749814,-26.943815299329003],[-48.731502612257934,-26.943696488605983],[-48.73137423840125,-26.94367255983532],[-48.73125035205074,-26.943646946084147],[-48.73113288416733,-26.943620167558674],[-48.731023767720345,-26.943592744502915],[-48.73092493569268,-26.943565196263226],[-48.730838321045105,-26.943538043091312],[-48.730765855728315,-26.94351180522434],[-48.73070947271521,-26.94348700201345],[-48.73067110395246,-26.943464153693636],[-48.73058920288341,-26.94338961024814],[-48.730513603059265,-26.943295530933835],[-48.73044507845883,-26.943183994820345],[-48.730384399037796,-26.94305708000991],[-48.7303323388184,-26.94291686196237],[-48.730289667692624,-26.9427654205824],[-48.73025715762559,-26.942604832196913],[-48.73023558055325,-26.94243717403297],[-48.73022570935445,-26.942264526037818],[-48.730222371487166,-26.942175928772684],[-48.73021606855291,-26.942085204546203],[-48.730207110091314,-26.94199439335736],[-48.73019580666566,-26.941905534319133],[-48.73018246984441,-26.94182066656059],[-48.73016740918101,-26.94174182917845],[-48.7301509342087,-26.941671062171473],[-48.73013335749641,-26.941610404684894],[-48.730114987584216,-26.941561895799172],[-48.730057110383335,-26.94144800226348],[-48.729984936446826,-26.941335998425487],[-48.72989935840757,-26.941226715348122],[-48.729801270868094,-26.941120985928755],[-48.72969156648194,-26.941019639422215],[-48.72957113785765,-26.940923506886858],[-48.72944087856492,-26.9408334212015],[-48.72930168221802,-26.940750212538997],[-48.72915444038992,-26.940674711943068],[-48.729035891674584,-26.940618953114942],[-48.72893784468762,-26.940575806642364],[-48.72885350371235,-26.940544268800906],[-48.7287760750855,-26.94052333497566],[-48.72869876413321,-26.940512001421517],[-48.72861477518287,-26.940509264362287],[-48.72851731459585,-26.940514119135276],[-48.72839958770808,-26.940525561941875],[-48.72825479985273,-26.940542588953345],[-48.72810030935478,-26.940562779605592],[-48.72797437667276,-26.940583781224856],[-48.72787175228569,-26.940608630871534],[-48.72778718772344,-26.940640362886263],[-48.72771543447208,-26.940682013392262],[-48.72765124302103,-26.940736617578377],[-48.72758936481901,-26.94080721244162],[-48.727524552358624,-26.940896832277758],[-48.727451555069,-26.941008512224514],[-48.72742449669057,-26.941046033051567],[-48.72739118437081,-26.94108395394766],[-48.72735254411932,-26.941121589533175],[-48.72730949991666,-26.941158255298692],[-48.72726297775899,-26.941193266768046],[-48.727213901649904,-26.941225938531556],[-48.72716319759067,-26.94125558611543],[-48.72711179057832,-26.941281525031048],[-48.72706060460552,-26.94130307077505],[-48.72698776612256,-26.9413289692477],[-48.72692170473854,-26.94134866701917],[-48.72685891053142,-26.941362255524805],[-48.7267958775303,-26.94136982986648],[-48.72672909480265,-26.941371481449885],[-48.72665505440034,-26.941367303526835],[-48.72657024940273,-26.941357388455117],[-48.72647117084437,-26.94134183035418],[-48.72635430980256,-26.941320721525898],[-48.72625830292559,-26.9413054889491],[-48.72613383474536,-26.94129034789232],[-48.72598528204237,-26.94127561432152],[-48.72581702051334,-26.941261607799206],[-48.72563342692844,-26.94124864430646],[-48.72543887799735,-26.94123704254727],[-48.72523775047767,-26.941227118539672],[-48.72503441903509,-26.941219191901038],[-48.72483326140362,-26.94121357961567],[-48.72375055032906,-26.94118858508898],[-48.723312179408154,-26.9408733294741],[-48.72287379611476,-26.940558811497578],[-48.72235480372634,-26.940777929310975],[-48.72213719209973,-26.940874679683727],[-48.721944668234684,-26.940971435179115],[-48.721773761166205,-26.94107105923494],[-48.7216209988424,-26.9411764179494],[-48.72148290823649,-26.9412903746733],[-48.72135602029055,-26.941415794606222],[-48.7212368609104,-26.94155554194693],[-48.72112196000481,-26.94171248094399],[-48.721007844417414,-26.94188947668537],[-48.720930288806386,-26.942014422765347],[-48.720863378461644,-26.942116685566372],[-48.72080431642445,-26.94219900754919],[-48.720750306718,-26.942264131182746],[-48.720698551352186,-26.942314797994825],[-48.72064625634998,-26.942353749573012],[-48.72059062267369,-26.94238372832073],[-48.72052885631136,-26.942407476717758],[-48.720458158229846,-26.9424277362543],[-48.72029248109077,-26.942453842342655],[-48.72008262197136,-26.942461842053206],[-48.7198384803479,-26.942453071142],[-48.719569956683216,-26.942428867224876],[-48.719286950430835,-26.942390567960125],[-48.7189993620502,-26.942339510191612],[-48.718717091950374,-26.94227703174281],[-48.718450039509534,-26.942204469595172],[-48.71820810504418,-26.942123161717383],[-48.71803006259652,-26.94205477160259],[-48.7178905785467,-26.942003414362553],[-48.71776973870279,-26.94196890138534],[-48.717647628817524,-26.941951049391005],[-48.71750433576431,-26.94194967053455],[-48.71731994635749,-26.94196457958944],[-48.71707454740023,-26.941995590292873],[-48.71674822463777,-26.942042516158047],[-48.716321064751476,-26.942105170404584],[-48.71624360362118,-26.94211489868961],[-48.71614226847062,-26.94212537285107],[-48.71602066645746,-26.942136324575298],[-48.71588240371631,-26.942147486437193],[-48.71573108841499,-26.942158590149575],[-48.715570327680325,-26.942169369224533],[-48.71540372867745,-26.94217955538401],[-48.715234898555074,-26.94218888126826],[-48.715067444463536,-26.9421970795347],[-48.714809179662,-26.94220820185298],[-48.714599920669336,-26.942215230285203],[-48.71443013834235,-26.94221735002202],[-48.71429030247703,-26.942213748858723],[-48.714170882906316,-26.942203612724363],[-48.714062348440805,-26.942186128389235],[-48.71395516994707,-26.94216048081812],[-48.713839816235954,-26.942125857620365],[-48.71370675617436,-26.942081444569904],[-48.713612968897735,-26.942050807672626],[-48.713501655066295,-26.942016638658387],[-48.713376235476595,-26.94197987193136],[-48.71324012786233,-26.94194144365785],[-48.71309675097343,-26.941902289127977],[-48.71294952356814,-26.941863342741602],[-48.71280186437612,-26.941825539813795],[-48.71265719110984,-26.94178981565698],[-48.712518924491704,-26.941757105645884],[-48.712368161114725,-26.941719759997007],[-48.71220037246894,-26.94167351337206],[-48.71201917729784,-26.941619570523102],[-48.711828192249506,-26.94155913979168],[-48.711631033007095,-26.941493426812745],[-48.711431318239384,-26.94142363819058],[-48.71123266257097,-26.941350980483225],[-48.71103868362713,-26.941276660317012],[-48.710852998007155,-26.941201884320414],[-48.7101685806667,-26.94092621562973],[-48.709478553666976,-26.940663676084423],[-48.708778347217326,-26.94041283588626],[-48.708063391603446,-26.940172265148767],[-48.707329116196625,-26.939940532974333],[-48.706570950404455,-26.939716210171557],[-48.70578432476869,-26.939497864753765],[-48.70496466882565,-26.93928406821292],[-48.704107413286415,-26.939073387423218],[-48.70362370112024,-26.938954085430254],[-48.70312156771937,-26.93882323022578],[-48.70260999685681,-26.938683496594926],[-48.70209796818428,-26.93853755937862],[-48.701594461232816,-26.93838809444416],[-48.701108458502965,-26.93823777512302],[-48.700648940306046,-26.938089278435697],[-48.70022488592369,-26.937945277877212],[-48.699845276529096,-26.93780844886019],[-48.699797322679785,-26.937792402065263],[-48.69973156788708,-26.93777310312919],[-48.69965049095643,-26.937751153773277],[-48.69955657566985,-26.93772715850743],[-48.6994523008473,-26.93770171815335],[-48.69934014724475,-26.937675437178548],[-48.69922259766321,-26.93764891828512],[-48.69910213191557,-26.937622762328772],[-48.69898123074245,-26.937597573797976],[-48.698863148660756,-26.937573585377052],[-48.698751333508795,-26.937550434600663],[-48.69864771968821,-26.93752855733921],[-48.69855424262256,-26.937508388581605],[-48.6984728357384,-26.937490362384896],[-48.69840543242426,-26.937474914611975],[-48.69835396707484,-26.93746248114204],[-48.69832037514724,-26.937453495162146],[-48.69831853673731,-26.93742999643123],[-48.69835909670497,-26.93738270475853],[-48.6984256253598,-26.93730931609351],[-48.69851548313336,-26.93721262908935],[-48.69862602541121,-26.93709544231027],[-48.6987546125723,-26.93696055620517],[-48.69889860203767,-26.93681076846963],[-48.6990553512247,-26.936648877707608],[-48.69922221854213,-26.936477684352976],[-48.6999430111437,-26.93574225549703],[-48.70055449583383,-26.935120181379606],[-48.701063876400674,-26.93460431010733],[-48.70147835382215,-26.93418748574741],[-48.701805129249344,-26.933862556555443],[-48.70205140127135,-26.93362236686211],[-48.702224369923485,-26.933459763504416],[-48.7023312348853,-26.93336759042655],[-48.70237919546272,-26.933338694134697],[-48.702405329801266,-26.933346594729976],[-48.702457188522246,-26.933368959873555],[-48.70253208794218,-26.933404423755515],[-48.702627347462496,-26.933451617902808],[-48.70274028345158,-26.933509174693246],[-48.70286821527872,-26.933575727457107],[-48.70300846031365,-26.933649908593825],[-48.703158336924176,-26.933730350525696],[-48.70331516246003,-26.93381568566692],[-48.703710322561314,-26.9340315490455],[-48.70402758951421,-26.934202201060344],[-48.70427851502127,-26.9343324669505],[-48.7044746469846,-26.93442717352097],[-48.70462753853379,-26.934491147531716],[-48.704748737922436,-26.934529214668547],[-48.70484979754022,-26.934546199718667],[-48.70494226675849,-26.934546930083638],[-48.7050376960587,-26.93453622954034],[-48.70508715205812,-26.934527448532116],[-48.705139174216676,-26.934515549822677],[-48.70519252334035,-26.934500968978664],[-48.705245962212615,-26.934484143405594],[-48.70529824964708,-26.934465507739045],[-48.705348147478446,-26.934445496665614],[-48.705394416500035,-26.93442454666163],[-48.70543581750692,-26.934403094204896],[-48.70547111034407,-26.934381573051592],[-48.705516251255325,-26.934349455029576],[-48.70555280720735,-26.934318060971954],[-48.70558155230335,-26.934285261089872],[-48.7056032586672,-26.93424892375512],[-48.7056186973598,-26.934206920027894],[-48.70562864152736,-26.934157117391134],[-48.70563386424267,-26.934097386935417],[-48.70563513662025,-26.934025597011384],[-48.70563323076264,-26.933939616887717],[-48.70562882130167,-26.933867638880365],[-48.70562070780136,-26.933798240252674],[-48.70560885196251,-26.933731323820478],[-48.705593215503875,-26.933666791497117],[-48.705573758149065,-26.93360454426074],[-48.70555044361089,-26.933544484958812],[-48.70552323161237,-26.9334865145688],[-48.705492083852754,-26.93343053590471],[-48.70545696204932,-26.933376450878082],[-48.70540421714878,-26.933294842666296],[-48.70536235575593,-26.93321624063596],[-48.70533127222495,-26.933139844419134],[-48.70531085988792,-26.933064854531185],[-48.70530101410998,-26.93299047061568],[-48.70530163020255,-26.93291589502021],[-48.70531260256222,-26.93284032556294],[-48.70533382448732,-26.932762964554012],[-48.70536519234931,-26.93268301164405],[-48.70538695927421,-26.93264347075132],[-48.70541596716086,-26.932609158154964],[-48.705455804584126,-26.932578769544588],[-48.70551005808451,-26.932551001472927],[-48.705582318188604,-26.93252455235282],[-48.70567617044109,-26.932498117795166],[-48.70579520535848,-26.932470396180044],[-48.705943010484255,-26.93244008310705],[-48.70612317230737,-26.932405875931398],[-48.70625706100336,-26.9323793872527],[-48.70640310591528,-26.932348032525063],[-48.706557503198724,-26.93231275788575],[-48.706716448009445,-26.93227450947075],[-48.70687613651784,-26.932234233449396],[-48.70703276188403,-26.93219287595971],[-48.70718252132204,-26.932151382320495],[-48.70732160899948,-26.9321106996219],[-48.707446220117596,-26.932071774081983],[-48.707621572572556,-26.932014016133294],[-48.70776492463546,-26.93196378769556],[-48.707881622372625,-26.931917964863036],[-48.70797701182271,-26.93187342369288],[-48.708056438034106,-26.9318270383942],[-48.708125247997515,-26.931775685895257],[-48.708188786731085,-26.931716240370253],[-48.70825240020739,-26.93164557780209],[-48.7083214343976,-26.9315605732603],[-48.70842867958134,-26.93143687195856],[-48.7085448204471,-26.931325934786457],[-48.708667747300645,-26.931228828430015],[-48.70879535147084,-26.93114661959882],[-48.70892552631386,-26.93108037504305],[-48.70905616120799,-26.93103115965146],[-48.70918514848656,-26.931000041978752],[-48.70931037957273,-26.93098808606053],[-48.70942974680619,-26.930996360466704],[-48.70947496516349,-26.931005419739282],[-48.709519535588335,-26.9310174456264],[-48.70956257883962,-26.93103200421758],[-48.70960321271008,-26.931048658847878],[-48.70964055594285,-26.931066975575963],[-48.70967372934721,-26.931086517787364],[-48.709701850656884,-26.931106851525467],[-48.709724039672,-26.93112754016005],[-48.709739415112125,-26.931148150652945],[-48.70975690844748,-26.93124525747528],[-48.709734217134084,-26.931389812809197],[-48.70967717398857,-26.9315701353908],[-48.70959161176043,-26.931774546643343],[-48.70948336325431,-26.93199136708508],[-48.709358261348065,-26.93220891724456],[-48.70922213801002,-26.932415517654082],[-48.7090808283176,-26.932599489823623],[-48.70894016447116,-26.932749153439428],[-48.708900911551815,-26.932786826233585],[-48.70886387056463,-26.932824700992956],[-48.708829682142564,-26.93286196690538],[-48.70879898995815,-26.932897812306226],[-48.70877243466602,-26.932931425482252],[-48.70875065990487,-26.93296199657378],[-48.70873430735595,-26.93298871298202],[-48.70872402065883,-26.93301076484702],[-48.70872884125237,-26.933065545427215],[-48.708753750929915,-26.93312631785101],[-48.708794684440875,-26.933208801546648],[-48.70885115673972,-26.933312140330287],[-48.70892268372825,-26.93343548163933],[-48.709008780404815,-26.933577968380842],[-48.70910896371775,-26.93373874710023],[-48.70922274661577,-26.9339169633729],[-48.709349646134726,-26.934111760131156],[-48.709393893230285,-26.934180880020655],[-48.70943551854116,-26.934249601760182],[-48.70947381952377,-26.934316518771247],[-48.709508090611784,-26.934380224426725],[-48.7095376292377,-26.934439313050902],[-48.70956172986747,-26.934492376212663],[-48.70957968993094,-26.93453800823628],[-48.709590803857026,-26.934574802494375],[-48.7095943691139,-26.93460135150594],[-48.70959733013954,-26.93464509120563],[-48.70960808386458,-26.934677689586117],[-48.70962629673388,-26.934699161083117],[-48.7096516352604,-26.93470951652245],[-48.709683765879554,-26.934708770337263],[-48.70972235610198,-26.934696933367494],[-48.70976707237318,-26.934674019142324],[-48.709817582178076,-26.934640039402307],[-48.70987355094875,-26.934595007659098],[-48.70992463215926,-26.934539826209818],[-48.70995623936149,-26.934479836214567],[-48.7099684233372,-26.93441516665858],[-48.70996123688664,-26.93434594655201],[-48.709934730802146,-26.93427230486457],[-48.709888956905786,-26.93419436967263],[-48.709823966987784,-26.934112270849106],[-48.7097398128793,-26.934026136455216],[-48.709636545390964,-26.93393609543043],[-48.70956850554632,-26.933879774802534],[-48.70951568926178,-26.933832917073506],[-48.709477007664475,-26.933792754842983],[-48.70945136980682,-26.933756524281407],[-48.70943768679812,-26.93372145978342],[-48.70943486874528,-26.933684795723835],[-48.70944182573815,-26.933643767376868],[-48.709457467902055,-26.933595608210382],[-48.709480706311076,-26.933537554413466],[-48.709506088849416,-26.933478973209343],[-48.70953012938732,-26.933433036851465],[-48.70955643389176,-26.933398277870744],[-48.709588606311236,-26.933373228762264],[-48.70963025256842,-26.933356423853983],[-48.70968497864031,-26.933346394761692],[-48.70975638847366,-26.933341673961863],[-48.709848088011235,-26.933340794853358],[-48.7099636822083,-26.93334228989938],[-48.71021991360239,-26.933365267393626],[-48.710472593727516,-26.933424336729118],[-48.7107193388229,-26.933517842975885],[-48.7109577671056,-26.933644131250414],[-48.71118549270771,-26.933801547518094],[-48.711400132771736,-26.933988435999368],[-48.71159930230458,-26.93420314449872],[-48.71178061937068,-26.934444016364274],[-48.71194169886797,-26.93470939940847],[-48.71203685939308,-26.9348777438704],[-48.712145989116934,-26.935057416693077],[-48.71226512915959,-26.935242833405923],[-48.712390319646516,-26.93542840682392],[-48.712517603602144,-26.935608553429855],[-48.71264302103695,-26.93577768696237],[-48.71276261390966,-26.93593022210638],[-48.712872423114,-26.93606057444331],[-48.712968490520026,-26.93616315957993],[-48.71301014195419,-26.936198804546304],[-48.71306564573489,-26.93623749965569],[-48.7131335212128,-26.93627852510305],[-48.71321228976792,-26.936321160213122],[-48.713300469702936,-26.936364686968425],[-48.71339658442211,-26.936408383825906],[-48.71349915119478,-26.93645153365751],[-48.71360669239072,-26.93649341581127],[-48.71371772731816,-26.936533311394],[-48.71388222717757,-26.936589271527243],[-48.71401692429265,-26.93663268369761],[-48.71412866924218,-26.936664450457656],[-48.71422431364119,-26.936685474342458],[-48.71431070811884,-26.936696657845893],[-48.714394702329045,-26.936698902524196],[-48.71448314693896,-26.93669310993326],[-48.71458289360589,-26.936680182529848],[-48.71470079296053,-26.936661023635057],[-48.71477710042356,-26.936646709173687],[-48.71485516303282,-26.936629689612097],[-48.7149332454049,-26.936610490930185],[-48.71500960919357,-26.936589636356423],[-48.71508251801364,-26.936567651862255],[-48.71515023453061,-26.936545060700002],[-48.71521102137621,-26.936522387929298],[-48.715263142191205,-26.93650015862836],[-48.71530485961195,-26.93647889786047],[-48.71542420822979,-26.93642619911276],[-48.71552593848751,-26.936419645515063],[-48.71561172309042,-26.93646372316849],[-48.715683234694154,-26.936562919063686],[-48.715742144898186,-26.93672172106619],[-48.715790124338,-26.93694461340699],[-48.71582884654998,-26.937236084868555],[-48.715859982117735,-26.937600619666615],[-48.71588520252117,-26.938042706537903],[-48.715894339053186,-26.938216152181386],[-48.7159051894883,-26.938387591475944],[-48.71591741988369,-26.93855356175954],[-48.71593069536043,-26.938710596745338],[-48.7159446820072,-26.938855231967196],[-48.715959043915,-26.9389840020243],[-48.71597344917999,-26.939093442483266],[-48.71598756088084,-26.939180087927028],[-48.71600104611983,-26.939240473003707],[-48.71601450183303,-26.9392885889081],[-48.71602801338831,-26.93933987870036],[-48.71604130133267,-26.93939307082682],[-48.716054086194035,-26.939446894636003],[-48.71606608956044,-26.939500076786395],[-48.716077032946345,-26.939551347545073],[-48.7160866359069,-26.93959943444015],[-48.7160946220047,-26.939643065967125],[-48.71610071075761,-26.93968097145839],[-48.71613694435913,-26.93991833995369],[-48.7161699194531,-26.94011157140214],[-48.716201573891155,-26.940265730104663],[-48.716233846601234,-26.94038587767042],[-48.71626867443528,-26.940477079282836],[-48.71630799631938,-26.94054439744947],[-48.716353750122934,-26.940592897365516],[-48.716407875805274,-26.940627640646948],[-48.716472309268184,-26.94065369064478],[-48.716567132585055,-26.940679523360746],[-48.716651852851015,-26.940689909586588],[-48.716727736484614,-26.94068401162082],[-48.716796051886334,-26.940660993594502],[-48.716858067496744,-26.940620017830682],[-48.71691505075195,-26.940560246632955],[-48.71696827005863,-26.940480844122746],[-48.717018993876344,-26.940380971712447],[-48.717068488611396,-26.94025979258382],[-48.717124635765074,-26.940132671146706],[-48.717201600653624,-26.93999759592104],[-48.71730299861379,-26.939850486787353],[-48.71743244090914,-26.939687263535745],[-48.717593539749146,-26.939503845939708],[-48.717789910249394,-26.939296155584163],[-48.71802516349379,-26.939060109426524],[-48.718302911363914,-26.938791628888666],[-48.71862676764836,-26.93848663354596],[-48.71882476333817,-26.938303457427647],[-48.718990508450574,-26.93815695809098],[-48.71913521779626,-26.938041192155776],[-48.71927010703673,-26.937950217994352],[-48.71940639279264,-26.937878092137684],[-48.71955528856946,-26.93781887282397],[-48.71972801088258,-26.937766616482907],[-48.719935775160224,-26.937715381264805],[-48.72018979480008,-26.937659223391663],[-48.72035449176519,-26.937640194444693],[-48.72058002966234,-26.93763832401799],[-48.72085340224647,-26.937652033539106],[-48.72116160431669,-26.9376797435933],[-48.721491628616626,-26.937719876617862],[-48.72183046892363,-26.937770852465135],[-48.72216511893524,-26.937831092910233],[-48.72248257130493,-26.93789901892973],[-48.72276981959359,-26.93797305343023],[-48.72326034601937,-26.938114758448275],[-48.723752268632744,-26.938260255661458],[-48.72423526582347,-26.938406288534583],[-48.72469901686931,-26.938549600682443],[-48.72513319994692,-26.938686934925215],[-48.7255274930962,-26.938815035993954],[-48.72587157530012,-26.938930647815972],[-48.72615512550313,-26.93903051346695],[-48.72636782055747,-26.939111378708326],[-48.72692778226595,-26.939337665164782],[-48.7273267296101,-26.93921195674555],[-48.72772486661833,-26.93908549318833],[-48.72795320087508,-26.938514391354015],[-48.72805443096463,-26.938255053657958],[-48.72813318206791,-26.938035117344175],[-48.72819012892353,-26.93784866245535],[-48.72822594620757,-26.937689769018128],[-48.72824131059705,-26.93755251527316],[-48.728236896666495,-26.93743098212315],[-48.72821337902194,-26.937319247754026],[-48.72817143222184,-26.937211392147525],[-48.728111732854934,-26.937101494408743],[-48.72806347363727,-26.937024742783898],[-48.728018291403146,-26.93696130215957],[-48.72797237856541,-26.936908689937788],[-48.72792192754833,-26.936864423516052],[-48.72786313175531,-26.936826022107176],[-48.727792182657204,-26.93679100127584],[-48.72770527265011,-26.936756881103936],[-48.72759859523893,-26.93672117716541],[-48.727468343872495,-26.9366814086248],[-48.72730116015369,-26.93662704520611],[-48.727167630470184,-26.93657313007133],[-48.72706760341904,-26.936519428042967],[-48.72700092758275,-26.936465704821398],[-48.72696745052193,-26.936411726968874],[-48.726967022818904,-26.936357261072725],[-48.726999490060784,-26.936302071811465],[-48.727064703820425,-26.936245926644357],[-48.727162510674,-26.936188591122537],[-48.72728984751097,-26.936139861504543],[-48.72745302022187,-26.93610084915108],[-48.72764170669517,-26.936071939934163],[-48.727845582867715,-26.93605351792773],[-48.72805432763912,-26.936045970916023],[-48.72825761594249,-26.936049683971742],[-48.7284451257259,-26.936065042275143],[-48.72860653389787,-26.93609243194294],[-48.728731518330164,-26.936132240044554],[-48.728845029903994,-26.936186547005736],[-48.72894148762039,-26.93624274063964],[-48.729023672680164,-26.936304576622668],[-48.72909436730439,-26.936375810636623],[-48.729156351712085,-26.936460198322596],[-48.72921240812712,-26.936561496249755],[-48.72926531980878,-26.936683460096283],[-48.72931786596716,-26.936829847275856],[-48.729372830935105,-26.937004411671055],[-48.72944126028499,-26.937220214431402],[-48.72950483503852,-26.93738741354767],[-48.72956778888578,-26.937507876657765],[-48.72963435654619,-26.937583471408793],[-48.7297087736979,-26.937616068162132],[-48.72979527408806,-26.93760753272495],[-48.72989809437145,-26.93755973544901],[-48.730021467233485,-26.93747454209079],[-48.73016962824507,-26.93735382294024],[-48.73033619436298,-26.937222618267302],[-48.73048762082824,-26.93712503138314],[-48.7306235403886,-26.937061058241518],[-48.730743586860015,-26.937030690295913],[-48.73084739293188,-26.937033923488165],[-48.73093459234161,-26.937070750160977],[-48.73100481773415,-26.937141165340197],[-48.73105770377078,-26.93724516227199],[-48.73109288205927,-26.937382734145782],[-48.73111625640192,-26.937470947179463],[-48.73115624566941,-26.937563319747927],[-48.731210169762775,-26.93765672506289],[-48.73127535157242,-26.93774803728555],[-48.73134910897629,-26.937834128692753],[-48.73142876386069,-26.93791187162871],[-48.73151163604411,-26.937978140213605],[-48.73159504637008,-26.93802980678432],[-48.73167631564854,-26.938063744585264],[-48.73174251542145,-26.93807612868259],[-48.73181333602909,-26.938073364578003],[-48.73189071468885,-26.938054346333256],[-48.731976592652885,-26.938017967166886],[-48.73207290911097,-26.93796312206242],[-48.732181602265186,-26.937888704174263],[-48.73230461229109,-26.93779360758094],[-48.73244387935595,-26.937676725446174],[-48.732601341546285,-26.93753695269061],[-48.73273189382181,-26.937423923467016],[-48.73285070873959,-26.937332372309445],[-48.732957566421504,-26.937262373329006],[-48.73305224792835,-26.93721400335618],[-48.73313453434302,-26.93718733741352],[-48.733204207722494,-26.937182451438257],[-48.73326104712511,-26.937199419510677],[-48.73330483455929,-26.93723831846197],[-48.73333535205358,-26.93729922331445],[-48.73334988232032,-26.937326203593425],[-48.73337852031472,-26.937363538773017],[-48.7334197801283,-26.937409807976096],[-48.73347217483025,-26.937463591209596],[-48.73353422047291,-26.93752347033272],[-48.73360443116514,-26.937588023563915],[-48.7336813209392,-26.937655832731345],[-48.73376340488209,-26.93772547697468],[-48.73384919604266,-26.93779553630582],[-48.73403448707199,-26.93793270567775],[-48.73423812994415,-26.93806419634445],[-48.7344538885683,-26.93818726117211],[-48.73467552882948,-26.9382991521877],[-48.73489681657816,-26.9383971205506],[-48.73511151661154,-26.93847841744037],[-48.73531339368923,-26.9385402940717],[-48.735496213498,-26.938580004413602],[-48.735653741804946,-26.938594797949744],[-48.73570677833514,-26.938595943656814],[-48.735774621534965,-26.938598739390567],[-48.73585492980398,-26.938603012170603],[-48.73594536256647,-26.93860858813217],[-48.73604358023473,-26.938615294332212],[-48.73614724122496,-26.938622956898158],[-48.736254003951956,-26.938631401963345],[-48.73636152880594,-26.938640457504484],[-48.73646747522272,-26.938649948782583],[-48.737036865401386,-26.938703198731503],[-48.73715231828991,-26.93851274823004],[-48.73717299718728,-26.938476287148212],[-48.737192613230505,-26.938437384127944],[-48.73721082586213,-26.938397008351153],[-48.73722729655718,-26.938356128130142],[-48.737241684760775,-26.938315712647253],[-48.737253649955086,-26.938276729280645],[-48.73726285458884,-26.938240148163473],[-48.73726895812758,-26.938206937576098],[-48.737271620019065,-26.93817806670097],[-48.737274144678835,-26.938145731827362],[-48.7372798465092,-26.93810253640889],[-48.73728839998218,-26.938050058118744],[-48.73729947953335,-26.937989876434262],[-48.73731276067717,-26.93792356724033],[-48.7373279168258,-26.937852710900362],[-48.737344623495936,-26.937778883299494],[-48.73736255514547,-26.93770366301341],[-48.73738138722278,-26.93762862953642],[-48.737407564692475,-26.937525050286375],[-48.73742746840645,-26.93743840141379],[-48.73744115526635,-26.937366641592018],[-48.73744868110608,-26.93730773218338],[-48.737450102778396,-26.937259633662894],[-48.73744547711363,-26.93722030740655],[-48.73743485793732,-26.937187713838753],[-48.73741830511247,-26.937159813479884],[-48.73739587145542,-26.93713456673644],[-48.73737658571995,-26.937118274961772],[-48.73735512441701,-26.937104589753165],[-48.73733187474559,-26.937093584102655],[-48.737307220848436,-26.937085332758294],[-48.73728155093012,-26.937079908728553],[-48.73725524816209,-26.937077384941453],[-48.73722870073032,-26.937077835308155],[-48.7372022928124,-26.937081332773317],[-48.73717641058094,-26.937087951216345],[-48.73713994524153,-26.937100152974196],[-48.73710335125845,-26.93711516559367],[-48.73708427947135,-26.9371381734797],[-48.73710996079979,-26.937161275814226],[-48.737136030230374,-26.937176491546847],[-48.73717086017639,-26.937195155306707],[-48.737200680210364,-26.93721284435299],[-48.737224416966676,-26.93723192934986],[-48.73724229295287,-26.937253419199017],[-48.7372545327078,-26.937278321931405],[-48.73726135773229,-26.937307646430888],[-48.737262994577186,-26.937342400759167],[-48.737259663716785,-26.93738359468465],[-48.737251590674596,-26.937432237153736],[-48.737238997988584,-26.937489335259393],[-48.73722896749556,-26.93753465238003],[-48.737218956836585,-26.93758517695182],[-48.73720918460895,-26.937639542563247],[-48.737199870435624,-26.93769638191697],[-48.737191232898105,-26.937754329503957],[-48.737183491621586,-26.937812018027127],[-48.73717686420118,-26.9378680810594],[-48.737171570246026,-26.93792115220608],[-48.73716782837736,-26.937969864154258],[-48.73715882078066,-26.938095842371553],[-48.737150171985526,-26.938197301374064],[-48.7371408529447,-26.93827787145085],[-48.73712983660058,-26.93834118382457],[-48.73711609492115,-26.938390867896608],[-48.73709860285554,-26.938430554920334],[-48.73707633029963,-26.938463876969536],[-48.73704825020237,-26.938494464360787],[-48.73701333651544,-26.9385259474251],[-48.736960050957954,-26.938561362758293],[-48.73689313869193,-26.938587772259257],[-48.73681328128494,-26.938605181431424],[-48.73672115529637,-26.93861359479357],[-48.73661744227052,-26.938613019650443],[-48.736502820809555,-26.938603459649087],[-48.73637797049112,-26.93858492025691],[-48.7362435719037,-26.938557406957717],[-48.73610030261989,-26.93852092518766],[-48.73603341906273,-26.93850286023741],[-48.73595838291745,-26.938483171731388],[-48.73587726703741,-26.93846238115877],[-48.735792147256795,-26.93844101186513],[-48.735705098418016,-26.93841958628206],[-48.73561819640261,-26.938398625057797],[-48.735533516027935,-26.93837865153581],[-48.73545313313268,-26.93836018817828],[-48.73537912256408,-26.93834375653333],[-48.73510927700851,-26.93827721752611],[-48.73486484243592,-26.9382008740287],[-48.73464286514486,-26.938112887370057],[-48.734440395543956,-26.938011415305358],[-48.73425448096088,-26.937894619124403],[-48.73408217180855,-26.937760657437355],[-48.73392051543867,-26.93760769149383],[-48.73376656128523,-26.937433879853558],[-48.733617358782446,-26.937237381964753],[-48.73351160900907,-26.937108570059475],[-48.733401682616744,-26.93701752159434],[-48.733285041994144,-26.93696469843669],[-48.73315914950064,-26.93695056334575],[-48.73302146745743,-26.936975579970603],[-48.73286945821047,-26.937040209239058],[-48.73270058401301,-26.93714491476764],[-48.73251230710625,-26.937290158347366],[-48.73230208961947,-26.937476404450692],[-48.73222283933137,-26.937548306070443],[-48.73214623654284,-26.937613895174678],[-48.73207315599586,-26.93767258119489],[-48.732004472344244,-26.937723778075085],[-48.7319410623284,-26.937766896184428],[-48.73188379961528,-26.93780134855108],[-48.73183356094526,-26.93782654554593],[-48.731791221996296,-26.9378419002303],[-48.73175765644867,-26.93784682473066],[-48.73170075828148,-26.937835554961403],[-48.73164155041736,-26.937804818326445],[-48.73158137615084,-26.93775642147072],[-48.73152157472679,-26.937692171878467],[-48.73146348942717,-26.937613876198284],[-48.73140846048762,-26.937523341934018],[-48.731357830165386,-26.93742237572111],[-48.73131294068942,-26.93731278509809],[-48.73127513127675,-26.93719637665336],[-48.73126042504036,-26.937151962580273],[-48.731241306396434,-26.937107058792247],[-48.73121840748485,-26.93706257970881],[-48.73119236154071,-26.937019435254832],[-48.73116380073649,-26.936978538045647],[-48.731133360262255,-26.93694080074539],[-48.73110167230439,-26.93690713506773],[-48.731069369029214,-26.936878453628978],[-48.73103708565688,-26.93685566729012],[-48.730988411238634,-26.93682700222314],[-48.73094579146689,-26.93680541317329],[-48.73090619742734,-26.93679086044004],[-48.730866599166326,-26.936783306107415],[-48.73082396678576,-26.936782709549494],[-48.73077526930835,-26.93678903372897],[-48.7307174788465,-26.936802238043544],[-48.73064756544143,-26.936822284558314],[-48.73056249715189,-26.936849133492572],[-48.73050503672086,-26.936869534629505],[-48.7304444618448,-26.93689456752159],[-48.7303822370186,-26.936923402918488],[-48.730319827710275,-26.936955213393063],[-48.7302586984025,-26.936989170602565],[-48.73020031354533,-26.937024448011424],[-48.730146137646656,-26.937060216380036],[-48.730097636206324,-26.937095647389413],[-48.73005627368467,-26.9371299145103],[-48.730018356493545,-26.937162784129796],[-48.72997979312318,-26.937193731052528],[-48.729941437951936,-26.93722222575643],[-48.72990414426278,-26.937247743215114],[-48.72986876543035,-26.937269753892345],[-48.72983615578259,-26.93728773097542],[-48.72980716865954,-26.937301146734015],[-48.72978265740135,-26.937309473438226],[-48.72972255426806,-26.937304111060772],[-48.729683904728994,-26.937282270587303],[-48.72964826001678,-26.937248105927527],[-48.72961635143583,-26.937203059234445],[-48.7295889072117,-26.937148575319064],[-48.729566660633836,-26.937086097268956],[-48.72955034096063,-26.937017068106492],[-48.72954067841632,-26.936942932673993],[-48.729538405288515,-26.936865133138742],[-48.72952258550402,-26.936765482974508],[-48.729475335143924,-26.936649198300337],[-48.72940258219735,-26.936523243046157],[-48.72931025559988,-26.93639458295713],[-48.72920428331136,-26.93627018015684],[-48.729090593185596,-26.936156999484886],[-48.728975115052414,-26.936062004925024],[-48.72886377568891,-26.93599215952619],[-48.72876250379093,-26.93595442909233],[-48.72871800303487,-26.935946950449857],[-48.72865934393581,-26.93593965981786],[-48.72858863726444,-26.93593268953809],[-48.72850799278383,-26.935926171936835],[-48.72841952225077,-26.935920240277248],[-48.728325335389485,-26.935915028695835],[-48.72822754296552,-26.935910669545784],[-48.72812825572486,-26.935907296087727],[-48.72802958239923,-26.935905041555692],[-48.72775249513872,-26.93590658725735],[-48.72750987836456,-26.93592071921971],[-48.7273016090988,-26.935947490685425],[-48.727127565412296,-26.935986953986582],[-48.726987622344275,-26.93603916318672],[-48.7268816570255,-26.936104169651376],[-48.72680954555006,-26.936182027412706],[-48.72677116610359,-26.936272787805436],[-48.72676639279726,-26.93637650568499],[-48.72677470373267,-26.936419604181957],[-48.72679135522135,-26.93646001245086],[-48.726818418802004,-26.93649931698584],[-48.726857968964396,-26.93653910793495],[-48.72691207828102,-26.93658097089798],[-48.7269828192415,-26.936626495978622],[-48.72707226641346,-26.93667727059753],[-48.72718249134064,-26.93673488301745],[-48.727315567616024,-26.936800920617326],[-48.72741258952893,-26.936848798407816],[-48.7275073887624,-26.936896705298288],[-48.72759813180828,-26.9369436362077],[-48.727682984145474,-26.936988586042865],[-48.7277601132966,-26.937030547942236],[-48.72782768269919,-26.937068517688513],[-48.72788386083847,-26.937101490244906],[-48.72792681321477,-26.937128458722093],[-48.72795470529287,-26.937148418033868],[-48.7280123822164,-26.93721892486505],[-48.7280465717374,-26.937316392030493],[-48.72805763103233,-26.937439023113214],[-48.72804591722879,-26.937585022584653],[-48.728011786476074,-26.93775259218085],[-48.727955597885305,-26.937939935478873],[-48.727877707530745,-26.938145255996126],[-48.72777847149187,-26.938366756337736],[-48.72765824779815,-26.93860264183834],[-48.72761072501089,-26.938688203215975],[-48.72756705097406,-26.93876038826543],[-48.72752606033869,-26.938820371247775],[-48.727486584747595,-26.93886932547121],[-48.727447460835116,-26.938908426127572],[-48.72740752025305,-26.938938845619553],[-48.72736559660931,-26.938961759087167],[-48.72732052453419,-26.938978340782892],[-48.72727113768613,-26.938989763136878],[-48.7271896267924,-26.93899476127204],[-48.727074316207045,-26.938988827484696],[-48.72693504837919,-26.93897371855954],[-48.72678166678118,-26.938951190417907],[-48.72662401487274,-26.938922999016533],[-48.726471936093446,-26.938890900353435],[-48.7263352738588,-26.938856650467308],[-48.72622387055321,-26.938822005413773],[-48.72613824844936,-26.938784420654414],[-48.7261009675032,-26.938770257621897],[-48.72606486025821,-26.93875942277116],[-48.72602177589743,-26.938747903264005],[-48.72597288166175,-26.93873598774599],[-48.72591934986023,-26.9387239631403],[-48.72586234875648,-26.938712117208546],[-48.725803047619515,-26.938700737730016],[-48.72574261571705,-26.938690112485784],[-48.72566990287638,-26.93867596997796],[-48.72557520437138,-26.938654914805568],[-48.72546187203305,-26.938627806866357],[-48.72533325664945,-26.938595507848582],[-48.72519271308578,-26.938558876805278],[-48.725043592138704,-26.938518774538174],[-48.72488924659165,-26.938476062795345],[-48.724733028229885,-26.938431602419698],[-48.72457828987077,-26.938386252480097],[-48.724422727653604,-26.938340418909277],[-48.7242641384061,-26.9382941067642],[-48.72410600793825,-26.93824832075531],[-48.723951820089,-26.938204062869044],[-48.72380506068052,-26.93816233604081],[-48.72366921449978,-26.938124144105025],[-48.72354776636138,-26.938090489102645],[-48.72344420305072,-26.93806237491935],[-48.72336200734233,-26.938040804477698],[-48.7232889641019,-26.938020745330224],[-48.723211250109976,-26.937996970283642],[-48.72313076485021,-26.937970206682923],[-48.72304940981582,-26.93794118190939],[-48.722969086550336,-26.937910620642036],[-48.722891695531864,-26.937879250254102],[-48.72281913723409,-26.937847798122625],[-48.72275331318739,-26.937816988937733],[-48.72269612383929,-26.937787550984424],[-48.722548864634504,-26.937715943016606],[-48.72237326958664,-26.937646255244687],[-48.72217605197859,-26.937580122923517],[-48.72196392606737,-26.937519181347593],[-48.72174360400918,-26.9374650685174],[-48.7215217979647,-26.937419420666778],[-48.721305222097605,-26.937383873200115],[-48.7211005895243,-26.93736006244738],[-48.72091461331027,-26.937349626578815],[-48.72082703319971,-26.9373493122879],[-48.72072687534931,-26.937350990322262],[-48.720617015604944,-26.937354500473404],[-48.720500331752376,-26.937359686180404],[-48.72037970263822,-26.93736638820043],[-48.72025800407147,-26.93737444815333],[-48.720138115887885,-26.93738370773393],[-48.7200229138798,-26.937394009483977],[-48.719915276878545,-26.937405195101082],[-48.71935500810247,-26.937468207279334],[-48.71829678626015,-26.93839593510359],[-48.71802576048056,-26.938635369247443],[-48.717798369766975,-26.938840237872302],[-48.717609018730364,-26.9390164149001],[-48.71745211484407,-26.939169775129955],[-48.71732206353284,-26.939306189662265],[-48.71721327002928,-26.9394315349661],[-48.71712014162433,-26.939551682096994],[-48.717037081441234,-26.93967250653101],[-48.716958497665836,-26.9397998801977],[-48.71690727123377,-26.9398858342276],[-48.716857026119236,-26.93996785774318],[-48.71680874835769,-26.940044488509926],[-48.7167634300653,-26.94011426258843],[-48.71672205829295,-26.940175717763545],[-48.71668562315047,-26.940227390065722],[-48.71665511370613,-26.940267817314115],[-48.71662367268035,-26.940302308551484],[-48.71659014121372,-26.940311627518643],[-48.71655178948324,-26.940290535560838],[-48.71652790006218,-26.94026773841719],[-48.716512415464805,-26.940248378491496],[-48.716497763285425,-26.94022628591287],[-48.71648434405216,-26.94020177128975],[-48.71644135735005,-26.94007324799295],[-48.71639470906888,-26.939860487443944],[-48.71634664640946,-26.93958163532368],[-48.71629941352971,-26.939254836362792],[-48.71625525856783,-26.938898235358486],[-48.71621642562645,-26.938529975240197],[-48.71618516070818,-26.938168202580215],[-48.71616371183498,-26.93783106218052],[-48.71615432201736,-26.937536696957952],[-48.71615165365212,-26.937319375539683],[-48.71614747459623,-26.937145178105364],[-48.71614052886715,-26.93700768239677],[-48.716129558448436,-26.93690046702404],[-48.71611330737021,-26.936817108824137],[-48.716090516622764,-26.936751185485736],[-48.716059930197794,-26.936696275646693],[-48.71602029013161,-26.936645955203595],[-48.7159703414149,-26.936593803707762],[-48.715937703888336,-26.936559881207444],[-48.715904420177445,-26.93652345117909],[-48.715871237105425,-26.936485426353986],[-48.71583890546507,-26.93644672223564],[-48.71580817105076,-26.936408252442323],[-48.71577978569419,-26.936370930690636],[-48.71575449416132,-26.93633567148558],[-48.71573304828065,-26.936303388544477],[-48.715716194828865,-26.93627499640538],[-48.715673710538994,-26.93621813945028],[-48.715617219381095,-26.936175534397286],[-48.71554824398326,-26.936147168891406],[-48.715468305918975,-26.936133032364307],[-48.71537892774022,-26.936133115165987],[-48.71528163202734,-26.93614740584338],[-48.71517794031158,-26.936175894733722],[-48.715069375180995,-26.936218569487178],[-48.71495745916662,-26.93627542046425],[-48.714818677417725,-26.936347016932892],[-48.71468389805051,-26.93640187825891],[-48.71455181609761,-26.936440060921203],[-48.714421125543694,-26.936461623181103],[-48.714290520424974,-26.9364666205883],[-48.71415869474014,-26.936455110491718],[-48.7140243434952,-26.93642715025171],[-48.71388615970392,-26.936382796288786],[-48.71374283938612,-26.936322105969374],[-48.713672513149525,-26.936288155019252],[-48.713598940131185,-26.936250945029748],[-48.713523859299215,-26.936211468896737],[-48.71344900967141,-26.93617071681293],[-48.71337612918092,-26.936129682566758],[-48.71330695784157,-26.936089356373873],[-48.71324323461925,-26.936050730240847],[-48.71318669745076,-26.93601479706242],[-48.713139085312456,-26.935982547947077],[-48.7130343672062,-26.935893417024342],[-48.71291379756374,-26.935766658916528],[-48.71278389374568,-26.935611561612436],[-48.71265117404272,-26.935437414037057],[-48.712522153632264,-26.935253505988076],[-48.712403348633906,-26.9350691263965],[-48.712301278125885,-26.93489356335626],[-48.71222245603369,-26.934736107596674],[-48.71217340134684,-26.93460604632296],[-48.712120992937976,-26.934484412675317],[-48.7120303738569,-26.934345917065453],[-48.71190780328259,-26.934196321973886],[-48.71175953827629,-26.934041393452198],[-48.71159183789697,-26.933886895787182],[-48.71141096115646,-26.933738592379484],[-48.711223164963,-26.93360224752205],[-48.7110347081463,-26.933483626469894],[-48.710851849486595,-26.933388493605026],[-48.710745568723055,-26.933341882235666],[-48.71064491975644,-26.933302424694812],[-48.71054603827274,-26.93326927585489],[-48.71044506498157,-26.93324159156153],[-48.71033813560378,-26.93321852576365],[-48.71022138989227,-26.933199232463554],[-48.71009096555585,-26.93318286742103],[-48.709942999338665,-26.933168584557812],[-48.70977363097397,-26.93315553962732],[-48.70954063602166,-26.9331362461137],[-48.709356453879785,-26.933113155124747],[-48.70921921898364,-26.933084567039987],[-48.70912706379385,-26.93304878034643],[-48.70907812274312,-26.93300409531804],[-48.70907052825899,-26.932948811249613],[-48.70910241478457,-26.93288122652733],[-48.70917191566313,-26.932799643095443],[-48.70927716432278,-26.932702357456176],[-48.7094449360831,-26.932532697030993],[-48.70959794515131,-26.93233145583159],[-48.70973214775719,-26.932109607792764],[-48.709843499289235,-26.931878124143086],[-48.709927956166695,-26.931647979745847],[-48.709981471919555,-26.931430146710262],[-48.710000005137246,-26.93123559812038],[-48.709979509401194,-26.931075306055334],[-48.709915941234655,-26.930960244412464],[-48.709788239196364,-26.93086146203379],[-48.709637950977516,-26.930801163772728],[-48.70946931973238,-26.93077827686585],[-48.70928658557344,-26.930791727607627],[-48.70909399259549,-26.93084044327493],[-48.70889578186308,-26.930923351115105],[-48.70869619543193,-26.931039379316704],[-48.70849947641687,-26.931187454305093],[-48.708309865929955,-26.93136650340024],[-48.70820749691325,-26.93147197423893],[-48.70811680088746,-26.931559568719614],[-48.70803224172792,-26.931632655965245],[-48.70794828622538,-26.931694608739466],[-48.70785939816371,-26.931748797937438],[-48.70776004535161,-26.931798593601886],[-48.70764469153509,-26.931847366593615],[-48.70750780342253,-26.93189848960277],[-48.70734384473169,-26.931955332532304],[-48.707212543906344,-26.93199791332228],[-48.70707893187739,-26.93203728163489],[-48.70694344757297,-26.932073340818924],[-48.70680652686643,-26.932105995980084],[-48.70666860669352,-26.932135149535693],[-48.70653012393618,-26.93216070661128],[-48.706391516520206,-26.93218257054621],[-48.70625321933436,-26.93220064553462],[-48.70611567131219,-26.93221483493581],[-48.70583935910655,-26.932239923112807],[-48.705623551934316,-26.93226134104649],[-48.70545988371065,-26.93228164399782],[-48.705339990308396,-26.93230338895968],[-48.70525550865137,-26.932329130158973],[-48.705198073608635,-26.93236142354198],[-48.70515932107026,-26.932402824135956],[-48.705130886939166,-26.932455886046146],[-48.705104406027914,-26.932523166958422],[-48.70506698035447,-26.932632580607972],[-48.70503876148309,-26.932735013875757],[-48.70501974817256,-26.932830728455826],[-48.7050099442107,-26.9329199861221],[-48.70500934935595,-26.933003048580947],[-48.70501796537676,-26.933080177569444],[-48.70503579301395,-26.93315163570843],[-48.70506283403048,-26.93321768473099],[-48.70509909018688,-26.933278586368193],[-48.70511991894341,-26.93331018931758],[-48.70513945259892,-26.933343548094033],[-48.70515737010585,-26.93337786062189],[-48.70517334745097,-26.93341232206993],[-48.70518706257849,-26.933446130346184],[-48.70519819348671,-26.933478480652262],[-48.705206415099205,-26.933508570847003],[-48.70521140739009,-26.93353559796887],[-48.70521284634412,-26.933558757186418],[-48.70521409111018,-26.933581213855028],[-48.705218505891104,-26.93360667938735],[-48.705225793269044,-26.933634427896298],[-48.705235657766075,-26.933663737136015],[-48.70524780090277,-26.93369388390932],[-48.7052619252606,-26.9337241423289],[-48.70527773433562,-26.93375379103454],[-48.70529493068974,-26.93378210504113],[-48.70531321787236,-26.933808360282097],[-48.70534556093247,-26.933864578624647],[-48.70536388452928,-26.933925680297172],[-48.7053689396333,-26.933989234621077],[-48.70536147818468,-26.934052812734468],[-48.70534225113772,-26.934113984853724],[-48.70531201042161,-26.934170323013642],[-48.70527150802728,-26.93421939654096],[-48.70522149390487,-26.934258776533056],[-48.705162721052375,-26.934286033233974],[-48.705052349502076,-26.934315469023044],[-48.70494539626607,-26.934329140606618],[-48.70483727731303,-26.934325452794138],[-48.704723404574324,-26.934302811217837],[-48.704599192027246,-26.93425962062597],[-48.70446005164163,-26.93419428661959],[-48.70430139944768,-26.934105214845147],[-48.70411864753233,-26.933990809054198],[-48.70390720899372,-26.933849475689797],[-48.7036159177939,-26.933650993745424],[-48.70338029945246,-26.933493358713527],[-48.70318447599424,-26.933368457487564],[-48.703012570759284,-26.933268172346406],[-48.70284870614286,-26.93318438997514],[-48.702677005750736,-26.93310899249218],[-48.70248159317472,-26.933033867355444],[-48.70224659123072,-26.932950895600854],[-48.70195612273991,-26.932851964454727],[-48.7016674899647,-26.932756571318055],[-48.70141186409651,-26.932679220962584],[-48.70117351676508,-26.932617555450786],[-48.70093671966442,-26.932569217633436],[-48.700685747586185,-26.93253184940369],[-48.70040487134115,-26.93250309247642],[-48.70007836477937,-26.932480589380038],[-48.699690499813734,-26.932461980625828],[-48.69922554937506,-26.932444908306213],[-48.698879303509614,-26.932431232073913],[-48.69859065114932,-26.93241428934161],[-48.69835202725436,-26.93239233173427],[-48.698155865832,-26.93236360894643],[-48.69799460084632,-26.932326373293886],[-48.69786066533732,-26.932278873402918],[-48.69774649330573,-26.93221936057497],[-48.69764451978889,-26.932146085190933],[-48.69754717781004,-26.93205729847505],[-48.6974744167663,-26.931986338976923],[-48.69741227049678,-26.93193035536865],[-48.697355626653,-26.931887498140725],[-48.69729937484307,-26.93185592141662],[-48.69723840272812,-26.931833776572727],[-48.69716759997078,-26.931819215911634],[-48.697081856219924,-26.931810392626485],[-48.696976060140265,-26.931805458975692],[-48.69684509939529,-26.93180256717884],[-48.69673514582394,-26.931801812324146],[-48.696639036830085,-26.931803792228163],[-48.69655501083879,-26.931808835516623],[-48.69648130828935,-26.93181727084062],[-48.696416169603665,-26.93182942774712],[-48.69635783419778,-26.931845635761654],[-48.69630454251267,-26.93186622351991],[-48.69625453396406,-26.931891520539892],[-48.69620604798495,-26.931921855434545],[-48.696123500856096,-26.931985487931993],[-48.696065464788816,-26.932049661512387],[-48.696032387805005,-26.93211626059036],[-48.69602471995971,-26.932187168698665],[-48.69604290931958,-26.932264268421815],[-48.696087405956575,-26.93234944326559],[-48.69615865891475,-26.9324445785093],[-48.69625711733152,-26.932551555808807],[-48.69638323031414,-26.932672259511012],[-48.69651936377934,-26.932803203341837],[-48.69663551737579,-26.932929225586292],[-48.6967314299368,-26.933049796808344],[-48.696806841250556,-26.933164390287068],[-48.69686149015846,-26.93327247657064],[-48.69689511649563,-26.93337352711744],[-48.69690745906092,-26.93346701516501],[-48.69689825871079,-26.93355241217044],[-48.696867253291366,-26.93362918953223],[-48.69681508826878,-26.933704524010427],[-48.69675162230288,-26.933766193354217],[-48.696671598930024,-26.93381532548562],[-48.69656976271,-26.933853047423973],[-48.696440858132064,-26.93388048977327],[-48.69627962778885,-26.933898777659007],[-48.69608081620302,-26.933909040706453],[-48.69583916796267,-26.933912405777757],[-48.69554942563565,-26.93391000053247],[-48.69528951398402,-26.9339062574022],[-48.69507927439529,-26.93390559964619],[-48.6949063988504,-26.933909779209234],[-48.69475857739501,-26.933920544296704],[-48.69462350302147,-26.93393964670114],[-48.69448886474528,-26.933968835388217],[-48.69434235454922,-26.93400986112779],[-48.69417166442473,-26.934064472830155],[-48.6939644832451,-26.93413442199052],[-48.69368869861513,-26.934225797298723],[-48.693462110128905,-26.934293515192703],[-48.693275261490804,-26.934337192954388],[-48.69311869627134,-26.934356451380086],[-48.69298295607655,-26.934350906653023],[-48.692858585415124,-26.934320179465377],[-48.6927361268322,-26.934263887731],[-48.6926061218814,-26.9341816493141],[-48.69245911513568,-26.934073083898728],[-48.69220780766771,-26.933866719842115],[-48.69198534548969,-26.93365523590455],[-48.69179207601569,-26.933439215458648],[-48.69162834761715,-26.933219243680888],[-48.69149450764812,-26.932995905713668],[-48.69139090248358,-26.93276978486047],[-48.69131788145493,-26.932541467161773],[-48.69127578989805,-26.9323115367684],[-48.691264976163666,-26.9320805778604],[-48.6912612618089,-26.931912267443167],[-48.691244297170236,-26.931736275220345],[-48.691215772380545,-26.931558549717156],[-48.69117737252929,-26.931385039374284],[-48.69113078569034,-26.931221693582806],[-48.69107769892881,-26.931074460814727],[-48.691019799286586,-26.930949289542323],[-48.69095877277491,-26.93085212822219],[-48.690896308382506,-26.930788926263574],[-48.690871371479155,-26.93077302868891],[-48.69084317842494,-26.930757879167025],[-48.690812517082136,-26.930743747787055],[-48.69078017637385,-26.930730901948635],[-48.690746947161735,-26.93071961269346],[-48.69071361834893,-26.930710148324565],[-48.6906809777946,-26.930702778933483],[-48.69064981538874,-26.930697773743233],[-48.690620921020994,-26.930695401977502],[-48.69058313010663,-26.930692259166253],[-48.69055121339189,-26.93068444857504],[-48.690524429418986,-26.93067080656413],[-48.69050203473543,-26.930650168557516],[-48.690483286858196,-26.93062137179895],[-48.690467441327904,-26.930583251694134],[-48.690453757692524,-26.930534644616333],[-48.69044149145605,-26.930474387774513],[-48.69042989918472,-26.930401315687376],[-48.690419306713714,-26.93033619596428],[-48.69040332530518,-26.930248821547004],[-48.690382628199885,-26.93014241972814],[-48.69035788563809,-26.930020216848625],[-48.69032977084135,-26.929885441103107],[-48.69029895404555,-26.929741318832775],[-48.690266106470446,-26.929591077297637],[-48.690231902349986,-26.929437943807496],[-48.69019701087987,-26.929285145590157],[-48.690043417563054,-26.928612383681813],[-48.68991610558808,-26.9280405009264],[-48.68981365067017,-26.927561647255153],[-48.68973463169652,-26.927167972636937],[-48.68967762468276,-26.926851626078793],[-48.68964120672194,-26.92660475839979],[-48.68962395806912,-26.926419517754567],[-48.68962445496745,-26.926288054932186],[-48.689641274755346,-26.926202518928914],[-48.68965486533003,-26.926163486561155],[-48.689669126586544,-26.926117875608416],[-48.6896837037584,-26.926067038422264],[-48.68969824107408,-26.926012327338018],[-48.68971238376991,-26.92595509470775],[-48.68972577710231,-26.925896691981663],[-48.689738065322814,-26.925838470593725],[-48.68974889466066,-26.925781783815385],[-48.689757909370286,-26.925727983081007],[-48.689772706345636,-26.925648918661043],[-48.689792132998036,-26.92557960503728],[-48.68981971093018,-26.925515796170945],[-48.689858960672964,-26.925453248708493],[-48.689913405837466,-26.9253877157301],[-48.68998656798587,-26.92531495117414],[-48.690081967593294,-26.925230711653175],[-48.69020312817343,-26.925130751101243],[-48.69035357017166,-26.92501082337446],[-48.690454622406,-26.924932354224737],[-48.690554375062966,-26.92485718196964],[-48.69065083411198,-26.924786673646757],[-48.690742007580916,-26.924722194528293],[-48.69082590244341,-26.924665112581543],[-48.69090052573365,-26.92461679307163],[-48.69096388545855,-26.924578603087138],[-48.69101398861867,-26.924551909701503],[-48.69104884122336,-26.924538079068647],[-48.691079497384514,-26.924525745471016],[-48.691111994072266,-26.924504802086414],[-48.69114596373283,-26.924475697724606],[-48.691181034713296,-26.924438884738258],[-48.69121683847228,-26.924394811019233],[-48.6912530053525,-26.924343929856015],[-48.69128916578948,-26.924286690026914],[-48.69132494917687,-26.92422354209849],[-48.69135998591616,-26.924154936654208],[-48.691420052010415,-26.924013828609482],[-48.69146270552312,-26.923872360708724],[-48.69148795044356,-26.923730636815986],[-48.691495791786664,-26.92358875990327],[-48.69148623453137,-26.923446834740343],[-48.6914592826875,-26.923304964269903],[-48.69141494125334,-26.923163252346725],[-48.69135321423939,-26.923021801900582],[-48.69127410662588,-26.922880717675543],[-48.691239357729025,-26.92282373609014],[-48.691199208026276,-26.92275591361564],[-48.69115482799347,-26.922679345000716],[-48.691107391048156,-26.9225961286529],[-48.691058066613806,-26.922508361110513],[-48.69100802815149,-26.922418138076836],[-48.69095844503475,-26.92232755789698],[-48.690910489667715,-26.92223871806451],[-48.6908653324901,-26.922153713334936],[-48.690769209654356,-26.92197420631259],[-48.690682973723554,-26.921823535898554],[-48.690602074829314,-26.921696580322035],[-48.690521962083984,-26.921588220492936],[-48.690438081668944,-26.92149333455642],[-48.6903458838006,-26.92140680161624],[-48.69024081771583,-26.92132350074811],[-48.690118330650066,-26.921238311882163],[-48.689973872949736,-26.921146112272364],[-48.68982852123654,-26.92106015175212],[-48.689696099749334,-26.920993573212463],[-48.68956850372659,-26.920945663705183],[-48.68943762936573,-26.920915713877545],[-48.68929537395716,-26.920903010754994],[-48.68913363274302,-26.92090684309945],[-48.688944302987615,-26.920926498759325],[-48.68871927992456,-26.920961265491556],[-48.68845045973157,-26.921010432796532],[-48.68823806230374,-26.921054154679407],[-48.68804936704321,-26.921099897119692],[-48.68788241931497,-26.921148528810722],[-48.68773526351045,-26.921200916604764],[-48.687605944987524,-26.921257929157463],[-48.687492509138075,-26.921320433305453],[-48.68739300129637,-26.92138929857943],[-48.68730546586127,-26.921465390874708],[-48.68722794717348,-26.921549578784504],[-48.687159389744195,-26.92164114383317],[-48.68711344681349,-26.921727403259045],[-48.687091607113686,-26.921813157165317],[-48.687095357343814,-26.921903206513],[-48.68712618424861,-26.922002350445673],[-48.68718557554492,-26.92211539081446],[-48.68727501803241,-26.92224712673021],[-48.687395999528654,-26.92240235910481],[-48.68755000793332,-26.92258588792595],[-48.68769406503904,-26.92276083832016],[-48.687820737140065,-26.922929721787614],[-48.687930056446454,-26.92309258311804],[-48.6880220562546,-26.923249463502927],[-48.68809677079999,-26.923400407752677],[-48.688154231360144,-26.923545457915736],[-48.68819447119479,-26.9236846578717],[-48.68821752356959,-26.923818051494194],[-48.68822342179292,-26.9239456808466],[-48.68821308027643,-26.924007400231275],[-48.68818649661523,-26.924087398461104],[-48.68814709038671,-26.924179568846114],[-48.6880982800799,-26.924277809190833],[-48.68804348429473,-26.924376012792887],[-48.68798612260642,-26.924468075678654],[-48.68792961360882,-26.924547893865157],[-48.68787737694314,-26.924609362490717],[-48.6878328312599,-26.924646376683103],[-48.687772321569,-26.924671244183628],[-48.687697691858666,-26.92468413236482],[-48.68760552373513,-26.924684374228956],[-48.687492402862524,-26.92467130192821],[-48.68735490989206,-26.924644247513953],[-48.687189630532,-26.92460254309659],[-48.68699314547145,-26.92454552157675],[-48.686762040506395,-26.92447251409715],[-48.686492896427616,-26.924382852576368],[-48.68632290438363,-26.924327082196633],[-48.686143122958335,-26.92427125935778],[-48.685957922613035,-26.924216560284354],[-48.685771674742256,-26.924164163944745],[-48.68558874876525,-26.924115246589764],[-48.68541351704886,-26.92407098724777],[-48.68525034998813,-26.924032562227715],[-48.68510361692393,-26.92400114964349],[-48.684977689221704,-26.92397792675275],[-48.684865055277264,-26.92395886281787],[-48.684757135937055,-26.923939898724456],[-48.68465588458552,-26.923921413976736],[-48.68456325658012,-26.923903789920917],[-48.68448120826388,-26.92388740882545],[-48.68441169403894,-26.92387264931958],[-48.68435667026387,-26.923859892772743],[-48.68430800285639,-26.923845718134597],[-48.68426911536246,-26.923814521715062],[-48.68424985621398,-26.923790330873462],[-48.684228092442034,-26.923760268309643],[-48.684204377618364,-26.92372517876049],[-48.68417926536924,-26.923685904256786],[-48.68415330721483,-26.92364329130716],[-48.68412705579099,-26.923598181024314],[-48.68410106362137,-26.92355141993404],[-48.6839612972157,-26.923293725830774],[-48.68519603856196,-26.922223524618534],[-48.68543099946028,-26.922022968588436],[-48.68567781298888,-26.921817122462524],[-48.68593063371512,-26.92161058746086],[-48.68618361326913,-26.92140796480022],[-48.68643090740715,-26.92121385490875],[-48.68666666890716,-26.921032860015313],[-48.68688505164049,-26.92086958150498],[-48.687080210558,-26.920728619912005],[-48.68724629762757,-26.920614575746306],[-48.68753622100075,-26.92042039540372],[-48.687781733549635,-26.920250536373672],[-48.68798677480901,-26.920101596312055],[-48.68815528325202,-26.91997017098749],[-48.68829119725934,-26.919852857016004],[-48.68839845617773,-26.919746250084184],[-48.688480999271654,-26.919646947648527],[-48.688542763794906,-26.919551545302],[-48.68858768898766,-26.919456638651408],[-48.68861559427148,-26.919356569206524],[-48.68862423805311,-26.91924890249385],[-48.68861444982959,-26.919135815240224],[-48.68858706008923,-26.91901948508416],[-48.6885428993933,-26.918902086049442],[-48.6884827961943,-26.918785796632243],[-48.68840758102371,-26.918672791748595],[-48.68831808436606,-26.918565248114902],[-48.68821513570501,-26.918465341525806],[-48.688076276297444,-26.918358771308405],[-48.687898857467935,-26.918244115043436],[-48.68769314410185,-26.918126237068023],[-48.68746939894581,-26.91801000442663],[-48.68723788572525,-26.917900281523828],[-48.68700886700016,-26.917801936415504],[-48.68679260735622,-26.9177198327415],[-48.68659936822324,-26.917658837757635],[-48.686439415036574,-26.917623817929055],[-48.68627295211757,-26.917591293798793],[-48.68609848287807,-26.917541810524245],[-48.68591625460769,-26.91747548854881],[-48.68572651763854,-26.917392447463527],[-48.68552952029468,-26.91729280682674],[-48.68532551191072,-26.91717668621372],[-48.685114740781835,-26.917044206988127],[-48.68489745624969,-26.916895488726443],[-48.68467390667097,-26.916730650087235],[-48.684358674682656,-26.916469521466954],[-48.684080207947666,-26.916196168431433],[-48.68383956650195,-26.915912552426864],[-48.683637808341395,-26.91562063393865],[-48.68347599140383,-26.91532237432638],[-48.68335517258753,-26.91501973490247],[-48.68327641277137,-26.914714677914414],[-48.68324076884498,-26.91440916280137],[-48.68324929865578,-26.91410515078469],[-48.683258601333705,-26.914029501026807],[-48.68327192786488,-26.913965517186895],[-48.68329252988681,-26.91390944708938],[-48.683323661975386,-26.91385754221348],[-48.68336857573504,-26.91380605127708],[-48.68343052477207,-26.91375122302262],[-48.683512761633466,-26.913689307968003],[-48.68361853986737,-26.913616555728325],[-48.68375111099451,-26.913529214960647],[-48.68387964545825,-26.913443835571837],[-48.68398586470267,-26.913369084163016],[-48.68407345139561,-26.913300905230464],[-48.68414608608922,-26.91323524682625],[-48.68420744936874,-26.913168054281268],[-48.68426122077708,-26.91309527380101],[-48.68431108183578,-26.913012852517557],[-48.6843607130621,-26.912916736637403],[-48.68441379396553,-26.912802871441546],[-48.68444955944812,-26.912718491554507],[-48.68448643866,-26.912620481538287],[-48.684523601429056,-26.91251173450532],[-48.684560219694966,-26.912395139091686],[-48.684595462331195,-26.91227358659191],[-48.68462850023216,-26.912149968334905],[-48.684658504318875,-26.912027174748815],[-48.68468464550153,-26.911908097165064],[-48.68470609270263,-26.911795625980822],[-48.68474688671964,-26.911562270045756],[-48.68478022365015,-26.911383049622312],[-48.68480989840335,-26.911252056482294],[-48.68483970791197,-26.9111633797166],[-48.684873444983516,-26.911111111952902],[-48.68491490649337,-26.911089343173384],[-48.6849678862951,-26.91109216330477],[-48.68503617919607,-26.911113664988594],[-48.68512358110602,-26.911147936360788],[-48.68524915210095,-26.91119258721957],[-48.685366716676164,-26.91122445093751],[-48.68547551068689,-26.91124357997569],[-48.68557477394493,-26.911250030470878],[-48.68566374330428,-26.91124385580455],[-48.685741656650414,-26.91122510847277],[-48.68580775282746,-26.911193843694072],[-48.68586126869378,-26.911150115750985],[-48.685901443166394,-26.91109397715322],[-48.6859302825168,-26.911029323223175],[-48.68595360041111,-26.910955445224616],[-48.685971165049146,-26.91087576138672],[-48.68598274963094,-26.91079369182545],[-48.68598812139635,-26.91071265294877],[-48.685987054539396,-26.910636065790356],[-48.685979317271745,-26.91056734857769],[-48.68596468082181,-26.91050991958666],[-48.68593512346592,-26.91045997618867],[-48.68590017483082,-26.91043434889138],[-48.685862735738716,-26.91041262348134],[-48.68581630472094,-26.91038822200055],[-48.685762173236256,-26.91036178829642],[-48.68570163074786,-26.91033396528179],[-48.68563596871094,-26.910305396805704],[-48.68556647759026,-26.91027672580012],[-48.68549444784764,-26.910248595199],[-48.68537922127966,-26.9102042667628],[-48.68528867953197,-26.910167025611123],[-48.6852199015229,-26.910134001971365],[-48.68516996821947,-26.910102325186045],[-48.68513595653828,-26.910069126324096],[-48.685114945470644,-26.910031533772408],[-48.68510401596894,-26.90998667865158],[-48.68510024598702,-26.909931691127053],[-48.685100715511474,-26.909863700493396],[-48.68511832637651,-26.909748425567532],[-48.68516675886078,-26.909616378178637],[-48.685246276889984,-26.909467197131164],[-48.68535714736091,-26.90930052215812],[-48.68549963413905,-26.909115992017043],[-48.6856740050644,-26.908913246409156],[-48.68588052496129,-26.90869192315667],[-48.68611945858212,-26.90845166186019],[-48.686391072655255,-26.908192102126755],[-48.68655690090213,-26.908035633717017],[-48.68669812824446,-26.90789832123311],[-48.68681684560962,-26.90777769386937],[-48.68691514397615,-26.907671276288117],[-48.686995114197316,-26.9075765976446],[-48.687058847191686,-26.907491182569085],[-48.68710843380163,-26.907412558386838],[-48.68714596585957,-26.907338252430797],[-48.68717353319135,-26.907265791092218],[-48.687218458904724,-26.907068775043776],[-48.687227317123885,-26.906872748139378],[-48.687201310540125,-26.90668004935803],[-48.687141637734385,-26.906493021195065],[-48.68704949833037,-26.90631400343206],[-48.68692609388399,-26.906145338568535],[-48.68677262297493,-26.90598936542695],[-48.686590286066824,-26.90584842735651],[-48.68638028365527,-26.90572486408326],[-48.686283305454154,-26.90567797045131],[-48.686186489485785,-26.90563877176278],[-48.68607974196007,-26.90560557833445],[-48.68595297115457,-26.905576698680825],[-48.68579608529019,-26.905550444883136],[-48.68559899068644,-26.905525124419203],[-48.685351595608005,-26.905499049225888],[-48.685043808427224,-26.905470527514947],[-48.68466553549552,-26.90543787001592],[-48.68441701849182,-26.90541574460096],[-48.6841806475789,-26.905392949890853],[-48.68396059865016,-26.90536999846347],[-48.6837610426507,-26.90534739832421],[-48.68358615547519,-26.905325661184946],[-48.6834401090056,-26.905305297798108],[-48.6833270781755,-26.905286817162274],[-48.683251234843304,-26.9052707309249],[-48.683216754931216,-26.9052575489768],[-48.68320242342641,-26.90522895208327],[-48.68320599430345,-26.90519072407659],[-48.68322448519072,-26.905146358052285],[-48.68325491371794,-26.90509934710223],[-48.68329429852749,-26.90505318433416],[-48.68333965523443,-26.905011363710315],[-48.68338800451461,-26.904977378376916],[-48.683436361035646,-26.90495472048337],[-48.683492682234636,-26.904944995200033],[-48.683542157002115,-26.904931804094605],[-48.68359550011221,-26.904913678779515],[-48.68366179186468,-26.904889436269496],[-48.6837391768224,-26.90485978158109],[-48.683825800554764,-26.904825419748445],[-48.68391980460783,-26.904787055742318],[-48.684019333549124,-26.904745394586758],[-48.684122532974676,-26.90470114042485],[-48.684262093895235,-26.904637943246147],[-48.68439441007934,-26.90457239264655],[-48.6845223115627,-26.9045026363507],[-48.68464863136745,-26.904426823022938],[-48.6847761994638,-26.904343102168898],[-48.684907848879284,-26.90424962062583],[-48.685046410536025,-26.904144528794312],[-48.68519471538844,-26.904025974355022],[-48.68535559535128,-26.903892105891693],[-48.6855879982857,-26.903688521954052],[-48.685797575376,-26.903490325411585],[-48.685985871917815,-26.903295538302217],[-48.68615443014154,-26.903102183495967],[-48.68630479424729,-26.90290828478026],[-48.686438508432374,-26.90271186502468],[-48.68655711488157,-26.902510946150215],[-48.68666215876356,-26.90230355101784],[-48.68675518219507,-26.902087703331194],[-48.68680304046251,-26.901964476828965],[-48.686839957985605,-26.90186210857972],[-48.68686649924316,-26.901775130066586],[-48.6868832308001,-26.901698068290806],[-48.68689071617201,-26.901625451102884],[-48.68688952285541,-26.90155180822098],[-48.68688021433771,-26.90147166839313],[-48.68686335716278,-26.90137955861115],[-48.68683951582925,-26.901270007637255],[-48.68681701127021,-26.90117931598677],[-48.686792853666205,-26.90109762700732],[-48.68676640363231,-26.90102376698249],[-48.686737018766586,-26.90095656214587],[-48.68670405868091,-26.900894838763424],[-48.68666688403167,-26.900837421312534],[-48.686624853427766,-26.90078313604091],[-48.68657732650469,-26.900730808309497],[-48.68652366185738,-26.900679265265723],[-48.68645917701332,-26.900623375627074],[-48.68639876000043,-26.90057739187414],[-48.68633791867203,-26.900539781150574],[-48.68627216290394,-26.900509010625644],[-48.68619700157347,-26.90048354744394],[-48.686107942558124,-26.90046185872278],[-48.68600049472976,-26.900442412483823],[-48.68587016802965,-26.900423674039295],[-48.68571246931759,-26.900404112234646],[-48.68560254646964,-26.900389408024502],[-48.68548805554412,-26.90037107414559],[-48.6853716716423,-26.900349716665637],[-48.68525607384879,-26.90032594353107],[-48.685143939285595,-26.900300359957296],[-48.685037943038225,-26.900273572036955],[-48.68494076318669,-26.900246186821384],[-48.6848550768178,-26.900218810448987],[-48.684783560007354,-26.900192049045465],[-48.68460709055463,-26.900112820584262],[-48.68441689023773,-26.900016229467354],[-48.684220277228846,-26.89990698276504],[-48.68402456768716,-26.899789784843854],[-48.68383708069021,-26.899669341960724],[-48.68366513124437,-26.899550359438642],[-48.68351603627171,-26.899437544466068],[-48.68339711372533,-26.89933560065853],[-48.683315680428606,-26.89924923613185],[-48.683239143622096,-26.89914380949854],[-48.68316772426181,-26.899030339497045],[-48.68310251892143,-26.898911514432378],[-48.68304462624875,-26.898790019034656],[-48.68299514283171,-26.898668539805456],[-48.68295516621878,-26.898549765066804],[-48.682925792013144,-26.898436379498374],[-48.68290811980215,-26.898331069648638],[-48.68290324412321,-26.898236522883487],[-48.682902039299776,-26.898181803905377],[-48.68289679236233,-26.898106821219177],[-48.68288785620566,-26.898014404331015],[-48.68287558464033,-26.897907387274056],[-48.682860332539015,-26.897788601391554],[-48.68284245276167,-26.89766087799374],[-48.682822298148764,-26.897527049293018],[-48.682800224539015,-26.89738994845355],[-48.6827765837993,-26.89725240586712],[-48.68272261187056,-26.896890429244795],[-48.68268330921019,-26.89650635453932],[-48.682658550844664,-26.89611235894733],[-48.68264821376968,-26.89572062149934],[-48.68265216997811,-26.895343320238812],[-48.68267029752395,-26.894992633307055],[-48.682702468424885,-26.894680740549948],[-48.68274855985252,-26.8944198182875],[-48.682808446952535,-26.89422204641553],[-48.682887960299524,-26.89404216427846],[-48.682976605761496,-26.89386471690709],[-48.68307067194754,-26.89369515183692],[-48.68316644950454,-26.893538917550668],[-48.683260228114996,-26.893401462527333],[-48.68334829855853,-26.89328823256834],[-48.68342695156727,-26.89320467709421],[-48.68349247790463,-26.893156244630926],[-48.68354116637277,-26.893148380968437],[-48.6835757157296,-26.89316484236584],[-48.68360476028666,-26.893185861883765],[-48.68362612024558,-26.89320925867811],[-48.68363761278514,-26.89323285185526],[-48.68364791806457,-26.89326318388477],[-48.6836741117397,-26.893297796012344],[-48.683715926445444,-26.893346190989714],[-48.68377172584641,-26.89340668418883],[-48.683839874616474,-26.893477590996408],[-48.68391873843509,-26.89355722681529],[-48.684006682978136,-26.893643907049004],[-48.68410207290918,-26.893735947086334],[-48.68420327390793,-26.89383166143304],[-48.684314443213125,-26.89393601035857],[-48.68443856250163,-26.89405291960071],[-48.6845722294047,-26.89417915946942],[-48.684712042572265,-26.89431149849591],[-48.68485459965608,-26.894446703401265],[-48.68499649922747,-26.894581543641046],[-48.68513433984405,-26.894712787780488],[-48.68526471902652,-26.89483720437961],[-48.68538423527409,-26.894951562025025],[-48.685586280190336,-26.895143247549463],[-48.68575889485171,-26.895300631662156],[-48.68590844124796,-26.89542784991276],[-48.68604128550417,-26.895529036979422],[-48.686163790778025,-26.89560832836515],[-48.68628232128466,-26.895669859566738],[-48.68640324330778,-26.895717765191645],[-48.686532919135644,-26.895756179760898],[-48.68667771508803,-26.895789238740583],[-48.68673633141171,-26.89580197774905],[-48.6868029998396,-26.895817772551915],[-48.68687582253808,-26.895836109241646],[-48.68695290167179,-26.895856473913536],[-48.68703234040905,-26.89587835268289],[-48.6871122388784,-26.895901232521567],[-48.68719070026042,-26.895924598650723],[-48.68726582769566,-26.895947938099706],[-48.68733572333362,-26.895970736983017],[-48.68769957105206,-26.896091682169054],[-48.68769341005592,-26.896418642858652],[-48.687682484969095,-26.896701398214635],[-48.68766049139145,-26.897046291756435],[-48.687629559157585,-26.897432810797877],[-48.68759181712078,-26.89784044354315],[-48.6875493952083,-26.898248678220888],[-48.687504423429154,-26.898637003069762],[-48.68745903090793,-26.8989849045182],[-48.68741534779798,-26.899271871727333],[-48.68737550433078,-26.899477392963846],[-48.687343414564985,-26.89961754336495],[-48.687319177332874,-26.899732274459073],[-48.687302735044646,-26.899825846607882],[-48.687294030022876,-26.899902523779158],[-48.68729300662879,-26.899966568167144],[-48.687299607222506,-26.90002224102918],[-48.68731377412351,-26.90007380542521],[-48.68733545069345,-26.900125522626112],[-48.68736458025936,-26.90018165570586],[-48.68741677676884,-26.900262180455062],[-48.68748002503417,-26.900333868197354],[-48.687554121637426,-26.90039662534271],[-48.68763886518566,-26.900450357429452],[-48.68773405431691,-26.900494968189225],[-48.687839486602165,-26.900530364041433],[-48.687954961655926,-26.90055644963209],[-48.68808027605011,-26.900573130458078],[-48.688215229388135,-26.900580311161733],[-48.688357052073094,-26.900577970726918],[-48.688480384366194,-26.900565514299913],[-48.68858578321234,-26.900542578341312],[-48.688673806534496,-26.900508801124264],[-48.68874501224576,-26.90046382181658],[-48.68879995727988,-26.90040727866066],[-48.68883920163426,-26.900338808137867],[-48.68886330224079,-26.900258049381048],[-48.68887281706389,-26.90016464063239],[-48.68887571705515,-26.900118274944848],[-48.688881848643206,-26.900065008896085],[-48.68889090071774,-26.90000637875201],[-48.68890256017472,-26.899943919843437],[-48.68891651791746,-26.899879168469177],[-48.68893246186883,-26.899813659074564],[-48.688950079935026,-26.899748927007163],[-48.688969062018195,-26.8996865085499],[-48.688989096010204,-26.899627939953067],[-48.689008945650734,-26.899567796291162],[-48.68902790000397,-26.89950085435996],[-48.68904561719102,-26.899428926068595],[-48.68906175019444,-26.89935382865706],[-48.68907595708537,-26.89927737674153],[-48.68908789090647,-26.89920138485618],[-48.68909720869046,-26.899127669405463],[-48.68910356653897,-26.899058043169003],[-48.68910661845048,-26.898994323404075],[-48.68911778884395,-26.898856614966235],[-48.68914438202829,-26.898699980411894],[-48.68918409339257,-26.898531171932113],[-48.68923461940239,-26.89835693902773],[-48.689293654461935,-26.898184034777643],[-48.68935889609799,-26.898019208705865],[-48.68942803881572,-26.8978692120971],[-48.689498779166364,-26.897740796275425],[-48.68956881170127,-26.897640713440875],[-48.68960180127095,-26.8976067423622],[-48.68964763632239,-26.89756830235775],[-48.68970455337964,-26.897526483576733],[-48.68977079196953,-26.897482377120006],[-48.68984458864096,-26.89743707223615],[-48.68992418194171,-26.8973916591115],[-48.69000780938227,-26.89734722972367],[-48.69009370955875,-26.89730487246227],[-48.69018011798115,-26.897265679280636],[-48.69037585595467,-26.89717690346695],[-48.69054234733637,-26.897091499642087],[-48.69068157550016,-26.897007564629718],[-48.69079552279684,-26.896923195211336],[-48.690886174546414,-26.89683649000046],[-48.69095551207176,-26.89674554572235],[-48.69100552071415,-26.89664845915344],[-48.69103818174945,-26.896543328796913],[-48.69105548053073,-26.89642825050625],[-48.691060187083494,-26.896354871829963],[-48.69106004950627,-26.89628890596099],[-48.691054339871485,-26.89622813814688],[-48.691042330343194,-26.89617034912371],[-48.69102329502543,-26.896113323267993],[-48.69099650606706,-26.896054842215634],[-48.690961237577916,-26.89599269034029],[-48.69091676171597,-26.895924649274402],[-48.69086235062826,-26.89584850155029],[-48.69082096502334,-26.895793906772614],[-48.69077718118589,-26.89573930163671],[-48.690732062867134,-26.895685829780675],[-48.69068667072261,-26.895634638402864],[-48.69064206952048,-26.895586870257873],[-48.69059931994575,-26.89554367074204],[-48.690559484674395,-26.895506186187834],[-48.690523625428966,-26.89547556020573],[-48.69049280590628,-26.895452938244148],[-48.69040069118586,-26.895412743947762],[-48.69026822098019,-26.89538146245214],[-48.69010609138218,-26.895359287590153],[-48.68992499536533,-26.895346416777272],[-48.68973562694366,-26.89534304478158],[-48.68954868011826,-26.895349366424387],[-48.689374849855525,-26.89536557840389],[-48.68922482812747,-26.895391876517593],[-48.68910931094723,-26.89542845666628],[-48.689072122964504,-26.895444130633948],[-48.68903705818859,-26.895457356742664],[-48.68900472393186,-26.895468016789046],[-48.68897572847611,-26.895475994390825],[-48.688950678145744,-26.89548117042672],[-48.68891484100986,-26.89548264948454],[-48.688912464956374,-26.8953806109456],[-48.688938189579204,-26.895252945664044],[-48.68897541843099,-26.89510120127052],[-48.68902032823119,-26.894938060277646],[-48.689069095756665,-26.894776204302158],[-48.68911789889313,-26.894628312279238],[-48.68916291143792,-26.894507068499802],[-48.68920031335282,-26.894425152850246],[-48.68922627956598,-26.894395246040958],[-48.689292569791675,-26.894424111563396],[-48.689441211206116,-26.89450323319856],[-48.68965461440476,-26.894622396077086],[-48.68991518703288,-26.894771382573452],[-48.69020533766564,-26.894939974239698],[-48.69050747364756,-26.895117955424606],[-48.6908040051482,-26.89529510975436],[-48.69107733812806,-26.895461219118808],[-48.69130988233745,-26.89560606739488],[-48.69136389577806,-26.895639723525708],[-48.6914490584969,-26.895691333077966],[-48.691580327329575,-26.895769744384175],[-48.6917726622334,-26.895883807545818],[-48.69204102238508,-26.896042372511427],[-48.6924003663087,-26.89625428810808],[-48.69286565396668,-26.896528404699854],[-48.69345184700927,-26.896873569581736],[-48.6941739058278,-26.89729863223333],[-48.69436931568464,-26.89741384507735],[-48.69458491142068,-26.897541255262382],[-48.69481492607159,-26.89767743222398],[-48.695053589606346,-26.897818945377463],[-48.69529513391424,-26.897962366008557],[-48.695533790880404,-26.89810426273205],[-48.69576379130619,-26.898241205083885],[-48.69597936591896,-26.898369763535435],[-48.696174747409785,-26.8984865086199],[-48.69637294081889,-26.89860492552879],[-48.69659661616371,-26.898738303448802],[-48.69683949300362,-26.89888291741603],[-48.697095293883756,-26.899035041644176],[-48.69735774024461,-26.899190952171793],[-48.697620551482494,-26.899346923241346],[-48.69787745193568,-26.89949923012183],[-48.69812215985484,-26.89964414712299],[-48.69834839741628,-26.899777950462095],[-48.698562565035935,-26.899904661152135],[-48.69877199463271,-26.90002867813066],[-48.69897261423428,-26.900147593215173],[-48.69916035185328,-26.900258997341005],[-48.6993311354555,-26.900360482362803],[-48.699480891978446,-26.90044964013198],[-48.69960555033991,-26.900524063443054],[-48.69970103850258,-26.90058134236995],[-48.699763283376214,-26.90061906967143],[-48.69983109713894,-26.9006601915177],[-48.69994263609607,-26.90072724353425],[-48.70009284233821,-26.900817204876248],[-48.70027665803062,-26.900927051980407],[-48.70048902729616,-26.901053764022365],[-48.70072489023423,-26.90119431922],[-48.70097919198065,-26.901345694087208],[-48.701246872561114,-26.90150486688562],[-48.70152287696288,-26.90166881689138],[-48.70209476998016,-26.902011118040427],[-48.70285921170568,-26.902472486156494],[-48.703759459497434,-26.903018315292037],[-48.70473876936364,-26.9036139967333],[-48.705740393158685,-26.90422492477394],[-48.706707584349395,-26.90481649429207],[-48.707583587909795,-26.905354104172947],[-48.708311653934445,-26.90580315007401],[-48.708835025135414,-26.906129031893197],[-48.70893774787295,-26.906192557200878],[-48.7090660300838,-26.906270397611237],[-48.70921558344906,-26.906360026109724],[-48.7093821206808,-26.906458913900238],[-48.7095613554223,-26.906564534921255],[-48.70974899931377,-26.906674361290253],[-48.70994076597651,-26.90678586517616],[-48.71013236698509,-26.906896518735945],[-48.710319515855545,-26.90700379598469],[-48.710682646974625,-26.9072173230749],[-48.71106989897455,-26.907455090224943],[-48.7114629399896,-26.907704715397678],[-48.71184344088115,-26.907953814981507],[-48.71219306809797,-26.908190008182437],[-48.71249349190836,-26.908400909911148],[-48.712726378244895,-26.90857413962642],[-48.712873395993796,-26.908697315065176],[-48.7129162121222,-26.908758052070205],[-48.71289013051133,-26.908797546319022],[-48.71286608162163,-26.90883297821252],[-48.71283583445067,-26.90887722128879],[-48.71280024334503,-26.908929040406036],[-48.7127601636038,-26.908987203145426],[-48.71271645058245,-26.909050474382273],[-48.71266995760845,-26.9091176198624],[-48.71262154099522,-26.909187407185982],[-48.712569544302596,-26.90926650202564],[-48.71251274200471,-26.90936046702877],[-48.71245263587932,-26.90946641073351],[-48.71239072773175,-26.909581440778815],[-48.712328518354525,-26.909702665692745],[-48.712267509577714,-26.909827193121156],[-48.71220920220234,-26.909952132501434],[-48.712155098085674,-26.910074591486325],[-48.71210669809114,-26.910191677715233],[-48.71200865701204,-26.910422435895416],[-48.71190455210901,-26.91063664684279],[-48.71179092933602,-26.910838965297074],[-48.71166433458928,-26.911034046884556],[-48.71152131271794,-26.911226547196733],[-48.711358408544505,-26.91142112090072],[-48.71117216885224,-26.911622422669076],[-48.710959138349956,-26.91183510710853],[-48.710715861635386,-26.91206383058996],[-48.710597530465705,-26.912175364304865],[-48.71048092241188,-26.912291487708668],[-48.71036671391158,-26.91241140409367],[-48.71025558043918,-26.9125343149341],[-48.71014819751211,-26.912659419902322],[-48.71004524156967,-26.912785923200023],[-48.709947388160494,-26.91291302360167],[-48.70985531375474,-26.91303992441067],[-48.70976969387664,-26.913165826209116],[-48.70957755986896,-26.913441725022558],[-48.70934645869771,-26.91374863604416],[-48.70908945280976,-26.914071536990143],[-48.708819604907774,-26.914395405669747],[-48.70854997895495,-26.914705221826214],[-48.7082936382532,-26.91498596259918],[-48.708063646304595,-26.91522260794513],[-48.70787306785621,-26.915400135217336],[-48.707734966690275,-26.915503523606066],[-48.70768096338847,-26.915537686347456],[-48.707612944857,-26.91558620122812],[-48.707533201813945,-26.915647148044837],[-48.70744402400892,-26.91571860477568],[-48.7073477002091,-26.91579864848415],[-48.707246519172266,-26.915885357141438],[-48.70714277168052,-26.915976808758078],[-48.707038747504704,-26.91607108223783],[-48.706936734453784,-26.916166254655167],[-48.70679905257646,-26.91629870111605],[-48.706684326891455,-26.916413176597633],[-48.70659018268519,-26.916512820060582],[-48.70651424220616,-26.916600769495606],[-48.70645412866223,-26.91668016379712],[-48.70640746725207,-26.916754141880684],[-48.70637188013869,-26.91682584260419],[-48.70634499150378,-26.916898403949777],[-48.706324424494795,-26.916974964780866],[-48.70631120017842,-26.917027640950096],[-48.70629660992856,-26.91707841783831],[-48.70628104015423,-26.91712635777356],[-48.70626487724763,-26.91717052398632],[-48.70624850961499,-26.917209979739976],[-48.70623232269944,-26.917243785542734],[-48.70621670286022,-26.91727100643008],[-48.70620203856121,-26.91729070295973],[-48.70625799340176,-26.917342076987314],[-48.70648682444997,-26.91742902315608],[-48.706834926084156,-26.917549831138615],[-48.707262012023826,-26.917691552460607],[-48.707727798702315,-26.917841239881458],[-48.70819200008624,-26.9179859483755],[-48.70861433077356,-26.918112729819544],[-48.708954505917006,-26.918208640151978],[-48.709172238483795,-26.918260733743246],[-48.70924326567531,-26.918272785628623],[-48.70930026076937,-26.91827948832794],[-48.709345929190775,-26.91827917655289],[-48.70938297735434,-26.918270185927003],[-48.70941410969978,-26.91825085023208],[-48.70944203163651,-26.918219505067057],[-48.70946944760165,-26.918174484207483],[-48.709499065009524,-26.918114123279633],[-48.70953358727635,-26.918036756037072],[-48.70962927736943,-26.917823143758653],[-48.70980216406721,-26.917442289459593],[-48.71003106057845,-26.91694041854072],[-48.7102947814936,-26.916363752883868],[-48.71057214303335,-26.91575851816639],[-48.71084195934162,-26.915170938434937],[-48.7110830475231,-26.914647237095455],[-48.711274226402814,-26.914233640466232],[-48.71139431328831,-26.9139763713293],[-48.71143783379471,-26.913883470351614],[-48.71150210637012,-26.913745134896814],[-48.71158448111445,-26.913567112028872],[-48.711682310131074,-26.913355148842214],[-48.711792944525975,-26.91311499241728],[-48.711913733435196,-26.912852388905762],[-48.71204202903266,-26.912573085419705],[-48.712175182550915,-26.912282828164237],[-48.71231054423337,-26.911987365145713],[-48.71269439718638,-26.911148541696978],[-48.7129986179968,-26.910485366777568],[-48.71323308611761,-26.90997730089813],[-48.71340768193267,-26.90960380614915],[-48.71353228306506,-26.909344342591922],[-48.71361676853388,-26.90917837288933],[-48.71367101602894,-26.90908535688938],[-48.71370490200239,-26.909044754367052],[-48.71372830373471,-26.909036027789043],[-48.71377322413194,-26.909055717590533],[-48.713880770476095,-26.909112080962476],[-48.714044782789024,-26.909201652785434],[-48.71425909618468,-26.909320965111604],[-48.71451754877591,-26.90946655272946],[-48.71481397774585,-26.909634946802427],[-48.71514222118841,-26.909822682135015],[-48.715496114187516,-26.91002629080664],[-48.71586949573319,-26.910242307710014],[-48.71625112852119,-26.910463704918445],[-48.71662931272588,-26.910682819031205],[-48.71699636225016,-26.910895215664024],[-48.717344593990816,-26.91109645604231],[-48.71766632062492,-26.911282105901222],[-48.71795385781795,-26.911447728371133],[-48.71819952113863,-26.911588888424365],[-48.718395624168025,-26.91170114831297],[-48.71853448146482,-26.911780072105532],[-48.71879346654989,-26.91192787556428],[-48.71917643136225,-26.912148387127996],[-48.7196698928668,-26.91243376322455],[-48.72026036914208,-26.912776162017032],[-48.72093438131694,-26.91316773991837],[-48.72167844529959,-26.913600656051003],[-48.72247908081504,-26.914067067949567],[-48.72332280525789,-26.914559132420877],[-48.72419613658514,-26.915069008342705],[-48.72466774446578,-26.91534596303814],[-48.72521560912772,-26.91566995016005],[-48.725834984026555,-26.916038125476476],[-48.726521119705026,-26.91644764197276],[-48.72726926772799,-26.916895652644367],[-48.728074678599576,-26.917379312288304],[-48.728932603817,-26.91789577394537],[-48.72983829478105,-26.918442191607195],[-48.73078700176323,-26.91901572021546],[-48.73106516942228,-26.91918381919269],[-48.73138690496857,-26.91937828018762],[-48.731742762378104,-26.919593384764326],[-48.732123297574674,-26.919823412774658],[-48.73251906336713,-26.920062642295175],[-48.73292061435256,-26.92030535513326],[-48.7333185040125,-26.92054583046992],[-48.73370328764076,-26.92077834941973],[-48.7340655163679,-26.92099719222223],[-48.73463940782067,-26.921343916659556],[-48.73515632273717,-26.921656487078664],[-48.7356391701079,-26.921948796755988],[-48.73611086141115,-26.92223474228654],[-48.73659430768158,-26.92252821635154],[-48.73711242039221,-26.922843114049403],[-48.73768811261,-26.923193328366636],[-48.73834429602182,-26.923592753669617],[-48.73910388619536,-26.924055282976454],[-48.73998980028756,-26.9245965504149],[-48.74093136623055,-26.92517471793169],[-48.74189179519564,-26.9257669249276],[-48.742834297857776,-26.926350309904038],[-48.74372208332594,-26.926902013154397],[-48.74451835826196,-26.927399177563423],[-48.74518633030334,-26.927818943068516],[-48.74568920434157,-26.92813845355093],[-48.74599018527919,-26.928334849301564],[-48.74611042985264,-26.928414323770493],[-48.74624870622371,-26.928501968253922],[-48.746401007514194,-26.928595445410483],[-48.746563325854545,-26.928692416089394],[-48.746731655381026,-26.92879054028416],[-48.746901986122445,-26.928887480646797],[-48.7470703121588,-26.928980897204596],[-48.74723262450476,-26.929068450856274],[-48.747384916144874,-26.929147803451343],[-48.74754159455364,-26.929228531786453],[-48.74771705227078,-26.92932005713646],[-48.74790643766246,-26.9294197886452],[-48.74810490009128,-26.929525134589564],[-48.74830758786183,-26.929633504155433],[-48.74850964719268,-26.929742308325917],[-48.748706229332505,-26.92984895638565],[-48.74889247948963,-26.929950855743066],[-48.74906354778155,-26.93004541841982],[-48.749293542898194,-26.930174559198257],[-48.7494840628582,-26.93028463359838],[-48.749639988514325,-26.930379243721163],[-48.749766195775386,-26.930461990639298],[-48.749867563605775,-26.930536476340457],[-48.74994897097463,-26.930606304589777],[-48.75001529493988,-26.93067507549204],[-48.750071415548234,-26.930746391892676],[-48.75012220885719,-26.930823855660936],[-48.75022688228272,-26.9310221141282],[-48.7503134802555,-26.931240612405176],[-48.75038098745626,-26.931470441535982],[-48.75042838549021,-26.931702693411452],[-48.7504546579887,-26.931928458142558],[-48.750458787534455,-26.93213882762034],[-48.75043975677498,-26.932324891020613],[-48.75039654829797,-26.93247774202064],[-48.750328145854326,-26.932588468890604],[-48.75028879207919,-26.932628994993483],[-48.75025402585894,-26.932660018302755],[-48.75022046142803,-26.93268193153639],[-48.75018471497607,-26.932695130147184],[-48.75014339972532,-26.932700006829695],[-48.75009313087628,-26.93269695611045],[-48.750030522644174,-26.93268637159177],[-48.74995219124484,-26.932668647801787],[-48.74985474988206,-26.93264417920872],[-48.749789282282464,-26.93262811709677],[-48.749718376771796,-26.9326118490799],[-48.749643859849066,-26.932595726465575],[-48.74956755892801,-26.932580105091542],[-48.74949130251616,-26.932565336304453],[-48.74941691503901,-26.93255177409702],[-48.74934622695921,-26.93253977256202],[-48.74928106273436,-26.932529683894934],[-48.74922325179982,-26.9325218630808],[-48.74913701469991,-26.93251215825488],[-48.74906392219446,-26.93250913553841],[-48.748997498424885,-26.932516079422857],[-48.74893126754592,-26.932536273483056],[-48.7488587527132,-26.932573000362417],[-48.7487734780328,-26.932629544509332],[-48.748668967577416,-26.932709190351726],[-48.7485387443809,-26.93281522137014],[-48.74837633340156,-26.932950921938623],[-48.748250962635346,-26.933053864311248],[-48.74813372958691,-26.933145834485085],[-48.74802391160568,-26.93322727758768],[-48.747920787093214,-26.933298636052125],[-48.7478236323411,-26.93336035678655],[-48.74773172469484,-26.933412884005353],[-48.74764434151236,-26.93345666101786],[-48.74756076007503,-26.933492134739527],[-48.74748025774987,-26.933519747572515],[-48.74741570547849,-26.933541562319853],[-48.74734776305443,-26.933568545394756],[-48.74727806004677,-26.93359981133894],[-48.74720822505708,-26.933634472877063],[-48.747139886654935,-26.93367164454156],[-48.74707467343204,-26.933710439966088],[-48.74701421499104,-26.933749972803604],[-48.74696014092094,-26.933789357611836],[-48.74691407885542,-26.93382770621197],[-48.74672455985277,-26.933980417919624],[-48.746537879128724,-26.934096451153742],[-48.74636051736432,-26.934175587305514],[-48.74619895328165,-26.934217605058603],[-48.74605966858385,-26.934222284071204],[-48.74594914290129,-26.934189404885366],[-48.74587385781457,-26.934118748076127],[-48.74584029284326,-26.934010092366744],[-48.74585492736597,-26.933863218250448],[-48.74588351968778,-26.933750975921367],[-48.74591009688159,-26.93365970597881],[-48.74593700391824,-26.93358616999353],[-48.74596658471524,-26.93352713132186],[-48.74600118217582,-26.93347935330137],[-48.746043141246474,-26.933439597494285],[-48.74609480582601,-26.933404627246926],[-48.74615851982507,-26.9333712049978],[-48.74623662612148,-26.933336094064007],[-48.74629808229155,-26.933310740606167],[-48.74635359899565,-26.933290652797574],[-48.74640401293952,-26.933275729402112],[-48.74645016285799,-26.93326586831176],[-48.7464928864418,-26.93326096920504],[-48.74653302245877,-26.93326092816653],[-48.74657140656655,-26.93326564574216],[-48.74660887952675,-26.933275018948606],[-48.7466462770323,-26.933288946525472],[-48.746702283355255,-26.933305044858983],[-48.74676491830584,-26.933307953210115],[-48.74683485436,-26.93329737186697],[-48.74691276398744,-26.933273001114884],[-48.74699931862619,-26.933234542121923],[-48.747095189706,-26.933181696052486],[-48.74720104968973,-26.93311416227836],[-48.74731757200044,-26.933031641987107],[-48.7474454280365,-26.932933836328647],[-48.747481132592824,-26.93290599725332],[-48.747521991651276,-26.93287474166533],[-48.747566832151094,-26.93284093433027],[-48.7476144790385,-26.93280543908057],[-48.74766376132424,-26.932769118010278],[-48.74771350395989,-26.932732834955097],[-48.74776253493756,-26.93269745289871],[-48.747809681209795,-26.932663836614854],[-48.74785376876119,-26.932632849058535],[-48.74798883217954,-26.932526467301344],[-48.74806713145524,-26.932434012828907],[-48.74808676653831,-26.93235443653997],[-48.748045836323115,-26.93228669014635],[-48.74794243969498,-26.932229724376935],[-48.74777467652327,-26.932182489887836],[-48.74754064464669,-26.93214393720594],[-48.74723844288024,-26.932113017670723],[-48.74686617208109,-26.93208868073505],[-48.74661360889712,-26.932074683203215],[-48.74640926121509,-26.93206140860868],[-48.746246101898336,-26.932047558158207],[-48.74611710688197,-26.932031831230105],[-48.74601524902099,-26.932012930709178],[-48.7459335012504,-26.931989555832807],[-48.74586483951358,-26.931960406761863],[-48.74580223771243,-26.9319241854107],[-48.74573866878814,-26.931879591859573],[-48.74569790398818,-26.931846582023116],[-48.745655926803444,-26.931806950451328],[-48.74561368094524,-26.931761947684286],[-48.74557211206294,-26.93171282790388],[-48.74553216587416,-26.93166084168423],[-48.74549478803911,-26.931607242306804],[-48.74546092324373,-26.93155328123329],[-48.74543151814786,-26.931500211762483],[-48.74540751843789,-26.931449285372928],[-48.74538077947036,-26.931394850679293],[-48.74534297134546,-26.93133166214076],[-48.745295583279734,-26.9312615881675],[-48.74524010542188,-26.931186500794126],[-48.74517802796971,-26.931108269349256],[-48.745110840090035,-26.93102876404877],[-48.74504003193043,-26.930949856028565],[-48.74496709264133,-26.930873415508408],[-48.74489351237078,-26.930801312726626],[-48.74480919832366,-26.930720003849522],[-48.7447349110982,-26.930644326805634],[-48.74467064401228,-26.930574261648715],[-48.74461639132162,-26.93050979205537],[-48.74457214635035,-26.930450898075403],[-48.744537903396306,-26.930397561577117],[-48.744513654729445,-26.930349765296842],[-48.7444993946717,-26.930307490196796],[-48.74449511654156,-26.930270717221084],[-48.74449359771614,-26.93024104735236],[-48.74448811183182,-26.930208350397503],[-48.74447901586036,-26.930173509248313],[-48.744466663717986,-26.93013740855242],[-48.744451412411784,-26.930100929396964],[-48.74443361485026,-26.93006495641329],[-48.74441362802088,-26.930030371590618],[-48.74439180687902,-26.92999805778809],[-48.74436850736736,-26.929968898783315],[-48.74433318109397,-26.929931406436168],[-48.74429693653122,-26.929900140762545],[-48.7442579579157,-26.929874517717625],[-48.74421443051035,-26.929853952368433],[-48.744164537548315,-26.929837860649478],[-48.744106463306096,-26.92982565670378],[-48.744038394037844,-26.929816756506632],[-48.74395851297882,-26.929810575979648],[-48.743865004407574,-26.929806529249458],[-48.74378681473767,-26.929803539676783],[-48.7436912506711,-26.92979896631437],[-48.743581385335894,-26.929792996358596],[-48.743460292919885,-26.929785814319946],[-48.74333104858018,-26.929777606536636],[-48.743196725494904,-26.929768557519708],[-48.743060397810325,-26.929758853611396],[-48.74292514069446,-26.929748680279456],[-48.742794027281484,-26.929738223873184],[-48.74245652603926,-26.929718806206434],[-48.742183886033246,-26.92972153965211],[-48.74197493774102,-26.929747456313837],[-48.74182851166125,-26.929797590911416],[-48.74174343635731,-26.929872978047634],[-48.74171854248586,-26.929974652277906],[-48.74175265981557,-26.930103646262843],[-48.74184462015883,-26.930260995332482],[-48.74199325244903,-26.930447731997674],[-48.74229077129717,-26.930787943691207],[-48.74280997084509,-26.930831445482877],[-48.742996271297656,-26.930851134428423],[-48.743161578518404,-26.930877844958903],[-48.743305597230666,-26.930911439764568],[-48.7434280291839,-26.93095177877203],[-48.743528581098104,-26.930998724685463],[-48.743606954724484,-26.931052136510147],[-48.74366285574265,-26.931111877816285],[-48.7436959859062,-26.93117780668594],[-48.743706050879446,-26.931249786667433],[-48.743696593679736,-26.93134046004028],[-48.743672878715124,-26.9314406879383],[-48.74363657003151,-26.931547244530417],[-48.743589330620516,-26.931656906674455],[-48.743532825532945,-26.93176644945617],[-48.74346871880833,-26.93187264884903],[-48.743398675507954,-26.931972280845258],[-48.74332435770784,-26.932062120490116],[-48.74324743150842,-26.932138943799558],[-48.74319304954946,-26.932181432068575],[-48.7431155122157,-26.932233220515208],[-48.74301788713125,-26.932292649839937],[-48.742903236890704,-26.932358060661972],[-48.74277462815819,-26.932427791863997],[-48.742635125559765,-26.93250018410803],[-48.742487793735016,-26.932573578065988],[-48.74233569938781,-26.932646312649922],[-48.74218190718912,-26.93271672855746],[-48.741903754625795,-26.93284395817245],[-48.74167976947449,-26.932954033392914],[-48.74150645056429,-26.933050318722977],[-48.74138029466011,-26.93313617765299],[-48.741297802483416,-26.93321497457402],[-48.741255469686955,-26.93329007374291],[-48.741249796933566,-26.93336483945474],[-48.74127728084865,-26.93344263590817],[-48.74133442010464,-26.93352682550697],[-48.74138543006885,-26.933580284123323],[-48.74144952732273,-26.933629189140017],[-48.74152686093388,-26.93367358895155],[-48.74161757885302,-26.933713537345053],[-48.741721828093674,-26.933749084478546],[-48.74183975969308,-26.93378028057],[-48.7419715206059,-26.933807178474837],[-48.74211725884477,-26.933829828353243],[-48.74227712339053,-26.933848282181003],[-48.742382807532294,-26.933861402413388],[-48.7424775642254,-26.933878821128808],[-48.74255998761058,-26.933899845327797],[-48.74262867081647,-26.933923781994807],[-48.74268221002233,-26.933949936356836],[-48.74271919834761,-26.933977615394262],[-48.74273823093932,-26.9340061252132],[-48.74273790091116,-26.9340347727838],[-48.742716804395286,-26.934062865116783],[-48.74264831818677,-26.934084074997386],[-48.74249476805116,-26.934111621340865],[-48.74227265855467,-26.934143624723436],[-48.741998492264685,-26.934178205676044],[-48.741688773767756,-26.93421348572234],[-48.74136000667352,-26.934247586480097],[-48.741028693616514,-26.934278629693633],[-48.740711338320814,-26.934304734571835],[-48.740424445449904,-26.934324024998553],[-48.740160585707066,-26.934345070030396],[-48.73992851365991,-26.934377465052627],[-48.73972437689228,-26.93442308334116],[-48.739544325039354,-26.93448379635916],[-48.73938450671288,-26.934561476422168],[-48.73924107054112,-26.934657994915874],[-48.73911016511131,-26.934775225007265],[-48.738987940061186,-26.93491503715369],[-48.73887054294534,-26.935079304469827],[-48.73874738852996,-26.935252889218813],[-48.73862751673916,-26.935386940483628],[-48.73850326428865,-26.93548252483885],[-48.738366973959344,-26.935540706219705],[-48.738210984485306,-26.93556254936648],[-48.73802763661749,-26.935549119914263],[-48.7378092712059,-26.93550148074066],[-48.73754822708258,-26.935420698232978],[-48.7372368452349,-26.93530783601784],[-48.73704512317988,-26.935237622385948],[-48.736881964675206,-26.93518376707656],[-48.73674368533903,-26.935146025159288],[-48.73662659979515,-26.935124152562427],[-48.736527023716,-26.935117904306512],[-48.73644127176764,-26.935127036281163],[-48.736365660677684,-26.935151302590768],[-48.736296505131726,-26.935190459101335],[-48.73623012085975,-26.935244259882143],[-48.73614908893321,-26.93532964228578],[-48.7360715414073,-26.935431666682558],[-48.73599912435375,-26.935546610723893],[-48.73593348593157,-26.935670749391342],[-48.73587627430182,-26.935800358572195],[-48.73582913661993,-26.935931715042468],[-48.735793722071,-26.936061095611958],[-48.73577167588111,-26.936184774319326],[-48.735764649251905,-26.93629902890698],[-48.73576424399354,-26.936379316014758],[-48.73576028896708,-26.936446831528155],[-48.735751413703724,-26.936504301403513],[-48.73573625082478,-26.93655444803607],[-48.73571343091857,-26.936599994689374],[-48.735681585541364,-26.936643666445228],[-48.73563934629939,-26.936688185675862],[-48.735585344756615,-26.936736276553617],[-48.7355182114612,-26.936790663229193],[-48.73540071572012,-26.936897198751815],[-48.73532092770714,-26.937001709005486],[-48.73527826611712,-26.937102452925636],[-48.735272148563375,-26.937197693009598],[-48.735301994735906,-26.93728568814893],[-48.73536722023045,-26.937364699848697],[-48.735467245692384,-26.937432987863346],[-48.73560148769846,-26.937488812758765],[-48.73576936480926,-26.93753043510821],[-48.735897414470365,-26.93755125539302],[-48.736015461633016,-26.937563616980206],[-48.736125688194505,-26.93756721740043],[-48.73623027409654,-26.937561751437354],[-48.736331401277816,-26.937546914801793],[-48.73643124966407,-26.937522403165527],[-48.736532000185896,-26.93748791221012],[-48.736635834758886,-26.937443138528806],[-48.73674493232739,-26.937387775952967],[-48.73685129391253,-26.937328994223684],[-48.73692888008998,-26.93728334518879],[-48.736977872435084,-26.93725096627738],[-48.736955093891446,-26.9372348241621],[-48.736891517255046,-26.93725689771019],[-48.7368002503843,-26.937292926379676],[-48.736681472706785,-26.93734304836047],[-48.73650438177016,-26.937407702372518],[-48.736324246086326,-26.93745102572408],[-48.736146182506985,-26.937473585156177],[-48.73597531090078,-26.937475947483883],[-48.735816749075454,-26.937458681317562],[-48.735675616868214,-26.937422353514947],[-48.73555703106931,-26.937367530898605],[-48.73546611141842,-26.937294782149625],[-48.73540797463133,-26.93720467409244],[-48.735395304011206,-26.937166842133223],[-48.735389802325514,-26.93713128123261],[-48.73539235767026,-26.937096428170108],[-48.735403860117785,-26.93706072156038],[-48.73542519876798,-26.937022598195604],[-48.73545726169281,-26.936980495751293],[-48.73550093796585,-26.93693285191551],[-48.735557116653716,-26.93687810437215],[-48.735626687820584,-26.936814690815943],[-48.73569235512285,-26.93675264312448],[-48.735752556081735,-26.936688475327337],[-48.73580823329078,-26.93662066839996],[-48.73586032933899,-26.93654770331547],[-48.73590978477968,-26.93646806191482],[-48.73595754422381,-26.936380224297356],[-48.73600454923959,-26.93628267141441],[-48.73605174235997,-26.936173886036016],[-48.73610006517676,-26.936052347305683],[-48.73615019493549,-26.93592401954968],[-48.73619550117212,-26.935816025048236],[-48.73623738101354,-26.935726219451325],[-48.736277233587145,-26.93565245843832],[-48.73631645400235,-26.93559259671928],[-48.73635644034465,-26.935544490854955],[-48.7363985897414,-26.935505994681392],[-48.73644430024983,-26.935474965657335],[-48.736494966993845,-26.93544925667993],[-48.736582553278325,-26.935412725969414],[-48.736659803324386,-26.935387520229018],[-48.73673262005051,-26.935374767502594],[-48.736806906372145,-26.935375595820478],[-48.73688856213455,-26.935391135858467],[-48.73698348929748,-26.935422513800038],[-48.73709758973313,-26.93547086122393],[-48.73723676547091,-26.9355373033699],[-48.7374069174506,-26.93562297174427],[-48.73766635892713,-26.93574697332334],[-48.73789468532538,-26.935834676127875],[-48.73809844835892,-26.935885057303377],[-48.73828419979947,-26.935897093945048],[-48.73845849041327,-26.935869764894594],[-48.73862787204228,-26.935802046267117],[-48.738798894453566,-26.93569291681816],[-48.7389781114628,-26.935541352626615],[-48.739172072749,-26.9353463323749],[-48.73925877247959,-26.935256494230728],[-48.73934719986254,-26.935170491155496],[-48.73943657941564,-26.93508893882331],[-48.7395261387347,-26.935012450252362],[-48.739615103388545,-26.93494163933304],[-48.73970269992016,-26.93487712177837],[-48.739788152898676,-26.934819511466852],[-48.73987068993342,-26.934769421425262],[-48.7399495375752,-26.934727467372454],[-48.74005345135882,-26.934677772984507],[-48.74014528965228,-26.93463818020553],[-48.74023137327147,-26.934607644215514],[-48.74031802300124,-26.934585121078655],[-48.740411558647985,-26.93456956502236],[-48.74051830301574,-26.934559931206778],[-48.74064457587007,-26.934555175623647],[-48.740796699008825,-26.93455425336551],[-48.740980992237105,-26.93455611855091],[-48.74133010918179,-26.934548123123538],[-48.741686119677546,-26.934516910631167],[-48.742036278930634,-26.934465902136974],[-48.7423678431923,-26.93439851975233],[-48.74266806675704,-26.93431818657851],[-48.74292420707825,-26.934228323156578],[-48.743123518643294,-26.93413235184769],[-48.743253257014956,-26.934033695949214],[-48.743300678893604,-26.933935776028274],[-48.74329636622947,-26.933849438910926],[-48.74327794004085,-26.933776469626213],[-48.74324302664295,-26.933715581198317],[-48.74318925741593,-26.9336654849196],[-48.743114257697066,-26.933624891974937],[-48.74301565781722,-26.933592515419715],[-48.74289108616392,-26.933567064650568],[-48.742738169039306,-26.933547252618368],[-48.742554536791296,-26.933531791409827],[-48.74242448392672,-26.93352180988211],[-48.74231277667205,-26.933511186936],[-48.74221830754705,-26.933499666640643],[-48.74213996608915,-26.933486991203022],[-48.7420766437778,-26.93347290646272],[-48.742027232165,-26.93345715464362],[-48.74199062075399,-26.933439479735807],[-48.741965702049725,-26.933419626675015],[-48.74195136658006,-26.93339733855647],[-48.74193914865263,-26.933363069092138],[-48.74193106660912,-26.933332451277902],[-48.741929898356105,-26.933298107821056],[-48.74196080177214,-26.933272990053517],[-48.74198992829012,-26.933258321299476],[-48.742027496513415,-26.93323964722422],[-48.742072428852175,-26.93321748572496],[-48.7421236467282,-26.93319235378069],[-48.74218007355911,-26.93316476930554],[-48.742240631757234,-26.933135250198617],[-48.74230424271202,-26.933104315246677],[-48.7424693497804,-26.933015431149496],[-48.74265823614518,-26.932899314164967],[-48.742860809369844,-26.93276362695047],[-48.74306697506699,-26.932616033090227],[-48.74326663700846,-26.93246419259198],[-48.74344970198491,-26.93231577098861],[-48.743606074946115,-26.93217843022721],[-48.74372566293495,-26.93205983232534],[-48.74379837099149,-26.931967641085798],[-48.74381767394978,-26.931929873549418],[-48.7438360430519,-26.93188252236739],[-48.74385316753388,-26.931827086957906],[-48.74386873765832,-26.93176506585334],[-48.74388244367207,-26.93169795848849],[-48.74389397481763,-26.931627264282277],[-48.74390302237057,-26.931554481783802],[-48.74390927658386,-26.931481110428397],[-48.743912425716985,-26.931408648717003],[-48.74390892372139,-26.93123923210523],[-48.743888045400205,-26.93109658950203],[-48.743845764177074,-26.930977297572845],[-48.74377805447706,-26.930877932985023],[-48.743680891744994,-26.93079507149907],[-48.74355024836843,-26.93072529060314],[-48.74338210080033,-26.930665166008314],[-48.7431724224494,-26.930611275135007],[-48.742917186781646,-26.930560193541805],[-48.74271701751134,-26.9305211569129],[-48.74255038956039,-26.930482033179306],[-48.7424150935116,-26.930441528178],[-48.742308921880884,-26.93039835225908],[-48.74222966625606,-26.930351212122535],[-48.74217511715015,-26.93029881803967],[-48.74214306716229,-26.93023987668812],[-48.742131306842005,-26.930173096503967],[-48.74213762772528,-26.930097186831183],[-48.74215459635583,-26.93004767825917],[-48.74218548110614,-26.930008841913587],[-48.74223011239462,-26.929980699437216],[-48.74228831962334,-26.929963273355522],[-48.74235993223815,-26.92995658438636],[-48.74244477965685,-26.92996065504886],[-48.74254269338969,-26.929975504282798],[-48.74265350182707,-26.930001156389842],[-48.74277703446316,-26.930037631174336],[-48.742849880160904,-26.930059722849098],[-48.74292082773929,-26.930077683372698],[-48.74299070620732,-26.930091593695554],[-48.74306034053105,-26.930101535604194],[-48.74313055871465,-26.930107590029678],[-48.743202188798655,-26.930109836097092],[-48.7432760567389,-26.930108356506242],[-48.74335299156447,-26.93010323129698],[-48.74343381926667,-26.930094541360923],[-48.7435704135667,-26.930080863933604],[-48.743689076143426,-26.930076348239464],[-48.743791801098375,-26.9300817247177],[-48.743880585619756,-26.930097720235047],[-48.743957425885114,-26.930125061632197],[-48.744024318014894,-26.930164478448294],[-48.74408325717492,-26.930216697493538],[-48.7441362405255,-26.930282446507395],[-48.744185263197124,-26.93036245409534],[-48.74424827614855,-26.930462779406028],[-48.74435321570296,-26.93061429172987],[-48.74448926087524,-26.930802667500032],[-48.74464558659427,-26.931013583097684],[-48.74481136968256,-26.931232714965088],[-48.74497578580382,-26.931445739566986],[-48.74512801146966,-26.931638333425454],[-48.745257222064936,-26.931796172181503],[-48.74535259385387,-26.931904933322713],[-48.74540401458783,-26.931954258462333],[-48.74546454774421,-26.93200092891676],[-48.745537351927695,-26.932046355154178],[-48.74562558370222,-26.932091949406104],[-48.74573240066631,-26.93213912300621],[-48.7458609604671,-26.932189285468304],[-48.74601441972553,-26.932243848074744],[-48.74619593605369,-26.932304223903415],[-48.74640866717902,-26.93237182149099],[-48.74650285701062,-26.932401723787155],[-48.74659346750831,-26.93243157786661],[-48.74667882448595,-26.93246076588453],[-48.74675725781572,-26.932488668259527],[-48.74682709535356,-26.93251466538063],[-48.746886662886105,-26.93253814031307],[-48.74693429029634,-26.93255847257842],[-48.74697766768675,-26.93258114108178],[-48.74702321687841,-26.932652679643844],[-48.74700260512229,-26.932723911399346],[-48.746933175020445,-26.93279722958035],[-48.74682290691133,-26.932868930670175],[-48.746679780146074,-26.93293531202497],[-48.746511776133815,-26.932992671041198],[-48.746326873365895,-26.93303730238534],[-48.7461330512964,-26.933065505287217],[-48.745938291521114,-26.933073574541343],[-48.74577722849999,-26.933081013367442],[-48.745645610566626,-26.933110431677374],[-48.74554260548804,-26.93316362657057],[-48.74546738111276,-26.93324239242114],[-48.74541910431252,-26.93334852357016],[-48.74539694297936,-26.933483815261646],[-48.74540006503875,-26.933650062725984],[-48.745427637480255,-26.93384905936105],[-48.745478828264105,-26.934082602178847],[-48.74553143529183,-26.934282824685553],[-48.74558116998213,-26.934443923246047],[-48.745632020726845,-26.934570136356445],[-48.74568797594014,-26.934665702507846],[-48.74575302403117,-26.934734861087165],[-48.74583115442211,-26.9347818514887],[-48.74592635456105,-26.93481091125837],[-48.74604261286923,-26.93482627974625],[-48.746183918779515,-26.934832196297155],[-48.74630743948264,-26.934831932805597],[-48.746412665196196,-26.934824035442283],[-48.746505989042966,-26.934804629277075],[-48.74659380318441,-26.934769836635283],[-48.74668250172734,-26.93471578256243],[-48.74677847875512,-26.93463859208603],[-48.746888126336735,-26.934534388376306],[-48.74701783950547,-26.93439929462495],[-48.74717401115022,-26.934229436662005],[-48.74722806178819,-26.934172550121698],[-48.74728454219657,-26.934117726567166],[-48.74734211325261,-26.934065978820957],[-48.747399436862764,-26.934018318822044],[-48.74745517186431,-26.933975761170068],[-48.74750798017156,-26.933939317808747],[-48.747556521688466,-26.933910000651714],[-48.74759945725541,-26.933888825238935],[-48.747635447820585,-26.93387680169846],[-48.74773883041725,-26.933850801324528],[-48.747844435444506,-26.933817286428024],[-48.74795064293068,-26.933777063200793],[-48.74805583186622,-26.93373093962805],[-48.74815838126492,-26.933679722798015],[-48.748256672159805,-26.933624219836123],[-48.748349081546436,-26.933565238710287],[-48.74843399151371,-26.933503584766402],[-48.74850978104818,-26.933440067816278],[-48.74856559767542,-26.933391745212084],[-48.748618936695316,-26.93335171810544],[-48.74867283821704,-26.933319003517198],[-48.748730337347524,-26.93329261657855],[-48.74879447222751,-26.93327157156121],[-48.74886828094149,-26.933254885436977],[-48.748954799595026,-26.93324157333304],[-48.74905706831834,-26.933230650430282],[-48.74917812220742,-26.933221131815582],[-48.7492700050738,-26.93321295254061],[-48.74937341684708,-26.93320069576752],[-48.749485476881105,-26.933184869616813],[-48.749603309635205,-26.9331659786878],[-48.749724035508905,-26.93314452932873],[-48.7498447779244,-26.933121027945763],[-48.74996265730588,-26.933095980004783],[-48.75007479605885,-26.933069892817958],[-48.750178315658275,-26.933043270081647],[-48.750714682343805,-26.93289759542991],[-48.7507684152463,-26.932577341570212],[-48.75077947307668,-26.93251785748599],[-48.75079233685223,-26.932457831844815],[-48.75080663171673,-26.932398548277256],[-48.75082198578142,-26.932341293168832],[-48.75083802521786,-26.93228734926456],[-48.750854376109835,-26.932238003820547],[-48.750870665620845,-26.93219454050059],[-48.75088651989135,-26.932158243854843],[-48.75090156605161,-26.932130399351973],[-48.750934941365436,-26.93205570102489],[-48.75095775851341,-26.931958748559925],[-48.750970227849166,-26.93184350348488],[-48.75097255871435,-26.93171392821208],[-48.75096496146595,-26.93157398516829],[-48.75094764445345,-26.93142763674665],[-48.750920818023545,-26.931278846272882],[-48.75088469158683,-26.93113157344636],[-48.75083947544849,-26.93098978339374],[-48.75081649252685,-26.93092443564513],[-48.75079561365645,-26.93086214466735],[-48.75077714811397,-26.930804017290534],[-48.75076140616398,-26.930751161263032],[-48.750748698088586,-26.93070468343098],[-48.75073933312752,-26.93066569242874],[-48.75073274660591,-26.930624947134934],[-48.750790781818395,-26.930600270742186],[-48.75091727417422,-26.930612545772018],[-48.75109779845747,-26.93063855833732],[-48.75131627841204,-26.930675328354162],[-48.75155663977399,-26.93071987582818],[-48.7518028051976,-26.930769221709436],[-48.75203870028087,-26.930820388003617],[-48.75224824861852,-26.930870393178314],[-48.752415375672996,-26.930916260326008],[-48.75263566409236,-26.93098582352581],[-48.75286128350523,-26.931062114295546],[-48.75308910538703,-26.93114387980482],[-48.75331600417752,-26.931229869094633],[-48.75353885332501,-26.931318829404457],[-48.753754525232004,-26.931409508878247],[-48.75395989330405,-26.931500654790945],[-48.754151830890486,-26.931591016237014],[-48.75432721238188,-26.93167933963311],[-48.75457769160556,-26.931821577977654],[-48.754848887652045,-26.93199591843504],[-48.755135849113756,-26.932198348290516],[-48.75540124275587,-26.932396971676692],[-48.75543362447858,-26.932424857566648],[-48.7557372622036,-26.93267143451629],[-48.75597559415821,-26.93287603829848],[-48.75604181064922,-26.932934068331367],[-48.75634231808828,-26.933208748241412],[-48.75654859401986,-26.933408614133985],[-48.75663383374321,-26.933491461724426],[-48.75691140566415,-26.93377819988552],[-48.757100561502355,-26.93397452409442],[-48.7572271705686,-26.93412012365724],[-48.75750667619973,-26.93443344270935],[-48.75761181706115,-26.93455358886919],[-48.757752975971954,-26.93472222351799],[-48.75796912447238,-26.934990529828656],[-48.758062679286304,-26.935125632955856],[-48.75815817634772,-26.93524242715691],[-48.758323186360414,-26.93548197918503],[-48.758433466088796,-26.935670480100015],[-48.75846720831551,-26.93571325045741],[-48.75859329805146,-26.9359403073349],[-48.75870451051878,-26.936167212537548],[-48.758788458029464,-26.936355884080815],[-48.75885455971898,-26.93652210675377],[-48.75890384299548,-26.936673949532405],[-48.75893733632336,-26.936819480500237],[-48.75895606815106,-26.936966769539367],[-48.758961065964826,-26.93712388470617],[-48.75895335926274,-26.937298894084147],[-48.75893397548369,-26.937499867524505],[-48.758903943090544,-26.937734873085688],[-48.758887129049384,-26.937864056226744],[-48.75887029370625,-26.937963823420414],[-48.758843550397366,-26.938041042293943],[-48.75879701239564,-26.938102582267913],[-48.75872079090692,-26.938155314514486],[-48.75860500020755,-26.938206106606806],[-48.75843975347889,-26.938261828745087],[-48.7582151618462,-26.938329350098744],[-48.7579213393559,-26.938415539748],[-48.75782178915989,-26.938445282331777],[-48.757730106098066,-26.938473486690768],[-48.757647713624515,-26.938499660169597],[-48.75757603623745,-26.938523308326342],[-48.757516495398555,-26.938543937573954],[-48.75747051763851,-26.938561052600583],[-48.75750317362536,-26.93858124630622],[-48.757573761130644,-26.93857384945246],[-48.75766306023713,-26.93856364019471],[-48.75776855666703,-26.93855092506752],[-48.75788773720256,-26.938536007916213],[-48.75801808758408,-26.9385191943785],[-48.75815709459545,-26.938500788310044],[-48.75830224394417,-26.93848109716734],[-48.75844705245733,-26.938462090835365],[-48.75858508087536,-26.93844565780051],[-48.758713877909706,-26.938431975718245],[-48.75883099428519,-26.938421222283523],[-48.758933979683974,-26.938413576985248],[-48.759020383822744,-26.938409217511232],[-48.759087758411695,-26.93840832248412],[-48.759144631897385,-26.938414355699667],[-48.759169336334665,-26.938438739146893],[-48.75919200928202,-26.938483362218378],[-48.75922260169183,-26.938549105885002],[-48.75926008380809,-26.938633563171802],[-48.759303424762145,-26.938734332500903],[-48.7593515927842,-26.93884900686568],[-48.75940355906669,-26.9389751820147],[-48.75945829276515,-26.939110454567558],[-48.75951476308138,-26.939252418438354],[-48.759777539220515,-26.939923328452394],[-48.760007304295684,-26.940516777424012],[-48.76020457190262,-26.94103419320888],[-48.760369853763606,-26.941477003611773],[-48.76050366374719,-26.94184663645143],[-48.760606514841484,-26.942144519513352],[-48.760678922185484,-26.942372079696487],[-48.76072139799361,-26.942530744738413],[-48.76073445758917,-26.942621943312055],[-48.76073148869763,-26.942659097280625],[-48.76072431480513,-26.94269981686982],[-48.76071335077492,-26.942743032034382],[-48.76069901454424,-26.942787670070242],[-48.76068172097787,-26.942832660932],[-48.76066188697308,-26.942876933704078],[-48.76063992944652,-26.942919416568937],[-48.7606162652987,-26.942959038611487],[-48.7605913094009,-26.94299472978717],[-48.76054532364037,-26.943058523434438],[-48.76051265426833,-26.943113324373304],[-48.76049339343134,-26.943159566355],[-48.760487634258595,-26.943197684044712],[-48.760495469909124,-26.943228110299085],[-48.76051699350107,-26.94325127977473],[-48.76055229714113,-26.94326762710798],[-48.76060147399189,-26.943277584240185],[-48.760664617122934,-26.943281587619104],[-48.7606949067735,-26.943283236386247],[-48.7607316264654,-26.94328714322235],[-48.76077361065006,-26.943293079342236],[-48.7608196967096,-26.943300820520225],[-48.76086871905947,-26.94331013977731],[-48.760919514145556,-26.943320809265504],[-48.76097091835951,-26.943332603844983],[-48.76102176712106,-26.943345296557172],[-48.761070895830976,-26.943358661347293],[-48.76113714226182,-26.94337958794297],[-48.76119463753336,-26.9434024394966],[-48.76124491404711,-26.943428600350522],[-48.76128950728088,-26.943459452185202],[-48.76132995161924,-26.943496381173315],[-48.761367781520654,-26.94354076987676],[-48.76140453042214,-26.94359400174191],[-48.7614417327533,-26.94365746113178],[-48.761480923990966,-26.943732530619616],[-48.76152146055637,-26.943810708762086],[-48.76156058695058,-26.94387693762705],[-48.76160057898444,-26.94393319903914],[-48.76164371351803,-26.943981473032334],[-48.7616922673993,-26.944023740540175],[-48.7617485144436,-26.944061983347062],[-48.76181473354062,-26.944098181508505],[-48.761893199559985,-26.944134315010427],[-48.76198618933956,-26.944172366569653],[-48.762086085875204,-26.944214802624025],[-48.76217819169795,-26.944262638923217],[-48.76226889287898,-26.94432184189657],[-48.76236457559207,-26.944398374349515],[-48.76247162795722,-26.94449820451692],[-48.762596434211986,-26.944627296040405],[-48.76274538264409,-26.944791615308144],[-48.76292485966931,-26.94499712684019],[-48.76314125182664,-26.945249796016476],[-48.76330372190408,-26.94543683114374],[-48.7634949452047,-26.945650094555017],[-48.763709115079706,-26.945883503537235],[-48.763940424834985,-26.946130974493695],[-48.764183069707194,-26.946386423885325],[-48.76443124183483,-26.946643767253924],[-48.76467913422442,-26.9468969219955],[-48.764920941827455,-26.94713980376865],[-48.765150856476616,-26.947366328218013],[-48.765371985720314,-26.947582611874758],[-48.76558847062533,-26.94779644183621],[-48.76579607112137,-26.94800350938045],[-48.76599054810282,-26.948199504919796],[-48.76616766140513,-26.94838011886814],[-48.76632317080438,-26.948541042555156],[-48.76645283707352,-26.94867796643269],[-48.76655241996835,-26.948786580938982],[-48.76661767927227,-26.94886257560499],[-48.76667673968893,-26.948931466267545],[-48.76675795135394,-26.949019599838593],[-48.766858235630295,-26.949123928651726],[-48.766974517904366,-26.949241405104317],[-48.767103721554776,-26.949368980662886],[-48.76724276889866,-26.949503608588458],[-48.76738858427746,-26.949642240377838],[-48.767538090979826,-26.949781828423863],[-48.76768821224605,-26.949919326032514],[-48.76792899761216,-26.9501372646323],[-48.768121688841696,-26.95030860924285],[-48.7682765966962,-26.950440085032113],[-48.76840403515298,-26.95053841624141],[-48.76851431727219,-26.950610328849137],[-48.76861775524531,-26.95066254607406],[-48.768724663280864,-26.950701793843365],[-48.768845353651336,-26.950734796218445],[-48.768990139657106,-26.95076827814285],[-48.76908418304783,-26.950788522941846],[-48.76918594877667,-26.950808999061845],[-48.769292835182085,-26.95082927365668],[-48.769402243600865,-26.950848914836914],[-48.769511572398834,-26.95086748796645],[-48.76961821986675,-26.95088456202569],[-48.76971958639401,-26.95089970152361],[-48.769813070264696,-26.950912475455105],[-48.76989607182739,-26.950922450146106],[-48.77039582980438,-26.9509894047308],[-48.770842924551076,-26.951079771347516],[-48.77124345532314,-26.951196947218534],[-48.77160352342158,-26.9513443285759],[-48.771929230144075,-26.951525312452883],[-48.77222667581779,-26.95174329488009],[-48.772501961802725,-26.952001671833404],[-48.77276118845447,-26.952303841018225],[-48.77301045724175,-26.952653197399375],[-48.77311930294758,-26.952815913921764],[-48.773216494132754,-26.952953301922516],[-48.773308676291,-26.953071909050376],[-48.77340249799241,-26.9531782829861],[-48.77350460682934,-26.953278972281215],[-48.77362164945006,-26.95338052455132],[-48.77376027356026,-26.95348948740493],[-48.77392712692988,-26.953612408419723],[-48.77412885739643,-26.95375583603409],[-48.774375360883184,-26.95392471840182],[-48.774608184367125,-26.954072848917342],[-48.77483643897575,-26.954204300764513],[-48.77506923592202,-26.954323147071236],[-48.77531568647521,-26.954433461810943],[-48.775584902009626,-26.954539317089928],[-48.7758859949428,-26.95464478676024],[-48.776228074770984,-26.954753943632532],[-48.7766202550972,-26.95487086136882],[-48.77727033843565,-26.955060708706352],[-48.77801781586812,-26.95493248920392],[-48.778158837197964,-26.954908845407548],[-48.778306105694384,-26.954885487629202],[-48.778456138091755,-26.95486286994883],[-48.77860545215309,-26.954841445574875],[-48.7787505666167,-26.95482166955098],[-48.77888799824626,-26.95480399509908],[-48.779014265803966,-26.954788876387877],[-48.77912588604036,-26.954776767564812],[-48.77921937673108,-26.954768121898177],[-48.77930953021909,-26.95475900395607],[-48.77941103121356,-26.954745060534485],[-48.77952104640696,-26.954726878706584],[-48.779636744506554,-26.95470504558428],[-48.77975529222642,-26.954680147354114],[-48.77987385628419,-26.954652770212054],[-48.77998960541539,-26.954623500395606],[-48.78009970631147,-26.954592925924484],[-48.780201326728864,-26.954561632136357],[-48.78033523441272,-26.954519702102065],[-48.780457342193976,-26.95448507300038],[-48.78057136688492,-26.954457193311526],[-48.780681022339884,-26.95443550784487],[-48.78079002539202,-26.954419463248932],[-48.78090208985014,-26.954408506112777],[-48.78102093254102,-26.954402083060785],[-48.78115026829475,-26.954399639770166],[-48.78129381293083,-26.954400622820483],[-48.78143053280102,-26.954401346711258],[-48.781557762465965,-26.95439861270044],[-48.781677871409386,-26.9543921178681],[-48.781793233089324,-26.954381562054742],[-48.781906215982794,-26.95436664230657],[-48.78201919356397,-26.954347057545434],[-48.78213453632001,-26.95432250483346],[-48.782254616713,-26.95429268306074],[-48.78238180419821,-26.954257290158946],[-48.78252458716286,-26.954216637406084],[-48.7826504305723,-26.954184407007098],[-48.782765823910715,-26.954159982708976],[-48.78287725668578,-26.954142746428566],[-48.782991218380225,-26.954132080962886],[-48.783114198473356,-26.95412736908736],[-48.783252686462376,-26.954127992651276],[-48.78341317285434,-26.95413333349033],[-48.783602146113246,-26.954142775174923],[-48.78380088171234,-26.95415458832799],[-48.78396962027433,-26.954168250833753],[-48.78411878490324,-26.95418627935214],[-48.78425879568525,-26.954211191342743],[-48.784400074758715,-26.954245503350318],[-48.78455304326503,-26.954291732764986],[-48.78472812240198,-26.954352396029584],[-48.784935733422834,-26.954430009530164],[-48.785186299653894,-26.954527090510915],[-48.785424360039265,-26.954621371906786],[-48.78562526875471,-26.95470456287555],[-48.78579651808368,-26.954780839630647],[-48.78594559943696,-26.954854374705643],[-48.7860800062533,-26.9549293424279],[-48.78620722901074,-26.95500991614234],[-48.78633476121185,-26.955100271018445],[-48.786470094441704,-26.95520457946242],[-48.78662072132673,-26.955327014771612],[-48.78684687765224,-26.95553259399834],[-48.787109699060515,-26.95580917686274],[-48.78742307405376,-26.956175044923654],[-48.78780089572997,-26.956648479663194],[-48.788257055966014,-26.957247761443735],[-48.78880544766342,-26.957991170384155],[-48.789459967020285,-26.958896988126945],[-48.790234508922865,-26.959983493167755],[-48.7911429732795,-26.96126896536923],[-48.79290601166964,-26.963770309596214],[-48.794256793934274,-26.964388226956004],[-48.7948390934969,-26.964659819434594],[-48.795472946025384,-26.964965491774162],[-48.796142319076395,-26.96529694261179],[-48.796831178951976,-26.9656458663075],[-48.79752349248549,-26.96600396202607],[-48.79820322515846,-26.966362925597483],[-48.798854340992115,-26.966714454924727],[-48.79946080664886,-26.96705024731788],[-48.8000065863911,-26.96736200208277],[-48.80021387860083,-26.96748278618217],[-48.80041533035085,-26.967600008846837],[-48.800607092871424,-26.96771145674513],[-48.8007853153502,-26.967814916531864],[-48.800946148929675,-26.96790817671257],[-48.80108574279104,-26.96798902216356],[-48.801200249056244,-26.968055241423325],[-48.80128581587191,-26.968104620261172],[-48.801338595387755,-26.968134946307316],[-48.80139746541003,-26.968165426912204],[-48.80145975103997,-26.968187447780874],[-48.801536839932524,-26.96820052142936],[-48.801640120802816,-26.96820415765458],[-48.801780982340205,-26.9681978671102],[-48.80197081219222,-26.968181161264553],[-48.80222100004583,-26.968153548803112],[-48.80254293447416,-26.968114541851786],[-48.8029480030668,-26.968063648705165],[-48.803470597705235,-26.968002856731292],[-48.80408666189025,-26.967939671054413],[-48.80475551573849,-26.96787728598039],[-48.80543648248261,-26.9678188974454],[-48.806088882493555,-26.96776769940683],[-48.806672038206635,-26.96772688840754],[-48.80714527210789,-26.967699661595976],[-48.807467904653556,-26.967689217334172],[-48.80759925731464,-26.967698750351957],[-48.807610886430766,-26.96773523409091],[-48.80763262364403,-26.967829420289274],[-48.80766338546711,-26.967975736471466],[-48.8077020904207,-26.96816861109472],[-48.80774765505125,-26.968402470780248],[-48.807798996875434,-26.968671743969487],[-48.807855033420395,-26.968970858202177],[-48.807914680170306,-26.969294241889763],[-48.8079768566742,-26.969636320800788],[-48.8080432983787,-26.970003802021342],[-48.80811522129338,-26.97040083236512],[-48.80819078043426,-26.970817266420564],[-48.80826812982383,-26.971242956056447],[-48.808345423389206,-26.971667755851076],[-48.80842081404144,-26.972081518565542],[-48.80849245664532,-26.97247409789742],[-48.80855850401319,-26.97283534751551],[-48.80861710993256,-26.973155121106437],[-48.80891378832207,-26.974768726876736],[-48.80984012039656,-26.975556425408],[-48.81076646544424,-26.976344117639],[-48.812974246663074,-26.97662436182608],[-48.81361905956909,-26.976705767963644],[-48.81412745229344,-26.976768555900495],[-48.81451873155244,-26.976814084253796],[-48.814812201265035,-26.976843710159898],[-48.81502716652865,-26.97685878948174],[-48.81518293350386,-26.976860680536333],[-48.81529880545231,-26.97685073871162],[-48.81539409069036,-26.97683032026642],[-48.81548809148677,-26.97680078219891],[-48.81556357511693,-26.976775076785778],[-48.81567446684278,-26.976736665611167],[-48.81581624315242,-26.976687155263942],[-48.815984375477875,-26.976628153152642],[-48.81617433931763,-26.976561264949098],[-48.81638160910373,-26.97648809993173],[-48.81660165733934,-26.976410263758982],[-48.816829958508805,-26.976329364852283],[-48.81706198717093,-26.97624700895517],[-48.81741886903839,-26.976119287067444],[-48.81770782353443,-26.976013168844762],[-48.8179401516958,-26.975923212727622],[-48.81812715146106,-26.975843974241478],[-48.81828012466761,-26.97577001066031],[-48.81841036808369,-26.97569587729082],[-48.818529183422925,-26.975616131261106],[-48.81864786934515,-26.975525328703174],[-48.818777725460535,-26.97541802572187],[-48.81890761873822,-26.975307737795873],[-48.819009165377196,-26.97521861624428],[-48.81908543743106,-26.97514591744165],[-48.81913950892136,-26.97508489776925],[-48.81917445480964,-26.975030815409863],[-48.81919334706776,-26.974978925779805],[-48.81919925963424,-26.974924486122134],[-48.819195266440886,-26.974862753674653],[-48.81918444145067,-26.974788983868173],[-48.819175688100586,-26.974739941456093],[-48.81916434603138,-26.97468578345768],[-48.819150815250296,-26.97462796634101],[-48.81913549276034,-26.974567945625292],[-48.819118778584176,-26.97450717687648],[-48.81910107170138,-26.974447117449415],[-48.819082770135196,-26.974389221976942],[-48.819064272862,-26.974334947814167],[-48.81904597889141,-26.974285750511946],[-48.818920960622975,-26.973964394310272],[-48.81882353773042,-26.97370659781807],[-48.818750860645494,-26.97349934118471],[-48.8187000788936,-26.97332960543135],[-48.81866834309054,-26.973184371583187],[-48.818652804930856,-26.973050619769822],[-48.81865061409129,-26.972915331887744],[-48.81865892132052,-26.972765487137874],[-48.81867487731527,-26.972588067424844],[-48.818694233622644,-26.972329835839282],[-48.8186976358497,-26.97209774747116],[-48.81868330680746,-26.971885614522016],[-48.81864946924747,-26.971687251891918],[-48.818594343925795,-26.971496473537734],[-48.81851615468271,-26.97130709074463],[-48.8184131222737,-26.971112919248288],[-48.81828346957416,-26.970907771190586],[-48.81812541947652,-26.970685460499443],[-48.81770816446911,-26.970124406121553],[-48.81793782868262,-26.969754444956543],[-48.81802269409837,-26.96963489041654],[-48.81813789790156,-26.969496505178054],[-48.81827412471587,-26.969348094797027],[-48.818422060160096,-26.96919846938437],[-48.81857239105629,-26.969056433693492],[-48.8187158012132,-26.968930796987088],[-48.81884297957365,-26.96883036774625],[-48.81894460916395,-26.96876395078291],[-48.819011377954524,-26.968740356416813],[-48.81905357338213,-26.968747837538764],[-48.81908033493402,-26.968769300121988],[-48.81909135594282,-26.96880570959116],[-48.81908633281907,-26.968858027802867],[-48.8190649599106,-26.968927218380585],[-48.819026932538755,-26.969014245858688],[-48.81897194503474,-26.96912007294413],[-48.81889969271665,-26.969245662351558],[-48.81880987084573,-26.96939197859165],[-48.8184779275929,-26.969918637014377],[-48.818608976964065,-26.97009467098036],[-48.81868006403108,-26.97019272336211],[-48.8187711939393,-26.970321694295848],[-48.81887683696692,-26.97047349861941],[-48.81899145941528,-26.970640046606157],[-48.819109529442215,-26.97081325398654],[-48.81922551422315,-26.97098503197901],[-48.81933388283121,-26.971147294554665],[-48.819429101295555,-26.971291953846634],[-48.81950563856953,-26.97141092475127],[-48.81960448209864,-26.9715571182858],[-48.819714522251424,-26.971702629443595],[-48.81983130718888,-26.971843012318693],[-48.81995038704463,-26.971973821047246],[-48.8200673108702,-26.97209061156681],[-48.8201776287401,-26.97218893713658],[-48.8202768876448,-26.972264352785153],[-48.82036063960968,-26.972312412726364],[-48.820424432595125,-26.972328672922192],[-48.82045766238141,-26.972326048067917],[-48.820503314530136,-26.972319545167732],[-48.82055965522916,-26.9723095489233],[-48.82062495061333,-26.972296446742924],[-48.8206974648731,-26.972280622396227],[-48.82077546513349,-26.972262464212857],[-48.820857215569305,-26.97224235687008],[-48.820940983343085,-26.972220686899973],[-48.82102503263322,-26.972197838987668],[-48.821482693861,-26.972069859271468],[-48.82166290644811,-26.97144970711532],[-48.821712435761704,-26.97127597166038],[-48.82175063905065,-26.971134496119937],[-48.821778031983456,-26.971019636267876],[-48.82179513014923,-26.970925750579617],[-48.82180245019336,-26.970847193933214],[-48.82180050569208,-26.97077832296108],[-48.82178981325193,-26.970713493437664],[-48.82177088642112,-26.970647062893192],[-48.82174424281178,-26.970573387114502],[-48.82172166893856,-26.970507059028776],[-48.82170358005987,-26.970434775330972],[-48.82168985419848,-26.970354448513472],[-48.821680371285886,-26.970263996512468],[-48.82167500934225,-26.970161331819128],[-48.82167364931911,-26.97004437148173],[-48.821676169213475,-26.96991102889231],[-48.82168244696617,-26.969759220148816],[-48.82169236355126,-26.969586860492857],[-48.82173938842063,-26.96885502257233],[-48.82149277019696,-26.968757773554607],[-48.82138664588459,-26.968707433608355],[-48.821266962044476,-26.968636573726148],[-48.821140069027436,-26.9685504307574],[-48.82101232015258,-26.968454242519407],[-48.82089006668157,-26.968353246818616],[-48.820779657815805,-26.968252681449403],[-48.82068744675836,-26.96815778338167],[-48.82061978364007,-26.96807379044985],[-48.8205830205863,-26.968005940519873],[-48.82057797626467,-26.967977300035365],[-48.82057932128803,-26.967942294819345],[-48.820586882003596,-26.967901416743064],[-48.82060048480914,-26.967855154970177],[-48.82061995910454,-26.96780399961252],[-48.82064512920216,-26.967748443410002],[-48.820675823528326,-26.96768897465309],[-48.820711868425775,-26.967626085209492],[-48.820753091279016,-26.967560265157598],[-48.82079292438225,-26.96749767612789],[-48.820834491789256,-26.967429701747914],[-48.82087681306614,-26.967358090295807],[-48.82091890669028,-26.967284594546676],[-48.82095979326248,-26.9672109618951],[-48.82099849227773,-26.96713894513482],[-48.82103402330555,-26.967070293452043],[-48.821065406891975,-26.967006757854133],[-48.82109166261433,-26.966950087529288],[-48.82112690112544,-26.966878731985844],[-48.8211691160705,-26.96680901217615],[-48.821219963434864,-26.966739244402206],[-48.821281102252286,-26.966667743204084],[-48.82135419252028,-26.966592824936313],[-48.821440891222665,-26.96651280499761],[-48.82154285836839,-26.966425997922606],[-48.82166175089525,-26.96633071999315],[-48.82179922976661,-26.96622528663853],[-48.822190634651484,-26.965937789974895],[-48.8225422553492,-26.965697919426695],[-48.822858932657276,-26.96550365274502],[-48.82314550622065,-26.965352967583538],[-48.82340681657016,-26.96524384154222],[-48.82364770412125,-26.965174253065296],[-48.8238730072511,-26.96514217781036],[-48.82408756825546,-26.96514559416246],[-48.82429622536391,-26.965182480408753],[-48.82447770296291,-26.965229015779077],[-48.82461747825034,-26.96527741526726],[-48.82472066587241,-26.965346579117213],[-48.82479238346191,-26.96545541208662],[-48.8248377466774,-26.965622817062663],[-48.824861874187185,-26.96586769604973],[-48.82486988056842,-26.966208951871465],[-48.824866884341525,-26.966665489202395],[-48.82485800004822,-26.967256208131914],[-48.824851173858626,-26.967733296182104],[-48.824847408772285,-26.96811783269175],[-48.824847243722935,-26.968420717097796],[-48.8248512226807,-26.9686528471051],[-48.824859884519306,-26.968825122140686],[-48.82487377012216,-26.968948440756815],[-48.824893421347014,-26.969033702420536],[-48.82491938009466,-26.96909180388994],[-48.82495218517348,-26.969133645483492],[-48.8249898121087,-26.96916834346857],[-48.82503285425824,-26.96919573462526],[-48.82508901167436,-26.969216554172384],[-48.82516598545525,-26.969231535525203],[-48.82527147567682,-26.969241412961352],[-48.82541318140893,-26.96924692070515],[-48.82559880477793,-26.96924879116753],[-48.82583604381581,-26.969247760228615],[-48.8261325986431,-26.969244560087226],[-48.826437683581965,-26.969240098355513],[-48.8266835806808,-26.969234449774298],[-48.82688152330775,-26.969226093015973],[-48.8270427428526,-26.969213504796276],[-48.82717847374364,-26.969195160888045],[-48.82729994735173,-26.969169538759395],[-48.82741839705421,-26.96913511586262],[-48.82754505623119,-26.96909036870732],[-48.8276911572314,-26.96903377374445],[-48.82819067173602,-26.968836149345425],[-48.828660251286486,-26.967789252994102],[-48.82875586500661,-26.967579884287563],[-48.82885062452379,-26.967380107425267],[-48.82894352933237,-26.96719178054629],[-48.82903357487693,-26.967016763535565],[-48.82911975860926,-26.966856917214383],[-48.829201079031456,-26.96671410061794],[-48.829276532638346,-26.96659017275261],[-48.82934511691808,-26.966486993544308],[-48.82940582935965,-26.966406422919956],[-48.829531388646785,-26.966264438111843],[-48.82966391780441,-26.96613440013741],[-48.82980124306701,-26.966017637349374],[-48.82994118964624,-26.96591547989837],[-48.83008158280461,-26.96582925613999],[-48.830220247800696,-26.965760295341486],[-48.83035500889611,-26.965709926763687],[-48.83048369438605,-26.96567947973785],[-48.83060412654335,-26.96567028260738],[-48.830684498012396,-26.96567601942715],[-48.83076251642041,-26.965689916312392],[-48.83083625891579,-26.96571093109136],[-48.83090380165144,-26.965738020678007],[-48.8309632227357,-26.965770144726523],[-48.83101259834301,-26.965806258350717],[-48.83105000655142,-26.965845322109093],[-48.83107352348855,-26.965886292919237],[-48.83108122628389,-26.96592812771151],[-48.8310831738751,-26.96595221059121],[-48.8310892954452,-26.965983743602784],[-48.83110175273843,-26.9660284898603],[-48.83111449832033,-26.96606471121057],[-48.83112060218629,-26.966104630699306],[-48.83110884872621,-26.966138928193512],[-48.8310915912447,-26.966163386978156],[-48.831067407503525,-26.966188889835564],[-48.8310364075168,-26.9662153193275],[-48.830998702409225,-26.966242552617054],[-48.83095440422598,-26.96627047139304],[-48.83090362404002,-26.966298955523545],[-48.830651507038866,-26.966433254846713],[-48.8306360033921,-26.967038328637454],[-48.83063240909736,-26.96715100030484],[-48.830627341309864,-26.96726498315529],[-48.830620990971696,-26.967377829893938],[-48.83061354998194,-26.967487095948247],[-48.830605211248816,-26.967590336761468],[-48.83059616671058,-26.967685105957095],[-48.83058660829035,-26.967768958061185],[-48.83057672688912,-26.967839448486604],[-48.8305667164303,-26.967894132692997],[-48.83055722892781,-26.967942133058337],[-48.83054884818285,-26.967993818137884],[-48.83054168512386,-26.968047867506126],[-48.83053584663525,-26.968102961577802],[-48.830531441616024,-26.968157780798776],[-48.83052857696931,-26.968211004681667],[-48.83052331767047,-26.96827113809033],[-48.83052790441108,-26.968307387314464],[-48.830530312303495,-26.968347906022835],[-48.83053120947327,-26.968374709951824],[-48.830558460339766,-26.96845523897543],[-48.83059580581076,-26.968517413518253],[-48.8306623749075,-26.968586857927374],[-48.83073769897979,-26.96864294318518],[-48.830837946279786,-26.968696248820972],[-48.83097440439642,-26.96874757211909],[-48.83101801137348,-26.968764171119066],[-48.83125231652798,-26.968817440422498],[-48.8312999829194,-26.968823618596517],[-48.83153913526617,-26.968856010943234],[-48.83171458544648,-26.968871090637183],[-48.831876742128536,-26.968879834153398],[-48.832218360738025,-26.968889996051065],[-48.83226341156404,-26.968888864189488],[-48.8326974179836,-26.96888305515196],[-48.83281145743071,-26.968880342468463],[-48.83317703475482,-26.968862361095823],[-48.83349402506127,-26.968842136452306],[-48.83370053626921,-26.968826733360736],[-48.83426621300766,-26.96877538618837],[-48.83565811531863,-26.968637297689188],[-48.83632881698451,-26.968263326592595],[-48.836458089090826,-26.968192857191287],[-48.836597435072576,-26.9681197003852],[-48.83674331843672,-26.9680455517734],[-48.83689220668285,-26.96797210973783],[-48.83704056333468,-26.96790107080983],[-48.837184853946795,-26.967834131567603],[-48.837321544072104,-26.967772989506884],[-48.837447099276815,-26.967719342137006],[-48.83755798414736,-26.96767488606075],[-48.838116452975264,-26.967460416868683],[-48.838463596065665,-26.967775341737106],[-48.83852653567826,-26.967833088541038],[-48.838587518379036,-26.967890518318217],[-48.83864539739614,-26.967946448379003],[-48.838699027967124,-26.96799969606619],[-48.838747263260096,-26.968049081399492],[-48.83878895951263,-26.96809342173917],[-48.838822971936125,-26.968131535332734],[-48.8388481527207,-26.968162240381297],[-48.8388633581022,-26.968184354244844],[-48.83887111782563,-26.96820902167314],[-48.83887432295708,-26.968246241386407],[-48.83887316347567,-26.968294609326918],[-48.83886783236158,-26.968352722384914],[-48.8388585206141,-26.968419175614894],[-48.83884541919712,-26.96849256587546],[-48.838828720081295,-26.968571490040368],[-48.83880861327554,-26.968654542245773],[-48.83878529073469,-26.968740320267447],[-48.83874737132523,-26.96887436664266],[-48.838718816108646,-26.968984195889387],[-48.838699562639036,-26.96907624356589],[-48.83868955041592,-26.969156947964816],[-48.838688718962636,-26.969232745571567],[-48.8386970047939,-26.969310071920713],[-48.83871434840068,-26.969395365313336],[-48.83874068829971,-26.969495062213525],[-48.83877596201056,-26.96961559906852],[-48.83889895591502,-26.970029767294186],[-48.83870466154054,-26.97016353368308],[-48.83865067381343,-26.970199743594563],[-48.83860434600863,-26.97022756777223],[-48.83856325045442,-26.97024728485962],[-48.83852496454359,-26.970259171769104],[-48.83848706059698,-26.970263507137137],[-48.83844711499648,-26.97026056785472],[-48.838402701103604,-26.970250630763708],[-48.83835139325428,-26.97023397452259],[-48.83829076682921,-26.970210875996663],[-48.83812747706208,-26.97015311849172],[-48.83793442080718,-26.970095062075128],[-48.83772252416964,-26.970038986076062],[-48.83750271124879,-26.969987167138225],[-48.83728590708957,-26.96994188288548],[-48.83708303770429,-26.96990541102188],[-48.83690502706119,-26.969880029279125],[-48.836762802133684,-26.96986801547961],[-48.83666728687832,-26.96987164742126],[-48.83662576545391,-26.96988160066438],[-48.83657680469563,-26.969897402390664],[-48.83652190853399,-26.96991835910893],[-48.836462579927556,-26.96994377550959],[-48.836400319805236,-26.96997295715645],[-48.83633663211889,-26.970005209662222],[-48.83627301780233,-26.9700398385961],[-48.83621098182032,-26.970076149591954],[-48.83615202511329,-26.970113448224694],[-48.83584066823216,-26.970318580836192],[-48.83543606433207,-26.97019142266269],[-48.835229238378716,-26.97013092016293],[-48.83504961399133,-26.97008945072838],[-48.83489123011218,-26.970067973365424],[-48.83474812676763,-26.970067444352015],[-48.8346143439824,-26.97008882083833],[-48.834483920744525,-26.97013306173797],[-48.83435089711118,-26.97020112234756],[-48.834209312044244,-26.97029396153312],[-48.83405320652152,-26.97041253635973],[-48.834004242806074,-26.970454191393355],[-48.83396298857137,-26.970496149009175],[-48.83392842178925,-26.970540813959406],[-48.83389952435155,-26.970590596469084],[-48.83387527319874,-26.970647902172974],[-48.833854649227156,-26.970715140375077],[-48.83383663239247,-26.970794716753918],[-48.83382020058133,-26.970889039662666],[-48.8338043347141,-26.97100051659775],[-48.83374765885218,-26.97143620424967],[-48.833495806400045,-26.971392911315633],[-48.83344021157672,-26.971383330522627],[-48.833367328001316,-26.971371156404327],[-48.83327975145099,-26.971356802471878],[-48.833180077736664,-26.971340680433244],[-48.833070900601726,-26.971323204675677],[-48.832954815800626,-26.971304789623005],[-48.83283441812924,-26.971285846983992],[-48.8327123033174,-26.97126679209984],[-48.83259106715992,-26.97124803671146],[-48.831937354849536,-26.97114643980395],[-48.83162863767107,-26.97130202457014],[-48.83157317831986,-26.971330687723878],[-48.831520874297254,-26.9713589454602],[-48.83147262055106,-26.97138624479682],[-48.8314293109892,-26.971412034541398],[-48.831391842558965,-26.971435762646607],[-48.83136110715666,-26.971456877890212],[-48.831330711995044,-26.971481944004775],[-48.831323194776616,-26.97151800422913],[-48.83133769868959,-26.971558683801184],[-48.83136086991229,-26.97161885314213],[-48.8313918100172,-26.971696305396524],[-48.831429616569075,-26.971788832744235],[-48.83147339112597,-26.97189422923149],[-48.83152223225775,-26.972010287053727],[-48.831575239520035,-26.972134799324625],[-48.83163151350458,-26.97226555736955],[-48.83173923002527,-26.972502956094992],[-48.8318574483429,-26.97274346112251],[-48.83198419497841,-26.972983780504038],[-48.83211749739582,-26.973220624115335],[-48.83225538200354,-26.973450702723596],[-48.8323958762193,-26.97367072531262],[-48.83253700640459,-26.973877401758926],[-48.83267680093862,-26.974067440171854],[-48.83281328608926,-26.974237552244944],[-48.83289475477659,-26.974343339457178],[-48.832977032574675,-26.974466733824162],[-48.83305729851912,-26.97460188179714],[-48.83313273569575,-26.97474292718756],[-48.83320052417453,-26.974884011960242],[-48.83325784695039,-26.975019281738405],[-48.83330188298631,-26.97514288118281],[-48.83332981631872,-26.97524895232465],[-48.833338825877796,-26.97533164072394],[-48.83331320772658,-26.975440674337733],[-48.833247162858974,-26.975518686261204],[-48.83314936472532,-26.975566364840724],[-48.83302848784973,-26.975584398439967],[-48.83289320476594,-26.975573476311236],[-48.83275219007284,-26.97553428596077],[-48.83261411832843,-26.975467516731648],[-48.83248766107658,-26.975373856148],[-48.832381493806714,-26.97525399362663],[-48.83235219881928,-26.97520993334374],[-48.83231900064532,-26.975155784654614],[-48.832282837269865,-26.975093323627288],[-48.83224464368902,-26.975024324479566],[-48.83220535687451,-26.97495056326536],[-48.83216591280419,-26.974873815121615],[-48.832127247433924,-26.974795856088353],[-48.832090297773654,-26.974718459515234],[-48.8320559987284,-26.97464340323269],[-48.83198849545424,-26.9744942469724],[-48.83192297839029,-26.974358558266754],[-48.8318564162714,-26.974231471235356],[-48.83178578292562,-26.974108118266265],[-48.831708049131706,-26.973983634402483],[-48.831620184773726,-26.973853150154202],[-48.83151916268313,-26.973711801483528],[-48.83140195277734,-26.973554720687286],[-48.83126552701759,-26.973377040982857],[-48.83120418041622,-26.9732958329929],[-48.83114129732259,-26.97320855832713],[-48.83107829500568,-26.973117420091132],[-48.831016590708174,-26.973024622294787],[-48.83095760168086,-26.97293236804778],[-48.83090274417603,-26.972842859543817],[-48.83085343640003,-26.97275830171586],[-48.83081109356632,-26.972680897646992],[-48.83077713492893,-26.972612849580685],[-48.83071804078959,-26.97249594600844],[-48.83065727879119,-26.972395325448403],[-48.83059304909367,-26.972309564054246],[-48.83052355285254,-26.972237238894117],[-48.830446990237995,-26.972176926114592],[-48.83036156043384,-26.972127200939756],[-48.830265463616215,-26.972086639505687],[-48.830156900953334,-26.972053818859152],[-48.83003407165428,-26.9720273133008],[-48.82998444399175,-26.972016301446853],[-48.829931355418445,-26.972000987407597],[-48.82987613905476,-26.971981972905713],[-48.8298201280713,-26.971959856958996],[-48.82976465761578,-26.971935240422713],[-48.82971106081958,-26.971908724123043],[-48.8296606708287,-26.971880907985813],[-48.82961482281767,-26.97185239106722],[-48.82957484990996,-26.971823774198075],[-48.829520325329604,-26.97178403936633],[-48.829464752298016,-26.97175044507961],[-48.82940508213895,-26.971722192612912],[-48.829338264149044,-26.97169848410725],[-48.82926124866987,-26.97167851990819],[-48.82917098802517,-26.97166150218842],[-48.82906442952441,-26.971646632129886],[-48.82893852652237,-26.97163311099357],[-48.82879022833364,-26.971620140862647],[-48.82863419648292,-26.97160891322871],[-48.82849770365542,-26.971602211009877],[-48.82837516826603,-26.971600533055653],[-48.82826100362972,-26.97160438172207],[-48.82814962615313,-26.971614255782324],[-48.82803545319658,-26.971630656713337],[-48.82791289912993,-26.97165408412246],[-48.827776381318714,-26.9716850385447],[-48.827620314113354,-26.971724019540567],[-48.82738520544208,-26.971789280301063],[-48.827177293747866,-26.971858526596172],[-48.82699304012834,-26.97193404049396],[-48.82682890469346,-26.97201810220975],[-48.8266813464979,-26.972112993720472],[-48.82654682560699,-26.972220996093736],[-48.82642180207134,-26.972344390378186],[-48.82630273689635,-26.9724854594261],[-48.826186088097266,-26.972646483321828],[-48.8259060376663,-26.97305856173444],[-48.82627611505888,-26.97374980936456],[-48.82638665113604,-26.9739553101945],[-48.82647855869267,-26.9741195438969],[-48.826559969454024,-26.97425161377748],[-48.826639011203355,-26.97436062306129],[-48.82672381381733,-26.974455674086165],[-48.82682250718933,-26.97454587097684],[-48.826943221266205,-26.974640317835064],[-48.82709408510849,-26.9747481160079],[-48.827283228828115,-26.974878369518485],[-48.827405869191935,-26.974962135099684],[-48.827538029467085,-26.975051768163112],[-48.82767636420855,-26.975145033111463],[-48.8278175259022,-26.975239696131613],[-48.82795816803587,-26.97533352253561],[-48.82809494306791,-26.9754242776321],[-48.82822450445933,-26.97550972585461],[-48.82834350461036,-26.97558763343607],[-48.828448596930045,-26.97565576573123],[-48.82897610646344,-26.97599583675336],[-48.82963198205128,-26.975909523444393],[-48.82975797900853,-26.97589351560315],[-48.82989352265148,-26.975877358663187],[-48.83003517953097,-26.97586140312977],[-48.83017951814521,-26.975846003160875],[-48.83032310400897,-26.975831511077477],[-48.830462503663746,-26.97581827832803],[-48.83059428464291,-26.975806657292186],[-48.83071501343988,-26.975797002150607],[-48.83082125762526,-26.975789663500304],[-48.8309729652813,-26.975780617696852],[-48.831094214310845,-26.975775190228724],[-48.83118947505848,-26.9757741647456],[-48.8312632178154,-26.975778327575345],[-48.831319913912566,-26.97578846323591],[-48.831364033655376,-26.97580535711725],[-48.83140004837307,-26.975829793712517],[-48.83143242837227,-26.97586255839507],[-48.83146564396361,-26.975904436533675],[-48.83148553945497,-26.97593149853035],[-48.83150425491226,-26.975958378113045],[-48.83152147662301,-26.975984520844296],[-48.831536889849964,-26.976009373173437],[-48.831550177841464,-26.976032381518916],[-48.831565072946674,-26.976061825809914],[-48.83157578137307,-26.976094920275912],[-48.83153418427766,-26.976141939165707],[-48.831420588876306,-26.976232649065356],[-48.8312504709097,-26.976356631505713],[-48.831039309218255,-26.976503464448502],[-48.83080258169184,-26.976662727696635],[-48.830555765357694,-26.97682400112984],[-48.8303143384024,-26.976976865659168],[-48.830093780203946,-26.97711090142502],[-48.829909567290414,-26.977215686816415],[-48.8297461974349,-26.977305943604183],[-48.829604636706065,-26.977388392163952],[-48.82948413134406,-26.977463630126923],[-48.82938392761139,-26.977532253306894],[-48.82930327476343,-26.9775948584545],[-48.82924141697671,-26.977652044036525],[-48.82919760453089,-26.977704404994395],[-48.829171081605075,-26.97775253887456],[-48.829159323024136,-26.9778072536714],[-48.8291490546434,-26.977842212708197],[-48.82913608985484,-26.9778705014956],[-48.82911913379876,-26.97790154000721],[-48.82909866402055,-26.97793453600322],[-48.82907515997635,-26.977968702688166],[-48.829049098223656,-26.978003246904688],[-48.8290209582556,-26.978037380053408],[-48.82899121758739,-26.978070311699785],[-48.828947011986024,-26.978118266022303],[-48.8289125152939,-26.978160043559434],[-48.82888723797075,-26.978197744062662],[-48.82887068746765,-26.978233466332213],[-48.82886237425342,-26.9782693092126],[-48.828861806746744,-26.978307373320053],[-48.82886849239368,-26.978349757449454],[-48.82888194266929,-26.978398560456707],[-48.82890166498797,-26.97845588293926],[-48.82895143886363,-26.97856289686576],[-48.82902877878419,-26.97868972527098],[-48.829128969254114,-26.978830883297476],[-48.82924729574721,-26.978980887005182],[-48.829379041722795,-26.979134250624202],[-48.829519491584335,-26.97928548931283],[-48.82966392968389,-26.979429118243054],[-48.829807639313685,-26.979559652587213],[-48.82994590571296,-26.979671608467317],[-48.83007304142468,-26.979763261206514],[-48.83020312877801,-26.979849084159493],[-48.83033752288217,-26.97992974436029],[-48.830477574789874,-26.980005910580118],[-48.83062463760843,-26.980078249811182],[-48.83078006545799,-26.98014742905482],[-48.830945210433384,-26.98021411617662],[-48.83112142565996,-26.98027897814759],[-48.83131006322817,-26.98034268371882],[-48.83144939692703,-26.980385291916992],[-48.8315698448924,-26.980415755252952],[-48.831675596550234,-26.980433701448927],[-48.83177084029782,-26.98043875999851],[-48.83185976452343,-26.980430561283498],[-48.83194655664642,-26.980408733853903],[-48.83203540509177,-26.980372906264392],[-48.8321304982432,-26.980322708862875],[-48.832236025496805,-26.980257771097857],[-48.832283878766404,-26.980230068435638],[-48.83234408585739,-26.980199935926056],[-48.83241461707168,-26.980168159972468],[-48.8324934466385,-26.980135532455183],[-48.83257854481481,-26.980102842488964],[-48.83266788389323,-26.98007087832144],[-48.832759436153694,-26.980040429107454],[-48.83285117283917,-26.980012285796043],[-48.8329410652315,-26.979987237537483],[-48.833256936067095,-26.979903895336655],[-48.83350322975105,-26.979836761419453],[-48.83368915780812,-26.979781338145713],[-48.83382393473493,-26.979733125976814],[-48.83391677490288,-26.979687628880765],[-48.833976891709746,-26.979640347130843],[-48.83401349847917,-26.979586783661922],[-48.834035808536214,-26.97952244048053],[-48.83405303520675,-26.97944281867708],[-48.83406798076797,-26.979338925701715],[-48.83407216589353,-26.979229900958824],[-48.83406527997955,-26.97911434444156],[-48.8340470114027,-26.978990857027377],[-48.83401704755634,-26.97885803867347],[-48.83397507785578,-26.978714489365228],[-48.83392078971207,-26.978558809054114],[-48.83385387153732,-26.978389598606256],[-48.83377401177418,-26.978205457982185],[-48.83373746375882,-26.978123600673502],[-48.83370306190282,-26.9780445000384],[-48.83367139043809,-26.977969627980876],[-48.833643029583456,-26.977900455441134],[-48.833618562576845,-26.977838453405962],[-48.833598570623835,-26.9777850937335],[-48.83358363697838,-26.97774184650835],[-48.833572807660865,-26.977700879781807],[-48.8335885303486,-26.97766501510476],[-48.83363446123775,-26.977636841040884],[-48.83370181533316,-26.977608860964242],[-48.83378334283615,-26.97758288205766],[-48.833871795957016,-26.977560712448593],[-48.83395992492103,-26.97754415934822],[-48.834040480969435,-26.9775350300016],[-48.83410621534772,-26.977535131669946],[-48.834149879298835,-26.977546271624245],[-48.83421149098661,-26.977570092032245],[-48.834318407356996,-26.977599486671433],[-48.834459068603245,-26.97763225982946],[-48.83462191394665,-26.977666213086447],[-48.834795385568626,-26.97769914991035],[-48.834967921574815,-26.977728874659743],[-48.83512796412102,-26.977753189102867],[-48.83526395226663,-26.977769897717288],[-48.83536432710727,-26.97777680324182],[-48.83546791544723,-26.977771853438693],[-48.83557126540791,-26.977754778678293],[-48.8356712299829,-26.97772722186847],[-48.8357646631822,-26.977690825941874],[-48.83584841704794,-26.97764723200418],[-48.83591934761123,-26.977598083936247],[-48.835974306923,-26.977545023756768],[-48.83601014805393,-26.97748969350082],[-48.836023726100066,-26.977433735231354],[-48.8360209404476,-26.977403804988167],[-48.83601197234929,-26.977364279377493],[-48.83599738991078,-26.977316580408637],[-48.83597776422518,-26.977262131941284],[-48.83595366343372,-26.97720235417962],[-48.83592565763906,-26.977138670065305],[-48.83589431593525,-26.97707250252459],[-48.835860209462766,-26.977005272710304],[-48.835823906303986,-26.97693840353365],[-48.83573910941274,-26.976782692925163],[-48.83567761387227,-26.976656471369132],[-48.8356401277139,-26.976556578449774],[-48.83562736106954,-26.97647985106597],[-48.835640024066535,-26.97642312790995],[-48.835678825850344,-26.97638324764598],[-48.83574447459599,-26.976357048006534],[-48.83583768151288,-26.976341366754664],[-48.83595915375477,-26.97633304337848],[-48.83629145777264,-26.976319170973472],[-48.836335578706,-26.976055702162736],[-48.83635600935824,-26.975966909398743],[-48.83638575289611,-26.975881818111482],[-48.836423393365685,-26.975802256639536],[-48.83646751279075,-26.975730054193374],[-48.836516696259615,-26.975667038226725],[-48.836569524789844,-26.97561503884002],[-48.83662458449384,-26.975575883506572],[-48.836680455431825,-26.975551400511662],[-48.83673572365951,-26.97554342094239],[-48.83678597154154,-26.975555883998968],[-48.83683342005663,-26.975590636868517],[-48.83687752008014,-26.97564621451996],[-48.83691772249705,-26.975721151019854],[-48.836953479122386,-26.975813984058906],[-48.83698424285618,-26.975923246831826],[-48.83700946348321,-26.97604747699751],[-48.83702859487705,-26.976185208667157],[-48.837041086840976,-26.97633497769362],[-48.837052989022965,-26.976490569499095],[-48.83707203675835,-26.97662620160764],[-48.837101130330495,-26.97674733613354],[-48.83714317206242,-26.976859434315752],[-48.83720106428869,-26.976967957387117],[-48.83727770734727,-26.97707836654072],[-48.83737600361581,-26.97719612298874],[-48.83749885549164,-26.977326688830203],[-48.837649162418934,-26.97747552519609],[-48.83798456570254,-26.977800621653916],[-48.837799792349074,-26.9780351813715],[-48.83773852642866,-26.978114403204586],[-48.83769098591233,-26.978180076412254],[-48.837656432850586,-26.978235080333366],[-48.83763412921141,-26.978282297910305],[-48.83762333900172,-26.978324610307492],[-48.837623323235874,-26.978364896834872],[-48.837633343863324,-26.978406040423994],[-48.83765266389188,-26.978450921313005],[-48.83768054530713,-26.978502420625386],[-48.83770591001247,-26.97857654983799],[-48.837713494589345,-26.978672775990894],[-48.837705058528165,-26.9787848403039],[-48.837682357234115,-26.978906486636006],[-48.83764714917311,-26.979031457085107],[-48.837601190776326,-26.97915349552179],[-48.837546240543666,-26.979266344044152],[-48.837484054968066,-26.97936374562404],[-48.83741639157584,-26.979439443252318],[-48.83733960522335,-26.97951776059798],[-48.83728427795147,-26.979594518400617],[-48.83725047472405,-26.979670167120425],[-48.837238261441804,-26.979745160832007],[-48.83724770409141,-26.97981994908896],[-48.83727886758404,-26.979894985028228],[-48.83733181889815,-26.97997071910098],[-48.83740662395574,-26.980047604439456],[-48.837503346702455,-26.980126092330394],[-48.83755609179952,-26.980163209603642],[-48.83761401199592,-26.980200879185276],[-48.83767558173039,-26.980238284374774],[-48.83773927441357,-26.980274609360496],[-48.83780356143805,-26.980309038302163],[-48.83786691825504,-26.980340753619533],[-48.83792781725656,-26.980368939492948],[-48.837984731855876,-26.980392779218327],[-48.83803613445686,-26.980411456078247],[-48.838083297195126,-26.980427767436286],[-48.83812849930475,-26.98044525982463],[-48.838170913258516,-26.98046348645406],[-48.83820971151049,-26.98048200143843],[-48.83824406649636,-26.98050035979435],[-48.838273151692135,-26.980518114749856],[-48.83830417147533,-26.98054242883509],[-48.83832410796986,-26.980602412205336],[-48.838309589109734,-26.98064254028763],[-48.83827884030043,-26.980682515913177],[-48.83823373947671,-26.980721163072417],[-48.83817616756538,-26.9807573076044],[-48.83810800253027,-26.980789772595006],[-48.83803112532878,-26.980817382982327],[-48.83794741492856,-26.980838962773905],[-48.83785875131119,-26.9808533359965],[-48.83765334169022,-26.980877836482524],[-48.83746821675195,-26.980902049673613],[-48.83730346437438,-26.980925963462244],[-48.83715917441555,-26.980949567567837],[-48.83703543369555,-26.980972852557116],[-48.83693233209049,-26.980995807230055],[-48.836849958487115,-26.981018419460163],[-48.83678839970678,-26.98104067978774],[-48.83674774661649,-26.981062577903636],[-48.83670380708212,-26.981105252996016],[-48.83667298235387,-26.98115969293583],[-48.8366550786569,-26.981224074452857],[-48.83664990022792,-26.981296573340465],[-48.83665725231689,-26.98137536540439],[-48.83667694220921,-26.981458625576003],[-48.83670877514378,-26.98154453055714],[-48.83675255536981,-26.981631256129067],[-48.83680809017301,-26.981716977214283],[-48.836920459627606,-26.981895309870467],[-48.837017226813984,-26.982099719250137],[-48.83709798430128,-26.982327805748717],[-48.83716232461121,-26.982577170657702],[-48.83720984030733,-26.98284541165325],[-48.83724012386025,-26.983130130013635],[-48.83725276877853,-26.983428924319064],[-48.837247367494754,-26.983739395833613],[-48.83722351246228,-26.984059144009464],[-48.83719594890738,-26.984283636161166],[-48.83716104680518,-26.98448626675109],[-48.83711757903371,-26.98466999331522],[-48.83706431641643,-26.984837775159313],[-48.83700002878088,-26.98499257066718],[-48.83692348898619,-26.98513733736145],[-48.8368334668274,-26.98527503451638],[-48.836728734120406,-26.985408620527366],[-48.83660806166055,-26.98554105376531],[-48.83657615893527,-26.98557636792788],[-48.83654442738162,-26.985616002176304],[-48.83651351557713,-26.985658859127973],[-48.8364840690805,-26.985703841354635],[-48.836456737498345,-26.985749850588316],[-48.83643216639416,-26.98579578940201],[-48.83641100541355,-26.985840557724362],[-48.83639390008947,-26.985883059933524],[-48.83638150005345,-26.985922196860777],[-48.8363710249408,-26.98595865591078],[-48.836359478577634,-26.985992978580406],[-48.83634716319309,-26.98602458470432],[-48.836334385045355,-26.98605289417911],[-48.836321446347725,-26.986077327741903],[-48.836308652352606,-26.98609730527416],[-48.83628471139034,-26.986121573454135],[-48.83625812649077,-26.98612244934781],[-48.83623065638652,-26.98611625785566],[-48.83619304071586,-26.98610650997564],[-48.83614655457202,-26.98609358627804],[-48.8360924771114,-26.98607786559039],[-48.83603208544159,-26.98605972851437],[-48.835966655679485,-26.986039554735086],[-48.835897465937634,-26.986017724872507],[-48.83582579436142,-26.985994617744186],[-48.83575330899664,-26.98597208288504],[-48.83568178304379,-26.98595189654292],[-48.8356126447642,-26.98593433065025],[-48.83554732340754,-26.985919658059697],[-48.83548724820509,-26.985908152528594],[-48.83543384741515,-26.98590008599626],[-48.835388550268554,-26.985895732223252],[-48.835352786031436,-26.98589536316633],[-48.835318134571835,-26.985904325693173],[-48.835287239701486,-26.985927065434215],[-48.835265380296256,-26.985951411445967],[-48.835243239794536,-26.985981599397867],[-48.835221351001636,-26.986016791853707],[-48.835200249745384,-26.986056151424197],[-48.83518046784416,-26.986098839756256],[-48.835162539149415,-26.986144017625993],[-48.835146997462466,-26.986190848516458],[-48.83510631682358,-26.98632007933299],[-48.835068490421115,-26.986426084462487],[-48.835029815368884,-26.986513433111504],[-48.83498659080956,-26.986586692707604],[-48.834935114794526,-26.986650434265776],[-48.83487168442397,-26.98670922516911],[-48.83479259775598,-26.986767634610462],[-48.83469415281238,-26.986830232670755],[-48.834572648630285,-26.986901587622853],[-48.83438499243349,-26.987017016069323],[-48.83425074704731,-26.987120797666865],[-48.834172013352756,-26.98721843660978],[-48.83415088820885,-26.98731543516444],[-48.83418947146062,-26.987417297379725],[-48.83428986098506,-26.987529526296093],[-48.83445415671638,-26.98765762580444],[-48.83468445670276,-26.987807097870228],[-48.834982860093575,-26.987983446180895],[-48.83514113154074,-26.988083063958815],[-48.83529539666938,-26.9881963214466],[-48.835441702018095,-26.988318932499165],[-48.83557609706928,-26.988446612835347],[-48.835694629249794,-26.98857507815342],[-48.83579334695692,-26.98870004417393],[-48.835868296544675,-26.988817226588704],[-48.83591552740428,-26.98892233932821],[-48.835931086855894,-26.989011098988726],[-48.83592799439965,-26.98904618862021],[-48.835920260988836,-26.98908122139067],[-48.8359080808865,-26.98911588983071],[-48.83589165236725,-26.98914988743469],[-48.83587117073686,-26.989182904943693],[-48.83584683324684,-26.98921463673829],[-48.835818836211544,-26.989244773574754],[-48.83578737587699,-26.98927300981796],[-48.83575264854197,-26.989299037126177],[-48.83567109844237,-26.98934260215256],[-48.83557990861984,-26.989370274349668],[-48.83547982341222,-26.989382167118404],[-48.83537159011663,-26.989378397515594],[-48.835255954056436,-26.989359080763826],[-48.83513365953548,-26.989324332973784],[-48.835005452909975,-26.989274268484458],[-48.834872080504184,-26.989209003441236],[-48.8347342866297,-26.989128653960787],[-48.83458822753565,-26.989039879900787],[-48.83445594044864,-26.98896641951073],[-48.83433457249892,-26.988907424855995],[-48.83422127290209,-26.98886204531443],[-48.83411318887459,-26.988829430222765],[-48.83400746762671,-26.98880872981085],[-48.83390125939782,-26.98879909434657],[-48.83379171042098,-26.988799673125175],[-48.83367596991841,-26.98880961728387],[-48.833561299868855,-26.98882510098024],[-48.83347043685938,-26.98884638999071],[-48.833399748865084,-26.98888060139776],[-48.83334560589969,-26.988934850492534],[-48.833304376964804,-26.989016252537734],[-48.8332724310228,-26.989131924591188],[-48.8332461360543,-26.989288981883956],[-48.833221862018256,-26.98949454057457],[-48.833195975819564,-26.98975571676915],[-48.83318056183246,-26.98990581363277],[-48.83316477739558,-26.99003550155667],[-48.83314823680348,-26.99014635123851],[-48.83313055533751,-26.990239934293122],[-48.833111348311355,-26.990317820530414],[-48.833090229960604,-26.990381583353184],[-48.833066815595856,-26.99043279257038],[-48.83304071948494,-26.990473019779394],[-48.83301155589489,-26.99050383657706],[-48.83295592433325,-26.990543721282723],[-48.83290126093944,-26.99056489353106],[-48.83284609783541,-26.99056636147846],[-48.83278896617185,-26.990547131458968],[-48.832728396044466,-26.99050621249547],[-48.83266291859743,-26.99044261181945],[-48.8325910669818,-26.990355337592817],[-48.83251137035084,-26.990243397010197],[-48.83242236086159,-26.990105799113365],[-48.83235842102917,-26.99000642426953],[-48.8322998242723,-26.98992334825864],[-48.832242332571845,-26.98985320279386],[-48.83218171100081,-26.989792616922074],[-48.83211372360583,-26.989738221472372],[-48.83203413644458,-26.989686648198745],[-48.83193871263837,-26.98963452518879],[-48.8318232162833,-26.989578483237306],[-48.83168341349856,-26.989515154052192],[-48.83117174771988,-26.98928708838154],[-48.83062706166616,-26.989385566714684],[-48.830444523208385,-26.989421512214285],[-48.83027351094568,-26.989460671853955],[-48.83011516301925,-26.98950263633651],[-48.82997061452011,-26.9895469981249],[-48.829841003548935,-26.989593350631964],[-48.82972746522519,-26.989641285419587],[-48.82963113871916,-26.989690393208207],[-48.8295531591083,-26.989740268262405],[-48.82949466355792,-26.989790501264835],[-48.82947445851741,-26.989821761280666],[-48.829445023680115,-26.989881461422204],[-48.82940755637557,-26.98996658058896],[-48.82936325288659,-26.99007409946865],[-48.829313309496,-26.990200998749355],[-48.82925892249086,-26.99034425912036],[-48.829201288218066,-26.99050085856619],[-48.829141602948496,-26.990667779584875],[-48.8290810630353,-26.990842001068426],[-48.82875098276211,-26.991806793409168],[-48.82902892900043,-26.99280956278762],[-48.82930770539859,-26.993812344507162],[-48.829956817667714,-26.99422986611908],[-48.83012345982947,-26.99433481599904],[-48.83027775410895,-26.994427018403517],[-48.830424794473345,-26.99450881074014],[-48.83056967195377,-26.99458252764199],[-48.83071748057898,-26.994650506475434],[-48.8308733134479,-26.99471508186446],[-48.831042262624905,-26.994778591102005],[-48.83122942023507,-26.994843369650532],[-48.831439880447626,-26.99491175297212],[-48.83227383126632,-26.99517611714351],[-48.83281536529767,-26.996750729314286],[-48.83335689776436,-26.998326079771395],[-48.834441862556204,-26.999294537485792],[-48.83464858589212,-26.999477081987656],[-48.834840958694016,-26.999643675377943],[-48.83501676621006,-26.999792538268082],[-48.83517379362791,-26.999921893981398],[-48.835309826150386,-27.000029964941756],[-48.83542264797801,-27.00011497355765],[-48.8355100453558,-27.000175141363247],[-48.83556980352554,-27.000208690773064],[-48.835599706752404,-27.000213844176027],[-48.8356422992349,-27.000192279797197],[-48.83567432532154,-27.00017922943262],[-48.83571214522317,-27.000165139105892],[-48.83575473858472,-27.000150364951647],[-48.835801085086494,-27.0001352613008],[-48.83585016439248,-27.00012018338756],[-48.83590095616775,-27.000105486447364],[-48.83595244007845,-27.00009152571715],[-48.83600709822679,-27.000074794403336],[-48.83606703064952,-27.000052112851446],[-48.83613064142442,-27.00002432561781],[-48.83619633763564,-26.999992278210122],[-48.836262524373154,-26.999956815205856],[-48.83632760568877,-26.999918782974646],[-48.83638998970168,-26.999879026146818],[-48.8364480805065,-26.999838389293757],[-48.83650028317465,-26.999797718809354],[-48.83657805159412,-26.99973258409725],[-48.83663914788516,-26.999676986012425],[-48.836685672060376,-26.99962580007552],[-48.83671972717088,-26.99957390004017],[-48.836743415197645,-26.999516162344705],[-48.83675883913928,-26.999447462536082],[-48.836768099992746,-26.99936267522496],[-48.836773301754995,-26.999256675968656],[-48.83677654440533,-26.99912433935886],[-48.83676836421172,-26.99884696318199],[-48.836735567010834,-26.998541137247226],[-48.83668141901338,-26.998218819024117],[-48.83660918935681,-26.997891969631596],[-48.83652214412516,-26.99757254923719],[-48.83642355237473,-26.997272517152787],[-48.8363166800451,-26.997003833548423],[-48.8362047960314,-26.996778457742362],[-48.836091166107536,-26.996608349913984],[-48.83590490387872,-26.99638185903573],[-48.83614918369662,-26.995655423106168],[-48.836201216877605,-26.995509212328347],[-48.836265727778155,-26.995342969569368],[-48.83634068856989,-26.99516120763624],[-48.83642407051994,-26.994968434812286],[-48.836513844831856,-26.99476916389659],[-48.83660798179856,-26.994567904069957],[-48.836704454713036,-26.994369167273256],[-48.836801234902964,-26.994177464521815],[-48.83689629275461,-26.993997305018777],[-48.83706314907234,-26.99367841337769],[-48.83720201873272,-26.993390393330085],[-48.837313478250536,-26.993131195272873],[-48.83739810809347,-26.992898770544993],[-48.83745648567318,-26.99269106951624],[-48.837489190352976,-26.992506043470616],[-48.83749680046702,-26.992341642756916],[-48.837479893309066,-26.99219581769246],[-48.837439049132044,-26.99206652043071],[-48.83741274838526,-26.99196753603699],[-48.83740915781442,-26.991851857899906],[-48.8374259980529,-26.991725358654037],[-48.83746098876289,-26.991593909105834],[-48.83751184862984,-26.991463379139734],[-48.837576299348235,-26.99133964048994],[-48.837652058630155,-26.99122856392836],[-48.83773684824888,-26.991136020292643],[-48.83782838697328,-26.991067881281907],[-48.83791323393256,-26.991010090207965],[-48.8379982226963,-26.99093313438194],[-48.838084742306634,-26.990834807799935],[-48.83817418385769,-26.99071290177784],[-48.838267937332766,-26.990565212122117],[-48.83836739378696,-26.99038953013807],[-48.838473943190344,-26.990183649815652],[-48.838588975498865,-26.98994536423525],[-48.83871388163841,-26.989672466484002],[-48.83880392706567,-26.989467982338763],[-48.83887552449835,-26.98929407901642],[-48.83893007373021,-26.989143727849992],[-48.8389689725612,-26.98900989652058],[-48.83899362170825,-26.988885556354795],[-48.83900541990204,-26.988763675934283],[-48.83900576479994,-26.988637226526457],[-48.83899605814948,-26.988499175847792],[-48.83897769660903,-26.988342494241714],[-48.83896581181575,-26.988259632942032],[-48.83895263802519,-26.988192927931717],[-48.83893531125079,-26.988139322791906],[-48.83891096945554,-26.988095764741978],[-48.83887675270598,-26.98805919651839],[-48.83882979798207,-26.98802656441575],[-48.838767243293674,-26.98799481383535],[-48.83868622667696,-26.987960889267004],[-48.83858388618216,-26.987921735188124],[-48.83851541455239,-26.987896767906786],[-48.83844134506178,-26.987871215622864],[-48.83836358465938,-26.98784565900643],[-48.83828403831108,-26.98782067689584],[-48.83820461200347,-26.987796847246642],[-48.83812720968822,-26.987774748889812],[-48.83805373930754,-26.987754962526505],[-48.837986104841676,-26.987738065190825],[-48.83792621120694,-26.987724637544098],[-48.83780652249642,-26.98769352668856],[-48.83769618110274,-26.987653260961448],[-48.83759650027479,-26.987604913739453],[-48.83750879016052,-26.987549561962567],[-48.8374343599767,-26.98748827804408],[-48.83737452287229,-26.987422138968903],[-48.83733058903513,-26.987352218064057],[-48.83730386861063,-26.987279590457117],[-48.83729567272752,-26.98720533218793],[-48.83729843124805,-26.98716149955637],[-48.83730570305594,-26.987124446156848],[-48.83731885725576,-26.987093061297642],[-48.83733926197909,-26.987066232465935],[-48.83736828629527,-26.987042850771385],[-48.83740729731067,-26.98702180458346],[-48.837457665134636,-26.987001983216707],[-48.83752075687076,-26.986982275032407],[-48.83759794158225,-26.986961571123572],[-48.83766634192737,-26.98694735021983],[-48.83775180529772,-26.986934908261215],[-48.83785239757427,-26.986924349097357],[-48.83796618667194,-26.986915775706986],[-48.83809123951816,-26.986909290153395],[-48.83822562302497,-26.98690499540607],[-48.83836740511302,-26.986902994455352],[-48.83851465271428,-26.986903389380313],[-48.83866543272692,-26.98690628407188],[-48.8388196961866,-26.986908654456986],[-48.83898975003458,-26.98690776438064],[-48.83917155181428,-26.986903818008056],[-48.83936105911929,-26.986897016815007],[-48.83955422949088,-26.986887565003823],[-48.83974702052243,-26.986875664091944],[-48.83993539078127,-26.98686151743886],[-48.840115296857164,-26.986845326590387],[-48.84028269728808,-26.98682729675179],[-48.841131357005544,-26.986727760494492],[-48.84179727945801,-26.98630855178444],[-48.84191708145869,-26.98623244068762],[-48.842031391248256,-26.986158963623186],[-48.84213816890489,-26.986089494522645],[-48.842235375522456,-26.98602540733869],[-48.84232097017046,-26.985968076899688],[-48.8423929139715,-26.98591887626321],[-48.84244916601855,-26.985879179358808],[-48.84248768840707,-26.985850361062884],[-48.84250643820903,-26.98583379526818],[-48.84252742294629,-26.985788161352325],[-48.84254119053696,-26.98574851407253],[-48.842556615296594,-26.9856994657423],[-48.84257330151011,-26.98564237936603],[-48.84259085745718,-26.985578619814554],[-48.842608886400946,-26.98550955097964],[-48.84262699464468,-26.985436535897353],[-48.84264478642801,-26.985360940280017],[-48.842671919743395,-26.98523860104551],[-48.84269114744147,-26.985137847244946],[-48.84270162226955,-26.985051820579997],[-48.84270249703431,-26.984973659141325],[-48.842692922420675,-26.98489650639968],[-48.84267205123264,-26.98481350044084],[-48.84263903421686,-26.984717782023555],[-48.84259302512264,-26.984602493754117],[-48.84253317478812,-26.984460773677956],[-48.84249333994681,-26.984363170222434],[-48.8424571436237,-26.98426588781128],[-48.842424899405565,-26.984170124331353],[-48.84239692487106,-26.98407707953551],[-48.842373535600544,-26.983987952243353],[-48.84235504720792,-26.98390393946986],[-48.842341775220746,-26.98382624274076],[-48.8423340362601,-26.98375605908574],[-48.84233214489959,-26.983694587307564],[-48.84233322438933,-26.983610774049392],[-48.84233070693396,-26.983543839882085],[-48.842321595078715,-26.983490174994824],[-48.842302887376974,-26.98344616770911],[-48.84227158339095,-26.983408206358668],[-48.842224682686535,-26.98337267927174],[-48.84215918582677,-26.983335975686018],[-48.84207209139075,-26.983294483894515],[-48.841960399974845,-26.983244593107955],[-48.841823809136656,-26.98318689969015],[-48.841700461049705,-26.983142075363318],[-48.84158526543137,-26.98310975879361],[-48.84147312902725,-26.983089586778455],[-48.841358961578834,-26.983081197949566],[-48.841237671841455,-26.983084230004476],[-48.84110416756223,-26.983098320606793],[-48.84095335748964,-26.98312310741333],[-48.84078015037972,-26.98315822715083],[-48.84062971352508,-26.983188466704423],[-48.84049098200403,-26.98321168281219],[-48.84036493421919,-26.98322786253168],[-48.840252549645136,-26.983236989327118],[-48.84015480667574,-26.983239050255136],[-48.84007268677255,-26.983234029710015],[-48.84000716732866,-26.983221913825734],[-48.839959228786384,-26.98320268697388],[-48.83992984953268,-26.98317633529411],[-48.839886862147154,-26.983153677288847],[-48.83984687604106,-26.98314323164523],[-48.83979645172773,-26.98313364032636],[-48.83973700572396,-26.98312510373315],[-48.83966995355543,-26.983117821349268],[-48.83959671378467,-26.983111991803632],[-48.83951870193446,-26.983107814583075],[-48.839437335522994,-26.98310549010993],[-48.838987321385005,-26.983098228781817],[-48.83899219916144,-26.982855585752095],[-48.838994672253264,-26.98281082902363],[-48.83900009600201,-26.98276643161841],[-48.83900816598503,-26.982723300372697],[-48.83901857772894,-26.982682344829268],[-48.83903102880999,-26.982644472757546],[-48.839045214739855,-26.982610594602683],[-48.83906083108313,-26.98258161810336],[-48.8390775754025,-26.982558451931514],[-48.83909514225786,-26.98254200381073],[-48.839113467809696,-26.982526758599963],[-48.839131872941934,-26.982507506686964],[-48.83914997862726,-26.982484894752282],[-48.83916740589083,-26.982459566769954],[-48.83918377167877,-26.98243216935923],[-48.83919869899753,-26.982403348329967],[-48.839211805836484,-26.98237374851278],[-48.839222713206965,-26.982344014784765],[-48.83923104005521,-26.98231479469882],[-48.839237445194804,-26.982274436493498],[-48.839236748250386,-26.982235998140826],[-48.83922803274774,-26.982198099227837],[-48.839210380130794,-26.982159362918193],[-48.83918287392887,-26.982118408795596],[-48.839144597657665,-26.982073857343497],[-48.83909463278947,-26.982024330815804],[-48.839032063876225,-26.981968448802412],[-48.83895597139889,-26.98190483353368],[-48.83890087220757,-26.981858688301756],[-48.8388498760185,-26.981814381169798],[-48.838803803604776,-26.981772712598897],[-48.83876347379248,-26.981734479410935],[-48.83872970835853,-26.981700482083223],[-48.83870332508566,-26.981671519226712],[-48.838685146809254,-26.981648388627033],[-48.8386766803096,-26.98162282411065],[-48.83870587924901,-26.981611191427668],[-48.83873254750557,-26.981604211917524],[-48.8387659977737,-26.981596720044895],[-48.838805280385124,-26.98158891422265],[-48.83884944567197,-26.981580992863968],[-48.838897546015346,-26.981573152609073],[-48.83894863174843,-26.981565591872727],[-48.83900175421194,-26.98155850908627],[-48.83907780698093,-26.981549704985373],[-48.83914081010767,-26.98154452721625],[-48.839192277881416,-26.981543330232466],[-48.83923372566593,-26.981546464888655],[-48.83926667073417,-26.98155428747942],[-48.839292628447275,-26.981567148851934],[-48.83931311407944,-26.98158540436199],[-48.839329641966366,-26.981609405739466],[-48.839343730420325,-26.98163950748149],[-48.83937290313701,-26.981702318160874],[-48.839408255453925,-26.98175802992255],[-48.83945176057672,-26.981807915739317],[-48.83950539065539,-26.981853251271588],[-48.839571118884656,-26.98189531038602],[-48.83965091945308,-26.981935367860626],[-48.83974676558178,-26.981974696645466],[-48.83986062843294,-26.98201457235626],[-48.83999448225041,-26.982056267936024],[-48.84011705786643,-26.98209222939603],[-48.84021566475823,-26.982119302077542],[-48.84029552238138,-26.982137563333758],[-48.84036185119572,-26.982147091415392],[-48.840419869639895,-26.982147965430077],[-48.84047479719962,-26.98214026268582],[-48.84053185336203,-26.982124060481862],[-48.84059625756014,-26.982099438815343],[-48.84067322928953,-26.982066474063704],[-48.840768407034204,-26.982022501855827],[-48.84085240827872,-26.98197790434632],[-48.84092791963378,-26.98193019848531],[-48.840997628758934,-26.981876898523442],[-48.841064223252566,-26.981815521411036],[-48.84113039073715,-26.981743582287752],[-48.84119881882284,-26.98165859628736],[-48.84127219506981,-26.981558080341625],[-48.84135320703556,-26.9814395504728],[-48.841434388694836,-26.981308690725935],[-48.84149322198086,-26.981189536672456],[-48.84152938107544,-26.981078580818743],[-48.84154254419082,-26.980972314819056],[-48.84153238545174,-26.98086723296089],[-48.84149858307938,-26.980759825972758],[-48.841440811187496,-26.980646589020697],[-48.841358748018266,-26.980524012809262],[-48.84125206878021,-26.980388589789083],[-48.84119576946892,-26.98031949587464],[-48.84113797298601,-26.980245461372512],[-48.84107997971517,-26.980168336441572],[-48.841023093105754,-26.980089968582053],[-48.84096861458594,-26.980012205265094],[-48.8409178455426,-26.97993689576784],[-48.84087208838061,-26.979865888481953],[-48.84083264654117,-26.979801030011096],[-48.840800820389205,-26.979744169619842],[-48.840770668982124,-26.97968975895582],[-48.84073605956808,-26.979631956122944],[-48.84069800170443,-26.979572173633095],[-48.84065750801787,-26.97951182133844],[-48.84061559007252,-26.97945231178314],[-48.8405732604871,-26.979395054821104],[-48.84053152982773,-26.979341462080757],[-48.840491410687946,-26.979292944320193],[-48.84045391465091,-26.979250912283042],[-48.84041866012742,-26.97921213826046],[-48.84038551441571,-26.97917302112066],[-48.84035502966668,-26.979134396904616],[-48.84032776099903,-26.97909710440654],[-48.84030426257484,-26.97906197969874],[-48.84028508852074,-26.979029860657967],[-48.84027079199029,-26.979001583341027],[-48.84026192910637,-26.97897798655748],[-48.840251221036716,-26.978910123614273],[-48.84022632758411,-26.978862232657235],[-48.84018532936432,-26.978816774296643],[-48.84012918008601,-26.978774287481173],[-48.840058833453355,-26.97873531115564],[-48.83997524517951,-26.97870038429283],[-48.83987936894103,-26.978670046734923],[-48.83977216043993,-26.978644837451586],[-48.83965457235128,-26.978625295365852],[-48.839587402811176,-26.97861517385324],[-48.83952026935182,-26.978603006033108],[-48.83945456168846,-26.97858917962338],[-48.839391673528,-26.978574084210738],[-48.83933299763734,-26.978558105759795],[-48.83927992570555,-26.978541633830496],[-48.83923385250979,-26.978525054421667],[-48.83919616772177,-26.978508757064596],[-48.83916826608136,-26.978493129563464],[-48.839134085857594,-26.97846907315107],[-48.83910880376274,-26.978448407547457],[-48.839089147478816,-26.978420251885424],[-48.83908822758337,-26.978391003681068],[-48.83910041928873,-26.978368152102437],[-48.83912244921868,-26.978340818966082],[-48.839154504602696,-26.978307428697367],[-48.83919677464476,-26.97826640755438],[-48.83922573103638,-26.97823768430737],[-48.839257047088886,-26.97820455341872],[-48.83928991360351,-26.97816798167033],[-48.839323522373085,-26.978128936762563],[-48.83935706718936,-26.978088387329805],[-48.83938973887709,-26.978047299254353],[-48.83942072921867,-26.978006641141477],[-48.83944923104024,-26.97796737980833],[-48.8394744361285,-26.977930483861694],[-48.839510801972075,-26.977874550613986],[-48.83953820125918,-26.977826719530597],[-48.83955671789552,-26.97778317891718],[-48.839566434757,-26.977740117964025],[-48.839567435741166,-26.977693724972738],[-48.83955980474584,-26.977640188243242],[-48.83954362464775,-26.977575696960766],[-48.83951897834652,-26.977496439406917],[-48.83948594973963,-26.97739860477991],[-48.839460858487875,-26.97733083260276],[-48.8394289534376,-26.977253967218452],[-48.839391335567086,-26.97717017070549],[-48.83934910286485,-26.97708160329197],[-48.83930335328011,-26.976990427010907],[-48.83925518677014,-26.976898803927035],[-48.83920570028184,-26.976808895157586],[-48.83915599377617,-26.976722861867234],[-48.83910716515874,-26.97664286699541],[-48.83901871969941,-26.976501644811446],[-48.83895110713787,-26.976388617055584],[-48.838903160786344,-26.976297254452263],[-48.838873713005675,-26.976221026799927],[-48.83886159718982,-26.976153403905123],[-48.83886564469923,-26.976087857341533],[-48.83888468995467,-26.976017856919107],[-48.83891756433447,-26.975936873298775],[-48.83896310224305,-26.975838376281484],[-48.838991350865804,-26.9757806048314],[-48.83901784356693,-26.975732757213365],[-48.839043237761366,-26.975694271337304],[-48.83906818985479,-26.975664585097025],[-48.83909335623404,-26.97564313728798],[-48.83911939533316,-26.97562936493146],[-48.83914696452686,-26.975622707739436],[-48.83917671924461,-26.975622601783524],[-48.839209316878126,-26.975628485872214],[-48.83925249098808,-26.975641691529866],[-48.83928860786649,-26.975659290539614],[-48.839318910062076,-26.975683836130376],[-48.83934463608015,-26.975717882369647],[-48.839367027465464,-26.975763982467644],[-48.83938732371574,-26.975824691407034],[-48.839406765389406,-26.975902561478378],[-48.8394265920065,-26.976000146760587],[-48.839448045105826,-26.976120001362794],[-48.839494093402976,-26.976293406434333],[-48.839574683619404,-26.976500495601822],[-48.83968186615534,-26.97672794722738],[-48.83980769028377,-26.9769624423669],[-48.83994420520761,-26.97719066028529],[-48.84008345901725,-26.977399279350532],[-48.84021750165973,-26.977574979790155],[-48.840338380962756,-26.977704441825228],[-48.8404381467329,-26.977774343924015],[-48.84047553689696,-26.977788607650723],[-48.840528440722764,-26.977806859851416],[-48.84059478400528,-26.97782847849688],[-48.84067249361507,-26.977852837964058],[-48.84075949336556,-26.977879314389426],[-48.84085371109532,-26.977907283973984],[-48.84095306962157,-26.977936121943404],[-48.84105549679213,-26.977965203605404],[-48.84115891739477,-26.977993906031255],[-48.84172078580147,-26.97814726297119],[-48.84205286631002,-26.97798019259325],[-48.842124531186485,-26.97794269727294],[-48.84218613610695,-26.97790753058221],[-48.842237888197474,-26.977874501672986],[-48.84227999661378,-26.977843418823316],[-48.84231266748908,-26.977814090262566],[-48.84233610997647,-26.977786324264247],[-48.84235053119674,-26.977759929971107],[-48.84235613931125,-26.977734714735064],[-48.84235314143925,-26.977710487695184],[-48.84234698357991,-26.977686795269747],[-48.84233998215783,-26.97765467878363],[-48.84233232311018,-26.977615321531957],[-48.842324194353424,-26.97756990864514],[-48.84231578279661,-26.977519625238195],[-48.84230727536553,-26.977465655523968],[-48.842298858968185,-26.97740918461755],[-48.84229072054647,-26.97735139582955],[-48.84228304600025,-26.977293474259735],[-48.84227221098576,-26.977229249180642],[-48.84225445403136,-26.977153296824923],[-48.8422305829883,-26.977067940821094],[-48.842201409821165,-26.97697550034805],[-48.842167743402506,-26.976878298147117],[-48.84213039364264,-26.976778655170857],[-48.84209017143704,-26.976678893289723],[-48.842047885696104,-26.97658133253941],[-48.84200434728669,-26.976488295693695],[-48.841763925290564,-26.97599823726675],[-48.841950667406635,-26.975829564247366],[-48.84199555310631,-26.975785653666936],[-48.84203533413708,-26.975738669552175],[-48.84207068779782,-26.975687059179005],[-48.842102290429786,-26.97562926709985],[-48.84213081934457,-26.97556373968597],[-48.842156950879016,-26.975488921487695],[-48.842181363347066,-26.975403258889866],[-48.84220473308031,-26.975305196441184],[-48.84222773736214,-26.97519318141164],[-48.842273126170554,-26.974909751212774],[-48.84229343198398,-26.97465541291178],[-48.842288110251836,-26.974428520184443],[-48.842256616406075,-26.97422742578806],[-48.84219840582972,-26.97405048336502],[-48.842112933911466,-26.97389604473524],[-48.84199965499019,-26.97376246258672],[-48.84185802638611,-26.97364809053627],[-48.84168750140711,-26.97355128031413],[-48.84157942226015,-26.973496119369646],[-48.84149487266975,-26.973444120976403],[-48.84143343386706,-26.973393950305013],[-48.84139468205572,-26.973344272437085],[-48.841378195423175,-26.97329375427816],[-48.84138355319997,-26.973241060933866],[-48.84141033161209,-26.973184856550965],[-48.841458110858255,-26.973123808034757],[-48.84152646814491,-26.973056580430427],[-48.84171740742982,-26.9728842751786],[-48.84156554522579,-26.972591005698625],[-48.8415255277608,-26.972516290743233],[-48.84148929259931,-26.97245498144235],[-48.84145534887723,-26.972405817657258],[-48.8414222067774,-26.97236753745887],[-48.841388374404,-26.972338882494945],[-48.841352362953636,-26.972318590849213],[-48.841312680569445,-26.972305402362082],[-48.84126783739248,-26.972298057805194],[-48.841216342609385,-26.972295295225713],[-48.84117677255928,-26.9722961736245],[-48.841131580808046,-26.972299812321303],[-48.84108205642409,-26.97230595760681],[-48.84102948847584,-26.972314355773022],[-48.84097516802863,-26.972324754046756],[-48.84092038415171,-26.972336898723576],[-48.84086642589796,-26.972350537003393],[-48.840814584352295,-26.972365415216736],[-48.840766149593875,-26.97238127968064],[-48.84068641889181,-26.972407538602667],[-48.84061634445398,-26.972425888076746],[-48.84055587603777,-26.972436322835907],[-48.84050496846579,-26.972438835883537],[-48.840463573535786,-26.97243342017448],[-48.84043164404852,-26.972420068676715],[-48.840409131793855,-26.97239877434062],[-48.84039599057161,-26.972369530145226],[-48.840396050550716,-26.972323332055762],[-48.84042181430602,-26.972285837937893],[-48.8404564795982,-26.97224810208639],[-48.84050258134426,-26.972202383033245],[-48.84055877805337,-26.97214993812543],[-48.84062372318388,-26.97209202553479],[-48.84069607427636,-26.972029900789053],[-48.84077448679293,-26.97196482299576],[-48.840857616235525,-26.971898049460407],[-48.84094185891075,-26.971830202727045],[-48.84102399316917,-26.971762048379162],[-48.841102427052675,-26.97169503939744],[-48.84117556755223,-26.97163063145755],[-48.84124182270707,-26.971570278449533],[-48.84129959853094,-26.971515435137203],[-48.8413473040796,-26.97146755542996],[-48.84138334639686,-26.971428093206754],[-48.84140613148463,-26.971398504134427],[-48.841424452688834,-26.971354493585476],[-48.84144134270767,-26.97128186411653],[-48.84145682150235,-26.971180360629837],[-48.84147090601359,-26.97104972798104],[-48.84148361620307,-26.970889711071838],[-48.841494971060136,-26.97070005298369],[-48.84150498752589,-26.970480498571423],[-48.84151368554502,-26.970230793637995],[-48.84152108410686,-26.96995068126397],[-48.841550783766486,-26.968635425814597],[-48.841981416194805,-26.968082917166164],[-48.84210132595778,-26.967930478041747],[-48.8422020891914,-26.967807106175094],[-48.842288593495184,-26.967708706966008],[-48.84236572638108,-26.96763118759769],[-48.84243837632938,-26.967570455252726],[-48.84251143082023,-26.967522415280996],[-48.842589777261956,-26.96748297572731],[-48.8426783050949,-26.967448042850616],[-48.84278189973307,-26.96741352193088],[-48.84289223836837,-26.967378109613566],[-48.84297956012446,-26.967346785164825],[-48.84304818438434,-26.96731503101491],[-48.84310242947337,-26.96727833136488],[-48.843146613722936,-26.96723216950069],[-48.843185056461756,-26.967172028714746],[-48.84322207600027,-26.96709339227724],[-48.843261989625304,-26.966991743436918],[-48.84330911662911,-26.966862564564305],[-48.843355800720204,-26.96673421188512],[-48.84339410145386,-26.96663447143412],[-48.84342703823691,-26.966560182893975],[-48.84345763149511,-26.966508184152897],[-48.843488901605284,-26.96647531489962],[-48.843523868953085,-26.96645841391725],[-48.843565553920314,-26.966454319985317],[-48.84361697586358,-26.966459872765736],[-48.843681155197906,-26.96647190922306],[-48.84372068245274,-26.9664802004248],[-48.84375976189045,-26.966489793367636],[-48.843797611449354,-26.966500396317226],[-48.843833448077234,-26.966511716622378],[-48.84386648976242,-26.96652345984357],[-48.84389595343393,-26.966535334233075],[-48.84393103677867,-26.966552677004668],[-48.84398019642793,-26.96661734210388],[-48.84398093526306,-26.9666891533008],[-48.84395953885775,-26.96677979376057],[-48.84391827770786,-26.966884804731308],[-48.84385942430444,-26.966999728387744],[-48.84378524915067,-26.967120105968867],[-48.84369802375601,-26.967241479631685],[-48.84360001866315,-26.96735939061868],[-48.84349350544871,-26.967469380193034],[-48.84332921815705,-26.96764706270485],[-48.843146645495324,-26.967880709803246],[-48.84295575663965,-26.968153452218097],[-48.842766520933694,-26.96844842164458],[-48.84258890896512,-26.968748748959],[-48.842432890556026,-26.96903756418369],[-48.84230843767056,-26.96929800103097],[-48.842225519460115,-26.96951318958565],[-48.842194108129526,-26.9696662608767],[-48.84219555324148,-26.96978568523937],[-48.84220564701325,-26.969891130783484],[-48.84222538063,-26.9699843373316],[-48.84225574426752,-26.970067044688133],[-48.84229773214491,-26.970140991813647],[-48.842352333411576,-26.970207919392063],[-48.84242054029006,-26.970269565442056],[-48.842503343946625,-26.970327670667935],[-48.8426017376001,-26.9703839739939],[-48.84270904212376,-26.97044535566427],[-48.842800490104494,-26.970509692039606],[-48.84287772642164,-26.970579724804733],[-48.84294239490399,-26.970658198327783],[-48.842996140444335,-26.970747854279182],[-48.84304060587375,-26.970851436999908],[-48.84307743709858,-26.9709716881664],[-48.84310827797954,-26.971111351225463],[-48.843134772415,-26.97127316781707],[-48.843249494163366,-26.972061631633835],[-48.84335061987695,-26.972735568722587],[-48.84344036956447,-26.973307109084114],[-48.8435209582606,-26.97378838534085],[-48.84359460310391,-26.97419153013954],[-48.84366352336985,-26.97452867344558],[-48.843729934328316,-26.974811946962735],[-48.843796054281405,-26.975053484241393],[-48.84386409964193,-26.975265414286408],[-48.84390755495086,-26.975380786725154],[-48.8439550374446,-26.975473908662348],[-48.84401495088254,-26.975548525832004],[-48.84409569699585,-26.97560838572606],[-48.84420567654038,-26.975657234892882],[-48.844353291259104,-26.97569882165981],[-48.84454694399126,-26.975736890700073],[-48.84479503450162,-26.975775191067008],[-48.84510596671889,-26.975817467250465],[-48.845726269460904,-26.975898487557036],[-48.845897555879624,-26.975717720403097],[-48.84593356437825,-26.97567802095866],[-48.845978163240204,-26.975626241302326],[-48.84602987386,-26.975564227867977],[-48.84608721763436,-26.97549382709051],[-48.84614871598172,-26.975416884504504],[-48.846212892306454,-26.97533524748231],[-48.84627826706841,-26.975250759744227],[-48.84634336367103,-26.975165269571043],[-48.846406702574406,-26.97508062159181],[-48.846473538000865,-26.974993465763962],[-48.84654870085592,-26.974901205456522],[-48.84663009265207,-26.97480608014078],[-48.84671561699686,-26.974710325714597],[-48.84680317541167,-26.97461618256162],[-48.84689067052494,-26.974525886575755],[-48.846976003903194,-26.974441677250514],[-48.84705707816691,-26.974365792296194],[-48.84713179494016,-26.97430046941293],[-48.84751902804424,-26.973976650255732],[-48.84794195176795,-26.97401526717019],[-48.84829829246739,-26.974047720175122],[-48.84857513950574,-26.974075198875763],[-48.84878458627693,-26.974101709481904],[-48.84893872719375,-26.974131260746923],[-48.84904965778352,-26.97416785770373],[-48.84912947149734,-26.97421550978023],[-48.84919026287942,-26.974278222757036],[-48.84924412647742,-26.974360003285046],[-48.84930315784467,-26.97446485981483],[-48.84966247226501,-26.97510893801027],[-48.84993852435949,-26.975606856264143],[-48.8501428004702,-26.975984508392784],[-48.85028678476966,-26.976267786212045],[-48.8503819639809,-26.97648258326523],[-48.85043982622484,-26.97665479213602],[-48.85047185680974,-26.976810306219242],[-48.850489543183905,-26.97697501891627],[-48.85050437391265,-26.977174821828758],[-48.850513304009475,-26.977296918216457],[-48.85052201453866,-26.97743067498249],[-48.85053034480304,-26.97757256907697],[-48.850538134121784,-26.977719076548098],[-48.850545221761905,-26.977866676150736],[-48.85055144806555,-26.97801184304655],[-48.850556650285085,-26.978151055960147],[-48.850560669769465,-26.97828079006885],[-48.85056334377141,-26.97839752409763],[-48.850573743891225,-26.978992659217738],[-48.849363967926685,-26.979434260326414],[-48.84815418316436,-26.979875849553665],[-48.847660443033845,-26.980691544500996],[-48.84757173916806,-26.980838653510077],[-48.847487692446926,-26.980979277051947],[-48.847409760369956,-26.98111088156909],[-48.84733940247976,-26.981230932635835],[-48.8472780753239,-26.98133689488063],[-48.84722723746916,-26.981426232964044],[-48.847188346424694,-26.98149641423788],[-48.847162861761,-26.981544903376655],[-48.847152240017586,-26.981569165005496],[-48.8471471984207,-26.981594084076733],[-48.847137285006134,-26.98164399881619],[-48.84712301357065,-26.981716312503252],[-48.84710489995582,-26.98180842664303],[-48.84708345701523,-26.98191774088988],[-48.847059198558625,-26.98204165762036],[-48.84703264041224,-26.982177579242066],[-48.847004296426334,-26.98232290632803],[-48.84697468043892,-26.98247504035419],[-48.84685066383259,-26.983108085064828],[-48.84674160662688,-26.983647921325062],[-48.8466440455686,-26.984108649928388],[-48.84655451627435,-26.98450436801512],[-48.8464695551823,-26.984849174522303],[-48.84638569857595,-26.985157170172496],[-48.84629948272534,-26.985442451160644],[-48.84620744171224,-26.985719118146484],[-48.84610611260408,-26.986001269113004],[-48.846059709333,-26.986130032602592],[-48.846014237661294,-26.986263190067103],[-48.84597059505723,-26.986397679566654],[-48.84592967896481,-26.98653044096761],[-48.845892387879005,-26.98665841234891],[-48.845859617264765,-26.986778532646902],[-48.84583226762899,-26.986887740875883],[-48.84581123446484,-26.986982975071385],[-48.84579741627105,-26.98706117421735],[-48.84578182729575,-26.987150148103236],[-48.84576093806286,-26.98723861586068],[-48.84573431446729,-26.987327630363428],[-48.84570151936292,-26.987418245340027],[-48.845662117631754,-26.987511513646215],[-48.84561567217221,-26.98760848630083],[-48.845561748830484,-26.98771021797588],[-48.84549991047768,-26.98781776058835],[-48.8454297219754,-26.98793216698567],[-48.84536843284314,-26.98803159828706],[-48.845300150041616,-26.98814552836382],[-48.845226739321305,-26.988270673630705],[-48.845150069450305,-26.98840375145502],[-48.84507200822326,-26.988541478291353],[-48.84499442242887,-26.988680571486334],[-48.84491917890922,-26.988817746587593],[-48.84484814650471,-26.988949720983243],[-48.844783192058564,-26.989073212035184],[-48.844687725466834,-26.98925937657975],[-48.84461223830456,-26.989412722942042],[-48.844554279002736,-26.989542007438757],[-48.84451139190455,-26.98965598630947],[-48.84448112539175,-26.989763413137457],[-48.844461026759426,-26.98987304418914],[-48.8444486423113,-26.989993633905577],[-48.844441518303015,-26.990133938528626],[-48.84443720200158,-26.990302713410752],[-48.84442547772638,-26.990887130526524],[-48.84490814335439,-26.991244924016293],[-48.844994571073805,-26.99130949865428],[-48.845076028772326,-26.991371354737],[-48.84515112543869,-26.99142936996316],[-48.84521846913578,-26.991482417506987],[-48.84527666887849,-26.991529373266093],[-48.84532433166552,-26.991569113107865],[-48.845360067533996,-26.99160051204335],[-48.8453824845088,-26.991622445051597],[-48.84538604198064,-26.99164499746065],[-48.84537431261533,-26.99166608774667],[-48.845355716869506,-26.991695995840583],[-48.84533096905305,-26.991733661419367],[-48.84530078347499,-26.991778024159633],[-48.84526587442726,-26.991828024640093],[-48.845226959258646,-26.991882601681542],[-48.84518474927697,-26.991940694012808],[-48.84513996178359,-26.992001243162623],[-48.845047635249365,-26.992117011669237],[-48.844950784571544,-26.99221870525925],[-48.84484368464324,-26.992309386890284],[-48.84472061035033,-26.992392118597024],[-48.8445758365388,-26.992469963290358],[-48.84440363903802,-26.99254598386291],[-48.844198292659414,-26.99262324224572],[-48.84395407214488,-26.99270480211741],[-48.84366525323267,-26.992793725295602],[-48.84350510498432,-26.992842472078326],[-48.84337513499637,-26.992885516808826],[-48.84326835655869,-26.992927467153617],[-48.843177784928464,-26.9929729316749],[-48.84309643237002,-26.993026516154956],[-48.84301731206376,-26.99309282997953],[-48.84293343822203,-26.99317647982498],[-48.842837823995794,-26.993282073234997],[-48.84272348246593,-26.993414218630836],[-48.84262207804893,-26.993536442558835],[-48.84253053885837,-26.993655938603506],[-48.84244558522145,-26.993778592165558],[-48.8423639374324,-26.99391028863415],[-48.842282316760226,-26.99405691340354],[-48.84219744139972,-26.994224352713733],[-48.84210603358368,-26.994418490148735],[-48.842004813409226,-26.9946452128576],[-48.84189049892728,-26.994910406138228],[-48.84180218747129,-26.995115483703977],[-48.84170106112579,-26.995344820240827],[-48.84159003457273,-26.995592123161153],[-48.8414720215627,-26.995851098067],[-48.84134993586198,-26.996115452376795],[-48.84122669231703,-26.99637889263566],[-48.841105203817946,-26.996635125372052],[-48.840988385325595,-26.996877857159223],[-48.840879149820985,-26.997100795454788],[-48.84077198925658,-26.99732109591646],[-48.840661141957305,-26.99755668551971],[-48.84054915929125,-26.99780168400556],[-48.84043859461893,-26.998050214766074],[-48.8403320004285,-26.99829639667824],[-48.84023192718953,-26.99853435130571],[-48.84014092841915,-26.998758201170308],[-48.840061556698345,-26.99896206698175],[-48.839996364652016,-26.999140068552734],[-48.839906084110865,-26.999398232483646],[-48.8398353786471,-26.999607640509296],[-48.83978218485743,-26.999779375057873],[-48.83974443524575,-26.99992451757721],[-48.83972006628754,-27.00005414956496],[-48.839707011364396,-27.00017935426817],[-48.8397032059008,-27.00031121225246],[-48.83970658424872,-27.00046080677082],[-48.83971508078588,-27.000639219269534],[-48.8397330211271,-27.00094196686648],[-48.83975391864725,-27.001231533078325],[-48.83977751246159,-27.001505702828602],[-48.83980354065556,-27.001762261927475],[-48.839831742333324,-27.001998995298244],[-48.839861856610256,-27.002213686961767],[-48.83989362157096,-27.002404121825514],[-48.83992677529366,-27.002568084796742],[-48.83996105684005,-27.002703361700142],[-48.84005532559504,-27.00302752450182],[-48.8406023550752,-27.002774388517697],[-48.84070807537796,-27.0027246171221],[-48.84082208199082,-27.002668802448394],[-48.84094149577449,-27.00260850764616],[-48.84106343664474,-27.00254529315247],[-48.84118502350492,-27.002480720301644],[-48.841303376261074,-27.002416351356374],[-48.84141561585636,-27.002353747702973],[-48.84151885923413,-27.00229446977312],[-48.84161022933952,-27.0022400808055],[-48.841864496843556,-27.00208875408611],[-48.84213038048564,-27.001938942358176],[-48.84240524325229,-27.00179192999086],[-48.84268644914652,-27.001649002291366],[-48.84297136018348,-27.00151144455759],[-48.843257340418546,-27.001380542140875],[-48.84354175391452,-27.001257581317684],[-48.843821962794344,-27.001143845649757],[-48.84409533116417,-27.001040621458394],[-48.84430407659315,-27.000963201223545],[-48.844484004096955,-27.000891656018197],[-48.844644709426234,-27.000820477880087],[-48.844795788327474,-27.000744156081524],[-48.84494683545394,-27.000657181635365],[-48.845107447434025,-27.000554044637422],[-48.84528721882849,-27.000429234200773],[-48.845495745077365,-27.0002772411973],[-48.845742621512294,-27.000092555517163],[-48.84597942734149,-26.999911461526608],[-48.846188116631545,-26.999746005767857],[-48.846376903922554,-26.999588348694832],[-48.846554003678,-26.999430648894492],[-48.8467276302293,-26.999265066705583],[-48.84690599781206,-26.999083762418884],[-48.84709731960085,-26.998878893554025],[-48.84730981159658,-26.99864262123013],[-48.847551685663994,-26.998367103730327],[-48.84771775962737,-26.998175836486837],[-48.84787907884856,-26.997989748807303],[-48.84803257326435,-26.99781240372962],[-48.84817517390668,-26.997647361615222],[-48.848303809737736,-26.997498187318225],[-48.848415411825385,-26.99736844212374],[-48.848506911250276,-26.997261687321977],[-48.84857523701096,-26.997181487781468],[-48.848617320193426,-26.99713140388502],[-48.848666064838596,-26.997076654817317],[-48.84875357887736,-26.99698346915502],[-48.84887561563692,-26.996856188777556],[-48.849027924385595,-26.996699155487978],[-48.8492062594563,-26.99651670935831],[-48.849406371117496,-26.996313193112194],[-48.84962401175447,-26.996092945909965],[-48.849854933715214,-26.99586031144483],[-48.850094888486424,-26.995619628910678],[-48.85141999801659,-26.994294091154224],[-48.851755449672346,-26.99342330527106],[-48.851817497584456,-26.993257595202245],[-48.85187911817636,-26.993082925026016],[-48.851939073412304,-26.992903476927417],[-48.85199612423387,-26.992723434883985],[-48.852049029638216,-26.992546980139156],[-48.85209655162642,-26.992378295789678],[-48.85213745120688,-26.99222156491921],[-48.85217048740163,-26.992080969679964],[-48.85219442125328,-26.991960692255308],[-48.85229711965505,-26.991368852646556],[-48.85205245782082,-26.99079808058462],[-48.85180778322932,-26.99022804710613],[-48.851072021836565,-26.990174797272587],[-48.85088743217438,-26.990160394938734],[-48.850727591788086,-26.990145231970672],[-48.85058867426029,-26.99012852897812],[-48.85046685519433,-26.990109506576164],[-48.85035830721199,-26.990087383509046],[-48.850259204937046,-26.990061379437766],[-48.85016572397124,-26.99003071583012],[-48.85007403797658,-26.989994610503288],[-48.849980321543654,-26.989952285791112],[-48.84991637943284,-26.989921214632],[-48.84985616012035,-26.989890227346862],[-48.84980068594076,-26.989859968577875],[-48.849750977229256,-26.989831082035376],[-48.84970805334649,-26.98980420961055],[-48.84967293559729,-26.989779996834493],[-48.84964664433026,-26.989759086516088],[-48.84963020086685,-26.989742123283232],[-48.8496289981051,-26.989707112895722],[-48.84963936704737,-26.989673335069604],[-48.84964978642853,-26.989644690440947],[-48.849662466717234,-26.989612427971643],[-48.849677113994545,-26.989577329237928],[-48.8496934343935,-26.98954017310939],[-48.849711133961996,-26.989501742966894],[-48.84972991682036,-26.98946281764959],[-48.84976135588312,-26.98940427960434],[-48.849796549010314,-26.989353816527302],[-48.8498398290448,-26.989308990160207],[-48.84989552687548,-26.98926735859824],[-48.84996797432117,-26.9892264835508],[-48.85006150522138,-26.989183925840987],[-48.85018044942433,-26.989137243502977],[-48.85032913969356,-26.989083999099897],[-48.85051190782658,-26.989021751533258],[-48.85071280690533,-26.988953776134256],[-48.850872226900684,-26.98889711559428],[-48.850998024915334,-26.98884666363815],[-48.85109806201412,-26.988797314894715],[-48.85118019622339,-26.98874396300236],[-48.85125228854738,-26.98868150251846],[-48.85132219593643,-26.988604827917406],[-48.85139777932084,-26.988508834618685],[-48.85148689762377,-26.988388415284113],[-48.85178410795044,-26.987983219835435],[-48.8521380135785,-26.988336702425425],[-48.85220727512303,-26.98840825253161],[-48.85227159505536,-26.988479455614627],[-48.852330384618014,-26.988549485955016],[-48.852383054060766,-26.988617516915966],[-48.85242901559394,-26.988682724598092],[-48.85246768047047,-26.988744282379766],[-48.85249845990799,-26.98880136544329],[-48.85252076515825,-26.988853147165806],[-48.852534008446405,-26.988898802743197],[-48.852544211453186,-26.98893888875905],[-48.85255889458309,-26.98898171984593],[-48.852577474588195,-26.989026233910543],[-48.852599365232535,-26.989071367009025],[-48.85262398527989,-26.989116057078686],[-48.85265074949818,-26.989159240191196],[-48.85267907362622,-26.989199854238194],[-48.85270837544923,-26.989236835337888],[-48.85273807071911,-26.98926912048041],[-48.85276888476013,-26.98930328630401],[-48.85280140327499,-26.989345676282003],[-48.85283483395391,-26.989394884898434],[-48.852868380507424,-26.989449503869906],[-48.85290124765029,-26.989508124928943],[-48.852932643080976,-26.989569341659163],[-48.85296177149049,-26.98963174669638],[-48.852987837583804,-26.989693931774635],[-48.85301004705292,-26.98975448954583],[-48.853120065497144,-26.990077417885697],[-48.853643027475904,-26.990156105509485],[-48.85374423776692,-26.990170301447712],[-48.85385435100719,-26.99018399400261],[-48.853970515991236,-26.990196931239623],[-48.85408988354178,-26.990208860360838],[-48.85420960248128,-26.990219527644584],[-48.85432682260215,-26.99022868119848],[-48.85443869372848,-26.9902360673349],[-48.8545423656482,-26.990241434179328],[-48.85463498615083,-26.990244528931438],[-48.85472734781508,-26.990248257738294],[-48.85483078347732,-26.990255459137128],[-48.85494243006283,-26.99026576370591],[-48.85505942848965,-26.99027880389557],[-48.85517891467199,-26.99029421028441],[-48.85529802752488,-26.99031161440832],[-48.8554139069666,-26.990330647827868],[-48.855523688899716,-26.990350941149178],[-48.85562451321662,-26.99037212685225],[-48.85614506051409,-26.99048924695918],[-48.85618634289709,-26.990738551836117],[-48.856194438934814,-26.990790531031067],[-48.85620332576988,-26.990853613820867],[-48.85621277161824,-26.990925785937566],[-48.85622254665797,-26.991005035850616],[-48.856232417123344,-26.99108934745704],[-48.85624215218355,-26.9911767092111],[-48.85625152006801,-26.99126510594285],[-48.85626028794679,-26.991352525173763],[-48.85626822604461,-26.991436952666934],[-48.85630798597532,-26.991886775852144],[-48.85530120765569,-26.992581056307074],[-48.855018302192114,-26.992777327535865],[-48.85478212553752,-26.992945933913514],[-48.854580946044585,-26.99309730481203],[-48.85440303294537,-26.993241866800364],[-48.85423665126852,-26.9933900481057],[-48.854070070937304,-26.993552277864733],[-48.85389155775194,-26.993738983283333],[-48.85368938037867,-26.99396059154164],[-48.853451805248845,-26.9942275306014],[-48.85260998970061,-26.995180478832953],[-48.85274434357169,-26.995484557357678],[-48.85278418283386,-26.995569421636297],[-48.852826668347184,-26.995643700393106],[-48.852877141165116,-26.99571192520485],[-48.85294094336676,-26.99577862765604],[-48.85302341703546,-26.99584834022176],[-48.853129903310304,-26.995925593540044],[-48.85326574432622,-26.996014920946244],[-48.853436283315474,-26.9961208539526],[-48.853646860581925,-26.996247923077984],[-48.853795206658766,-26.996337851213102],[-48.85395560505442,-26.996437072539592],[-48.85412394925468,-26.996542943341122],[-48.8542961296444,-26.996652822578252],[-48.854468037618595,-26.996764067440196],[-48.85463556651955,-26.996874036969583],[-48.85479460670449,-26.996980086571636],[-48.85494105042962,-26.997079576209288],[-48.8550707889704,-26.99716986313643],[-48.85519957975622,-26.997258501116892],[-48.85534327979182,-26.997353694261733],[-48.855497945280185,-26.997453033303994],[-48.85565963335601,-26.99755411171153],[-48.85582440218522,-26.997654520275926],[-48.85598830787361,-26.99775185067687],[-48.85614740747172,-26.997843696430554],[-48.85629775805523,-26.9979276483626],[-48.85643541666034,-26.998001298215307],[-48.85656459121189,-26.99807012949612],[-48.856685440835946,-26.998137383670795],[-48.8567961203811,-26.99820186215534],[-48.85689478368096,-26.998262366353828],[-48.85697958459741,-26.998317695867982],[-48.857048677927324,-26.998366653924236],[-48.85710021754477,-26.998408039221264],[-48.85713235623301,-26.99844065495021],[-48.85714324987049,-26.99846330073372],[-48.85710801625925,-26.99854113739746],[-48.8570120348147,-26.998601374423],[-48.8568647100568,-26.998643760417604],[-48.856675440564665,-26.998668042071536],[-48.856453629953805,-26.998673968868246],[-48.85620867986091,-26.998661290294425],[-48.85594998997906,-26.998629753150944],[-48.855686963982045,-26.998579107069727],[-48.855429002526456,-26.998509100802572],[-48.85531067633633,-26.998474107236415],[-48.85516310029873,-26.998434326239245],[-48.85499117450513,-26.998390890069082],[-48.854799800027685,-26.99834493191043],[-48.85459387495488,-26.998297582211478],[-48.85437830133614,-26.99824997421057],[-48.85415797819812,-26.998203240224033],[-48.853937804565525,-26.998158511694747],[-48.8537226824316,-26.998116921945567],[-48.85342961018979,-26.998062972795054],[-48.8531756355587,-26.9980187675478],[-48.85295380397552,-26.997983556009817],[-48.852757162945366,-26.997956587048137],[-48.85257875597286,-26.997937109414487],[-48.8524116306125,-26.99792437187859],[-48.852248832402616,-26.99791762404516],[-48.85208340690925,-26.99791611458384],[-48.85190839970561,-26.997919092131593],[-48.85169085677927,-26.99792711707945],[-48.851504016802124,-26.997940057538454],[-48.851342358779824,-26.997959504406257],[-48.8512003647037,-26.99798705038962],[-48.851072516562354,-26.99802428816277],[-48.85095329534912,-26.99807280945622],[-48.85083718098947,-26.998134208669875],[-48.85071865650167,-26.998210075718763],[-48.850592201775214,-26.998302004962735],[-48.85050028335091,-26.99838809600779],[-48.85037593194668,-26.99852689243401],[-48.85023066728938,-26.998702956124536],[-48.85007601119747,-26.998900849935595],[-48.849923483639515,-26.999105135846516],[-48.849784605741895,-26.9993003768147],[-48.849670898787075,-26.999471135850936],[-48.84959388415228,-26.999601976902657],[-48.84956508331875,-26.99967746031253],[-48.84957314884863,-26.9997011464115],[-48.849604295300665,-26.999732329921912],[-48.84964169112941,-26.999755576752825],[-48.84967505180224,-26.999770626974627],[-48.84969936252302,-26.999778778498392],[-48.849753940098545,-26.999787465271638],[-48.84984001313589,-26.9997862850436],[-48.849968351887284,-26.999773425753354],[-48.85014973061978,-26.999747074425354],[-48.85039492049623,-26.999705419730773],[-48.850714692645504,-26.9996466483786],[-48.85111982114413,-26.999568946009493],[-48.851621076895775,-26.999470499747105],[-48.85222923064143,-26.999349497270533],[-48.85245422051151,-26.9993059605088],[-48.85265982348356,-26.999270626458642],[-48.85285945560239,-26.99924252382407],[-48.85306652889936,-26.999220679362423],[-48.85329445938942,-26.999204121615936],[-48.85355666011317,-26.999191876279927],[-48.85386654506801,-26.999182971651578],[-48.85423752726628,-26.999176434951224],[-48.85468302276649,-26.99917129233194],[-48.85523487995243,-26.99916761119044],[-48.85569069393688,-26.99917060591011],[-48.85606533578746,-26.99918231782311],[-48.856373673570225,-26.999204787897895],[-48.85663057935931,-26.99924005872879],[-48.85685092124809,-26.999290170866917],[-48.8570495703548,-26.99935716568121],[-48.85724139583394,-26.99944308350901],[-48.85744126887335,-26.99954996644032],[-48.857549549631216,-26.999617193877917],[-48.857633337353725,-26.99968346832566],[-48.85769293234615,-26.99975053709443],[-48.85772863090684,-26.99982014651873],[-48.85774073233973,-26.999894043868593],[-48.85772953495603,-26.999973975484206],[-48.857695336053546,-27.00006168767838],[-48.85763843590777,-27.000158928602556],[-48.8575591298135,-27.000267442711152],[-48.85737690689399,-27.0004983680984],[-48.85551709043037,-27.000468576378903],[-48.85365727574442,-27.000438760123078],[-48.852912657508845,-27.00061847750284],[-48.852778944009025,-27.000650952412517],[-48.85265211289739,-27.000682301152043],[-48.85253438599425,-27.000711925883753],[-48.85242798613084,-27.00073922879159],[-48.85233513412692,-27.00076361203315],[-48.852258052784194,-27.000784479603773],[-48.85219896297634,-27.00080123095701],[-48.85216008547332,-27.000813270956986],[-48.85213834464239,-27.000827900734468],[-48.85212510756517,-27.000864130308287],[-48.85211755245399,-27.00089094248724],[-48.85210963027811,-27.00092254215925],[-48.85210153276233,-27.000958171454492],[-48.85209345064183,-27.000997071585637],[-48.85208557767399,-27.001038483811556],[-48.85207810355355,-27.001081651134175],[-48.85206941454764,-27.001146062446974],[-48.85206663125968,-27.001203808747544],[-48.852070822029326,-27.0012575731725],[-48.85208305412083,-27.001310042450854],[-48.85210439789071,-27.001363899747282],[-48.85213592062652,-27.00142183088489],[-48.85217868963962,-27.001486520781874],[-48.85223377428269,-27.001560653481572],[-48.85230224188998,-27.001646913894774],[-48.85235457488655,-27.001712740539215],[-48.85241422504764,-27.001789720652432],[-48.852479477224925,-27.001875542979676],[-48.85254861827728,-27.00196789629892],[-48.85261993206702,-27.002064467540094],[-48.852691704391596,-27.002162947275465],[-48.852762220081416,-27.00226102335821],[-48.85282976496268,-27.002356383659652],[-48.852892622819326,-27.002446716925288],[-48.85322100941263,-27.00292189002068],[-48.85400376314366,-27.00306690725279],[-48.8541521788718,-27.00309618493339],[-48.85430797769315,-27.003129924037665],[-48.8544674544439,-27.003167144845072],[-48.85462690091081,-27.003206868506908],[-48.85478261190787,-27.00324811533435],[-48.85493088020536,-27.00328990652579],[-48.8550679995689,-27.00333126330893],[-48.85519026276315,-27.00337120600578],[-48.85529396454091,-27.00340875587951],[-48.855387239149536,-27.00344420291637],[-48.85547999093038,-27.003477632097297],[-48.85557031926137,-27.003508482012013],[-48.85565632448948,-27.003536193074552],[-48.85573610697558,-27.003560204800987],[-48.85580776808531,-27.003579956726142],[-48.85586940715143,-27.003594889259016],[-48.855919125555396,-27.003604441036302],[-48.85595502363863,-27.00360805248376],[-48.855989249344375,-27.003610649334433],[-48.85603415206638,-27.00361726686897],[-48.85608813336896,-27.003627507111457],[-48.85614959782154,-27.003640973034695],[-48.856216948968935,-27.003657268499797],[-48.85628859037202,-27.003675996467756],[-48.85636292360988,-27.003696758067104],[-48.85643835321273,-27.00371915808432],[-48.85651328176243,-27.003742797669524],[-48.85658913241165,-27.003766427787745],[-48.85666721744681,-27.00378880132328],[-48.856745777994085,-27.00380953231137],[-48.856823052189554,-27.003828232940627],[-48.8568972811885,-27.003844515449305],[-48.856966705119945,-27.003857992966108],[-48.857029563138425,-27.003868276802915],[-48.85708409538793,-27.003874979191462],[-48.85712854097114,-27.003877714154168],[-48.85717302082025,-27.003880076897854],[-48.85722763385101,-27.003885708307973],[-48.85729059274947,-27.003894287867308],[-48.857360108221556,-27.00390549322513],[-48.85743439194554,-27.00391900385282],[-48.857511654591214,-27.00393449920959],[-48.857590108858275,-27.00395165788655],[-48.85766796440546,-27.003970159334926],[-48.85774343392806,-27.00398968215349],[-48.85785196269368,-27.004020992554477],[-48.85795064293746,-27.004055543692317],[-48.85804425422247,-27.004096372959438],[-48.85813757819347,-27.004146515059357],[-48.858235394413484,-27.0042090091641],[-48.85834248559321,-27.004286889065938],[-48.85846363035971,-27.004383192992655],[-48.85860361043718,-27.004500957395813],[-48.85876720661363,-27.00464321778679],[-48.85887826986566,-27.00474185261832],[-48.85898294810659,-27.004836151305717],[-48.85907945057165,-27.004924430572125],[-48.859165988569906,-27.005005003565596],[-48.85924077437686,-27.005076185256122],[-48.859302018249885,-27.00513629058403],[-48.85934793246076,-27.005183634519813],[-48.85938167162902,-27.00522491455351],[-48.85936641720593,-27.005262787408505],[-48.859342782341656,-27.00528628801315],[-48.859311340610304,-27.005314596594264],[-48.85927300532727,-27.005346942771542],[-48.85922868984258,-27.005382554360036],[-48.8591793054417,-27.00542066185136],[-48.85912576646787,-27.005460493979296],[-48.859068985269126,-27.005501278545943],[-48.858752224661,-27.005725612871696],[-48.858222953964685,-27.005296815186114],[-48.858099592062366,-27.00519928060614],[-48.85798175151963,-27.005111000979454],[-48.85786811303524,-27.005031199964336],[-48.85775736136314,-27.004959100373895],[-48.85764817822628,-27.00489392587352],[-48.857539246327555,-27.004834901944495],[-48.85742924844442,-27.004781250455512],[-48.857316867308434,-27.004732195978008],[-48.857200785690466,-27.004686961274935],[-48.85710642772459,-27.00465128229345],[-48.85700546780192,-27.004611494835796],[-48.856900440473076,-27.00456868344524],[-48.85679388238136,-27.00452392819126],[-48.85668832608154,-27.004478311795758],[-48.856586309173146,-27.004432916162195],[-48.85649036520127,-27.004388824041627],[-48.856403029734864,-27.00434711731949],[-48.85632683732925,-27.00430887787051],[-48.85625525187676,-27.004273480955813],[-48.85618118958314,-27.00423996227191],[-48.85610635635622,-27.00420889740184],[-48.856032462111884,-27.004180862895645],[-48.85596121677978,-27.004156434404504],[-48.8558943272993,-27.004136185732346],[-48.85583350255383,-27.004120694325533],[-48.85578045349158,-27.004110534956613],[-48.85573688600759,-27.004106283225184],[-48.85563227510758,-27.004096205881332],[-48.855496893286436,-27.00407200974012],[-48.85533995972299,-27.004036390068364],[-48.855170696656906,-27.00399203949942],[-48.85499832526111,-27.003941652493317],[-48.854832064695024,-27.003887921717226],[-48.85468113708604,-27.003833540827586],[-48.854554762494786,-27.0037812043865],[-48.8544621619945,-27.00373360518829],[-48.854429151538504,-27.00371460668016],[-48.854389701583976,-27.003693932498805],[-48.854345039252216,-27.003672115754075],[-48.85429639070732,-27.003649686834603],[-48.85424498311878,-27.003627176145518],[-48.854192043602765,-27.003605116800124],[-48.8541387983175,-27.003584039191338],[-48.854086475416516,-27.00356447464674],[-48.854036301036984,-27.0035469544649],[-48.85377122943835,-27.003458341776764],[-48.85373417354426,-27.003906932549537],[-48.85372588862741,-27.004079669898957],[-48.85373012846538,-27.004251017903822],[-48.85374707699398,-27.004421692331686],[-48.85377691611828,-27.004592409818176],[-48.85381982880364,-27.00476388430393],[-48.853875999981064,-27.00493683246324],[-48.85394560956585,-27.00511196998752],[-48.85402884355526,-27.005290010851848],[-48.854125881839764,-27.00547167254405],[-48.854166473664264,-27.005547364316882],[-48.85420448587965,-27.005626893839192],[-48.854239578872765,-27.005709256887332],[-48.85427141301072,-27.005793450139937],[-48.85429964666104,-27.005878469342683],[-48.8543239402208,-27.005963309369662],[-48.85434395306106,-27.00604696598166],[-48.85435934555877,-27.006128434954643],[-48.85436977708281,-27.006206712048886],[-48.8544102120876,-27.00658106497827],[-48.85413797261291,-27.006644039303133],[-48.854087387507946,-27.006655283115403],[-48.85403598653096,-27.006665824073718],[-48.85398490245459,-27.00667548811605],[-48.853935267130524,-27.006684096655533],[-48.853888213366716,-27.00669147382898],[-48.85384487298139,-27.006697442857025],[-48.85380637880023,-27.006701826976805],[-48.85377386264162,-27.006704449410957],[-48.8537484563237,-27.006705133382475],[-48.85367905759226,-27.00667891514248],[-48.853577182925285,-27.00660712452539],[-48.85345035373468,-27.006497615836558],[-48.853306088352475,-27.00635824605215],[-48.85315190814087,-27.00619686950755],[-48.852995332344214,-27.006021342337586],[-48.852843881129466,-27.005839520720787],[-48.85270507257628,-27.005659259929992],[-48.85258642768402,-27.005488416209197],[-48.852340413105765,-27.005107803973058],[-48.852449881642066,-27.00475657724992],[-48.85247179010225,-27.004689971470487],[-48.85249647938096,-27.00462034145801],[-48.85252326959567,-27.004549319361967],[-48.85255148385452,-27.004478539182966],[-48.85258044223036,-27.004409635778526],[-48.852609465875524,-27.00434424041339],[-48.85263787688445,-27.00428398797739],[-48.85266499636468,-27.004230512443506],[-48.85269014645074,-27.00418544689857],[-48.85271499619469,-27.00414192272269],[-48.85274124804545,-27.004092903941512],[-48.85276826928546,-27.004039768023112],[-48.85279542619234,-27.003983892420777],[-48.85282208699223,-27.003926658228142],[-48.85284761900963,-27.003869441110744],[-48.852871389486104,-27.003813621245932],[-48.85289276469271,-27.00376057699172],[-48.852911112917106,-27.003711686737386],[-48.85293514292781,-27.003640562882044],[-48.852952038902124,-27.003579392035984],[-48.85296129873777,-27.003524694690793],[-48.852962421335945,-27.003472991352037],[-48.852954904589275,-27.00342080250845],[-48.85293824640873,-27.003364647744885],[-48.85291194670662,-27.003301047577335],[-48.85287550236349,-27.003226523375954],[-48.85282841334338,-27.003137593848127],[-48.85278017005192,-27.003051830668966],[-48.852734209717454,-27.002979381438138],[-48.852687322752324,-27.002917575496863],[-48.852636298555865,-27.00286374306932],[-48.85257792655391,-27.002815213473077],[-48.85250899718873,-27.002769316035312],[-48.852426299888464,-27.002723380962284],[-48.852326625153054,-27.002674735758667],[-48.85220676039227,-27.00262071238046],[-48.851996953355226,-27.002523954292588],[-48.85178891091867,-27.002418819800518],[-48.85158330701454,-27.002305739753204],[-48.85138081054882,-27.002185144023972],[-48.85118209542187,-27.002057464370722],[-48.85098783049034,-27.001923132477568],[-48.850798687658916,-27.001782578273215],[-48.85061533878999,-27.001636233493407],[-48.850438455754976,-27.00148452897407],[-48.85032891729453,-27.001390566182483],[-48.85021601672936,-27.001300799973926],[-48.85009784963449,-27.001214025329205],[-48.84997250657637,-27.001129036243697],[-48.84983808219529,-27.001044624962685],[-48.84969266907702,-27.000959586399105],[-48.8495343608443,-27.000872714569574],[-48.849361250144035,-27.000782802562014],[-48.84917143061217,-27.00068864527135],[-48.848944516152336,-27.000579420013455],[-48.84875722748425,-27.000491965686635],[-48.84860194400886,-27.00042383309903],[-48.84847104417496,-27.00037257388997],[-48.8483569085159,-27.00033573878615],[-48.84825191560528,-27.000310877550234],[-48.848148446004956,-27.00029554265777],[-48.8480388773065,-27.000287284711494],[-48.84791559115954,-27.000283653449753],[-48.847800653949726,-27.00028304574566],[-48.84770126784872,-27.000285745876145],[-48.84761394363017,-27.000292561510904],[-48.84753518899475,-27.000304302967592],[-48.847461514715626,-27.00032177789348],[-48.8473894285252,-27.00034579478343],[-48.84731544115654,-27.00037716307313],[-48.84723606234679,-27.000416691272783],[-48.8471477998101,-27.000465187852953],[-48.84708870367019,-27.000499643638378],[-48.84703295324889,-27.000533471882562],[-48.8469815043034,-27.00056600402336],[-48.84693531655303,-27.00059657517023],[-48.84689534978749,-27.000624516824683],[-48.84686255970005,-27.00064916403587],[-48.84683012736101,-27.00067787697604],[-48.84682904094353,-27.000714005677768],[-48.846859490551466,-27.000739697439855],[-48.84689044693498,-27.000761424217842],[-48.8469282638745,-27.000785873985784],[-48.84697203461183,-27.000812466115907],[-48.847020854419426,-27.000840619109212],[-48.84707381450512,-27.000869753210157],[-48.84713001015536,-27.000899286018985],[-48.847262506627175,-27.00098022013263],[-48.84739030164146,-27.00108572724774],[-48.84751364614649,-27.001216176720508],[-48.84763279209337,-27.001371937920762],[-48.84774799040473,-27.00155338110346],[-48.84785949102661,-27.00176087470211],[-48.84796754589896,-27.00199478808176],[-48.848072405917236,-27.002255492395008],[-48.848174322043064,-27.002543355184212],[-48.84839486375665,-27.003204766695397],[-48.84936869556267,-27.003832405924427],[-48.849864450275696,-27.004161990945768],[-48.8503025950433,-27.00447491038186],[-48.8506795377388,-27.004767593837876],[-48.85099168222158,-27.005036469013774],[-48.85123543536399,-27.005277964503907],[-48.85140720308645,-27.00548850791571],[-48.851503391345496,-27.005664528575544],[-48.851520405212234,-27.005802454789595],[-48.851454651948025,-27.00589871297],[-48.85142477554321,-27.005910617480257],[-48.85137464255139,-27.005919815874535],[-48.85130487190564,-27.00592629230685],[-48.85121608349842,-27.005930033646198],[-48.85110889626972,-27.005931024033398],[-48.850983929094134,-27.005929251212855],[-48.85084179992775,-27.005924698397905],[-48.850683129682615,-27.005917352453118],[-48.850508536268784,-27.005907199291684],[-48.850303314635944,-27.005893231892347],[-48.85012928034401,-27.005879381205162],[-48.84998385205504,-27.00586522347117],[-48.84986444649067,-27.00585033126275],[-48.84976848230528,-27.005834281670072],[-48.84969337619327,-27.005816649026286],[-48.849636547890235,-27.005797006792953],[-48.84959541305281,-27.005774931064796],[-48.84956739239235,-27.00574999710232],[-48.84936806747182,-27.005519403482463],[-48.84915046261323,-27.00527674305029],[-48.848922634274246,-27.005030269271586],[-48.848692636733595,-27.004788237427423],[-48.84846852618427,-27.00455890107],[-48.84825835666001,-27.00435051466723],[-48.848070184100294,-27.004171332757142],[-48.84791206335904,-27.004029609893074],[-48.847792049253904,-27.003933600646405],[-48.84763447561514,-27.00381126846637],[-48.84749168653258,-27.003681012718104],[-48.84736421612814,-27.003543670991814],[-48.84725259856342,-27.00340007816736],[-48.8471573679203,-27.003251072729373],[-48.84707905729785,-27.003097491337854],[-48.84701820178347,-27.00294017158057],[-48.84697533447678,-27.00277994920414],[-48.84695098944368,-27.002617661768568],[-48.84694252233502,-27.002545439335094],[-48.846930116027146,-27.00246792137151],[-48.846914275257795,-27.002387065858272],[-48.846895504797786,-27.002304828971344],[-48.84687430837426,-27.002223168675748],[-48.846851191760706,-27.002144041162904],[-48.84682665867892,-27.00206940439803],[-48.846801214896544,-27.002001214572836],[-48.84677536513653,-27.00194142966835],[-48.846634325534076,-27.00164167860392],[-48.8462238756207,-27.001635073787856],[-48.84596864366783,-27.001653577514748],[-48.845640667268846,-27.001711638202845],[-48.845259792413806,-27.001802831907277],[-48.84484586713389,-27.00192073485351],[-48.8444187375119,-27.002058925245596],[-48.843998250825805,-27.002210979739566],[-48.84360425250769,-27.00237047611045],[-48.843256592215724,-27.00253099241996],[-48.842975114777154,-27.002686105923303],[-48.84280685548969,-27.0027926373444],[-48.84267174854864,-27.00288263041851],[-48.84256881371532,-27.00295719652482],[-48.84249706969383,-27.00301744790162],[-48.84245553521157,-27.00306449405565],[-48.84244322994438,-27.00309944629076],[-48.842459172540664,-27.003123415875116],[-48.84250238164947,-27.003137513156556],[-48.84257187687967,-27.003142850286938],[-48.842640327213005,-27.003163811360206],[-48.84271120746406,-27.003224253439345],[-48.842784322016946,-27.00332376650772],[-48.84285947530758,-27.003461937841895],[-48.84293647069521,-27.003638358311818],[-48.84301511462847,-27.003852615224694],[-48.843095209490855,-27.004104297630395],[-48.84317655967789,-27.004392994609553],[-48.843258970589375,-27.004718295258076],[-48.84331008750739,-27.004924554071604],[-48.843357467505086,-27.005103217343468],[-48.84340232432208,-27.005257520107428],[-48.84344587271855,-27.00539069741143],[-48.84348932340203,-27.005505986044856],[-48.843533892176914,-27.00560662016632],[-48.84358079181626,-27.005695834789144],[-48.843631234058456,-27.00577686671415],[-48.843686434712446,-27.005852950997784],[-48.84373063540068,-27.005910175531714],[-48.84378069703649,-27.005975210528838],[-48.84383520796585,-27.00604621406279],[-48.84389275760556,-27.006121340615213],[-48.84395193430711,-27.006198747360642],[-48.84401132646645,-27.006276588768877],[-48.8440695223859,-27.006353023822808],[-48.844125112478295,-27.006426206124807],[-48.84417668405898,-27.006494292841573],[-48.84423242884249,-27.00656470866398],[-48.844300047202495,-27.006644598198907],[-48.84437738594375,-27.006731696630695],[-48.84446229585738,-27.006823741011672],[-48.84455262574344,-27.006918466562105],[-48.844646225361686,-27.007013610326066],[-48.844740943450304,-27.007106909336873],[-48.84483462878455,-27.007196097926123],[-48.844925130073875,-27.007278913137014],[-48.845405568234305,-27.007709932140013],[-48.845264780415896,-27.008056208278038],[-48.84512397656214,-27.008403223108832],[-48.845321888260166,-27.00903911491185],[-48.84537899631042,-27.009215321046813],[-48.84543520740413,-27.009371157983225],[-48.845495643599946,-27.009515680179035],[-48.84556542802206,-27.009657941198174],[-48.84564968184132,-27.00980699366203],[-48.84575352824632,-27.00997189291628],[-48.84588208952611,-27.010161692468305],[-48.84604048806954,-27.010385445800356],[-48.846233845374975,-27.01065220724812],[-48.84643644702808,-27.01092917433963],[-48.846602566143076,-27.01115169420088],[-48.846740233227955,-27.011328198915002],[-48.846857479010566,-27.011467117814586],[-48.846962335278775,-27.011576883824176],[-48.84706283498318,-27.011665926250075],[-48.847167007091706,-27.011742675218162],[-48.847282885609744,-27.011815563616505],[-48.84741850166013,-27.011893019750147],[-48.84750817789369,-27.01194376023931],[-48.847601968202234,-27.01199852005281],[-48.847697672492615,-27.012055899190365],[-48.84779308663341,-27.012114497595416],[-48.84788600950568,-27.01217291526306],[-48.847974236924834,-27.01222975395181],[-48.84805556877832,-27.01228361277987],[-48.84812780190698,-27.01233309172535],[-48.84818873311158,-27.01237679257343],[-48.84848669556061,-27.01259766514081],[-48.84843347219302,-27.013233214802188],[-48.848380247964094,-27.013868764354743],[-48.8487031614394,-27.01416403858937],[-48.8487913082147,-27.01424335461087],[-48.84886518648341,-27.01430647140401],[-48.84892780143481,-27.014354789535048],[-48.848982158259254,-27.01438971046482],[-48.84903126019727,-27.014412632910947],[-48.84907811346886,-27.014424958339145],[-48.84912572131208,-27.01442808636066],[-48.84917708995548,-27.01442341843326],[-48.84923522363141,-27.01441235507717],[-48.84929384402838,-27.014397744257963],[-48.84934150569497,-27.014380903819394],[-48.84938011890431,-27.014358827008788],[-48.84941159498489,-27.014328504377886],[-48.849437842206356,-27.014286928233393],[-48.84946077190897,-27.01423108821917],[-48.849482292338095,-27.014157977539796],[-48.84950431478895,-27.014064587639727],[-48.84952874754193,-27.013947909013076],[-48.84955029366231,-27.013851907261323],[-48.84957374643447,-27.013763933324466],[-48.849599537695106,-27.013683110268776],[-48.84962810025243,-27.01360856297985],[-48.849659865940374,-27.013539414522842],[-48.84969526758168,-27.013474788879773],[-48.84973473799775,-27.01341381003188],[-48.84977870801111,-27.013355601026475],[-48.84982761143023,-27.01329928676043],[-48.849986693551784,-27.013121888824934],[-48.85013369684934,-27.01294793871205],[-48.85026816722178,-27.012778110902534],[-48.8503896475155,-27.01261308163415],[-48.85049768367032,-27.012453523580188],[-48.85059181852015,-27.01230011387666],[-48.85067159899763,-27.01215352610943],[-48.850736567971516,-27.01201443560406],[-48.850786270340855,-27.011883516810773],[-48.850919927828514,-27.01148014047661],[-48.85066697491484,-27.01111569381345],[-48.8505565440227,-27.01095141118613],[-48.85047299058752,-27.010813823655845],[-48.85041613443026,-27.010699260825742],[-48.85038579841823,-27.010604053233806],[-48.85038180341984,-27.010524532275927],[-48.85040397235987,-27.01045702846284],[-48.850452126181764,-27.01039787135847],[-48.850526086792385,-27.010343393234887],[-48.85062567616658,-27.01028992274115],[-48.85070476731656,-27.01025301927155],[-48.85077449466205,-27.010224656494884],[-48.850840481558976,-27.01020446271065],[-48.85090835239816,-27.01019206441752],[-48.85098373155062,-27.01018708900506],[-48.85107224238105,-27.01018916383462],[-48.85117950924901,-27.010197917168348],[-48.851311157546554,-27.01021297635849],[-48.85147280967224,-27.010233967777467],[-48.851721047091594,-27.01026356059122],[-48.85193091101779,-27.010279264887213],[-48.8521067999945,-27.010279886268464],[-48.85225310762104,-27.010264226604548],[-48.852374231477015,-27.010231091397394],[-48.85247456820166,-27.010179283397157],[-48.85255851241257,-27.010107606202734],[-48.85263046173606,-27.01001486434395],[-48.85269481280538,-27.009899861419683],[-48.85271369577718,-27.009863560949658],[-48.85273382695016,-27.009829442766073],[-48.85275471195263,-27.009798071502786],[-48.852775858445696,-27.00977001092253],[-48.85279677001089,-27.0097458274336],[-48.85281695332099,-27.00972608388178],[-48.85283591501503,-27.009711344917715],[-48.85286819502475,-27.00969914198615],[-48.85291549399485,-27.00972149765668],[-48.852952567205584,-27.00974760963218],[-48.85299697510966,-27.009782334845376],[-48.853047506570675,-27.009824668406292],[-48.853102952500144,-27.00987360365202],[-48.85316210076843,-27.00992813477696],[-48.85322374125729,-27.009987256007772],[-48.85328666287147,-27.010049959752973],[-48.853631611164865,-27.010400337813817],[-48.854131338601306,-27.01040613439675],[-48.854271217678274,-27.010407189718453],[-48.85439078716016,-27.01040441117956],[-48.85449668100146,-27.010396205967854],[-48.85459553516903,-27.01038098127601],[-48.8546939836105,-27.010357144244885],[-48.854798660281624,-27.01032310109362],[-48.854916200096206,-27.01027725983978],[-48.85505323796269,-27.010218027572442],[-48.855216407767536,-27.01014381042857],[-48.855389486785896,-27.010064506917704],[-48.85552673052019,-27.010003533701553],[-48.85563468128914,-27.009959565516322],[-48.85571987839873,-27.00993127430134],[-48.855788864077795,-27.009917335619516],[-48.85584817858909,-27.00991642137262],[-48.85590436213309,-27.009927206154117],[-48.85596395695598,-27.009948362772196],[-48.85603350226838,-27.009978564880054],[-48.85610056653092,-27.01000571036339],[-48.8561711279552,-27.010026973429117],[-48.85625149732041,-27.010042656834337],[-48.8563479864504,-27.01005306153131],[-48.85646690512117,-27.01005849022432],[-48.85661456513955,-27.010059244715602],[-48.85679727728603,-27.010055627652108],[-48.85702135336289,-27.010047940737433],[-48.85729310417962,-27.01003648468384],[-48.85758747081004,-27.010022922914192],[-48.857823037199026,-27.010010141763484],[-48.858009225991545,-27.0099965087981],[-48.85815546085023,-27.009980390587494],[-48.858271164443664,-27.00996015270383],[-48.85836576039314,-27.00993416338522],[-48.858448672383425,-27.00990078722206],[-48.85852932202435,-27.009858391452845],[-48.858617134973954,-27.009805341549146],[-48.85868921752602,-27.00975818923667],[-48.85875171846768,-27.0097124966793],[-48.858805758239036,-27.009666882078466],[-48.85885245930726,-27.009619962760336],[-48.858892945160086,-27.009570355161106],[-48.85892833725037,-27.00951667658615],[-48.8589597580524,-27.009457543451955],[-48.85898832998627,-27.009391574880016],[-48.85901517553729,-27.009317386381618],[-48.8590356764443,-27.00926089389564],[-48.85905977848383,-27.009203174637076],[-48.859086748083804,-27.009145507100612],[-48.85911585467967,-27.009089170729595],[-48.8591463636808,-27.00903544490685],[-48.85917754350438,-27.008985609964135],[-48.85920866057311,-27.008940945301198],[-48.85923898334402,-27.00890272944697],[-48.85926777722025,-27.008872242689687],[-48.859420174722636,-27.008728899528567],[-48.85956656614051,-27.008886644217032],[-48.859593328369876,-27.0089193411146],[-48.859619868964835,-27.00895900273049],[-48.85964564361913,-27.009004364530032],[-48.85967010495124,-27.009054164639622],[-48.859692708667595,-27.009107137622873],[-48.85971290838941,-27.00916202162188],[-48.859730156762815,-27.009217552959054],[-48.85974390947102,-27.009272467100583],[-48.85975361912263,-27.009325502173297],[-48.85976287667589,-27.009377351726368],[-48.85977531506252,-27.009429312806752],[-48.859790464388716,-27.0094802880679],[-48.859807859812825,-27.009529179337605],[-48.85982703143813,-27.00957488926935],[-48.85984751238799,-27.00961632056266],[-48.859868835801265,-27.00965237501493],[-48.859890532783425,-27.00968195529538],[-48.859912135462835,-27.00970396318648],[-48.859997084889635,-27.009744099248863],[-48.86016167911801,-27.009798305327624],[-48.860385149432595,-27.009861614107994],[-48.86064672604434,-27.009929059197],[-48.86092563812042,-27.009995671584363],[-48.86120111767551,-27.01005648605925],[-48.86145239265972,-27.010106533895748],[-48.861658694919775,-27.010140849271732],[-48.861799252252005,-27.0101544654887],[-48.86184200750893,-27.010162056753273],[-48.86188552636803,-27.010182164453088],[-48.8619282304062,-27.010212795391837],[-48.861968541161104,-27.010251958179182],[-48.862004879208364,-27.01029765870424],[-48.86203566706348,-27.010347906496623],[-48.86205932428221,-27.010400707431675],[-48.862074274409835,-27.010454069250173],[-48.862078936941174,-27.010506000533002],[-48.86206203841087,-27.01053417314088],[-48.86201475735502,-27.010564776825255],[-48.86194062159274,-27.01059683900312],[-48.86184315993797,-27.01062938799993],[-48.86172589824064,-27.010661449385765],[-48.861592367361126,-27.01069205061448],[-48.86144609313231,-27.010720219070947],[-48.86129060542567,-27.010744982212252],[-48.86112943214143,-27.010765365674256],[-48.860802341396884,-27.01080673320355],[-48.86046720280596,-27.01085852681267],[-48.86012855920719,-27.01091969821185],[-48.85979095246549,-27.010989198237965],[-48.8594589254221,-27.01106598049483],[-48.85913702099286,-27.01114899592358],[-48.85882978210195,-27.011237196409073],[-48.85854175267369,-27.011329535693733],[-48.85827747370653,-27.011424963897245],[-48.85781289720243,-27.01160326769676],[-48.858231048308866,-27.011971087683087],[-48.858315671693504,-27.012042444012412],[-48.85841387990804,-27.012120004867466],[-48.85852277592387,-27.012201762345747],[-48.85863946167481,-27.012285709437098],[-48.85876104010346,-27.012369838251537],[-48.85888461413521,-27.01245214090733],[-48.85900728464602,-27.012530610403513],[-48.859126155533865,-27.01260323889184],[-48.859238329656826,-27.01266801941989],[-48.859344806748126,-27.012728874062716],[-48.859447779687834,-27.012790196984444],[-48.85954530860135,-27.012850670851186],[-48.859635455585774,-27.012908980168472],[-48.859716281723195,-27.012963809430108],[-48.859785847116484,-27.0130138413127],[-48.85984221285454,-27.01305775941152],[-48.859883439990334,-27.01309424912597],[-48.85990759061956,-27.01312199406417],[-48.85992854530291,-27.013156163039106],[-48.85994228536606,-27.013184596241928],[-48.85994806639698,-27.013208345485815],[-48.85993896828676,-27.013237238326724],[-48.859910244933594,-27.013262035164168],[-48.85987677549818,-27.013277591494884],[-48.859831639854065,-27.0132937357673],[-48.859774095586964,-27.01331152071311],[-48.85971329576503,-27.0133277074738],[-48.85965918097736,-27.01333711349392],[-48.85960803861753,-27.013338546105224],[-48.85955616214077,-27.013330811823284],[-48.85949984092503,-27.013312719803675],[-48.85943536539645,-27.013283077406996],[-48.85935902698244,-27.01324069290401],[-48.859267115146125,-27.013184372720726],[-48.859155921336146,-27.013112926007512],[-48.85904605131865,-27.013042613913385],[-48.85894841796098,-27.012984732762042],[-48.85885785446045,-27.01293751454073],[-48.858769195093366,-27.012899188531257],[-48.858677272119365,-27.012867984874497],[-48.85857691982452,-27.01284213372876],[-48.858462970490145,-27.01281986520642],[-48.858330257397874,-27.012799410318],[-48.85817361389242,-27.012778997342092],[-48.858056199640416,-27.012762674595912],[-48.857919321800665,-27.0127399069663],[-48.857767058382855,-27.012711587642066],[-48.85760348435304,-27.012678610679576],[-48.85743267569409,-27.012641869263405],[-48.857258708378694,-27.01260225659575],[-48.857085657343426,-27.012560666784733],[-48.85691759851932,-27.01251799397318],[-48.85675860884886,-27.012475131435387],[-48.85618164962897,-27.01231541142822],[-48.85569055104286,-27.012183224038555],[-48.855274151638056,-27.0120762115754],[-48.854921291189555,-27.011992015207564],[-48.85462081065802,-27.011928275016253],[-48.854361551077396,-27.01188263363278],[-48.854132352619125,-27.011852730845327],[-48.853922055522105,-27.01183620634791],[-48.85371950203511,-27.011830702496002],[-48.85358098915883,-27.01183846839564],[-48.853398286013466,-27.01186039176604],[-48.853186052401576,-27.01189348585221],[-48.85295894509889,-27.01193476481849],[-48.85273162598122,-27.01198124118902],[-48.85251875291744,-27.012029928424646],[-48.85233498583402,-27.012077840105633],[-48.85219498368999,-27.01212198986265],[-48.85211340547438,-27.01215939135338],[-48.85208743580051,-27.012176122445393],[-48.85204964568792,-27.012198748694814],[-48.85200156780166,-27.012226416263623],[-48.85194473576251,-27.01225827403548],[-48.851880684216944,-27.012293470007865],[-48.85181094482612,-27.01233115032942],[-48.85173705224195,-27.01237046300168],[-48.85166054011276,-27.012410556013876],[-48.851582940076426,-27.012450577327826],[-48.85143444405248,-27.01253111652234],[-48.8513081179821,-27.012609862269176],[-48.85120187135785,-27.012689344868797],[-48.851113612649954,-27.012772094589735],[-48.85104125234912,-27.01286064081552],[-48.850982698854146,-27.012957516496993],[-48.850935862640235,-27.013065250998334],[-48.85089865113736,-27.01318637453314],[-48.850868975781346,-27.01332341827381],[-48.850858410034995,-27.013379328190233],[-48.85084729837254,-27.013434644059807],[-48.85083590107611,-27.013488237240885],[-48.850824479401915,-27.013538980911914],[-48.85081329469311,-27.01358574374032],[-48.85080260617611,-27.01362739977627],[-48.85079267517865,-27.013662818589747],[-48.85077994342254,-27.01370065119865],[-48.85080006798662,-27.013791266219375],[-48.85093379741311,-27.01386290904723],[-48.851155196919215,-27.013923255283284],[-48.851442145138336,-27.01397020073055],[-48.85177252260684,-27.014001641281173],[-48.85212421174137,-27.0140154748077],[-48.852475091893346,-27.01400959752961],[-48.85280304236986,-27.01398190588208],[-48.8530859454653,-27.013930298350353],[-48.85321599908329,-27.013897561402775],[-48.85331920109473,-27.013873231223993],[-48.85339860947389,-27.013857423093746],[-48.85345728114223,-27.013850254060017],[-48.85349827506065,-27.013851839381196],[-48.853524647126044,-27.013862296062477],[-48.85353945628597,-27.013881739342708],[-48.85354576045986,-27.013910285342632],[-48.85354661655833,-27.013948050165013],[-48.85353239093156,-27.014021848599352],[-48.85349298691035,-27.01409988923875],[-48.85342902847748,-27.014181677988795],[-48.85334113561949,-27.0142667188771],[-48.85322993134479,-27.014354515966424],[-48.853096037655575,-27.01444457329443],[-48.85294007551446,-27.014536396679073],[-48.85276266694604,-27.014629489239393],[-48.85256443394476,-27.014723355892237],[-48.85242659697593,-27.014787530549977],[-48.85229929759864,-27.01485048594037],[-48.85218245959638,-27.014912257029426],[-48.85207600876653,-27.014972878811253],[-48.85197986786653,-27.015032387133466],[-48.85189396267514,-27.015090817887277],[-48.85181821699002,-27.0151482051262],[-48.85175255556408,-27.015204585623383],[-48.851696903218254,-27.01525999254072],[-48.851471382532466,-27.015505753926533],[-48.85154987311405,-27.01591845760261],[-48.85156691330602,-27.015999163132733],[-48.851586864187325,-27.016077770592606],[-48.851609313525515,-27.016153226810378],[-48.851633846081135,-27.016224477665872],[-48.8516600476198,-27.01629046905438],[-48.85168750492938,-27.016350145984404],[-48.85171580276357,-27.01640245433618],[-48.85174452787147,-27.016446340923036],[-48.851773266044304,-27.016480749836525],[-48.85181566348641,-27.016522695353924],[-48.851854195988594,-27.01655524840742],[-48.85189269327455,-27.016579060373758],[-48.85193498302382,-27.01659478439933],[-48.8519848949672,-27.01660307185213],[-48.85204625880121,-27.016604575898167],[-48.85212290323063,-27.01659994877677],[-48.85221865798205,-27.016589841827553],[-48.85233734972238,-27.01657490813099],[-48.85241222918087,-27.01656480112323],[-48.85248306595415,-27.016554854409634],[-48.852548631861495,-27.016545273075234],[-48.8526076996787,-27.01653626492888],[-48.85265903924592,-27.016528033223562],[-48.8527014243816,-27.01652078398103],[-48.852744020683154,-27.016512391793903],[-48.85281067219413,-27.016438935645027],[-48.85290071069142,-27.01632314876214],[-48.853020551913076,-27.01617418355365],[-48.853158066169506,-27.01600659158],[-48.853301120933885,-27.01583492079102],[-48.85343758774971,-27.01567372466763],[-48.85355533637093,-27.01553755220438],[-48.853642235595835,-27.015440955129314],[-48.85369706794256,-27.01539387023488],[-48.85374395452385,-27.015377669874628],[-48.853792447255124,-27.015364120211693],[-48.853851823812725,-27.015349010016884],[-48.85392045129751,-27.015332738548743],[-48.853996696794255,-27.01531570596923],[-48.854078927372164,-27.01529831334473],[-48.854165508139005,-27.015280959007278],[-48.854254808182404,-27.015264044060608],[-48.85455824556111,-27.01520776407857],[-48.85479246737301,-27.01516253546574],[-48.8549675217662,-27.015123745674124],[-48.85509345483092,-27.01508678108469],[-48.85518031664967,-27.015047028041966],[-48.855238152263446,-27.014999871846225],[-48.85527701170113,-27.014940699638483],[-48.85530694098184,-27.014864896670527],[-48.855337988099016,-27.014767849113326],[-48.855373924843725,-27.01466641416],[-48.85541379030361,-27.01457457920046],[-48.855457040103154,-27.014492994751624],[-48.855503133934754,-27.014422309587996],[-48.85555152546801,-27.01436317149054],[-48.85560167235394,-27.01431623100902],[-48.85565303127356,-27.0142821368743],[-48.85570505990054,-27.01426153873567],[-48.85576856873666,-27.014257475669766],[-48.85581146461533,-27.014273104868135],[-48.855850624158535,-27.014293992774075],[-48.855896195215784,-27.014321726195767],[-48.855946970863734,-27.014355498876732],[-48.85600174211186,-27.0143945072375],[-48.856059301026306,-27.014437945008616],[-48.856118439636234,-27.014485007726684],[-48.8561779509919,-27.01453489004319],[-48.856239505289835,-27.01458559853628],[-48.856304006123814,-27.014635500832927],[-48.85636993657853,-27.014683611781912],[-48.85643578079233,-27.01472894354322],[-48.85650001985955,-27.014770509135587],[-48.85656113784075,-27.014807324332903],[-48.85661761688099,-27.014838399467386],[-48.85666794002731,-27.014862750301823],[-48.85671059039401,-27.014879388991513],[-48.856757149860016,-27.014895257802692],[-48.8568187252748,-27.014917854001805],[-48.8568931047685,-27.014946282926047],[-48.856978074456386,-27.014979649882722],[-48.85707142444654,-27.015017062047363],[-48.8571709398577,-27.01505762381606],[-48.85727440879102,-27.01510044144021],[-48.857379618333994,-27.015144621161678],[-48.85748435660873,-27.015189267439197],[-48.85762696806776,-27.01525142245503],[-48.857745059461614,-27.01530569280312],[-48.857840971489836,-27.015353670045833],[-48.857917045912416,-27.015396943939866],[-48.85797562448661,-27.015437105130676],[-48.858019048963456,-27.01547574515546],[-48.85804966113605,-27.015514453739044],[-48.85806980075423,-27.015554822374312],[-48.858081810628036,-27.01559844079182],[-48.8580871072189,-27.015628908036497],[-48.85809100541631,-27.015658567939123],[-48.85809350993948,-27.01568685290881],[-48.858094625456395,-27.015713198061377],[-48.85809353100701,-27.015747417155755],[-48.858085283555376,-27.015787841190633],[-48.8580639699758,-27.015801604661853],[-48.8580313790381,-27.01580723571339],[-48.85798349529741,-27.015812756788204],[-48.8579220714015,-27.015818042021202],[-48.8578488559183,-27.015822968191493],[-48.85776559944832,-27.01582741120703],[-48.85767405160263,-27.015831246059946],[-48.8575759629832,-27.01583434866292],[-48.85747308419262,-27.015836594932377],[-48.857355851464725,-27.01584012527786],[-48.857243826222245,-27.015846096595066],[-48.85713779929671,-27.015854410831835],[-48.857038562493926,-27.01586497175751],[-48.85694690562346,-27.015877682209954],[-48.856863619503685,-27.015892445043388],[-48.85678949493739,-27.01590916401476],[-48.85672532276326,-27.01592774107669],[-48.85667189477777,-27.015948080903375],[-48.85644265528498,-27.016049488676835],[-48.85643112911331,-27.016626510209736],[-48.856428903334425,-27.016789776239076],[-48.85643047498693,-27.01692699936121],[-48.8564375049766,-27.01704564855638],[-48.856451653202136,-27.01715319278821],[-48.856474577550735,-27.017257100987855],[-48.856507937897725,-27.01736484391916],[-48.85655339621585,-27.01748388876467],[-48.85661260937793,-27.017621707137202],[-48.85668723941178,-27.01778576621013],[-48.85673559050717,-27.017890293478928],[-48.85678189233139,-27.01798950097635],[-48.85682530923575,-27.01808165223661],[-48.85686500558448,-27.018165009892414],[-48.85690014473125,-27.018237836561624],[-48.85692989202537,-27.018298395795387],[-48.856953410801005,-27.018344951114322],[-48.85696986543523,-27.01837576424972],[-48.85700348287691,-27.018388294447867],[-48.85706749736658,-27.01837836432751],[-48.8571666795315,-27.01836007467995],[-48.85729724813747,-27.018334193641287],[-48.85745541996372,-27.018301487503386],[-48.8576374117188,-27.018262726166014],[-48.857839441205485,-27.018218675039382],[-48.85805772414758,-27.01817010312421],[-48.858288480322265,-27.018117778597645],[-48.858520881185285,-27.018065380333738],[-48.85874340655454,-27.01801613183307],[-48.858952041362905,-27.017970861921576],[-48.8591427684516,-27.017930403926645],[-48.85931157577333,-27.017895587659655],[-48.859454445205735,-27.01786724465495],[-48.85956736368018,-27.017846205624544],[-48.85964631407737,-27.017833302116497],[-48.85969929138331,-27.017831392090276],[-48.859741406378284,-27.017843080677547],[-48.85977659339249,-27.01785781900072],[-48.85981585091632,-27.017877098237967],[-48.859858171318244,-27.017900385942067],[-48.8599025429705,-27.017927147800933],[-48.85994795827346,-27.017956849564825],[-48.85999340759381,-27.017988957856815],[-48.8600378813134,-27.018022938398836],[-48.86014872120398,-27.01810445546963],[-48.860249888915334,-27.01816288786987],[-48.860344910801324,-27.018197723363418],[-48.86043731215154,-27.01820845329755],[-48.860530619301215,-27.01819456722072],[-48.86062835858201,-27.01815555467162],[-48.8607340542822,-27.01809090604951],[-48.860851234699894,-27.018000111801854],[-48.86098342409269,-27.017882661396733],[-48.861051175374705,-27.017822095427263],[-48.8611209349681,-27.017763809834126],[-48.86119112377063,-27.017708874432582],[-48.86126016367611,-27.017658359958926],[-48.861326476549316,-27.017613338957347],[-48.861388482278805,-27.017574882140043],[-48.86144460278805,-27.01754405935031],[-48.86149326097523,-27.017521942253172],[-48.86153287569191,-27.017509603355798],[-48.86158551967521,-27.017500119303296],[-48.86162840874947,-27.017495893829473],[-48.86166318838447,-27.017498311986024],[-48.861691504083296,-27.017508757016916],[-48.861715001296986,-27.017528614870308],[-48.86173532552757,-27.017559268785885],[-48.86175412123604,-27.0176021037912],[-48.86177303489995,-27.017658504943533],[-48.861793709995304,-27.01772985635118],[-48.86180755345685,-27.017791989780118],[-48.861818235964115,-27.017867051128654],[-48.86182573986441,-27.017954535639436],[-48.861830048526976,-27.018053937667904],[-48.8618311433211,-27.018164750636227],[-48.86182900861895,-27.018286468914372],[-48.86182362677593,-27.018418586841335],[-48.86181498117007,-27.01856059786888],[-48.8618030541191,-27.018711998139736],[-48.861784432888484,-27.01891832124838],[-48.86176721185081,-27.019084066410873],[-48.86174940245577,-27.019215908888597],[-48.861729014188086,-27.019320520300575],[-48.86170405744165,-27.0194045767898],[-48.86167254265197,-27.019474751789826],[-48.86163248024553,-27.019537718730934],[-48.861581881645,-27.019600151054217],[-48.86151875620836,-27.01966872396852],[-48.86147325506949,-27.01971318669674],[-48.8614189092434,-27.01976027301807],[-48.861357413306706,-27.019808829121516],[-48.86129046388967,-27.019857699424186],[-48.86121975759377,-27.019905730150487],[-48.861146989028605,-27.019951766595288],[-48.86107385482438,-27.01999465408785],[-48.86100205059235,-27.02003323884818],[-48.86093327297314,-27.020066366213126],[-48.8608633352021,-27.02009945515341],[-48.86078819217229,-27.02013746741858],[-48.860709736003365,-27.02017930094458],[-48.8606298588539,-27.02022385186705],[-48.860550452853865,-27.020270018130628],[-48.86047340913181,-27.02031669766932],[-48.86040062087127,-27.0203627866477],[-48.86033398020286,-27.02040718392577],[-48.86027537828905,-27.020448786546954],[-48.860190998279194,-27.020509882588687],[-48.86012001360385,-27.02055777491969],[-48.86005808964896,-27.020593613306133],[-48.86000089181999,-27.020618545698674],[-48.85994408549564,-27.02063372094161],[-48.85988333705657,-27.02064028788701],[-48.85981431187411,-27.020639395363737],[-48.85973267431285,-27.02063219217572],[-48.859634090754795,-27.020619827144827],[-48.85953751517112,-27.020607427603295],[-48.85945817817602,-27.02059979987904],[-48.85939277412766,-27.02059771137732],[-48.859337995321475,-27.020601932168493],[-48.859290535062605,-27.020613232330195],[-48.859247087698506,-27.02063238014497],[-48.859204345543574,-27.020660144762015],[-48.859159001898895,-27.020697296243785],[-48.85910775007644,-27.02074460374568],[-48.859061390862855,-27.02079104165007],[-48.85902405464029,-27.02083379928116],[-48.85899503879177,-27.020875069825262],[-48.85897363767375,-27.02091704642035],[-48.858959150659665,-27.0209619231812],[-48.85895087208439,-27.021011894144575],[-48.858948099321445,-27.021069152489705],[-48.85895012873689,-27.021135891379753],[-48.85895625770458,-27.021214303992636],[-48.85896430982304,-27.021276644640228],[-48.85897648675715,-27.021338807070233],[-48.85899257465946,-27.021400271807977],[-48.85901235874281,-27.021460515754224],[-48.85903562517516,-27.02151901853158],[-48.859062161130794,-27.02157525977774],[-48.8590917507777,-27.02162871818211],[-48.859124181321796,-27.0216788715777],[-48.85915923892606,-27.021725199586616],[-48.859190244476686,-27.021763565607635],[-48.85921947246283,-27.021800710598672],[-48.859246419414234,-27.02183592386771],[-48.859270583805895,-27.021868498362508],[-48.85929146211432,-27.02189772609813],[-48.85930855187426,-27.021922896398284],[-48.859321350534785,-27.02194330309789],[-48.85933206258071,-27.021966988371947],[-48.859309860556095,-27.021986522485808],[-48.859283782774405,-27.02200170813854],[-48.85924905510899,-27.022019862253014],[-48.859206682343284,-27.02204050012956],[-48.85915766620468,-27.022063138826855],[-48.85910300942877,-27.022087295419283],[-48.85904371476951,-27.022112486079894],[-48.85898078397501,-27.02213822696765],[-48.8588461995636,-27.022198430223995],[-48.858726168575295,-27.02226679030271],[-48.858618146971885,-27.02234642091011],[-48.85851958967846,-27.0224404366272],[-48.858427953622346,-27.022551952055263],[-48.8583406927114,-27.022684080838317],[-48.85825526384113,-27.02283993756037],[-48.858169121887144,-27.02302263586448],[-48.85807972166261,-27.02323529118985],[-48.85787449917183,-27.02374704904883],[-48.857948312633425,-27.024643640976407],[-48.85796896266911,-27.024901615192906],[-48.857983634125034,-27.02510754063341],[-48.85799181408643,-27.0252696988043],[-48.85799299065333,-27.02539637122591],[-48.85798665196639,-27.025495837612652],[-48.8579722851287,-27.025576379466543],[-48.8579493782345,-27.025646279205244],[-48.857917419425505,-27.025713816537394],[-48.857875894784726,-27.025787272942495],[-48.85778970861731,-27.025938787550494],[-48.85772060250547,-27.02607170110122],[-48.857667908253354,-27.02618888959403],[-48.857630956633784,-27.026293229004416],[-48.857609076351764,-27.026387597074187],[-48.857601600196645,-27.026474867991197],[-48.85760785787447,-27.026557918598616],[-48.85762717906864,-27.026639626637312],[-48.85765889554391,-27.026722866266336],[-48.85769548402204,-27.026816003584777],[-48.85771559731548,-27.02689739697277],[-48.85771759218611,-27.026969625987096],[-48.857699826391254,-27.02703527109576],[-48.85766065567548,-27.02709691272738],[-48.857598438804246,-27.027157131345305],[-48.85751153151476,-27.027218507352618],[-48.85739829052334,-27.02728362205271],[-48.857257073587995,-27.027355054036974],[-48.85714968604433,-27.02740871579732],[-48.857060675825714,-27.02745960151236],[-48.85698347148132,-27.027515938354288],[-48.85691150253363,-27.02758595348949],[-48.85683819847078,-27.027677874067255],[-48.85675698677324,-27.02779992448249],[-48.856661298801484,-27.027960333682138],[-48.856544561844046,-27.028167327817297],[-48.85640020508853,-27.028429132128828],[-48.8563107708296,-27.02858966246657],[-48.85622421114064,-27.02874044549409],[-48.85614215432575,-27.02887894839092],[-48.85606622866805,-27.029002640145386],[-48.85599806247776,-27.029108988847117],[-48.85593928410529,-27.029195460783672],[-48.85589152282387,-27.029259526770215],[-48.855845984921615,-27.029304480456588],[-48.85579801894281,-27.0292906311008],[-48.855714774880084,-27.02923947704004],[-48.8555904288946,-27.029159883894827],[-48.855429580221774,-27.029054891724215],[-48.85523682608426,-27.02892754144981],[-48.85501676575396,-27.028780872220803],[-48.85477399647113,-27.028617923165715],[-48.85451311643537,-27.028441734348107],[-48.85423872378638,-27.028255346757295],[-48.85380867108057,-27.027961541303963],[-48.853465010439436,-27.027723986479177],[-48.853195981137105,-27.027533112240157],[-48.852989826796126,-27.027379352012577],[-48.85283478731011,-27.027253138108627],[-48.852719104804805,-27.02714490186249],[-48.85263102355753,-27.027045074566907],[-48.85255878387476,-27.02694408921118],[-48.85249062918958,-27.02683237699672],[-48.852437091176384,-27.02673997348504],[-48.85236052435745,-27.026607227766757],[-48.85226397819452,-27.026439439692254],[-48.85215050220564,-27.02624190640442],[-48.85202314483801,-27.026019927739764],[-48.85188495753542,-27.025778803585993],[-48.851738989724296,-27.02552383200275],[-48.85158828976111,-27.02526031194532],[-48.85143590794911,-27.024993543311833],[-48.85127381574566,-27.02470998091733],[-48.8510951339888,-27.024398068112244],[-48.85090463497499,-27.02406608578144],[-48.85070708891217,-27.02372231389433],[-48.850507267902046,-27.02337503337337],[-48.8503099439189,-27.023032526064632],[-48.850119887871195,-27.022703071113472],[-48.849941871520365,-27.022394950407364],[-48.84978066457529,-27.02211644311368],[-48.849627014163154,-27.021850994493377],[-48.849470772111346,-27.02158049736048],[-48.84931537000262,-27.02131090817339],[-48.84916423730824,-27.021048185176177],[-48.8490208054888,-27.020798284850883],[-48.848888502928716,-27.020567163643808],[-48.84877076196291,-27.020360779875773],[-48.84867101294847,-27.020185088234037],[-48.848592684126096,-27.02004604788899],[-48.84849245086543,-27.01986845713683],[-48.848409009725785,-27.01972570697521],[-48.84833881877229,-27.019613665877273],[-48.84827833714142,-27.019528201419995],[-48.84822402195463,-27.01946518294698],[-48.84817233139916,-27.01942047800716],[-48.848119724668976,-27.019389955062397],[-48.84806265893761,-27.019369483441046],[-48.84799759341958,-27.019354931594492],[-48.84795545007538,-27.019347788488584],[-48.84791459891598,-27.019342054044976],[-48.847875805144135,-27.01933776072173],[-48.84783983906826,-27.01933493744588],[-48.84780746691562,-27.01933361579012],[-48.8477680181979,-27.01933471286594],[-48.847729281809656,-27.019343954879087],[-48.84774648725611,-27.019399002140354],[-48.847775815460096,-27.01945592330799],[-48.847817313679144,-27.01952963168464],[-48.847869745480025,-27.019618016405957],[-48.84793187333775,-27.019718971102407],[-48.848002462850914,-27.019830384037355],[-48.848080277495626,-27.01995014885716],[-48.84816407981966,-27.02007615468295],[-48.84863503838712,-27.020777114365433],[-48.84863853656432,-27.022086239294016],[-48.84864120662557,-27.023395351358204],[-48.84972592511125,-27.02484766309697],[-48.849933800882894,-27.025126207564593],[-48.850156207292024,-27.025424572904615],[-48.85038759626115,-27.025735287506976],[-48.85062241857786,-27.0260508806768],[-48.85085512491134,-27.02636388174951],[-48.85108016482116,-27.0266668191736],[-48.85129198975137,-27.026952222359398],[-48.85148504904842,-27.027212619809852],[-48.851653793959976,-27.027440541883358],[-48.85191425965446,-27.027790464219496],[-48.85215191052784,-27.028104012669964],[-48.85237818078708,-27.028394970351943],[-48.852604506865966,-27.02867712215121],[-48.85284232243482,-27.028964251039756],[-48.85310306438209,-27.029270141772628],[-48.85339816890357,-27.02960857630305],[-48.853739070435026,-27.029993340062376],[-48.85413720689765,-27.03043821569341],[-48.854352672507,-27.030671605238556],[-48.85457956324905,-27.030900955898943],[-48.854834457555604,-27.031140074733525],[-48.85513393316068,-27.03140276686356],[-48.85549456616342,-27.031702835418216],[-48.8559329360741,-27.032054086968127],[-48.856465621048784,-27.03247032505927],[-48.85710920103627,-27.032965353776568],[-48.857880257004325,-27.033552977619685],[-48.85898649243867,-27.03439358409604],[-48.861456608681245,-27.034512298313185],[-48.86392673429355,-27.034630969455023],[-48.86469785114304,-27.034957052968203],[-48.86483681385383,-27.035016271082185],[-48.86496966304403,-27.035073747455478],[-48.86509400442923,-27.035128401600012],[-48.865207446704744,-27.03517915488463],[-48.86530759659497,-27.03522492594614],[-48.86539206076838,-27.035264636131252],[-48.865458445908374,-27.035297205885247],[-48.865504359707046,-27.03532155566698],[-48.86552740786319,-27.035336604997497],[-48.865541232150576,-27.035374208278142],[-48.8655447371422,-27.03544879857822],[-48.865538591429804,-27.035555771634634],[-48.865523466663774,-27.03569052052058],[-48.86550003144621,-27.03584843916353],[-48.865468955383776,-27.03602492150504],[-48.8654309080683,-27.036215362388518],[-48.865386560139875,-27.036415154868447],[-48.86533658122429,-27.036619692887104],[-48.86532200039227,-27.036685242032725],[-48.86530772257415,-27.036765668719866],[-48.865294028901225,-27.036858365423086],[-48.865281204571886,-27.036960722873904],[-48.865269531713814,-27.03707013446501],[-48.865259293533725,-27.03718398999583],[-48.86525077419784,-27.037299681988056],[-48.865244255877315,-27.037414602030967],[-48.8652400227609,-27.037526141744532],[-48.86523058103631,-27.037748574624715],[-48.86522769343595,-27.037800724194884],[-48.86521486282797,-27.037944304308574],[-48.86520602494942,-27.038032669634926],[-48.86519269208537,-27.038115337053974],[-48.865173645598595,-27.038224855125435],[-48.86516392175327,-27.038262200385677],[-48.86512918771605,-27.038380157784484],[-48.865078638382265,-27.038493491806456],[-48.86503655083366,-27.038563048352287],[-48.864998551586346,-27.038591624645893],[-48.8649799187629,-27.038618509364902],[-48.86490963403608,-27.03865354209273],[-48.86484124414143,-27.0386768531958],[-48.864803156258205,-27.038690086757466],[-48.86477429496905,-27.03869193561966],[-48.864710330378756,-27.038697254209136],[-48.86466566128626,-27.038702340392902],[-48.86461629462959,-27.038689324529386],[-48.86456751481684,-27.03867118332411],[-48.86450884061819,-27.03864683534339],[-48.86444187610464,-27.03861699532498],[-48.86438900112397,-27.038597436365887],[-48.864368225346425,-27.038582378008023],[-48.8642789847473,-27.038540020737027],[-48.86420728355151,-27.03850166145457],[-48.86412318764135,-27.03845773154884],[-48.864027744887075,-27.038407023139595],[-48.86391331540009,-27.03834759357912],[-48.86378347557662,-27.038281224482134],[-48.863641801836835,-27.03820969566575],[-48.86349187155984,-27.038134788776684],[-48.86333725910154,-27.038058284525974],[-48.86318154083065,-27.037981962766846],[-48.863028294069,-27.037907605187026],[-48.86288109412069,-27.037836992555743],[-48.86269738042442,-27.037747928826196],[-48.86253331716786,-27.03766458643885],[-48.86238666261327,-27.03758554247703],[-48.86225517205367,-27.037509372158265],[-48.86213660382102,-27.03743465073306],[-48.86202871322146,-27.03735995429739],[-48.86192925762262,-27.037283857164255],[-48.86183599336133,-27.03720493542829],[-48.86174667779236,-27.037121765192865],[-48.861679040195625,-27.03705797580686],[-48.861607531798896,-27.03699391096225],[-48.86153387964131,-27.036930919944368],[-48.86145981174489,-27.036870352959163],[-48.86138705716602,-27.03681355842659],[-48.861317341897376,-27.036761886528385],[-48.86125239498249,-27.036716685690717],[-48.8611939434281,-27.036679305213887],[-48.86114371623603,-27.036651095333042],[-48.860955079148134,-27.03655674367023],[-48.860787637160705,-27.036475929095282],[-48.86063942716417,-27.03640789533028],[-48.860508484040054,-27.03635188695336],[-48.860392843714266,-27.03630714764261],[-48.86029054214644,-27.03627292016289],[-48.8601996152584,-27.03624844997644],[-48.860118099051384,-27.036232978929068],[-48.86004402844204,-27.036225753356057],[-48.85997799954465,-27.036215482347963],[-48.85989815984594,-27.03618840547711],[-48.85979942385732,-27.036141286673196],[-48.85967670816011,-27.03607088897557],[-48.85952492836483,-27.035973976284833],[-48.85933900216991,-27.03584731249798],[-48.859113844346076,-27.035687661421527],[-48.85884437080849,-27.03549178591859],[-48.85852549961809,-27.035256449715106],[-48.85827879642183,-27.035073427279762],[-48.85801585558346,-27.034878974584117],[-48.85774319376537,-27.03467786652508],[-48.85746732549249,-27.034474879815996],[-48.85719476722835,-27.034274790344053],[-48.85693203435295,-27.034082373124278],[-48.85668564214185,-27.033902404116606],[-48.856462105760514,-27.033739661122567],[-48.85626794038427,-27.033598918363843],[-48.855726178909634,-27.033193027896093],[-48.85516755520191,-27.0327453507637],[-48.85459055196409,-27.032254475643448],[-48.853993655065906,-27.031718988524393],[-48.8533753494706,-27.031137475351493],[-48.85273412223134,-27.030508523874346],[-48.85206845751411,-27.02983072086172],[-48.85137684164426,-27.029102652176356],[-48.85065776104964,-27.028322905448658],[-48.85030445665913,-27.027933223567583],[-48.84995021010709,-27.027540754071687],[-48.849602485488695,-27.027153865096537],[-48.84926874475178,-27.02678092120095],[-48.848956450595594,-27.02643029062611],[-48.848673065591285,-27.02611033985879],[-48.848426051175935,-27.025829435408838],[-48.84822287172888,-27.025595943855894],[-48.848070986535426,-27.025418233512227],[-48.8476355704134,-27.0249261229056],[-48.84714561352736,-27.02441986790763],[-48.84659637569602,-27.023895500354673],[-48.84598311699437,-27.023349050145065],[-48.845301094676586,-27.022776549684945],[-48.84454557034833,-27.02217402946455],[-48.843711801911056,-27.021537519717448],[-48.84279505166229,-27.020863050520482],[-48.84179058027853,-27.020146652578827],[-48.841688796499625,-27.02005337386659],[-48.841497664820665,-27.019856180823865],[-48.84122718262952,-27.01956617171134],[-48.840887349505955,-27.019194446566544],[-48.8404881651105,-27.018752104511474],[-48.84003962799681,-27.018250246482935],[-48.83955173557126,-27.017699971656615],[-48.83903448902276,-27.017112378453582],[-48.83849788411699,-27.016498568030745],[-48.838413633494625,-27.016405001375805],[-48.83832529780447,-27.016313080331802],[-48.83823400634032,-27.01622376622577],[-48.83814088835436,-27.016138022191527],[-48.8380470741164,-27.016056810478627],[-48.83795369286494,-27.015981094225964],[-48.83786187589861,-27.01591183389944],[-48.83777275143671,-27.01584999262775],[-48.837687449725586,-27.015796532670823],[-48.837597867235026,-27.015743465363624],[-48.83748154610353,-27.015674159585654],[-48.83734258666794,-27.015591077054452],[-48.83718508727936,-27.015496677655733],[-48.83701314630859,-27.015393419479807],[-48.836830862052246,-27.015283763336992],[-48.83664233279624,-27.015170169152245],[-48.83645165880941,-27.01505509690037],[-48.83626293631492,-27.014941005612155],[-48.83524587517698,-27.01432589690083],[-48.83435655407259,-27.013317686543644],[-48.83374747018204,-27.01262535184794],[-48.83327975102936,-27.012096427888398],[-48.83291278710715,-27.011695037391913],[-48.8326059707758,-27.011385303375587],[-48.83231869470118,-27.01113134481894],[-48.83201035336503,-27.010897283105617],[-48.83164034198484,-27.01064723929302],[-48.83116805564036,-27.010345333984798],[-48.830552892739625,-27.00995568445545],[-48.83020943329144,-27.009736263856023],[-48.82987451795868,-27.00952074471311],[-48.829554603026786,-27.009313379808084],[-48.82925614269142,-27.009118421039137],[-48.82898559306595,-27.008940121280048],[-48.82874940919501,-27.008782733421114],[-48.82855404611946,-27.008650508567158],[-48.828405958800325,-27.008547701435067],[-48.82831160130056,-27.00847856219989],[-48.828018006322374,-27.00824584969596],[-48.827726697805716,-27.00800773449351],[-48.82743860999558,-27.007765043250842],[-48.82715468021085,-27.00751859907058],[-48.8268758416547,-27.007269228608372],[-48.82660303157675,-27.007017756783558],[-48.82633718316331,-27.006765009361196],[-48.82607923264059,-27.006511810353768],[-48.82583011517668,-27.006258985567374],[-48.825597224248945,-27.00601960785186],[-48.825405910361596,-27.00582737551833],[-48.825243578162365,-27.005672698519735],[-48.82509763147072,-27.00554598762367],[-48.82495547426468,-27.005437652640886],[-48.82480451064706,-27.005338102432592],[-48.82463214577133,-27.005237748531965],[-48.824425782951074,-27.00512699876905],[-48.824172827581265,-27.004996264527634],[-48.823917763745015,-27.004864291564132],[-48.82370223123216,-27.00474682816951],[-48.82350771447093,-27.004629761515048],[-48.82331570012764,-27.0044989768892],[-48.8231076730376,-27.004340359454705],[-48.822865119250544,-27.004139795190884],[-48.8225695241217,-27.003883169931648],[-48.822202374478366,-27.003556368443974],[-48.821745158766696,-27.003145276160136],[-48.821255047748664,-27.00270626362703],[-48.82083510351364,-27.0023369468259],[-48.820469938658455,-27.00202554643811],[-48.82014416732605,-27.00176028204879],[-48.81984240100476,-27.00152937483611],[-48.81954925556084,-27.001321044101783],[-48.81924934404608,-27.001123511687773],[-48.818927281815846,-27.000924996640965],[-48.818567682440595,-27.000713718744343],[-48.81831595229324,-27.00055979827274],[-48.818085824750455,-27.000400790951232],[-48.81787612173494,-27.000235458485445],[-48.81768566512724,-27.000062565271747],[-48.81751327688618,-26.999880872083477],[-48.81735777790085,-26.99968914327439],[-48.81721799010843,-26.999486141398073],[-48.8170927354687,-26.99927062809581],[-48.81698083389685,-26.999041366773216],[-48.81665676183723,-26.998314268734998],[-48.81640483045897,-26.997743483114927],[-48.81621432826898,-26.997298317130905],[-48.81607454256422,-26.996948076955153],[-48.81597476424724,-26.99666206692176],[-48.815904280486095,-26.996409594856495],[-48.81585238177147,-26.996159964988355],[-48.815808358710456,-26.99588248332996],[-48.81576150000237,-26.995546456752283],[-48.81573410913363,-26.995345022598922],[-48.815706156866966,-26.995131355752275],[-48.81567825965854,-26.99491067393727],[-48.815651030953646,-26.99468819393038],[-48.81562508518028,-26.99446913342619],[-48.81560103879169,-26.994258709248953],[-48.81557950417217,-26.99406213996514],[-48.815561097765034,-26.99388464239972],[-48.81554643298952,-26.993731433330968],[-48.815476771232724,-26.992972539080093],[-48.81423489247922,-26.991810464938343],[-48.81390130209732,-26.99149959354011],[-48.81361860055115,-26.99124057860946],[-48.81337606391266,-26.991024851935435],[-48.813162966485464,-26.990843846076846],[-48.81296858579448,-26.9906889935613]],[[-48.830610670081946,-26.982338989124326],[-48.83059548681214,-26.982266835912597],[-48.83054779506513,-26.982175525173602],[-48.83046815326698,-26.98206562050187],[-48.830357120897375,-26.981937684586008],[-48.830215258469856,-26.981792280112103],[-48.83004312647027,-26.98162997245597],[-48.829841283479,-26.981451322435465],[-48.829610289033674,-26.981256894478108],[-48.829350705727656,-26.981047252141902],[-48.82925195465591,-26.980967389241485],[-48.829155832330926,-26.98088660654468],[-48.82906418070942,-26.980806657074723],[-48.828978839688695,-26.98072929563218],[-48.828901651222374,-26.980656274345204],[-48.82883445420054,-26.98058934710224],[-48.82877909052866,-26.98053026783962],[-48.82873740212677,-26.980480789591514],[-48.828711227894495,-26.98044266534412],[-48.82868854879156,-26.980402087873177],[-48.828656916421764,-26.9803459987029],[-48.828617546848044,-26.98027653739316],[-48.82857165413676,-26.98019584257041],[-48.82852045132755,-26.98010605374837],[-48.82846515447663,-26.980009310487993],[-48.8284069776373,-26.979907751418306],[-48.82834713483817,-26.979803516071886],[-48.82828684112398,-26.979698743096158],[-48.82822766799781,-26.979591905354663],[-48.828170538879235,-26.97948217777846],[-48.82811653258624,-26.979372025422425],[-48.82806672589704,-26.9792639142137],[-48.828022199610224,-26.979160310142362],[-48.82798403147981,-26.97906368005471],[-48.82795329928995,-26.97897648899281],[-48.82793108281917,-26.97890120293179],[-48.82791845984963,-26.978840286912824],[-48.82790601942335,-26.978762471198124],[-48.827892259262036,-26.97869819757508],[-48.82787556345917,-26.978645326626246],[-48.82785431611059,-26.97860171893335],[-48.82782690131373,-26.978565235076797],[-48.82779170519908,-26.97853373476392],[-48.82774711087837,-26.9785050776529],[-48.82769150242187,-26.9784771261204],[-48.827623266995346,-26.978447738976254],[-48.827571690974544,-26.97842811536581],[-48.8275110146333,-26.97840804548044],[-48.82744307177377,-26.97838797362702],[-48.82736969518867,-26.978368344098904],[-48.8272927187096,-26.978349599403483],[-48.827213975123726,-26.978332183840504],[-48.82713529719811,-26.97831654261572],[-48.827058518756175,-26.978303118247734],[-48.82698547257752,-26.978292355047895],[-48.82690798517681,-26.978279762579316],[-48.826817889169085,-26.9782610580514],[-48.82671785323819,-26.978237009098304],[-48.826610549086794,-26.97820838340577],[-48.8264986433613,-26.97817594949053],[-48.82638480874455,-26.97814047597005],[-48.82627171291272,-26.978102729587786],[-48.82616202549668,-26.97806347983311],[-48.82605841716155,-26.97802349441417],[-48.82586291338106,-26.977947560377483],[-48.82569314918734,-26.97788901151722],[-48.825540107878105,-26.977847239481857],[-48.82539477582678,-26.977821635018294],[-48.82524813639158,-26.977811589690095],[-48.82509117399987,-26.977816492332106],[-48.82491487403269,-26.977835734459298],[-48.824710221859576,-26.977868707534448],[-48.8244682008333,-26.977914802018983],[-48.82435995788134,-26.977936235879344],[-48.82425282828684,-26.977957389932012],[-48.82414896984208,-26.97797783543354],[-48.82405053831063,-26.977997144518028],[-48.82395969044801,-26.978014890242978],[-48.82387858304631,-26.97803064386616],[-48.82380937388855,-26.97804397756644],[-48.823754219751386,-26.97805446350871],[-48.823715275379875,-26.978061674728504],[-48.82367465019186,-26.97806981028309],[-48.82364264590075,-26.978078230602662],[-48.82361894619356,-26.978087408217338],[-48.82359520159839,-26.978109911101914],[-48.823600892363835,-26.97814107758679],[-48.82361398788434,-26.978161083810836],[-48.82363349645483,-26.978184667236604],[-48.82365253508542,-26.978209692778396],[-48.82366534348564,-26.978236559701827],[-48.82367169954347,-26.978266550606637],[-48.82367137815974,-26.978300946240562],[-48.823664158261465,-26.97834102741249],[-48.82364981471033,-26.978388076672264],[-48.823628126427025,-26.978443374826167],[-48.8235988702963,-26.978508203549925],[-48.82356182120051,-26.97858384358423],[-48.82349846834887,-26.97871666068741],[-48.82345269584587,-26.97883192993906],[-48.82342494883845,-26.978933532567893],[-48.82341567247356,-26.979025348892733],[-48.82342531285917,-26.97911126104441],[-48.82345431312947,-26.979195148392375],[-48.823503119406524,-26.979280892148935],[-48.82357217683126,-26.979372372600047],[-48.823661929500915,-26.979473472714048],[-48.82378225295294,-26.979604298743403],[-48.82388234863409,-26.979717926023707],[-48.82396379505835,-26.979816858076372],[-48.824028173771616,-26.979903599361773],[-48.82407706632502,-26.979980655234122],[-48.824112052290545,-26.980050530107544],[-48.824134713267206,-26.980115728421936],[-48.82414662987368,-26.980178753695412],[-48.82414938268283,-26.980242112149618],[-48.824139865154315,-26.980305489577752],[-48.82411546900714,-26.9803617314732],[-48.824078384198295,-26.980409733626743],[-48.82403080267494,-26.980448393663846],[-48.823974914432405,-26.980476606472976],[-48.823912909405514,-26.98049327055382],[-48.82384698062692,-26.980497280847054],[-48.823779318044075,-26.980487535859456],[-48.82371211268387,-26.98046293050876],[-48.82364206377854,-26.980439055526993],[-48.82354522834111,-26.980421006439574],[-48.82342883340916,-26.980408802787007],[-48.823300102953496,-26.980402465880374],[-48.823166264027385,-26.980402013489694],[-48.82303454159611,-26.98040746698862],[-48.822912162655435,-26.980418846906492],[-48.8228063522424,-26.980436171059097],[-48.82272433632166,-26.98045946180653],[-48.822688901175745,-26.98047867210162],[-48.82264667519712,-26.980510311927112],[-48.82259885301754,-26.98055307400152],[-48.82254663130036,-26.980605650173082],[-48.822491204731534,-26.98066673045588],[-48.8224337709693,-26.98073500761915],[-48.82237552364836,-26.980809174371956],[-48.82231765949942,-26.980887919863598],[-48.82226137414795,-26.980969938643344],[-48.822154827612756,-26.98112687831808],[-48.82205813174657,-26.981259263101936],[-48.82196660838653,-26.981371188330936],[-48.82187558031843,-26.981466750242827],[-48.821780367292405,-26.981550044111955],[-48.821676292018694,-26.98162516704907],[-48.821558676211296,-26.981696214328235],[-48.82142284053489,-26.981767282089642],[-48.82126410663158,-26.981842466463018],[-48.821042915536594,-26.98195143719569],[-48.82085110393589,-26.982062841122918],[-48.82068766819344,-26.9821778495976],[-48.82055160670005,-26.98229763307897],[-48.820441916819696,-26.982423362892344],[-48.82035759589878,-26.982556211246752],[-48.82029764130275,-26.982697349432534],[-48.820261050400475,-26.98284794872531],[-48.82024681954125,-26.9830091812745],[-48.820254966878316,-26.983113273324346],[-48.820287703470804,-26.983217399272707],[-48.82035101959134,-26.983327432135965],[-48.82045090965353,-26.983449241357924],[-48.82059336605346,-26.983588699920794],[-48.82078438234161,-26.983751678061424],[-48.821029950184816,-26.983944045913503],[-48.82133606237665,-26.984171676241296],[-48.82170871399638,-26.984440439020076],[-48.82286733567209,-26.985268094645015],[-48.82360085308324,-26.985103153782603],[-48.82433519339075,-26.98493822170437],[-48.82483294958036,-26.98536218522685],[-48.824929731134766,-26.985446627950886],[-48.82503577373541,-26.985542731901283],[-48.82514827110157,-26.985647766160263],[-48.825264415962856,-26.98575899799695],[-48.82538140198341,-26.98587369741035],[-48.82549642283999,-26.985989132603066],[-48.825606671197185,-26.986102570867924],[-48.82570933863909,-26.98621128219611],[-48.82580162081092,-26.986312533940588],[-48.826272522219945,-26.986839658251572],[-48.82711977149651,-26.986851184570845],[-48.8279661813357,-26.986863431978104],[-48.828398040369336,-26.986543353679227],[-48.82862921830692,-26.98636430460158],[-48.828840405354526,-26.98618505258916],[-48.829032619507714,-26.986004366200675],[-48.82920687775887,-26.985821013062612],[-48.82936419807839,-26.985633761706207],[-48.82950559844373,-26.985441379748778],[-48.82963209480927,-26.985242634766255],[-48.82974470612531,-26.98503629527408],[-48.8298444483311,-26.984821128830795],[-48.82994157464803,-26.984577850420955],[-48.83004929693898,-26.984282438331583],[-48.8301617902558,-26.98395375123648],[-48.830273226751196,-26.98361064869285],[-48.830377782763534,-26.98327199034992],[-48.83046962975025,-26.98295663580759],[-48.83054294433325,-26.982683444765815],[-48.8305918992064,-26.982471275972824],[-48.830610670081946,-26.982338989124326]]],[[[-48.849996092506714,-27.035628559193174],[-48.850054550637985,-27.03551949620192],[-48.8501136372666,-27.035392305653165],[-48.85015563736659,-27.035303621804083],[-48.85020149974123,-27.035218987717318],[-48.850252195594244,-27.035137203490784],[-48.85030869317119,-27.035057065565212],[-48.85037196371832,-27.0349773713272],[-48.85044297543692,-27.0348969190164],[-48.85052269758142,-27.034814504177675],[-48.85061210032083,-27.034728926878163],[-48.85071215390204,-27.034638982669094],[-48.850796343309796,-27.034561960527576],[-48.85088807387967,-27.034472191374093],[-48.85098496390815,-27.034372332716433],[-48.85108463464231,-27.03426504662627],[-48.85118470741498,-27.034152991574025],[-48.851282801545395,-27.03403882690943],[-48.851376538335614,-27.033925214727574],[-48.85146353919234,-27.033814812619703],[-48.85154142345564,-27.033710281761415],[-48.851620147191404,-27.033605320552354],[-48.851709569291366,-27.033493223376603],[-48.851807152395615,-27.0333767798455],[-48.85191035608815,-27.03325878223734],[-48.85201664303011,-27.033142021080096],[-48.852123474844916,-27.033029289601608],[-48.8522283132458,-27.03292337742997],[-48.852328619931285,-27.03282707600647],[-48.852421855592056,-27.032743177667278],[-48.85290622685493,-27.032323972479013],[-48.85279059255924,-27.032114913516082],[-48.85271493700973,-27.03195966942368],[-48.852648929264184,-27.03178863472064],[-48.85259396123236,-27.031610060383294],[-48.85255142580458,-27.031432197402136],[-48.852522714862324,-27.03126329584812],[-48.852509219236794,-27.031111607578552],[-48.85251233281917,-27.030985382688886],[-48.85253344748486,-27.0308928721416],[-48.852573955157744,-27.03084232599127],[-48.85260288301235,-27.030853028665558],[-48.85266303300365,-27.03089611681767],[-48.85275119963819,-27.03096867070371],[-48.852864174446545,-27.03106776962294],[-48.85299875401129,-27.031190492948124],[-48.85315173085228,-27.031333921796318],[-48.85331990055351,-27.03149513462934],[-48.85350005459789,-27.031671212562777],[-48.85368898952965,-27.0318592340937],[-48.853879150726655,-27.032048305632898],[-48.854062824882,-27.03222786963754],[-48.85423657696569,-27.032394769211145],[-48.85439697589198,-27.03254585023889],[-48.854540589540925,-27.03267795860157],[-48.85466398280427,-27.032787937435078],[-48.85476372454627,-27.03287263264735],[-48.8548363816578,-27.032928888310344],[-48.85487852101796,-27.03295355029432],[-48.85498376823479,-27.03300704026355],[-48.85517065754897,-27.033123457494938],[-48.85542086105859,-27.033289853299834],[-48.85571604889344,-27.033493275374926],[-48.856037895005564,-27.03372077427323],[-48.85636806809589,-27.033959398796824],[-48.856688240547015,-27.034196200666322],[-48.85698008249219,-27.034418228111807],[-48.85722526576191,-27.034612532226824],[-48.8573209375255,-27.034689478237105],[-48.85742920999711,-27.03477438463777],[-48.857547033263266,-27.034864987561306],[-48.85767135847087,-27.03495901955367],[-48.85779913669683,-27.03505421587602],[-48.8579273170342,-27.03514830906169],[-48.85805285152642,-27.035239034406718],[-48.85817269120678,-27.03532412629923],[-48.85828378507564,-27.035401319105702],[-48.85855242249453,-27.03558983579929],[-48.858780417256746,-27.035758887847813],[-48.85897068626626,-27.035911524189693],[-48.859126148516204,-27.03605079375009],[-48.85924972000303,-27.036179747175538],[-48.85934431982786,-27.036301433323214],[-48.859412866104144,-27.036418901912054],[-48.85945827699022,-27.03653520173893],[-48.859483469622816,-27.036653383374468],[-48.85950663953431,-27.03685756789989],[-48.85951940418619,-27.037045366574922],[-48.85952137988392,-27.037219629920767],[-48.85951218194707,-27.037383207538763],[-48.8594914296935,-27.037538950893154],[-48.859458737437656,-27.037689709563924],[-48.85941372249688,-27.03783833407559],[-48.859356001175556,-27.037987674933156],[-48.85928519077708,-27.038140582652282],[-48.85924434667952,-27.038221552783828],[-48.859203874621755,-27.03829953773491],[-48.859164607220514,-27.03837309627704],[-48.85912737409114,-27.03844078623479],[-48.85909300891694,-27.038501163690572],[-48.85906234027767,-27.038552788259928],[-48.85903620186089,-27.038594216026738],[-48.859008132257095,-27.03863235914487],[-48.85898041325429,-27.038649001440522],[-48.85894322370854,-27.03865406063873],[-48.85889092993342,-27.03865597313212],[-48.85882518929643,-27.038654820082357],[-48.85874766019186,-27.038650681763222],[-48.85865999995653,-27.038643641140307],[-48.85856386698708,-27.038633778489615],[-48.85846091863861,-27.038621175879054],[-48.85835281330778,-27.038605913591155],[-48.85819319618099,-27.038582911583397],[-48.85805904002007,-27.038565914090125],[-48.85794500968013,-27.038555006910194],[-48.85784577306684,-27.03855027495913],[-48.857755994046016,-27.038551803972613],[-48.85767033954463,-27.038559677911547],[-48.85758347444157,-27.038573982496793],[-48.857490065645926,-27.038594802564134],[-48.85738477905445,-27.038622222918878],[-48.857306980689906,-27.03864574437931],[-48.857227721374386,-27.038674017671216],[-48.85714803001017,-27.038706516974443],[-48.85706893852445,-27.03874271651729],[-48.856991476832064,-27.038782090499875],[-48.85691667584122,-27.038824114042292],[-48.856845566463285,-27.03886826226692],[-48.856779179664315,-27.03891400759152],[-48.85671854532036,-27.038960826931348],[-48.85663036063512,-27.03902986795894],[-48.856539887251486,-27.0390932750611],[-48.85644859472099,-27.039150353152376],[-48.85635795260055,-27.03920040715153],[-48.85626943046873,-27.039242741079132],[-48.85618449787322,-27.039276660764006],[-48.85610462438109,-27.039301471136245],[-48.85603127957727,-27.039316476226652],[-48.85596593200406,-27.03932098185735],[-48.85593221175941,-27.03929355686661],[-48.85591842071436,-27.03921882882057],[-48.855922607342464,-27.039105987727837],[-48.85594281807023,-27.038964223557144],[-48.85597710233631,-27.038802726317975],[-48.85602350557362,-27.038630685054294],[-48.856080078222725,-27.03845729159433],[-48.85614486681146,-27.038291733196917],[-48.856215917820336,-27.038143201636693],[-48.85628897585326,-27.037999993664673],[-48.85634626632845,-27.037871522074717],[-48.85638788116696,-27.037756825343013],[-48.85641391628895,-27.037654942903043],[-48.85642446557009,-27.037564915053785],[-48.85641962292655,-27.037485779381583],[-48.856399482213725,-27.03741657617377],[-48.856364137313385,-27.0373563439077],[-48.85631368206649,-27.037304122859936],[-48.85627843818663,-27.037276712656805],[-48.856244553957936,-27.037257200923456],[-48.85620845270347,-27.0372461125535],[-48.8561665617083,-27.037243976107053],[-48.85611530627423,-27.037251318304126],[-48.85605111166312,-27.03726866766215],[-48.85597040217167,-27.037296549966285],[-48.855869605054934,-27.037335493740404],[-48.85574514454573,-27.03738602654099],[-48.85563000050562,-27.03743246497999],[-48.85553409202796,-27.037469028265395],[-48.85545508423076,-27.037496129380962],[-48.85539064218596,-27.03751418310206],[-48.855338432014996,-27.03752360150289],[-48.855296119814916,-27.037524797552244],[-48.85526137065285,-27.03751818510014],[-48.85523184960971,-27.037504177090405],[-48.855205222755224,-27.03748318738146],[-48.85518343533792,-27.03745764713255],[-48.85516989037905,-27.03742805495347],[-48.85516526984209,-27.037391936712655],[-48.8551702577022,-27.03734681830756],[-48.855185532873875,-27.03729022645858],[-48.85521178035942,-27.037219685268585],[-48.855249680025565,-27.037132723270933],[-48.855299914831726,-27.037026864529338],[-48.85536316665868,-27.036899635793336],[-48.85541241274881,-27.03680341667159],[-48.85546735068794,-27.036699097880103],[-48.8555264770315,-27.036589370255896],[-48.855588290326146,-27.036476926473956],[-48.85565128711525,-27.03636445918174],[-48.85571396497933,-27.036254660143364],[-48.85577482149416,-27.036150222028645],[-48.855832354247006,-27.03605383751076],[-48.85588506085223,-27.035968198363605],[-48.8559609740123,-27.035845291993564],[-48.85602145280915,-27.035741189129197],[-48.85606827068338,-27.035649863874447],[-48.85610320000533,-27.03556529211365],[-48.85612801519194,-27.035481447048614],[-48.8561444885975,-27.03539230365024],[-48.856154393592014,-27.035291835999274],[-48.85615950454636,-27.035174018189498],[-48.85616159278524,-27.035032825169285],[-48.85616196614399,-27.034891928202576],[-48.85615918612405,-27.03477537365494],[-48.85615173777473,-27.03467771091933],[-48.85613810214963,-27.03459348752183],[-48.85611676528954,-27.03451725377043],[-48.856086208235446,-27.034443558089936],[-48.856044917055804,-27.034366949881413],[-48.85599137282777,-27.034281976661227],[-48.855924060608274,-27.03418318961162],[-48.85577653158644,-27.03398302177761],[-48.85563303145469,-27.033813280104457],[-48.85549155299717,-27.03367277522149],[-48.85535008498682,-27.033560317689073],[-48.85520661824236,-27.033474717188486],[-48.855059141542434,-27.033414785166677],[-48.85490564671032,-27.033379332205836],[-48.85474412254809,-27.03336716883251],[-48.85457255988814,-27.033377104690967],[-48.854457699048396,-27.033394485868843],[-48.85436208768842,-27.033420574326403],[-48.854281467177074,-27.033461289511397],[-48.85421157485827,-27.033522549891302],[-48.85414815209291,-27.033610273982404],[-48.85408693820844,-27.03373038025957],[-48.854023671479126,-27.03388878807457],[-48.85395409216814,-27.034091415896555],[-48.85387394047625,-27.034344182181048],[-48.85366816202985,-27.035005403609457],[-48.85278181846926,-27.03581331924281],[-48.85256161975065,-27.036011980527487],[-48.85236833326876,-27.03618208803574],[-48.852197569164005,-27.036326928493445],[-48.85204493452943,-27.03644978583495],[-48.851906040375304,-27.03655394673142],[-48.85177649264287,-27.036642696849327],[-48.85165190230685,-27.036719320106297],[-48.85152787622938,-27.03678710304651],[-48.851400022288594,-27.03684933040773],[-48.85090456638215,-27.03707817030761],[-48.850942889640585,-27.037392547854378],[-48.85095168973771,-27.037453084332096],[-48.85096408345474,-27.037518873984396],[-48.85097958351472,-27.03758819736365],[-48.850997699616954,-27.03765933497606],[-48.8510179434741,-27.0377305673586],[-48.851039823757006,-27.037800175904426],[-48.85106285318145,-27.037866441166145],[-48.8510865414382,-27.03792764365039],[-48.85111040023052,-27.03798206389477],[-48.85113363679394,-27.038031955916612],[-48.851155542509716,-27.038079653534655],[-48.85117574183748,-27.038124290047982],[-48.85119385716928,-27.03816500143167],[-48.851209510930886,-27.038200921856475],[-48.851222326503716,-27.038231188215214],[-48.85123192631319,-27.03825493467864],[-48.851239969302135,-27.03827940732406],[-48.851206856725035,-27.038279630781542],[-48.85111795267812,-27.038250270729257],[-48.850987866415416,-27.038198067029963],[-48.85083121023429,-27.038129758698386],[-48.850662595363765,-27.03805208567676],[-48.85049662995489,-27.037971787018137],[-48.85034792707876,-27.037895603720425],[-48.850231096777094,-27.037830273180013],[-48.850160748956,-27.037782537333676],[-48.850133731707885,-27.037760452346642],[-48.85010512362503,-27.037739662469505],[-48.850075619520624,-27.037720515846246],[-48.850045912260654,-27.037703356981797],[-48.8500166946587,-27.0376885330882],[-48.84998866258454,-27.037676389619804],[-48.849950715595575,-27.037664400563685],[-48.849888693947356,-27.037668947006626],[-48.84983746720083,-27.037696703207644],[-48.84976733337815,-27.037741020608006],[-48.84968070128759,-27.037800146377823],[-48.84957997971626,-27.03787232858863],[-48.849467576410746,-27.037955817103295],[-48.84934590223218,-27.038048857324483],[-48.84921736494287,-27.03814969912655],[-48.849084373359986,-27.03825659060315],[-48.84835011018498,-27.038854540248938],[-48.848446289515735,-27.03925050982845],[-48.848478808531425,-27.03940808173626],[-48.848499442555116,-27.039566740760698],[-48.84850813228322,-27.039727162856643],[-48.84850481540554,-27.039890023027418],[-48.848489430617505,-27.040055996288512],[-48.84846191761942,-27.040225757667468],[-48.84842221510064,-27.040399982173003],[-48.84837026176354,-27.040579343908068],[-48.84830599524639,-27.040764519663234],[-48.84827862733888,-27.040837411175747],[-48.84825218101178,-27.04090668700944],[-48.84822716613995,-27.04097113752099],[-48.84820408756248,-27.041029552990516],[-48.84818345314276,-27.041080723744663],[-48.848165770745226,-27.041123440110393],[-48.8481515462539,-27.041156490579507],[-48.848141288506234,-27.04117866729885],[-48.84811026680964,-27.041185209537343],[-48.84808554054187,-27.041175620610353],[-48.84805392876863,-27.04116142659442],[-48.848016319862495,-27.04114307967936],[-48.84797360219625,-27.041121032055113],[-48.84792666410794,-27.041095737716482],[-48.84787639495959,-27.041067649772167],[-48.84782368414656,-27.041037219527357],[-48.8477472508339,-27.04099329978463],[-48.84768214885125,-27.0409586259814],[-48.84762637110628,-27.04093274506386],[-48.847577915552236,-27.040915204050407],[-48.847534777125446,-27.040905549909315],[-48.84749495073186,-27.04090333141025],[-48.847456433329484,-27.04090809554673],[-48.847417219862294,-27.04091938927928],[-48.8473753072549,-27.040936761401323],[-48.84732979961641,-27.040960681929064],[-48.84729333398207,-27.040993604042438],[-48.84726419928917,-27.041046602944785],[-48.84724068243272,-27.041130754707105],[-48.84722107335552,-27.041257133639178],[-48.847203657922755,-27.04143681579035],[-48.847186725001606,-27.041680877252652],[-48.84716856243637,-27.042000393195508],[-48.84714745802275,-27.042406438781867],[-48.847074737805606,-27.043805353762433],[-48.847307752413506,-27.044506928527152],[-48.84734993937691,-27.044633826234044],[-48.847390784765864,-27.044756085422517],[-48.847429510483614,-27.04487143528502],[-48.847465339487506,-27.044977602323392],[-48.84749749370595,-27.04507231392674],[-48.847525196037516,-27.045153299304314],[-48.84754767042141,-27.04521828587657],[-48.84756413674965,-27.045265001904458],[-48.847573819971856,-27.045291174823568],[-48.84757613697151,-27.045324874495137],[-48.847543801903406,-27.045359347087167],[-48.84750746883816,-27.045376111445872],[-48.84747527280387,-27.04538534385302],[-48.84743714877681,-27.0453930740606],[-48.84739313875814,-27.04539926660746],[-48.84733406287662,-27.045403866735462],[-48.847281355661444,-27.045402247867347],[-48.847232114822575,-27.04539264456767],[-48.84718343802081,-27.045373294103275],[-48.84713241995027,-27.045342430984164],[-48.84707615932542,-27.0452982906803],[-48.847011753829534,-27.045239110446097],[-48.84693629819028,-27.045163124777414],[-48.84684689116956,-27.045068569126656],[-48.846714856181194,-27.044925203784945],[-48.84660846774923,-27.044803033053746],[-48.846524598441995,-27.044695871359345],[-48.84646012079282,-27.044597537622256],[-48.846411908447855,-27.044501847156706],[-48.84637683304579,-27.04440261613876],[-48.84635176926488,-27.04429366078402],[-48.84633358873789,-27.044168799061747],[-48.84631916416693,-27.04402184624721],[-48.846308860644584,-27.043910741553407],[-48.84629738672064,-27.043819284820017],[-48.84628323659861,-27.043744204976772],[-48.84626490547493,-27.043682231870275],[-48.84624088856507,-27.04363009444382],[-48.84620967804658,-27.04358452249504],[-48.846169771137994,-27.043542245896482],[-48.84611966004201,-27.043499993538443],[-48.846057840981935,-27.04345449527127],[-48.84590626165889,-27.043359382367072],[-48.845774204381705,-27.043307631775978],[-48.84565760701193,-27.04330358181239],[-48.84555241247011,-27.043351570848817],[-48.84545455967038,-27.043455936277685],[-48.8453599895137,-27.043621016409755],[-48.84526464186166,-27.04385114952572],[-48.84516445651998,-27.04415067389031],[-48.845055375261104,-27.04452392597605],[-48.84483991727548,-27.045293015952613],[-48.844190261136056,-27.045748743835922],[-48.84396953020745,-27.045905765857444],[-48.84379622450584,-27.046037952775922],[-48.843665166222316,-27.04615492431318],[-48.843571175423655,-27.0462663000922],[-48.843509073147786,-27.046381697896052],[-48.843473680356134,-27.046510737275803],[-48.84345981701456,-27.04666303593815],[-48.843462304049936,-27.04684821339448],[-48.84347596239517,-27.047075888245608],[-48.84349199498205,-27.04724329064072],[-48.843517339252365,-27.047408291719147],[-48.84355230550342,-27.047571796906045],[-48.843597199969395,-27.047734713366907],[-48.84365233293472,-27.047897947424538],[-48.84371801268921,-27.048062404465984],[-48.843794545459936,-27.048228992551397],[-48.84388224157865,-27.048398616190905],[-48.843981409298955,-27.048572183469552],[-48.84406482971893,-27.048720172294896],[-48.84411838363824,-27.048839370952933],[-48.844138806479904,-27.04893277258246],[-48.84412283375498,-27.049003367597205],[-48.84406720092346,-27.049054150895586],[-48.84396864352936,-27.04908811463399],[-48.84382389917693,-27.049108250052196],[-48.84362970342478,-27.049117551009797],[-48.84338279087169,-27.04911900947884],[-48.84326312684914,-27.04911937389241],[-48.84314481751619,-27.049121739009763],[-48.843030239876555,-27.04912593010852],[-48.84292177091744,-27.049131773376224],[-48.84282178868661,-27.049139092315936],[-48.84273267116425,-27.049147714045258],[-48.84265679436879,-27.04915746294812],[-48.84259653732626,-27.049168164358967],[-48.84255427604186,-27.049179643565427],[-48.842473091327626,-27.049207889303464],[-48.84240511558385,-27.049227700937156],[-48.84234894826098,-27.049238791673336],[-48.84230318470451,-27.049240878259972],[-48.84226642432038,-27.04923367569781],[-48.84223726447815,-27.04921689985516],[-48.84221430256175,-27.049190265695465],[-48.84219613593584,-27.049153489082272],[-48.84218136297181,-27.049106285893142],[-48.842174957244225,-27.049050053657734],[-48.842178683180336,-27.04897470269913],[-48.84219169368126,-27.04888352037087],[-48.84221313964614,-27.048779793091562],[-48.842242172947024,-27.048666809098588],[-48.84227794448614,-27.04854785480914],[-48.84231960612752,-27.048426219362792],[-48.8423663098125,-27.04830518829115],[-48.84241720643298,-27.048188049818158],[-48.842431166599866,-27.048148726519216],[-48.84244629921632,-27.048089688578383],[-48.84246222860775,-27.048013396697115],[-48.842478577102916,-27.047922310643898],[-48.84249497000394,-27.04781889294056],[-48.842511031660074,-27.047705603387232],[-48.8425263844089,-27.047584901753567],[-48.8425406545877,-27.047459249675953],[-48.8425534635342,-27.047331106909557],[-48.84256949563848,-27.047146019538193],[-48.842580615974136,-27.046992761137005],[-48.84258655769707,-27.046866947903194],[-48.842587056958095,-27.04676419698097],[-48.84258184687679,-27.04668012546673],[-48.84257066259909,-27.04661034958426],[-48.84255323926717,-27.04655048555606],[-48.84252930998944,-27.046496150474844],[-48.84249860990794,-27.046442960560903],[-48.84244937600143,-27.046374047700144],[-48.84239395869264,-27.046313299430956],[-48.842332215153604,-27.04626064767443],[-48.842264004621036,-27.046216021674663],[-48.842189185269845,-27.04617935336566],[-48.84210761733945,-27.046150572004265],[-48.84201915696731,-27.04612961039289],[-48.84192366438779,-27.04611639778542],[-48.84182099677532,-27.046110865192166],[-48.84176215999176,-27.046108476945832],[-48.84171194014386,-27.046102749975134],[-48.84166892771788,-27.046092761088268],[-48.84163171325233,-27.04607758438375],[-48.841598887234404,-27.046056296664457],[-48.84156903914434,-27.046027974715923],[-48.8415407585153,-27.0459916926157],[-48.84151263686299,-27.045946526275483],[-48.841483263656016,-27.04589155337942],[-48.84137355618022,-27.045675921777207],[-48.842340695521195,-27.045214230009012],[-48.843308637334864,-27.04475328444316],[-48.84351394756093,-27.044201594331856],[-48.84371926974448,-27.04364916394803],[-48.84358970791469,-27.043311114604005],[-48.84356575452705,-27.04324491807001],[-48.84354186715633,-27.043171738280282],[-48.843518542613126,-27.04309352949249],[-48.84349628064169,-27.043012250521993],[-48.84347557801255,-27.042929857431325],[-48.84345693347425,-27.04284830811849],[-48.84344084379238,-27.04276955864632],[-48.84342780772855,-27.042695566010753],[-48.84341832301841,-27.042628288094523],[-48.843408545280965,-27.042563421614478],[-48.84339517681238,-27.042496853065433],[-48.84337872436579,-27.04243006937437],[-48.843359695648395,-27.042364560190357],[-48.84333859839997,-27.042301813358023],[-48.84331593935033,-27.04224331670667],[-48.84329222522695,-27.042190558065748],[-48.843267965743074,-27.04214502711562],[-48.84324366664839,-27.04210820986632],[-48.8431966013072,-27.042048182029934],[-48.84316392880537,-27.04200162050092],[-48.843153054349045,-27.041964284379496],[-48.84317138213903,-27.041931932744607],[-48.84322631538423,-27.041900323737785],[-48.84332525827323,-27.04186521638077],[-48.84347561500384,-27.04182236783109],[-48.843684789676956,-27.04176753786679],[-48.843960185367095,-27.04169648342694],[-48.84413533432459,-27.041650402413953],[-48.84427485498789,-27.041611140316427],[-48.84438470467372,-27.041575279700382],[-48.84447084472008,-27.041539402249455],[-48.84453923342429,-27.04150008957083],[-48.84459582905311,-27.041453924152908],[-48.84464659191074,-27.041397486695868],[-48.844697479212506,-27.041327360549197],[-48.844754452252694,-27.041240125504963],[-48.84480860048947,-27.041153929226006],[-48.844850364715455,-27.041082576662138],[-48.84488047189376,-27.041021992547346],[-48.84489964996353,-27.040968102528623],[-48.84490862685441,-27.04091683224925],[-48.84490813153286,-27.040864105560534],[-48.84489889093125,-27.040805847182995],[-48.84488163396383,-27.040737983670876],[-48.84485708860982,-27.040656437953068],[-48.84481385144759,-27.040529381845275],[-48.844769675925164,-27.040427019367932],[-48.84472001211724,-27.040346579698532],[-48.844660313150435,-27.040285291152248],[-48.84458602708544,-27.040240383762335],[-48.8444926081172,-27.040209083130154],[-48.844375504276115,-27.04018862106105],[-48.844230168753654,-27.04017622309631],[-48.844052050613506,-27.040169120094806],[-48.84395580217197,-27.04016743565251],[-48.84385633304606,-27.040167312703073],[-48.84375590177926,-27.040168647778156],[-48.84365676992025,-27.040171338364278],[-48.84356119804485,-27.040175280134537],[-48.84347144471413,-27.040180368737136],[-48.843389772485615,-27.0401865016917],[-48.84331843891441,-27.04019357464041],[-48.84325970657733,-27.040201484207532],[-48.843179101357585,-27.04021395704975],[-48.84311372640099,-27.04022133332958],[-48.84306043045374,-27.040222333774686],[-48.84301606132224,-27.040215675479942],[-48.84297747079061,-27.040200078302334],[-48.84294150763824,-27.0401742611458],[-48.8429050196395,-27.04013694289537],[-48.842864858621766,-27.040086841592597],[-48.84281787235663,-27.040022677018285],[-48.84277548978641,-27.039961737179667],[-48.84274235637147,-27.039908590356358],[-48.84271801195779,-27.03986084154533],[-48.84270199335707,-27.03981609659758],[-48.84269383844392,-27.039771958671345],[-48.84269308504305,-27.039726033630135],[-48.84269927299453,-27.039675927367018],[-48.8427119381415,-27.039619243907776],[-48.842730620337434,-27.0395535882412],[-48.8427504898903,-27.039485606144062],[-48.84276424956114,-27.03943055308839],[-48.842771293622754,-27.03938642802293],[-48.84277101634387,-27.0393512298954],[-48.842762813032216,-27.03932295586311],[-48.84274607491147,-27.03929960572672],[-48.84272019928423,-27.03927917757323],[-48.842684578398774,-27.039259670312536],[-48.8426386065207,-27.039239082882933],[-48.84255923301237,-27.039200203522686],[-48.84250099407718,-27.03915883883064],[-48.84246415097674,-27.03911255164027],[-48.84244896200034,-27.039058902022454],[-48.84245568737685,-27.03899545367753],[-48.84248458838308,-27.038919767603623],[-48.842535922214516,-27.03882940652973],[-48.84260995113425,-27.038721930542955],[-48.84270693428629,-27.038594903279588],[-48.842764925026174,-27.038519904158974],[-48.842825427222074,-27.038439475413607],[-48.84288700339436,-27.038355635498473],[-48.842948220136556,-27.03827040112892],[-48.84300764203599,-27.03818578899256],[-48.84306383466191,-27.038103817599794],[-48.84311536263587,-27.038026502741626],[-48.84316079155939,-27.037955862031147],[-48.84319868703926,-27.03789391308293],[-48.843279661805035,-27.037767185030688],[-48.84335493042079,-27.03767185957677],[-48.84342621633613,-27.037607884637648],[-48.8434952399302,-27.037575209882945],[-48.84356372364049,-27.037573782302058],[-48.84363338884146,-27.037603551571753],[-48.843705957950625,-27.03766446557611],[-48.843783153356874,-27.037756474000037],[-48.84386669547911,-27.03787952468931],[-48.84395134053853,-27.03800625629455],[-48.844037805180214,-27.038120001117694],[-48.8441255128331,-27.038220288251157],[-48.84421388796337,-27.038306644999526],[-48.84430235604043,-27.038378598683916],[-48.84439034049782,-27.038435677498043],[-48.844477266798535,-27.03847740876544],[-48.84456255936142,-27.038503321599904],[-48.84464564164824,-27.038512942394327],[-48.844695104646654,-27.038518555507274],[-48.84474840665971,-27.038534815279007],[-48.844807492067204,-27.038563185528755],[-48.84487430327652,-27.03860512823704],[-48.844950783713706,-27.038662105395602],[-48.845038875794785,-27.038735579877738],[-48.84514052294485,-27.038827015467845],[-48.84525766967162,-27.038937873251196],[-48.845392256446544,-27.039069616046007],[-48.84595299993251,-27.03962329215163],[-48.84635113873437,-27.039509083819397],[-48.84675011808728,-27.039394148959943],[-48.84710496321353,-27.03880193978836],[-48.84717538934245,-27.038688261998843],[-48.84725468152456,-27.03856622480699],[-48.84734064225043,-27.038438911730527],[-48.84743107609474,-27.038309403616708],[-48.84752378252807,-27.038180785753156],[-48.84761656616546,-27.038056139000474],[-48.84770722855096,-27.03793854778904],[-48.847793573279866,-27.037831095684687],[-48.847873400992924,-27.037736863506545],[-48.84795297387388,-27.03764478249674],[-48.84803857429311,-27.037543515250125],[-48.84812803246356,-27.037435751344237],[-48.84821917868227,-27.037324176753792],[-48.848309844219074,-27.037211480182158],[-48.848397858363604,-27.03710034940644],[-48.84848105448717,-27.036993470467404],[-48.84855726088756,-27.036893532041244],[-48.84862431093065,-27.036803221983707],[-48.848706448428096,-27.036693963108288],[-48.8487833709661,-27.03659783041232],[-48.848856582743515,-27.036513423695993],[-48.84892758798227,-27.036439340950896],[-48.84899788985307,-27.03637418195372],[-48.84906899355111,-27.036316545606212],[-48.84914240224986,-27.03626503077577],[-48.84921962012454,-27.03621823634161],[-48.84930215132774,-27.036174762081224],[-48.84945698796443,-27.03609581370972],[-48.8495872582014,-27.036022933380995],[-48.84969656241167,-27.03595266284101],[-48.849788497868076,-27.035881546472783],[-48.84986666587051,-27.035806127800466],[-48.84993466466249,-27.035722951190284],[-48.849996092506714,-27.035628559193174]]],[[[-48.689745702799335,-26.948596211873934],[-48.68974021499327,-26.948477942333675],[-48.68973444789971,-26.948347992566912],[-48.689728539767415,-26.94820965510097],[-48.68972263294515,-26.948066218920825],[-48.68971686566299,-26.947920977456246],[-48.689711380251,-26.947777220594627],[-48.68970631499438,-26.94763823905976],[-48.689700330026255,-26.947502384717453],[-48.689691678249176,-26.947367635471593],[-48.689680715486425,-26.947236737834928],[-48.68966779653416,-26.947112439205775],[-48.68965327821767,-26.946997486113286],[-48.68963751534609,-26.946894625053655],[-48.6896208647387,-26.946806602556016],[-48.689603681179946,-26.94673616601864],[-48.68958632148269,-26.946686061970585],[-48.689537171587745,-26.946596611727188],[-48.689476367913464,-26.94652460581],[-48.68940394484822,-26.946470036645692],[-48.689319935688964,-26.94643290024939],[-48.689224375789884,-26.946413189959216],[-48.68911729741903,-26.946410901766665],[-48.68899873592686,-26.94642602810065],[-48.68886872557258,-26.94645856497861],[-48.68872729864646,-26.94650850567514],[-48.688633899109554,-26.94654694511897],[-48.68855779423589,-26.946582800085046],[-48.68849533998489,-26.94662030914059],[-48.688442893345645,-26.946663709052928],[-48.68839680624489,-26.9467172373999],[-48.688353436693475,-26.946785129145223],[-48.68830913857025,-26.946871623691273],[-48.68826026782188,-26.94698095685888],[-48.68820317831785,-26.947117366232675],[-48.68816648884852,-26.94720709795],[-48.68812950344838,-26.947299533897507],[-48.68809300809319,-26.947392575275284],[-48.6880577877763,-26.947484122366046],[-48.68802462950991,-26.94757207548675],[-48.68799431732819,-26.947654333101553],[-48.68796763819735,-26.94772879823566],[-48.687945377183894,-26.9477933684691],[-48.687928320270466,-26.94784594590927],[-48.687854973705115,-26.948009272405173],[-48.68774299412299,-26.948167799680164],[-48.68760110367049,-26.948316006129975],[-48.68743802249582,-26.94844837374365],[-48.687262473930154,-26.94855938098497],[-48.68708317832964,-26.94864350811598],[-48.68690885712278,-26.948695235462782],[-48.68674823280466,-26.948709042511258],[-48.68661002786082,-26.948679409686772],[-48.68656665535348,-26.948658829248796],[-48.68653100196488,-26.948637326832],[-48.68650241619884,-26.948613620228965],[-48.68648024560904,-26.948586424507706],[-48.686463838737915,-26.94855445565358],[-48.68645254211468,-26.948516429617772],[-48.68644570428147,-26.948471062383728],[-48.68644267377989,-26.94841706993411],[-48.68644279814421,-26.948353168234682],[-48.68643800040933,-26.94825595109561],[-48.68641975275076,-26.948167011438215],[-48.686388773120655,-26.948087139836318],[-48.68634577841895,-26.948017128648026],[-48.68629148555497,-26.947957769326372],[-48.686226610385184,-26.94790985510975],[-48.68615187183179,-26.947874176578],[-48.68606798476243,-26.94785152514561],[-48.68597566802483,-26.947842694096696],[-48.685876016880066,-26.947847352149008],[-48.68579110910969,-26.94786583187206],[-48.68572011512099,-26.947899356905246],[-48.68566220838484,-26.947949149127616],[-48.68561655937766,-26.94801642946171],[-48.685582340540726,-26.948102421565387],[-48.68555872437724,-26.948208346386703],[-48.68554488235314,-26.94833542665855],[-48.68553998595839,-26.948484884209442],[-48.685535972081134,-26.948625303977057],[-48.68552435381555,-26.948745068650634],[-48.68550344873665,-26.94884697521347],[-48.68547157240532,-26.948933820612858],[-48.68542703939383,-26.949008400873474],[-48.68536816623139,-26.94907351475388],[-48.68529326951865,-26.949131957397054],[-48.68520066380148,-26.949186525708036],[-48.68508866660105,-26.94924001843442],[-48.68502684729683,-26.949262694894642],[-48.68496875125431,-26.94927495345703],[-48.68491536238824,-26.94927718388843],[-48.684867664647,-26.949269774152206],[-48.68482664094993,-26.949253113097882],[-48.68479327626204,-26.949227587803637],[-48.68476855449987,-26.949193587134904],[-48.68475345754287,-26.949151500825014],[-48.684748972353276,-26.949101715981744],[-48.684731510792986,-26.94905570227515],[-48.684710481130246,-26.94901990412571],[-48.68468234491609,-26.948977131717605],[-48.68464791713097,-26.948928550832],[-48.68460801579309,-26.948875326397328],[-48.68456345992581,-26.94881862335872],[-48.684515067525034,-26.948759607547284],[-48.68446365360071,-26.948699442940878],[-48.68438754104488,-26.94861381223938],[-48.68432203742909,-26.948544261046628],[-48.68426479729978,-26.948489321406324],[-48.684213473112464,-26.948447529835036],[-48.68416571740718,-26.948417419236975],[-48.684119183683,-26.94839752523608],[-48.68407152449283,-26.948386380730465],[-48.684020392319105,-26.94838252222366],[-48.6839634407267,-26.948384482623805],[-48.68375092292113,-26.948399321706873],[-48.683692392620806,-26.94908795896954],[-48.68368179077648,-26.949211395825436],[-48.683671494735115,-26.94932815160996],[-48.68366171209806,-26.94943620017289],[-48.68365264940642,-26.949533518054114],[-48.68364451221447,-26.949618080875023],[-48.683637507083944,-26.94968786427363],[-48.683631841601844,-26.94974084300238],[-48.683627721322914,-26.94977499268273],[-48.683606620447414,-26.94979521054464],[-48.68356120391638,-26.94980544692131],[-48.68353034933461,-26.949811445589745],[-48.68349505604463,-26.949817836072853],[-48.68345606612819,-26.94982447353749],[-48.68341412571225,-26.94983121231512],[-48.68336997687908,-26.94983790757378],[-48.683261779369225,-26.949847212444613],[-48.68316076961684,-26.94984209813101],[-48.68306848119262,-26.949823504011412],[-48.682986452671415,-26.949792370450965],[-48.68291621860851,-26.949749636847372],[-48.682859315523615,-26.949696244435156],[-48.68281727997952,-26.949633131740658],[-48.68279164748315,-26.949561239074576],[-48.682783954517625,-26.949481507661176],[-48.68278236107492,-26.949435567740842],[-48.68277488230664,-26.94939310109927],[-48.68276056719802,-26.94935289909588],[-48.68273846078259,-26.94931374941414],[-48.68270761204826,-26.94927444341047],[-48.68266706800923,-26.9492337706018],[-48.68261587669001,-26.94919052051875],[-48.68255308408837,-26.949143483557645],[-48.68247773824023,-26.94909144924172],[-48.68242209705248,-26.94905352337205],[-48.68236972279873,-26.949016665512506],[-48.6823215034727,-26.94898157159656],[-48.682278329023994,-26.948948940298006],[-48.682241086417754,-26.948919468437257],[-48.68221066563806,-26.948893852884574],[-48.68218090049977,-26.948864887462804],[-48.68217731637026,-26.948837059033227],[-48.6821998524778,-26.94882066600691],[-48.682235459516036,-26.948798687943253],[-48.68228277189203,-26.948771869447135],[-48.68234042002267,-26.948740953251797],[-48.68240703531347,-26.948706683008787],[-48.682481250141336,-26.94866980419133],[-48.68256169494616,-26.948631058632696],[-48.682647003117005,-26.9485911918267],[-48.68275818085022,-26.948538347271057],[-48.68291366765959,-26.948462678323725],[-48.68310743063737,-26.948367188241896],[-48.68333343994726,-26.948254877624226],[-48.68358566373584,-26.948128747952953],[-48.683858071149125,-26.94799180255928],[-48.68414463139363,-26.94784704391123],[-48.68443931176909,-26.947697471784316],[-48.68473608356662,-26.947546090582993],[-48.68502574790995,-26.947398285665045],[-48.68529943504937,-26.947259011095838],[-48.68555243350693,-26.947130635221598],[-48.68578002984066,-26.947015525481618],[-48.68597751267999,-26.946916047563576],[-48.68614016960243,-26.946834569854804],[-48.686263288219095,-26.946773458936214],[-48.68634215608592,-26.946735083177366],[-48.686372059735376,-26.946721809998305],[-48.68642033496928,-26.946698047003846],[-48.68655213801262,-26.946629453683617],[-48.68675948646582,-26.946520271103168],[-48.687034399834076,-26.946374740269928],[-48.68736889752906,-26.946197103948585],[-48.68775499801919,-26.94599160127104],[-48.68818472075401,-26.945762474118762],[-48.68865008526608,-26.94551396352703],[-48.68914310913135,-26.945250312382875],[-48.69189345655812,-26.943778400538847],[-48.6931133129699,-26.942639807328955],[-48.69335759110972,-26.94240832516462],[-48.69363796542624,-26.942136419112657],[-48.6939463167642,-26.94183229373567],[-48.694274525081234,-26.94150415363905],[-48.694614471535715,-26.941160201715828],[-48.69495803638954,-26.940808644537682],[-48.69529710220746,-26.940457684290458],[-48.695623549667886,-26.940115526827462],[-48.69592925967677,-26.939790376284016],[-48.697525324699924,-26.938079530101398],[-48.69813852766456,-26.938090028887654],[-48.69831561143032,-26.938095860068046],[-48.698493311930584,-26.938109398862636],[-48.69868848293811,-26.938134084221325],[-48.698917979358164,-26.938173351407013],[-48.699198652096655,-26.93823063819908],[-48.69954735723318,-26.938309381383835],[-48.69998094800301,-26.93841301745689],[-48.70051627788103,-26.938544982584517],[-48.70117020268935,-26.938708711626948],[-48.70269017982016,-26.939103375413733],[-48.704070634351766,-26.939490737080423],[-48.70535711905056,-26.93988810879314],[-48.7065951872569,-26.940312799056155],[-48.70783039482553,-26.94078211387434],[-48.70910829915891,-26.941313359531502],[-48.71047445950547,-26.941923839833777],[-48.71197443629054,-26.94263085861032],[-48.71365379379831,-26.943451713102625],[-48.7141898130609,-26.943717370926365],[-48.71469504789485,-26.943968403821884],[-48.715160877113014,-26.944200487796095],[-48.71557868141115,-26.94440929986951],[-48.71593983844199,-26.944590514361384],[-48.71623572778008,-26.944739808354367],[-48.71645772804104,-26.944852857100436],[-48.716597218895004,-26.94492533672025],[-48.71664679357944,-26.944962959084403],[-48.71665515262513,-26.945023825123215],[-48.71666657574465,-26.945102425917238],[-48.71668183712608,-26.94520581214066],[-48.71670049850807,-26.945330999542296],[-48.71672211765767,-26.94547500109926],[-48.71674625735597,-26.94563483077236],[-48.716772476319306,-26.945807504261612],[-48.71680033430419,-26.945990035479262],[-48.71682753666795,-26.94617407307929],[-48.71685185576799,-26.946351088118632],[-48.71687296140135,-26.94651782917111],[-48.71689051933704,-26.946671044745443],[-48.71690419940648,-26.946807481611238],[-48.71691366836734,-26.946923889195595],[-48.71691859299746,-26.947017016023374],[-48.716918644122835,-26.947083609782318],[-48.71691348653456,-26.947120418062074],[-48.716880406897616,-26.947171456943323],[-48.71681916610608,-26.94721157330595],[-48.71672289272024,-26.947241111574705],[-48.71658471525902,-26.947260418839534],[-48.716397763286,-26.94726984124485],[-48.71615516640928,-26.947269723951468],[-48.71585005324472,-26.9472604128994],[-48.71547555244701,-26.947242253893375],[-48.71502479370404,-26.947215593489446],[-48.714514674547964,-26.947182054903884],[-48.714110019158184,-26.94715071159363],[-48.713795817561326,-26.947117324186408],[-48.71355705882875,-26.947077654772784],[-48.71337873305704,-26.947027467025592],[-48.71324583045067,-26.946962520842117],[-48.713143340161594,-26.946878579601037],[-48.71305625245289,-26.94677140301878],[-48.71296955655661,-26.94663675435952],[-48.71292695977591,-26.946569659233294],[-48.712878806613574,-26.946498626870177],[-48.71282645305805,-26.946425372236742],[-48.712771256044014,-26.946351613023477],[-48.71271457253606,-26.94627906511822],[-48.712657759492046,-26.946209444410435],[-48.71260217285651,-26.946144466775117],[-48.71254916955622,-26.946085849007478],[-48.712500107537466,-26.946035307018587],[-48.712431048517836,-26.945969408665434],[-48.7123702421873,-26.94591594171321],[-48.71231479158422,-26.945873606585117],[-48.71226180371142,-26.945841107373436],[-48.712208383620776,-26.945817145427156],[-48.71215163737616,-26.945800422107386],[-48.71208866897704,-26.945789641444428],[-48.7120165834868,-26.94578350477273],[-48.71193248796616,-26.945780714354324],[-48.71161967253319,-26.94577538808252],[-48.711030236493656,-26.94678355281263],[-48.7109235695633,-26.94696682116129],[-48.71082075660449,-26.94714462544354],[-48.710723709330935,-26.947313605343325],[-48.71063434147324,-26.947470401485734],[-48.710554564766646,-26.94761165446821],[-48.710486294015595,-26.94773400313647],[-48.710431439931426,-26.947834089881106],[-48.710391918330565,-26.947908553565266],[-48.71036963994996,-26.94795403477148],[-48.71029768074058,-26.94811560296587],[-48.71086800082518,-26.948165276378692],[-48.71121975133834,-26.948194214551684],[-48.71151433341859,-26.948213676084002],[-48.711762097888716,-26.948222899800296],[-48.7119733996129,-26.948221125367002],[-48.712158589507034,-26.948207589583223],[-48.7123280194707,-26.94818153099563],[-48.71249204340104,-26.948142189027326],[-48.71266101319087,-26.94808880211535],[-48.71284528173601,-26.948020607759005],[-48.712943760659456,-26.94798300499481],[-48.71303929759616,-26.94794762407576],[-48.71313008508889,-26.94791506108371],[-48.71321431767857,-26.947885913039787],[-48.71329018791342,-26.947860776034045],[-48.71335588933154,-26.94784024707768],[-48.713409615489546,-26.9478249222812],[-48.7134617355414,-26.94781383544544],[-48.71352229601885,-26.947824841820136],[-48.713605978802356,-26.94785882832697],[-48.71371694731821,-26.947910082310464],[-48.713847189393256,-26.947974453431545],[-48.71398869180827,-26.94804779225482],[-48.714133444328816,-26.948125949419666],[-48.714273431681015,-26.948204773708948],[-48.71440064151196,-26.948280116689897],[-48.71450706249036,-26.948347827263813],[-48.71454402537074,-26.948373729922668],[-48.71457010549398,-26.94839585995067],[-48.714584893795255,-26.948425654565213],[-48.71457278289546,-26.94845619085579],[-48.71454506359011,-26.948479805113855],[-48.71450132580399,-26.948507934524624],[-48.714440543209214,-26.94854223555931],[-48.71436168641207,-26.948584366436048],[-48.714143943830145,-26.948701545991003],[-48.71396212677786,-26.948805706999526],[-48.713810245900234,-26.948902136449348],[-48.713682309729414,-26.948996123047678],[-48.71357232978718,-26.949092954608894],[-48.71347431453578,-26.949197918868226],[-48.713382273389676,-26.949316304455802],[-48.713290216749805,-26.949453399096033],[-48.71319215295762,-26.949614490461396],[-48.713048113087915,-26.949860232931233],[-48.71293927884256,-26.950054178654554],[-48.71286496034564,-26.95020487437216],[-48.71282446564552,-26.95032086405001],[-48.7128171046808,-26.950410693459258],[-48.712842187332235,-26.950482908342984],[-48.712899022479746,-26.950546052598984],[-48.712986918962,-26.95060867190807],[-48.71310518666185,-26.950679311047065],[-48.71318378918048,-26.950726454266675],[-48.71325041001627,-26.95076978342648],[-48.713305754448584,-26.950810026518337],[-48.71335052565705,-26.950847916008478],[-48.71338543090636,-26.950884181718862],[-48.71341117340106,-26.950919555207687],[-48.71342845740927,-26.95095476534075],[-48.713437990147874,-26.950990544639627],[-48.713440473837814,-26.951027623738348],[-48.71343312839404,-26.951101794317445],[-48.71341451998552,-26.951163531615016],[-48.713384684199724,-26.951212818154684],[-48.7133436536115,-26.951249636408814],[-48.71329146384128,-26.95127396799444],[-48.71322814947371,-26.951285796314323],[-48.71315374312388,-26.951285102932125],[-48.71306828144084,-26.951271869474667],[-48.71297179802442,-26.951246079321972],[-48.71290725370469,-26.95122911146873],[-48.71283048968921,-26.95121472486548],[-48.712741269520976,-26.951202910241477],[-48.71263935377642,-26.951193655566616],[-48.71252450597779,-26.951186952464166],[-48.712396488694,-26.951182789830234],[-48.71225506346776,-26.951181157442118],[-48.7120999928288,-26.95118204599077],[-48.71193103934195,-26.95118544435775],[-48.71173099186649,-26.951191925955786],[-48.71156016825104,-26.951199964545722],[-48.71141398642797,-26.951210268269495],[-48.711287864366206,-26.951223543430924],[-48.71117721996154,-26.951240499915787],[-48.71107747220671,-26.951261843094727],[-48.710984036981245,-26.95128828278342],[-48.7108923352855,-26.951320524354735],[-48.71079778399625,-26.95135927761414],[-48.710701621181926,-26.9514023769528],[-48.71062230940916,-26.951442041736478],[-48.71055693375497,-26.95148124421843],[-48.71050257430611,-26.951522953852752],[-48.71045631611903,-26.95157014287344],[-48.71041524023408,-26.951625782540734],[-48.71037642870857,-26.95169284322429],[-48.71033696657348,-26.951774297142816],[-48.71029393487469,-26.951873113739012],[-48.710207365265454,-26.952085707395682],[-48.71013671700993,-26.952277841404474],[-48.71008131305242,-26.952453273380062],[-48.71004047629063,-26.95261576183101],[-48.71001352758673,-26.952769065225965],[-48.7099997908064,-26.95291694207667],[-48.70999858678375,-26.953063150840684],[-48.71000923837758,-26.953211449101975],[-48.71003106740057,-26.953365596229204],[-48.710066784565676,-26.953543129104105],[-48.710110350501914,-26.953714589710412],[-48.71015985479524,-26.95387560267691],[-48.71021338296669,-26.954021793469796],[-48.710269025550566,-26.954148787638417],[-48.71032486905363,-26.954252209766267],[-48.71037900199774,-26.954327683569485],[-48.710429511812464,-26.95437083635842],[-48.71047448599288,-26.95437729183677],[-48.71051584972283,-26.954365385421077],[-48.71057604658611,-26.954350205771952],[-48.71065235994417,-26.954332334137916],[-48.71074207314097,-26.954312352669316],[-48.710842467545376,-26.954290841682248],[-48.71095082652407,-26.954268382432634],[-48.711064433465346,-26.954245555281197],[-48.711180570736275,-26.954222941482602],[-48.71129652169632,-26.954201123219047],[-48.71136426152145,-26.95418407490166],[-48.71142353932244,-26.95415775921298],[-48.71147647395775,-26.954118734367103],[-48.711525183237285,-26.95406356036134],[-48.71157178805694,-26.953988793629456],[-48.71161840421471,-26.95389099322611],[-48.71166715252801,-26.9537667182837],[-48.71172015077467,-26.953612527881017],[-48.711779516760814,-26.953424978384906],[-48.71181355540425,-26.953317332996384],[-48.71184412394177,-26.953229810701778],[-48.711872998386625,-26.953159989306997],[-48.711901955821446,-26.953105443023365],[-48.711932775280395,-26.953063748799174],[-48.71196723381574,-26.953032481743836],[-48.712007109446496,-26.953009218785077],[-48.71205417921868,-26.9529915350273],[-48.71211022013896,-26.95297700737561],[-48.71215232561795,-26.952968975822035],[-48.71219631013627,-26.952963687478782],[-48.71224147974068,-26.95296109859539],[-48.71228714446834,-26.952961167291836],[-48.71233261133633,-26.952963851640007],[-48.71237718736151,-26.952969109712658],[-48.71242018060349,-26.95297689779546],[-48.71246089904843,-26.952987175783388],[-48.71249864976642,-26.952999899045064],[-48.712556190797,-26.95302969717655],[-48.712605663071805,-26.95307243349037],[-48.712647441282044,-26.953129350415605],[-48.71268189907224,-26.953201692167227],[-48.712709411144225,-26.953290700268234],[-48.71273035215894,-26.95339761804411],[-48.712745096809,-26.953523687014528],[-48.712754020733975,-26.95367015142037],[-48.712757497591284,-26.953838253664205],[-48.712759947166575,-26.953883589516227],[-48.712767250085214,-26.953926657768367],[-48.712779674226596,-26.953967906766096],[-48.71279749047194,-26.954007785805373],[-48.712820965676016,-26.954046744116134],[-48.71285037172746,-26.954085231009127],[-48.71288597550038,-26.954123694810374],[-48.71292804784182,-26.954162586616647],[-48.71297685566438,-26.954202352947544],[-48.713038461389445,-26.954246727166563],[-48.7131012176315,-26.954284299391222],[-48.713169712223,-26.95431627479659],[-48.71324853501719,-26.9543438585814],[-48.71334227488532,-26.95436825501423],[-48.71345552068702,-26.95439066924996],[-48.713592862332916,-26.95441230463416],[-48.71375888765759,-26.954434368060024],[-48.713958186595505,-26.954458062807973],[-48.71424317946045,-26.954491301171608],[-48.71446734316001,-26.95452118389744],[-48.71463754091228,-26.954550934144397],[-48.714760637986885,-26.954583775005045],[-48.71484349667417,-26.954622928545756],[-48.71489298125277,-26.954671618615308],[-48.7149159560235,-26.954733068123378],[-48.714919284299604,-26.95481049903866],[-48.71490982937788,-26.95490713422076],[-48.71488682098607,-26.95501672983461],[-48.714847492067776,-26.95510464600198],[-48.71478991528176,-26.955171374881395],[-48.71471216333725,-26.955217406817987],[-48.71461230994913,-26.955243233063822],[-48.71448842888866,-26.955249343052564],[-48.71433859186356,-26.955236229776474],[-48.71416087368152,-26.955204383549972],[-48.71395334515117,-26.955154294598103],[-48.713856628484386,-26.955130307800474],[-48.713749075380846,-26.955106160539135],[-48.71363359688078,-26.955082366562994],[-48.713513105098826,-26.95505943603624],[-48.713390511046384,-26.95503788362631],[-48.71326872680905,-26.955018220418058],[-48.71315066344254,-26.955000958391853],[-48.71303923196179,-26.95498661134171],[-48.712937345428294,-26.954975691298365],[-48.712795926616934,-26.95496363526752],[-48.71267420001866,-26.954956232117013],[-48.71256692685623,-26.954954038527017],[-48.712468869363306,-26.95495761117249],[-48.712374789793714,-26.95496750580904],[-48.71227944937554,-26.954984279063087],[-48.71217761032152,-26.955008488464895],[-48.71206403589851,-26.95504068883834],[-48.71193348529905,-26.955081436726253],[-48.71169596290785,-26.95515304962767],[-48.71140820095847,-26.955232399828542],[-48.711088846982754,-26.955315134108307],[-48.710756545612256,-26.95539689753608],[-48.71042994254018,-26.95547333717481],[-48.710127685596994,-26.955540098493586],[-48.709868418602014,-26.955592829759233],[-48.709670790503885,-26.9556271767238],[-48.70955344519872,-26.9556387859975],[-48.70951449972516,-26.95563367442456],[-48.709469870663725,-26.95561964736293],[-48.709419739936315,-26.95559682237323],[-48.70936428939397,-26.95556532062442],[-48.70930369896743,-26.955525258741776],[-48.70923814952298,-26.955476756975287],[-48.70916782196487,-26.9554199337706],[-48.70909289822373,-26.95535490668749],[-48.70901355915167,-26.955281796877873],[-48.708942919695296,-26.955216113787728],[-48.708869221652805,-26.95515009759123],[-48.708794204130385,-26.955085143741478],[-48.70871960326115,-26.955022644939234],[-48.70864715614086,-26.954963995709118],[-48.70857860090153,-26.954910588790952],[-48.70851567460784,-26.954863819617444],[-48.70846011538151,-26.954825080933475],[-48.70841366029864,-26.9547957672735],[-48.708188541536195,-26.954664652923192],[-48.7079470314713,-26.95483886665104],[-48.70785027103764,-26.954916953325025],[-48.70776199073739,-26.955004685887335],[-48.70768416526766,-26.955098388350763],[-48.70761876832155,-26.955194385617627],[-48.70756777564204,-26.95528900172279],[-48.70753315890459,-26.955378563341892],[-48.70751689491813,-26.955459392719003],[-48.70752095637518,-26.95552781653784],[-48.70754731803014,-26.955580158799552],[-48.70759916309425,-26.955620301197797],[-48.70768204962031,-26.955662855192955],[-48.70778943106229,-26.955705972581395],[-48.70791476182902,-26.95574780698376],[-48.70805149533975,-26.95578651021342],[-48.70819308497445,-26.95582023500598],[-48.70833298509941,-26.95584713413726],[-48.70846464905685,-26.955865360391645],[-48.7085815291703,-26.955873066559935],[-48.70870306072095,-26.95588047913846],[-48.70880870192857,-26.95589850410508],[-48.708898805047546,-26.95592745134281],[-48.70897372530844,-26.95596763258145],[-48.70903381595742,-26.956019357707426],[-48.709079430214665,-26.95608293750344],[-48.70911092231762,-26.95615868186089],[-48.709128645452665,-26.956246902453852],[-48.70913295281657,-26.95634791004942],[-48.70914036801817,-26.956474739949325],[-48.70916630092263,-26.956603553820873],[-48.7092083554386,-26.95673038982475],[-48.70926413652071,-26.956851283427543],[-48.70933124601026,-26.956962273653485],[-48.709407288836715,-26.957059395065226],[-48.70948986780004,-26.957138686705076],[-48.70957658574858,-26.9571961840098],[-48.70966504645968,-26.957227925142767],[-48.70973887240115,-26.957240519683996],[-48.70981031100621,-26.957247421631713],[-48.70988537738051,-26.9572476854925],[-48.70997008558437,-26.95724036754761],[-48.71007045073325,-26.957224521371828],[-48.710192484856506,-26.957199203175215],[-48.710342205054744,-26.957163466512668],[-48.710525624323424,-26.957116367538585],[-48.71074875667013,-26.95705696056429],[-48.71129854741134,-26.956908712126893],[-48.71147207270181,-26.957058921817303],[-48.71154958883992,-26.957133026836],[-48.711621362995814,-26.957215494447397],[-48.71168704078883,-26.957305622225284],[-48.71174627078038,-26.957402711400697],[-48.711798701563296,-26.957506061399812],[-48.71184397971231,-26.957614971615357],[-48.7118817537928,-26.9577287423741],[-48.71191167137766,-26.9578466730832],[-48.71193338003595,-26.957968063148684],[-48.71195654951894,-26.95807467874392],[-48.711995557499314,-26.95819133835699],[-48.71204783541865,-26.958313687535448],[-48.712110808702306,-26.958437369923463],[-48.71218190678479,-26.95855802923134],[-48.712258559042795,-26.95867131097596],[-48.71233819085769,-26.958772857905892],[-48.712418232566904,-26.95885831556193],[-48.712496112510046,-26.958923327652556],[-48.71252301838769,-26.95894365762684],[-48.71254294171789,-26.958963167676455],[-48.71255582413513,-26.958983350392216],[-48.71256160531571,-26.9590056956248],[-48.712560226912515,-26.959031695060716],[-48.712551630595335,-26.95906283948325],[-48.712535757006584,-26.95910062056005],[-48.71251254781021,-26.959146529071656],[-48.71248194466571,-26.959202055797064],[-48.71243632070512,-26.95929232988177],[-48.7124112312038,-26.959370279603345],[-48.712408795300306,-26.959438286608147],[-48.712431128153455,-26.959498729760032],[-48.712480349879186,-26.95955399159903],[-48.71255857761066,-26.959606452794205],[-48.71266792850575,-26.95965849309099],[-48.7128105196806,-26.959712494915582],[-48.71298846935119,-26.959770837071776],[-48.71320236913345,-26.959843968433233],[-48.71338639568765,-26.959922711750504],[-48.71354477393446,-26.960011341034836],[-48.71368172880311,-26.96011413116626],[-48.7138014852625,-26.960235356096096],[-48.713908269289355,-26.960379290673117],[-48.71400630490368,-26.960550207892734],[-48.71409981810883,-26.96075238347645],[-48.71419303398793,-26.960990090412352],[-48.71428922345966,-26.961242692437864],[-48.7143789745825,-26.961441505742023],[-48.71447481586963,-26.9615931922381],[-48.71458927287632,-26.96170441466158],[-48.71473487522716,-26.961781835768967],[-48.714924150552434,-26.961832118216535],[-48.71516962448051,-26.961861924526367],[-48.7154838277109,-26.96187791625466],[-48.715879284889944,-26.961886757366326],[-48.71689546414644,-26.961904031535976],[-48.717202991300326,-26.962122369104456],[-48.717287077025695,-26.962183134012655],[-48.7173538533279,-26.962234785471836],[-48.71740497140929,-26.962279989881342],[-48.717442080527206,-26.962321410894297],[-48.71746682888739,-26.96236171484813],[-48.717480867740235,-26.96240356722272],[-48.71748584537378,-26.962449630739375],[-48.71748341298858,-26.962502573578952],[-48.717475217867175,-26.96256505844293],[-48.71744155106637,-26.962790178175464],[-48.71693304488124,-26.962781537044822],[-48.716699370596025,-26.962779534080695],[-48.71650444125882,-26.962783091180675],[-48.716342989399706,-26.962793569769502],[-48.71620974457093,-26.96281232936798],[-48.71609943834364,-26.962840729490495],[-48.71600680124919,-26.962880131409765],[-48.71592656488063,-26.962931893686342],[-48.71585345976581,-26.962997377553965],[-48.71578221748477,-26.96307794154286],[-48.71574229361024,-26.96312260597083],[-48.71569310870747,-26.96317064521788],[-48.71563626630059,-26.963220850726298],[-48.71557336794077,-26.96327201210292],[-48.71550601714324,-26.963322921695877],[-48.71543581444496,-26.963372370003],[-48.715364363409165,-26.96341914757443],[-48.71529326659807,-26.963462044947548],[-48.71522412553606,-26.963499854451275],[-48.71485508553565,-26.963690410094397],[-48.71445275254389,-26.963581448803716],[-48.714350930880386,-26.96355141864029],[-48.71425822352664,-26.96351914926732],[-48.71417192581197,-26.96348302388836],[-48.71408933206646,-26.963441425683243],[-48.71400773865987,-26.963392736955935],[-48.713924440964,-26.963335339988166],[-48.713836733318324,-26.963267618843762],[-48.71374191113705,-26.963187954890167],[-48.713637269814875,-26.96309473129195],[-48.71322247092485,-26.962716945621356],[-48.712887632835255,-26.962813361793206],[-48.71282693459254,-26.962829863374974],[-48.71276852298996,-26.96284434538095],[-48.712713482219044,-26.96285663138444],[-48.7126628944582,-26.962866544927607],[-48.71261784691972,-26.962873909635565],[-48.71257942178188,-26.962878549052476],[-48.71253774238356,-26.962879616136952],[-48.71250935269601,-26.96286484001708],[-48.71250649631114,-26.962828578833324],[-48.71250881302139,-26.962803248908084],[-48.71251348866015,-26.96277406776037],[-48.71252041923525,-26.962741745725424],[-48.71252950073623,-26.962706994040595],[-48.71254063118447,-26.9626705230736],[-48.71255370658811,-26.96263304315953],[-48.71256819403626,-26.96259202062821],[-48.71258339217118,-26.96254533329474],[-48.71259894671214,-26.96249431552924],[-48.71261450438648,-26.962440301718367],[-48.71262970992783,-26.962384625314318],[-48.712644209078164,-26.962328619785826],[-48.71265764653787,-26.962273620389883],[-48.71266966808847,-26.962220958791455],[-48.712679919439864,-26.962171970264322],[-48.71269263257894,-26.962099688252028],[-48.71269944082569,-26.962039528519817],[-48.712698862052314,-26.961988286826465],[-48.712689415118135,-26.961942759847975],[-48.712669617930594,-26.961899741535643],[-48.71263798935162,-26.961856028560657],[-48.71259304724206,-26.961808417574158],[-48.71253330954524,-26.961753701613766],[-48.71245729511609,-26.961688679140238],[-48.71237914801158,-26.96162454069757],[-48.7123096193123,-26.961572876615865],[-48.712242950760874,-26.96153182737402],[-48.71217338506813,-26.961499536163007],[-48.71209516400415,-26.961474143440192],[-48.71200252931117,-26.961453791453646],[-48.711889722739336,-26.961436622433236],[-48.711750986066235,-26.961420777681493],[-48.71158056208891,-26.96140439848263],[-48.711348469583925,-26.961389436299523],[-48.71105236116678,-26.961379570749543],[-48.71071390922765,-26.961374561427302],[-48.71035478711913,-26.9613741689988],[-48.70999666518985,-26.961378152478606],[-48.70966121774819,-26.961386273870833],[-48.709370116115544,-26.96139829352615],[-48.709145033652916,-26.961413971074652],[-48.70900764169185,-26.96143306798224],[-48.708979109966535,-26.961442465152604],[-48.70895475821168,-26.961456312491194],[-48.708934323671684,-26.961475202239697],[-48.708917540571065,-26.96149972659024],[-48.70890414613676,-26.961530478685773],[-48.70889387660765,-26.961568050750397],[-48.7088864662278,-26.961613034073036],[-48.70888165323219,-26.96166602181212],[-48.70887917184733,-26.96172760615828],[-48.7088793927666,-26.961797832844404],[-48.70888408434967,-26.96185919537192],[-48.7088944796128,-26.961914065532852],[-48.70891181461171,-26.961964814265183],[-48.70893732132198,-26.962013815146406],[-48.70897223477911,-26.962063439996783],[-48.70901779006008,-26.962116058829587],[-48.709075220162575,-26.96217404523049],[-48.709145759137684,-26.962239770992987],[-48.70941797230766,-26.962487121985657],[-48.71011975368529,-26.9623769894761],[-48.710822359492425,-26.962266867692158],[-48.71120414478274,-26.96244874534148],[-48.71130897628825,-26.96249931551183],[-48.71139279963149,-26.962542572261068],[-48.711457886641064,-26.962580863654612],[-48.71150651424927,-26.962616535121764],[-48.711540956323965,-26.962651934740226],[-48.71156348776491,-26.962689409695386],[-48.711576382487564,-26.962731306249328],[-48.71158191539835,-26.962779971579707],[-48.71158236241206,-26.96283775287864],[-48.711580904176955,-26.962875652328336],[-48.711578239494436,-26.96291245287456],[-48.7115744991591,-26.962947463568934],[-48.71156981100041,-26.962979990707616],[-48.711564307827345,-26.963009343374985],[-48.71155474453767,-26.96304529371747],[-48.71153673422523,-26.963081165566717],[-48.71149999618463,-26.963095402423765],[-48.71144332763597,-26.96309504180453],[-48.71137049749123,-26.963081512979638],[-48.71128527468739,-26.963056244319215],[-48.71119142816201,-26.963020664198535],[-48.71109272686647,-26.962976200098336],[-48.71099293970701,-26.9629242813129],[-48.71089583660328,-26.96286633626048],[-48.710805185447626,-26.96280379333614],[-48.710665577120906,-26.962718401416087],[-48.710512360658356,-26.962658319166096],[-48.71035052131415,-26.962623139304736],[-48.71018504333344,-26.96261245365124],[-48.710020908956615,-26.96262585311208],[-48.70986310240234,-26.96266293045383],[-48.70971660795592,-26.962723275759178],[-48.70958640886327,-26.962806481820817],[-48.70947748843913,-26.962912139642878],[-48.709433637704805,-26.96296804227184],[-48.709399272093684,-26.963021543334566],[-48.709373527086804,-26.96307938172123],[-48.70935554017086,-26.963148296351715],[-48.70934444780348,-26.963235027029434],[-48.70933938444552,-26.963346312621223],[-48.7093394895732,-26.96348889297644],[-48.70934389762849,-26.963669507861418],[-48.70935174510156,-26.96389489526974],[-48.70935764926098,-26.96407861718544],[-48.70936042412294,-26.9642419987613],[-48.709359956678455,-26.96438684122915],[-48.7093561329129,-26.964514945804204],[-48.709348840862766,-26.964628111929716],[-48.70933796651536,-26.964728140820174],[-48.709323397872154,-26.96481683372242],[-48.709305021928145,-26.964895991866513],[-48.70928272571481,-26.96496741467779],[-48.709256660881124,-26.96504550118516],[-48.709237806262074,-26.965115664171492],[-48.70922643579804,-26.965182580908177],[-48.709222824450514,-26.965250927779376],[-48.709227246209934,-26.965325379347213],[-48.709239975014434,-26.965410612878898],[-48.70926128685806,-26.965511303868766],[-48.709291455730444,-26.96563212777697],[-48.709330755615646,-26.965777760964585],[-48.70935785051853,-26.965873924560807],[-48.70938508605271,-26.965966028573146],[-48.70941187846751,-26.96605241205554],[-48.709437646004574,-26.966131414997225],[-48.709461802875744,-26.96620137732213],[-48.70948376836134,-26.966260637232075],[-48.709502958665105,-26.96630753558636],[-48.70952473332191,-26.96634900898131],[-48.70956304597575,-26.966374269956294],[-48.70963789615166,-26.966405616038358],[-48.7097510118731,-26.966450076353507],[-48.70989817997142,-26.966506078891776],[-48.710075186205,-26.966572055226543],[-48.71027781438954,-26.966646433290123],[-48.71050185129635,-26.96672764377831],[-48.71074308168486,-26.96681411646683],[-48.710997290274356,-26.966904282053665],[-48.711521113424794,-26.967086183238834],[-48.71195296110899,-26.967227141995792],[-48.712307186105356,-26.967328810754456],[-48.71259814248315,-26.96739284078369],[-48.71284018246304,-26.96742088491693],[-48.71304766247192,-26.967414594095406],[-48.71323493399145,-26.9673756190648],[-48.71341635255281,-26.967305611449465],[-48.71360627066419,-26.967206222746693],[-48.713679826344794,-26.967160963083987],[-48.71376295337087,-26.96710406288707],[-48.71385331467914,-26.967037438905827],[-48.7139485712726,-26.966963004254],[-48.71404638712981,-26.966882674806993],[-48.71414442221396,-26.966798366382],[-48.71424034054695,-26.966711993966726],[-48.714331802137195,-26.966625472490854],[-48.71441647002694,-26.96654071693971],[-48.714499118341905,-26.966457364358508],[-48.71458475922267,-26.966374885079016],[-48.714671412239,-26.96629494446781],[-48.71475709999191,-26.966219207946],[-48.714839843097224,-26.96614934000543],[-48.71491766110007,-26.966087008735265],[-48.714988575675704,-26.96603387684898],[-48.71505060740634,-26.965991611557882],[-48.7151017779193,-26.96596187828751],[-48.71534803199753,-26.96583731177959],[-48.715687919939946,-26.966165720010324],[-48.71581622365621,-26.966292702461583],[-48.71594506426397,-26.966427428309927],[-48.71607798699535,-26.96657418473802],[-48.716218537122,-26.96673725891708],[-48.71637025996134,-26.966920938005753],[-48.716536702917445,-26.967129508278642],[-48.716721409433575,-26.967367255927986],[-48.716927927006346,-26.967638469897253],[-48.71715980128913,-26.96794743546408],[-48.71767534493899,-26.968639190998225],[-48.71755977902113,-26.968831840049862],[-48.717461657149485,-26.968989470822443],[-48.71736877803563,-26.96912544758175],[-48.71727947231466,-26.969241296398856],[-48.717192068645346,-26.969338540599914],[-48.71710489764996,-26.96941870534266],[-48.71701628792617,-26.96948331574726],[-48.71692457009524,-26.969533896059396],[-48.71682807376522,-26.969571970503495],[-48.71672512852135,-26.96959906420075],[-48.71666542575191,-26.969610593828243],[-48.71660287772295,-26.969621375230094],[-48.7165389686539,-26.969631225794068],[-48.716475185767294,-26.96963996386165],[-48.71641301425449,-26.96964740864656],[-48.71635393936201,-26.969653376658798],[-48.71629944630016,-26.969657686214926],[-48.716251021268064,-26.969660156551992],[-48.716210150482794,-26.969660606006194],[-48.71609875329178,-26.969667324178733],[-48.71595841596112,-26.96968872153569],[-48.715799233586985,-26.969721887914606],[-48.715631298273365,-26.969763912237436],[-48.71546470514882,-26.969811884423383],[-48.71530954832841,-26.969862896228957],[-48.71517592102586,-26.969914035830662],[-48.71507391945144,-26.969962394193413],[-48.7150136358123,-26.970005062230108],[-48.71497788947182,-26.9700661461877],[-48.71495069427931,-26.97015922845886],[-48.71493210359311,-26.97027872472486],[-48.714922164747584,-26.970419050568676],[-48.714920930106864,-26.97057462255638],[-48.71492844904313,-26.97073985630223],[-48.71494477192371,-26.97090916833802],[-48.7149699501435,-26.971076974308463],[-48.71500403308191,-26.97123768982416],[-48.71502059644897,-26.97130953164386],[-48.7150361559225,-26.971385151031974],[-48.71505043668077,-26.97146274587648],[-48.715063162875566,-26.9715405149512],[-48.71507406268478,-26.97161665709531],[-48.7150828592329,-26.971689371968477],[-48.71508927870079,-26.97175685747505],[-48.71509304626226,-26.971817311503006],[-48.715093889068655,-26.97186893377725],[-48.71509518307509,-26.97193606544235],[-48.715101376370534,-26.971995550779496],[-48.7151138529781,-26.972049826251144],[-48.715133993920126,-26.972101327367422],[-48.715163182235315,-26.972152489669256],[-48.71520279999644,-26.97220574687458],[-48.71525423124187,-26.97226353543693],[-48.71531885802409,-26.972328290870912],[-48.71539806343346,-26.97240244779997],[-48.71550253562198,-26.972499482316813],[-48.71557859022313,-26.972578504553198],[-48.715624230570064,-26.972644867028855],[-48.7156374601317,-26.972703916835812],[-48.71561628229998,-26.972761005556738],[-48.71555870152804,-26.97282148205842],[-48.715462721208795,-26.972890696963823],[-48.7153263457248,-26.97297399997168],[-48.71514757740701,-26.973076739800717],[-48.71498909259234,-26.97317325210048],[-48.71481159140834,-26.973291463553267],[-48.71462394716128,-26.973424441982846],[-48.71443503627004,-26.973565254408125],[-48.71425373218275,-26.973706969656213],[-48.714088909460834,-26.973842655719338],[-48.71394944274507,-26.973965380632528],[-48.71384420874949,-26.97406821249172],[-48.713782080189766,-26.974144219334796],[-48.71376684974172,-26.97417628758276],[-48.713757777109514,-26.97421474572724],[-48.71375507583729,-26.974260838987675],[-48.71375895639631,-26.974315815240196],[-48.713769629315735,-26.974380919653733],[-48.71378730813126,-26.974457398347525],[-48.71381220237422,-26.974546496472453],[-48.71384452456604,-26.97464946103176],[-48.71388448626455,-26.97476753720699],[-48.71394563379908,-26.974942372947158],[-48.71400235556774,-26.97508009182504],[-48.71407009905501,-26.975190068096385],[-48.714164313831425,-26.975281676021815],[-48.71430044952695,-26.975364289812802],[-48.71449395384889,-26.9754472826602],[-48.714760275624165,-26.975540027633105],[-48.71511486581775,-26.97565190033397],[-48.71557317372516,-26.975792272435143],[-48.71595338450365,-26.9759107681546],[-48.71625243671064,-26.976013473255463],[-48.716479849079676,-26.97610987461771],[-48.71664513951453,-26.976209458030446],[-48.71675782801255,-26.976321710086722],[-48.71682743464229,-26.976456116382703],[-48.716863478452844,-26.976622164238307],[-48.716875478558435,-26.976829338227812],[-48.716872954013546,-26.97708712651425],[-48.716869440774275,-26.977202138526525],[-48.71686451476911,-26.977312590186337],[-48.71685836171063,-26.97741646665208],[-48.71685116724054,-26.977511756690948],[-48.716843117020765,-26.977596448168153],[-48.71683439475594,-26.97766852621002],[-48.7168251871002,-26.97772597960056],[-48.71681567972034,-26.97776679620543],[-48.71679826042575,-26.977796389123085],[-48.71676427865587,-26.977823110102957],[-48.71672871007419,-26.97784615860763],[-48.71668495898978,-26.977872284467214],[-48.71663423071999,-26.977900806013455],[-48.71657772849687,-26.97793104515477],[-48.71651665762297,-26.977962321127016],[-48.7164522203824,-26.97799395311881],[-48.716385622028135,-26.978025263076216],[-48.71601864009552,-26.978194394524966],[-48.715338134536815,-26.97795860746107],[-48.71516689351883,-26.977900138464737],[-48.71501916931533,-26.977852356494385],[-48.71489137690494,-26.97781452303869],[-48.71477992619805,-26.977785902189783],[-48.7146812331813,-26.977765757218517],[-48.7145917078307,-26.977753350382045],[-48.714507765147545,-26.977747944910377],[-48.71442581711862,-26.977748803975206],[-48.71434227675962,-26.977755189853973],[-48.71419690092953,-26.977776984209388],[-48.71406378759532,-26.977810966238923],[-48.71394304099418,-26.977857060057563],[-48.71383476341255,-26.97791518703869],[-48.71373905914086,-26.977985269488087],[-48.71365603244154,-26.97806723151321],[-48.713585785644625,-26.978160993577564],[-48.713528424018214,-26.97826648070163],[-48.713484048884276,-26.978383614229134],[-48.71345884129329,-26.978460054810807],[-48.713433178961445,-26.978525556793585],[-48.7134057292858,-26.97858171571608],[-48.71337516161865,-26.978630129854547],[-48.71334014232488,-26.978672395630394],[-48.71329933974404,-26.978710111300114],[-48.71325142122424,-26.978744874199336],[-48.71319505412876,-26.978778280758547],[-48.71312890779435,-26.97881192924142],[-48.713080630760814,-26.978836074510774],[-48.71303216928548,-26.97886186822685],[-48.7129845505204,-26.978888674601503],[-48.71293879854419,-26.97891586050552],[-48.7128959415198,-26.97894279017008],[-48.71285700552531,-26.97896883140348],[-48.71282301570652,-26.978993348390045],[-48.712794999169624,-26.97901570805387],[-48.71277398305821,-26.97903527551493],[-48.712721275918234,-26.979082034169842],[-48.71268633485559,-26.97910397817313],[-48.71265457559811,-26.979128316548362],[-48.71255924982459,-26.979174468937966],[-48.7124839137538,-26.979217488591033],[-48.71240313456028,-26.979243522610364],[-48.71238231193893,-26.97925939496656],[-48.7122714353379,-26.9792988593763],[-48.712228397805156,-26.9793079095392],[-48.712152463313174,-26.97933539017107],[-48.71204544627796,-26.97936440279093],[-48.71189495447553,-26.979397685301095],[-48.711864688734984,-26.979409776420457],[-48.71183055218743,-26.979410016149036],[-48.71176651906995,-26.97942097674837],[-48.71169653299578,-26.979440802717402],[-48.7116448473054,-26.979438195348305],[-48.711589851626016,-26.97944415787098],[-48.71155138587478,-26.979454254906027],[-48.711498153191506,-26.979450047604686],[-48.71145187531476,-26.979448292369792],[-48.71141765883515,-26.9794424771616],[-48.711390635653856,-26.97943688528327],[-48.71135946602138,-26.97943032811929],[-48.71132502931997,-26.97942300224431],[-48.71128820590197,-26.979415106054265],[-48.71124987412361,-26.97940683701088],[-48.711210913347536,-26.97939839259316],[-48.711172203942695,-26.979389970297376],[-48.71113462523403,-26.979381769408622],[-48.711094472994525,-26.979371180367306],[-48.71104886010457,-26.979355881225498],[-48.71102562888323,-26.979345331540046],[-48.71099906645232,-26.979336485672675],[-48.710946367933765,-26.979313605530002],[-48.7108920454596,-26.979287853604095],[-48.710837376917596,-26.979259842654272],[-48.710783640211396,-26.979230184539517],[-48.710754371430106,-26.97921471680261],[-48.71073211423061,-26.979199492039115],[-48.710684077862105,-26.979168377933973],[-48.71060743237373,-26.979114539456027],[-48.710525978017685,-26.979053851822087],[-48.71043286191423,-26.978980474097792],[-48.71032123627954,-26.97888856451059],[-48.71018424934403,-26.97877228210049],[-48.71001505247991,-26.978625784118854],[-48.709806794118,-26.97844322952651],[-48.709552625882715,-26.978218776370355],[-48.70924569758454,-26.977946582585652],[-48.70918094819523,-26.97788736698263],[-48.709121326410994,-26.9778296578663],[-48.709067745559786,-26.977774560234874],[-48.70902112193227,-26.977723181842645],[-48.70898236989455,-26.97767662590058],[-48.70895240271332,-26.977636000113705],[-48.70893213572408,-26.977602409512635],[-48.7089224842456,-26.977576960028877],[-48.70892700038309,-26.977543610890873],[-48.70891954127319,-26.97751544553352],[-48.70890276011879,-26.977477540218505],[-48.70887742971022,-26.977431176332956],[-48.70884432589692,-26.977377633507867],[-48.708804223521796,-26.977318191357273],[-48.708757898415556,-26.97725413041338],[-48.70870612441145,-26.977186730273594],[-48.708649677353655,-26.977117270568286],[-48.708331569217584,-26.976735199537583],[-48.70842972513001,-26.97503124657837],[-48.70852786108683,-26.97332803273851],[-48.70828181518607,-26.972975310529307],[-48.70823114253085,-26.972906347131023],[-48.70817067294959,-26.972830127625812],[-48.708102279769925,-26.972748693999606],[-48.70802783733723,-26.972664087354183],[-48.707949217937205,-26.972578350565325],[-48.70786829490662,-26.972493523821885],[-48.70778694254121,-26.972411649136834],[-48.70770703410033,-26.972334769412555],[-48.70763044288758,-26.97226492484863],[-48.70751352175259,-26.97216274144554],[-48.70741346297185,-26.972080194939906],[-48.707322902866075,-26.97201376066927],[-48.70723448281227,-26.97195991493531],[-48.70714083920077,-26.971915133038063],[-48.70703461243581,-26.971875892128626],[-48.70690844096606,-26.971838667497597],[-48.70675496224012,-26.97179993528953],[-48.70656681776709,-26.971756171670823],[-48.70644196832169,-26.971728520419955],[-48.70631112059831,-26.97170134537396],[-48.70617739028731,-26.971675169207238],[-48.70604389210245,-26.97165051278473],[-48.70591374373529,-26.97162789883617],[-48.70579005783766,-26.97160785002044],[-48.70567595212763,-26.97159088728418],[-48.70557454225141,-26.97157753425594],[-48.70548894189468,-26.971568311831046],[-48.70533102280517,-26.971552155096244],[-48.70517207600894,-26.97153130323159],[-48.705016092388746,-26.971506628910014],[-48.7048670628539,-26.9714790030172],[-48.7047289812871,-26.97144929830782],[-48.704605838539806,-26.971418387500435],[-48.704501625490195,-26.971387141518672],[-48.70442033496668,-26.971356434029992],[-48.7043659588211,-26.971327136880003],[-48.70435127810449,-26.971308480848553],[-48.70433621679021,-26.971273887049705],[-48.704321118637495,-26.971225077512752],[-48.70430632637878,-26.971163775152704],[-48.704292184721744,-26.971091704721672],[-48.70427903840869,-26.9710105891675],[-48.70426723014786,-26.970922152307388],[-48.70425710471414,-26.970828115284924],[-48.70424900578204,-26.970730203737922],[-48.704236962600135,-26.970571501356805],[-48.704224583135,-26.97044421172792],[-48.704209220496956,-26.970341835718486],[-48.70418822481939,-26.970257872341048],[-48.70415894829148,-26.97018581883457],[-48.704118743035814,-26.970119176043355],[-48.704064959208665,-26.970051442969925],[-48.703994950022675,-26.969976117757252],[-48.70390606666733,-26.969886700310962],[-48.70382249905717,-26.96980513306718],[-48.70374866507798,-26.969738239128798],[-48.703680584888005,-26.969683959278978],[-48.70361427868153,-26.969640233390887],[-48.70354576562239,-26.969605003118495],[-48.70347106596436,-26.96957620651637],[-48.703386200866376,-26.96955178705965],[-48.7032871885848,-26.969529682750604],[-48.703170051339455,-26.96950783525132],[-48.70304384151202,-26.96948619353174],[-48.70294189613929,-26.969470953817304],[-48.702858810836766,-26.969462857399815],[-48.70278917921478,-26.969462645516742],[-48.7027275938274,-26.969471062079947],[-48.70266865131278,-26.96948884834896],[-48.702606943290995,-26.969516744589264],[-48.702537066335964,-26.969555494746782],[-48.70245361303693,-26.96960583998278],[-48.70239668978632,-26.969643661486092],[-48.70233096749486,-26.969692167794786],[-48.702258372845186,-26.969749672077207],[-48.70218083040054,-26.969814492884808],[-48.702100264840695,-26.969884943360213],[-48.70201860279402,-26.969959340292018],[-48.701937768939715,-26.97003599773477],[-48.70185968992563,-26.970113232487243],[-48.701786289407494,-26.970189360401715],[-48.70171522915206,-26.970262626923763],[-48.701644409554184,-26.970331627920185],[-48.70157528969817,-26.970395188759227],[-48.701509328674035,-26.97045213481243],[-48.701447984569675,-26.9705012914377],[-48.70139271950363,-26.970541484061133],[-48.7013449895734,-26.970571537109805],[-48.70130625589207,-26.97059027599598],[-48.70127797656795,-26.970596525180323],[-48.70125104246017,-26.970594067974098],[-48.70121618450942,-26.97058771745473],[-48.70117462387237,-26.970577847291207],[-48.70112758468994,-26.9705648330065],[-48.7010762881373,-26.970549047368703],[-48.701021957365874,-26.970530864984376],[-48.70096581353056,-26.970510659526607],[-48.700909079761786,-26.970488806507344],[-48.70085297722961,-26.970465678701196],[-48.70069235753612,-26.97040184240986],[-48.700548349388896,-26.970358412980385],[-48.700412149500686,-26.97033705347218],[-48.70027495454195,-26.970339429614665],[-48.70012796022636,-26.97036720437908],[-48.699962362205945,-26.970422042500786],[-48.699769358117656,-26.97050560779549],[-48.69954014351345,-26.970619563979554],[-48.69926591382905,-26.970765575583297],[-48.699113521832984,-26.97084958279533],[-48.6989561919519,-26.97093851769557],[-48.69879751841112,-26.9710302180764],[-48.69864109542177,-26.971122523551927],[-48.69849051624787,-26.971213271933145],[-48.69834937615248,-26.971300302884543],[-48.69822126844166,-26.971381454247727],[-48.69810978841486,-26.971454565712694],[-48.698018530431355,-26.97151747425365],[-48.697906883138295,-26.971598248063298],[-48.6978155855086,-26.971667597367492],[-48.69774279766906,-26.971727641740337],[-48.697686680789076,-26.97178049805306],[-48.69764539494315,-26.971828286758623],[-48.69761709926164,-26.971873124676943],[-48.69759995585108,-26.97191713047563],[-48.69759212381075,-26.971962421866554],[-48.69759176421351,-26.972011118395955],[-48.69760145722759,-26.97221589762221],[-48.69760937452214,-26.972422065549598],[-48.69761543424354,-26.972623201848034],[-48.69761955657215,-26.972812885318657],[-48.69762166066578,-26.9729846956488],[-48.69762166669239,-26.97313221254269],[-48.69761949480514,-26.973249016607028],[-48.6976150622139,-26.973328684790786],[-48.6976082910748,-26.973364798635878],[-48.69757620173705,-26.973387770895904],[-48.69752710430422,-26.97339048721325],[-48.69746515968084,-26.973375363689232],[-48.69739453177951,-26.973344817379846],[-48.697319382514856,-26.97330126441203],[-48.69724387381078,-26.973247120018062],[-48.69717217057948,-26.973184800389692],[-48.697108434677524,-26.973116722578716],[-48.697056827980404,-26.973045301838148],[-48.69693911418321,-26.97286120782807],[-48.69681805020559,-26.97268857308898],[-48.69669544348733,-26.972529298797593],[-48.696573102491946,-26.97238528434786],[-48.696452835628364,-26.972258430943185],[-48.69633645129029,-26.972150639792154],[-48.696225756870824,-26.972063811189756],[-48.696122561750165,-26.971999846370604],[-48.69602867232082,-26.971960644719626],[-48.69598083605361,-26.971947557928058],[-48.695934224634755,-26.971936641640298],[-48.695889739802,-26.971927979186823],[-48.69584828433634,-26.97192165211136],[-48.695810759993535,-26.971917742844184],[-48.69577806951793,-26.97191633473486],[-48.69575111569107,-26.971917509329128],[-48.69571802395049,-26.971927939044132],[-48.69569068082808,-26.971972948234516],[-48.69567090272366,-26.972014638356942],[-48.69564787669229,-26.972067145136364],[-48.69562221712248,-26.972128984193006],[-48.69559454131425,-26.972198676609636],[-48.69556546462953,-26.972274739828134],[-48.69553560343985,-26.97235569130748],[-48.69550557507172,-26.972440051230237],[-48.695475567265134,-26.972524437650392],[-48.69544628332611,-26.97260547434708],[-48.695418285365314,-26.972681673382592],[-48.695392135514666,-26.97275154591768],[-48.69536839590859,-26.972813603113693],[-48.69534762866481,-26.972866357034455],[-48.69533039491348,-26.972908318825496],[-48.69531725779835,-26.97293799966525],[-48.69528136886023,-26.97297640486949],[-48.69524596992737,-26.972980278465528],[-48.69520467655583,-26.972967363388463],[-48.69515958363541,-26.972939492443412],[-48.69511278607247,-26.97289849753537],[-48.69506637973881,-26.97284621239247],[-48.69502245850405,-26.972784469810065],[-48.69498311928662,-26.972715100830655],[-48.69495045592004,-26.972639939155194],[-48.694895059287,-26.972496873134766],[-48.6948245763581,-26.972326269910592],[-48.69474442931491,-26.97213997051569],[-48.69466004330742,-26.971949816039313],[-48.69457683937644,-26.971767648415863],[-48.69450023954214,-26.971605307801276],[-48.694435666740205,-26.97147463618066],[-48.69438854390879,-26.97138747374054],[-48.694352642463066,-26.97135830726663],[-48.694297634613704,-26.97137590793085],[-48.69427004583878,-26.97138640027603],[-48.6942393760771,-26.97139857486729],[-48.694206269852614,-26.971412187763644],[-48.6941713707011,-26.971426994106043],[-48.69413532316566,-26.971442749052446],[-48.6940919122142,-26.9714598860404],[-48.69403579911724,-26.97147913168977],[-48.6939689609807,-26.97149994078483],[-48.6938933738686,-26.97152176989874],[-48.69381101392066,-26.971544071998625],[-48.69372385515525,-26.971566305435054],[-48.69363387673816,-26.971587923232658],[-48.693543051741955,-26.971608381028563],[-48.69345335825786,-26.971627135449697],[-48.69336405407794,-26.971646702054425],[-48.6932748734944,-26.971669047400006],[-48.6931876656893,-26.971693528545913],[-48.69310428091005,-26.97171949986651],[-48.693026566350426,-26.971746317495374],[-48.69295637222825,-26.97177333761928],[-48.69289554777624,-26.9717999155093],[-48.692845940197984,-26.971825407307385],[-48.69280940074513,-26.971849168319665],[-48.69278036595108,-26.97187104248886],[-48.69275187546087,-26.97189062346643],[-48.692724493629164,-26.971907647959817],[-48.69269878385936,-26.97192184995407],[-48.69266496817625,-26.971936849619507],[-48.69261577499348,-26.971937278630254],[-48.69259866085191,-26.971906574792317],[-48.69258836806461,-26.971873957599907],[-48.69257703588179,-26.971832698870145],[-48.692564947053405,-26.971783947513167],[-48.69255238125309,-26.971728855096146],[-48.69253962124776,-26.97166856962719],[-48.692526947734606,-26.971604241787887],[-48.69251464140983,-26.97153702225995],[-48.69250148370941,-26.971465671004644],[-48.69248585659347,-26.971388979343434],[-48.692468257222515,-26.97130889203022],[-48.692449179734815,-26.971227353769525],[-48.6924291192365,-26.971146311086734],[-48.6924085718934,-26.9710677078175],[-48.692388032825264,-26.970993489585418],[-48.69236799716783,-26.970925601112175],[-48.692348960017895,-26.970865988923823],[-48.692320008852874,-26.970784330468284],[-48.69229144742625,-26.970716253634574],[-48.69226064537757,-26.97065917320296],[-48.692224973323235,-26.970610505772406],[-48.69218180093361,-26.9705676652162],[-48.69212850084993,-26.970528068159656],[-48.69206244174812,-26.970489128450176],[-48.691980994290034,-26.97044826176497],[-48.691881530175465,-26.970402882885754],[-48.69151504484044,-26.97023971532385],[-48.69075483305428,-26.97045308253461],[-48.689993779014245,-26.970667170777165],[-48.6897993224935,-26.97045367834694],[-48.68976191970148,-26.97041041549097],[-48.68972140219133,-26.97036027739836],[-48.68967881854789,-26.97030473777762],[-48.689635218340904,-26.970245271256836],[-48.689591650166136,-26.97018335064436],[-48.68954916257812,-26.970120450553814],[-48.68950880619585,-26.970058042926485],[-48.68947162954682,-26.96999760328008],[-48.68943868122839,-26.969940603524474],[-48.68935568644013,-26.969807508007364],[-48.68926484469335,-26.96969553776883],[-48.6891624038401,-26.969603089014832],[-48.689044611794685,-26.969528555231932],[-48.68890771846971,-26.969470330824947],[-48.68874797072095,-26.969426811931804],[-48.68856161849724,-26.969396391104112],[-48.68834490865172,-26.96937746441852],[-48.688094091094044,-26.969368426155444],[-48.68792328095793,-26.969364499365824],[-48.687779081143,-26.96935838653736],[-48.68765577631651,-26.969348991373195],[-48.68754765521548,-26.969335215807238],[-48.68744900451325,-26.969315964423053],[-48.68735411094452,-26.969290139079153],[-48.68725726020856,-26.969256643405995],[-48.68715274109208,-26.969214378361986],[-48.68703483827871,-26.96916224933311],[-48.686926851458786,-26.969114578525314],[-48.68682787275649,-26.969074686429703],[-48.686735163728706,-26.969041931607318],[-48.68664598703997,-26.969015668117287],[-48.686557602285674,-26.9689952526685],[-48.68646727007302,-26.968980041979655],[-48.686372253081856,-26.96896939008923],[-48.686269810882266,-26.968962655489165],[-48.68615720615916,-26.968959192201524],[-48.686023748197904,-26.968957416871422],[-48.68591580914803,-26.968958998766084],[-48.68582625588998,-26.968966621037666],[-48.68574795422067,-26.96898297040231],[-48.68567377201965,-26.969010729980265],[-48.685596575087665,-26.969052585548148],[-48.68550923025121,-26.969111221077643],[-48.685404605277355,-26.96918932233994],[-48.685275565931065,-26.96928957233751],[-48.68519667232168,-26.969349803891205],[-48.68511998927503,-26.969405853766247],[-48.6850469846738,-26.969456813873546],[-48.684979124354065,-26.969501777898326],[-48.684917875143206,-26.969539840447027],[-48.68486470592088,-26.969570094356794],[-48.684821082527876,-26.96959163331821],[-48.68478847384227,-26.969603550169378],[-48.68474496823756,-26.969592263469092],[-48.68471784410844,-26.969570880629064],[-48.684698046317536,-26.969551697346304],[-48.68467755333051,-26.969529475900234],[-48.68465683584554,-26.96950474021227],[-48.6846363644861,-26.96947801781253],[-48.68461661192552,-26.969449834460217],[-48.68459804783419,-26.969420714963043],[-48.68457214086979,-26.969375589400663],[-48.68455374111738,-26.969336964632653],[-48.68454332311685,-26.969302666391265],[-48.68454136133645,-26.969270524016167],[-48.6845483322957,-26.969238365074492],[-48.68456470949283,-26.96920401708189],[-48.68459096741188,-26.969165308470426],[-48.68462758157593,-26.96912006588177],[-48.68467502642053,-26.969066119546326],[-48.68478703207982,-26.968974878941975],[-48.68497607474344,-26.96885953838628],[-48.68523065943385,-26.968725222226535],[-48.68553929017472,-26.968577055677446],[-48.68589047308889,-26.968420163117955],[-48.686272712383264,-26.968259668969026],[-48.68667451238328,-26.968100697758203],[-48.687084380564166,-26.96794837419063],[-48.68749082147437,-26.967807824865506],[-48.68770240628996,-26.967739105150212],[-48.68788771977561,-26.96768216213232],[-48.68805294734206,-26.967635739239817],[-48.68820427342076,-26.967598577136183],[-48.688347884398986,-26.96756941828841],[-48.6884899636099,-26.96754700598748],[-48.68863669642621,-26.967530081726945],[-48.68879426821308,-26.96751738697355],[-48.68896886429335,-26.967507664968323],[-48.68914227786589,-26.96749849098228],[-48.68929210899695,-26.96748755932661],[-48.689423207216386,-26.96747387479465],[-48.689540416980975,-26.96745644387424],[-48.68964858781554,-26.96743427130983],[-48.68975256418861,-26.96740636264764],[-48.689857194590154,-26.967371723484366],[-48.68996732651333,-26.967329358482882],[-48.69008780538919,-26.96727827406087],[-48.690197692274026,-26.967231278100883],[-48.69029514124057,-26.967192558328627],[-48.69038196755446,-26.967161701428637],[-48.69045998848725,-26.96713829411071],[-48.690531022329665,-26.967121922192643],[-48.69059688332201,-26.967112172323127],[-48.69065939071678,-26.967108632131062],[-48.690720359773806,-26.967110887371405],[-48.6907816087352,-26.967118525649436],[-48.69102191418672,-26.967157433047532],[-48.690988176953,-26.966611499895627],[-48.69098123323927,-26.966499642826296],[-48.69097333774067,-26.966366813046584],[-48.69096471605856,-26.96621710676885],[-48.69095559276845,-26.966054621091118],[-48.69094619348873,-26.96588345132385],[-48.690936742774944,-26.965707695467696],[-48.69092746523711,-26.96553144881706],[-48.69091858645449,-26.96535880848743],[-48.69091033202402,-26.965193870692396],[-48.69086620824041,-26.96432291522816],[-48.69041841981114,-26.96394671903081],[-48.69032880233445,-26.963867785012138],[-48.690225813689686,-26.96377059405581],[-48.69011244253686,-26.963658328351308],[-48.68999167957149,-26.96353416832283],[-48.68986651640141,-26.96340129802714],[-48.68973994268792,-26.963262896985857],[-48.6896149480095,-26.96312214743606],[-48.68949452392956,-26.96298223165674],[-48.68938165997016,-26.962846331902274],[-48.68921488190994,-26.962642449853217],[-48.689079130609976,-26.96248015671503],[-48.68896850763371,-26.962354305860067],[-48.688877114570325,-26.962259754240417],[-48.6887990540879,-26.96219135880363],[-48.68872842692815,-26.96214397464456],[-48.688659336886765,-26.962112456895557],[-48.68858588472495,-26.962091662432933],[-48.68850217224594,-26.962076447235706],[-48.68844668459119,-26.96206723760198],[-48.688387125475174,-26.962056441482424],[-48.688325011117335,-26.962044377028967],[-48.68826185671055,-26.962031363281483],[-48.68819917746468,-26.962017718380334],[-48.68813848961306,-26.962003759582846],[-48.688081309332176,-26.96198980685521],[-48.68802915182697,-26.961976178345026],[-48.68798353129428,-26.96196319218507],[-48.68791760383901,-26.96194547717025],[-48.687858182788,-26.961935274187514],[-48.687800280435,-26.961934141135387],[-48.687738908047464,-26.961943636789435],[-48.68766907791238,-26.961965319030213],[-48.68758580226836,-26.962000747530727],[-48.68748409335392,-26.962051481045663],[-48.68735896140409,-26.96211907647002],[-48.68720541958237,-26.962205093424195],[-48.68704271766843,-26.962296057697017],[-48.68691047731099,-26.96236709522089],[-48.68680002255623,-26.96242057154645],[-48.686702677365645,-26.96245885398467],[-48.686609766749115,-26.96248430622245],[-48.686512614597845,-26.96249929641494],[-48.68640254587291,-26.962506189100132],[-48.686270885493826,-26.96250735059021],[-48.686108957371275,-26.962505147140202],[-48.685562490783354,-26.962495738890723],[-48.685610936483634,-26.962277544079598],[-48.68562058528842,-26.96223499963756],[-48.68563111896852,-26.962188286069292],[-48.68564226647192,-26.96213864156664],[-48.68565375575922,-26.962087303403052],[-48.685665315761995,-26.962035510672848],[-48.68567667647509,-26.96198449978072],[-48.685687564855805,-26.961935507984062],[-48.685697709839076,-26.961889774377784],[-48.685706842392726,-26.961848537187844],[-48.685754286499055,-26.961638463932758],[-48.685240813697064,-26.96170805882859],[-48.68509672264346,-26.96172607099711],[-48.68496347028574,-26.961738149800258],[-48.6848315938682,-26.961743765330457],[-48.684691630600184,-26.96174238944801],[-48.68453411667365,-26.961733494860514],[-48.684349588332765,-26.961716552424885],[-48.68412858484729,-26.961691033888805],[-48.683861641512564,-26.961656409949974],[-48.68353929667117,-26.961612152148934],[-48.68332186370711,-26.961581666331128],[-48.68310766113892,-26.961551399330062],[-48.68290095125188,-26.961521974417096],[-48.68270599535082,-26.961494013066403],[-48.68252705376133,-26.961468134952103],[-48.682368390736,-26.96144496434175],[-48.68223426558068,-26.961425120920836],[-48.682128940545134,-26.9614092280376],[-48.682056677954016,-26.96139790542853],[-48.68176127248955,-26.961349153979683],[-48.68115341691058,-26.960315303832825],[-48.68104468597484,-26.960128959851385],[-48.680942185647325,-26.95995128774753],[-48.680847675844994,-26.959785451517696],[-48.68076291537002,-26.959634619655052],[-48.68068966506369,-26.959501958883497],[-48.68062968577977,-26.959390635025585],[-48.680584736321855,-26.959303815674602],[-48.680556577514295,-26.959244668455103],[-48.68054697025245,-26.95921635828201],[-48.68056011745133,-26.95919404374682],[-48.68059536938743,-26.9591754228917],[-48.68061979643171,-26.95916795928369],[-48.68064796361992,-26.95916197311961],[-48.680679275010036,-26.959157649515568],[-48.68071313669249,-26.959155172719054],[-48.68074895276327,-26.95915472604268],[-48.68080813694875,-26.95915465481534],[-48.68090933065992,-26.95915324968614],[-48.68104778140382,-26.95915061827842],[-48.68121873573557,-26.959146865478942],[-48.681417440154206,-26.959142098878946],[-48.681639143189905,-26.959136425209103],[-48.68187909134016,-26.959129952086055],[-48.68213253216379,-26.959122784460607],[-48.68239471113155,-26.959115030888306],[-48.683839884348124,-26.95907186089355],[-48.68554763475039,-26.96003066686812],[-48.68591119250159,-26.960233280470074],[-48.68624512748829,-26.960416144602224],[-48.68654930459842,-26.960579202196016],[-48.686823589757076,-26.9607223961836],[-48.687067847913355,-26.960845669464366],[-48.68728194304086,-26.960948964904837],[-48.68746574113985,-26.961032226290005],[-48.68761910727274,-26.96109539556715],[-48.687741906497465,-26.961138416470565],[-48.68822841542324,-26.96128663684926],[-48.68873877006307,-26.96113114159213],[-48.689249948937295,-26.960975658829106],[-48.68980772963673,-26.96018608513575],[-48.69036632778391,-26.959396523085676],[-48.691102976108965,-26.959277464756106],[-48.691245064289255,-26.959252989934104],[-48.69139858066134,-26.95922386872112],[-48.69155960544028,-26.959191003387428],[-48.69172421787766,-26.9591552943993],[-48.69188849924655,-26.959117642274354],[-48.69204852676528,-26.95907894928733],[-48.69220038172518,-26.95904011599294],[-48.69234014240663,-26.959002042912967],[-48.69246389011863,-26.95896563063223],[-48.69308817120733,-26.95877211615406],[-48.693064807223045,-26.957894856990446],[-48.6930596070418,-26.957731534755645],[-48.69305271164456,-26.957565759040452],[-48.69304437876006,-26.95740114107951],[-48.69303486315111,-26.957241289351817],[-48.693024420549236,-26.957089814157214],[-48.693013307709315,-26.956950324910032],[-48.69300177935251,-26.95682643189392],[-48.692990092211254,-26.956721745425416],[-48.69297850305241,-26.956639874016847],[-48.692964078728174,-26.956552584937814],[-48.692944749237746,-26.956431838264],[-48.692921218018235,-26.956282254221566],[-48.69289418843283,-26.956108456645143],[-48.69286436186531,-26.955915067532363],[-48.692832442696414,-26.955706709832707],[-48.69279913533745,-26.95548800469177],[-48.69276514012876,-26.955263574993953],[-48.69273116245459,-26.955038042804418],[-48.69265653242158,-26.95453882552521],[-48.692598712466236,-26.954158711876705],[-48.692552335201036,-26.953881038171453],[-48.692512036397076,-26.953689139861297],[-48.69247244884196,-26.95356635414674],[-48.692428205400645,-26.95349601641805],[-48.692373941943025,-26.953461463912213],[-48.69230429036612,-26.95344603198661],[-48.6922138855764,-26.95343305783889],[-48.69215724959578,-26.953425928297186],[-48.69209089354337,-26.95342203004256],[-48.69201630144759,-26.953421279064756],[-48.69193495733533,-26.953423591354838],[-48.691848343219206,-26.953428882873204],[-48.69175794314288,-26.95343706871396],[-48.69166524010633,-26.953448065762387],[-48.69157171714641,-26.953461789103304],[-48.691478858288775,-26.953478154744033],[-48.69124979789228,-26.953519964700455],[-48.691064304226146,-26.953548564217318],[-48.69091547401074,-26.95356253639009],[-48.69079640791738,-26.953560467023184],[-48.690700202610664,-26.95354094000397],[-48.69061995778252,-26.95350253833369],[-48.69054877103455,-26.953443848565577],[-48.69047974107343,-26.953363452742035],[-48.69040596556193,-26.953259935582047],[-48.69035340610628,-26.953177334166206],[-48.69030736679553,-26.953092427358094],[-48.69026640919905,-26.953000249887886],[-48.69022909786012,-26.952895839239684],[-48.690193996360236,-26.95277423107521],[-48.69015966828902,-26.952630461054838],[-48.69012467720853,-26.952459566641995],[-48.69008758574092,-26.952256582576055],[-48.690046958481325,-26.95201654633454],[-48.689991381741415,-26.95167452512513],[-48.68994601958099,-26.95138460523554],[-48.68990954867937,-26.951134942249283],[-48.68988064472769,-26.950913692633122],[-48.68985798547575,-26.950709011982752],[-48.68984024666055,-26.950509056761422],[-48.68982610606353,-26.95030198256192],[-48.68981424044923,-26.950075945861492],[-48.68980332658782,-26.949819103136058],[-48.68979837677038,-26.94970032623443],[-48.68979301992838,-26.94957553788874],[-48.68978738748348,-26.94944772368789],[-48.6897816138587,-26.949319870172538],[-48.68977583045707,-26.94919496383397],[-48.6897701726896,-26.949075992131778],[-48.6897647719589,-26.948965941557514],[-48.68975976272414,-26.948867796848106],[-48.689755276350716,-26.948784546299535],[-48.68975077001215,-26.948699510415235],[-48.689745702799335,-26.948596211873934]]],[[[-48.8027491441502,-26.996290898656024],[-48.802658170556484,-26.995888086294148],[-48.80258919116369,-26.99560706656013],[-48.802551371775344,-26.995491750343337],[-48.8025156484736,-26.995510651041062],[-48.80249579555696,-26.995529793947007],[-48.802472873167794,-26.995554367832483],[-48.80244742578911,-26.995583778343736],[-48.8024199948653,-26.99561743198228],[-48.80239112286616,-26.995654734363548],[-48.80236135123777,-26.995695091989862],[-48.80231864156239,-26.99575065824036],[-48.80225250048663,-26.995831321929593],[-48.802165773611186,-26.995933835228456],[-48.8020613085449,-26.996054950336077],[-48.80194195290152,-26.996191419452856],[-48.80181055333652,-26.99633999296427],[-48.801669956474086,-26.996497423970826],[-48.801523011032344,-26.996660462908903],[-48.801372561696944,-26.99682586196919],[-48.801219559045535,-26.996995610577113],[-48.80106526095452,-26.997171178626946],[-48.8009129786453,-26.99734853957352],[-48.80076602438972,-26.997523666904627],[-48.80062771046652,-26.997692535928703],[-48.80050134825579,-26.997851118344013],[-48.800390249117136,-26.997995388567],[-48.800297726448,-26.998121321053222],[-48.800227091661775,-26.99822488932768],[-48.80016299515933,-26.998322142259656],[-48.800089814622396,-26.998430349969503],[-48.80000964454754,-26.998546560706725],[-48.79992457739576,-26.998667824498234],[-48.79983670661654,-26.99879119319657],[-48.7997481257479,-26.998913715051685],[-48.799660928276474,-26.99903244192882],[-48.799577205763065,-26.999144422059352],[-48.79949905377856,-26.999246705547954],[-48.79933590074498,-26.999466940435774],[-48.79918068855112,-26.9996951082373],[-48.79903414762079,-26.99992981254934],[-48.79889700533825,-27.00016965872843],[-48.79876999210807,-27.000413253082765],[-48.79865383536411,-27.000659200070515],[-48.79854926456913,-27.000906104182338],[-48.79845700918165,-27.00115257081141],[-48.798377797647376,-27.001397206237062],[-48.79833630063841,-27.001540983397437],[-48.79830319211003,-27.001666236846294],[-48.79827801481323,-27.001777045803802],[-48.79826031146751,-27.00187749038943],[-48.79824962479985,-27.00197164981824],[-48.798245496558046,-27.00206360148334],[-48.79824746942247,-27.002157426400895],[-48.79825508713135,-27.002257202895194],[-48.79826789038355,-27.002367010144674],[-48.79828143891073,-27.002556605126674],[-48.798277726055545,-27.002776599565212],[-48.79825814337052,-27.003019222428087],[-48.7982240794739,-27.003276698120363],[-48.79817692391622,-27.00354125557183],[-48.7981180673148,-27.003805121923786],[-48.79804889934821,-27.00406052249929],[-48.797970809664754,-27.00429968623356],[-48.797885188027514,-27.004514838457528],[-48.79779162130331,-27.004690219280455],[-48.79765972921824,-27.004888405074283],[-48.797498792442504,-27.005099384559617],[-48.7973180927725,-27.00531314559752],[-48.79712691317576,-27.00551967430535],[-48.79693453569927,-27.005708959546673],[-48.79675024354827,-27.005870989357586],[-48.79658331906674,-27.00599575000908],[-48.79644304463495,-27.00607322962044],[-48.79637207266619,-27.0061015337521],[-48.7963147432266,-27.00612210698537],[-48.79626784193687,-27.00613445320989],[-48.79622815745186,-27.006138075452885],[-48.796192476443984,-27.00613247490032],[-48.796157585549466,-27.006117154538533],[-48.79612027340278,-27.006091618284415],[-48.796077326698715,-27.006055366411147],[-48.79602553307639,-27.00600790281255],[-48.795849613397124,-27.005844431015888],[-48.79601050142229,-27.00557254107873],[-48.79604218510502,-27.005521041591695],[-48.79607728523231,-27.005467064162783],[-48.796114858795775,-27.005411898088497],[-48.79615395883203,-27.005356828994596],[-48.79619364332944,-27.00530314709786],[-48.79623296632169,-27.005252138944517],[-48.79627098384284,-27.005205092015842],[-48.79630675291968,-27.00516329471228],[-48.79633932757762,-27.00512803448581],[-48.7964426979879,-27.005009162540556],[-48.79655805206839,-27.00485601565543],[-48.79668021074545,-27.004677339748355],[-48.79680399802556,-27.004481880804793],[-48.79692423798775,-27.004278384833047],[-48.79703575176776,-27.004075597817046],[-48.797133364588056,-27.00388226672649],[-48.79721189977405,-27.003707135808583],[-48.79726617861137,-27.003558952896075],[-48.79728818012172,-27.003480629266498],[-48.79731079547999,-27.003386528425516],[-48.79733352482195,-27.00327960263542],[-48.797355865248754,-27.00316280501408],[-48.79737731393705,-27.003039085071322],[-48.79739736798111,-27.0029113968287],[-48.797415525575964,-27.00278268981326],[-48.79743128386202,-27.002655916243526],[-48.797444140974044,-27.00253402925651],[-48.79750444394363,-27.001889007350062],[-48.797335186489484,-27.001924704642757],[-48.79729362863063,-27.0019363343981],[-48.79723256709954,-27.00195771700604],[-48.79715450613441,-27.001987785194586],[-48.79706194997052,-27.002025471690274],[-48.79695740183609,-27.002069709205458],[-48.79684336496224,-27.00211943045659],[-48.79672234258521,-27.002173568166288],[-48.796596838955374,-27.002231055080678],[-48.79646935732413,-27.002290823938917],[-48.79620189571251,-27.002413410940644],[-48.79596700751317,-27.002510497353395],[-48.795758358735036,-27.00258301932578],[-48.79556961227221,-27.00263191470463],[-48.79539443300758,-27.00265812041864],[-48.79522648577716,-27.002662574259563],[-48.79505943441115,-27.002646213067703],[-48.79488694372557,-27.002609974570277],[-48.794702677571934,-27.002554794643185],[-48.79462318438714,-27.002530335566128],[-48.794536113953114,-27.002507060922667],[-48.794443754227196,-27.002485386472976],[-48.79434839519482,-27.002465727111726],[-48.794252327827174,-27.00244849865711],[-48.79415784010569,-27.00243411508171],[-48.79406722197043,-27.002422993102126],[-48.79398276337693,-27.002415548538384],[-48.79390675433239,-27.002412194508704],[-48.793832952918514,-27.00240986141887],[-48.793754858675186,-27.00240535738778],[-48.79367437026206,-27.002398912505043],[-48.793593386249626,-27.002390761375356],[-48.79351380529502,-27.00238113409664],[-48.79343752799759,-27.002370264411372],[-48.79336645196855,-27.002358384214165],[-48.79330247684919,-27.002345724532265],[-48.79324750220848,-27.002332520004117],[-48.79315643863922,-27.002310428246584],[-48.79308118307534,-27.00229862770097],[-48.79301874280673,-27.002299152565055],[-48.79296612514516,-27.002314036125156],[-48.79292033740498,-27.002345311660694],[-48.79287838688247,-27.0023950133478],[-48.792837280887106,-27.002465174456013],[-48.79279402671897,-27.002557828250417],[-48.792745631627355,-27.00267500979561],[-48.79272827643426,-27.00271410677838],[-48.79270930210582,-27.002748566792395],[-48.792688710780986,-27.002778383553355],[-48.7926665005704,-27.002803550713875],[-48.79264267359611,-27.002824062891758],[-48.79261722798711,-27.002839912837253],[-48.79259016484137,-27.00285109605453],[-48.79256148430299,-27.00285760532539],[-48.79253118649877,-27.002859434333708],[-48.79249666595364,-27.002856949242357],[-48.79246763127025,-27.00285018132595],[-48.79244356344815,-27.00283831294228],[-48.79242394051777,-27.002820523694172],[-48.79240824346013,-27.00279599683985],[-48.79239595230124,-27.00276391291447],[-48.79238654503466,-27.002723453323338],[-48.792379503682106,-27.00267379953448],[-48.79237430522911,-27.002614132936674],[-48.79237173290193,-27.002508958416367],[-48.792379962047214,-27.002411147673286],[-48.79239905914204,-27.002320545620744],[-48.79242908672683,-27.002236992595716],[-48.7924701092897,-27.002160332573],[-48.792522192347285,-27.00209040863864],[-48.79258540044787,-27.002027062055955],[-48.79265979708322,-27.00197013677652],[-48.79274544576614,-27.001919475847075],[-48.79285975789163,-27.001876881835816],[-48.79301254361901,-27.0018456408793],[-48.79319747640817,-27.001825678972565],[-48.79340822672117,-27.001816922072866],[-48.79363846705065,-27.001819296191034],[-48.79388186786636,-27.0018327282406],[-48.79413210070024,-27.00185714248315],[-48.7943828369918,-27.001892467734205],[-48.794627749265125,-27.001938628358495],[-48.7948557195161,-27.0019825360247],[-48.79505796572237,-27.002006365912457],[-48.79524562337068,-27.00200687214401],[-48.79542982791644,-27.001980810578555],[-48.7956217148663,-27.00192493340501],[-48.7958324196084,-27.001835996355805],[-48.7960730775009,-27.00171075237898],[-48.796354824733044,-27.001545957045128],[-48.79668879538044,-27.001338362153508],[-48.796854153784686,-27.001234016406254],[-48.79701031930871,-27.001135578557626],[-48.79715461449161,-27.001044734975295],[-48.797284359870936,-27.0009631720047],[-48.797396875021064,-27.000892574177538],[-48.79748948149983,-27.000834627864606],[-48.797559499856604,-27.00079101942014],[-48.79760425066853,-27.000763433388723],[-48.79762610936285,-27.000735393648608],[-48.797637000660345,-27.000683939395813],[-48.7976531256574,-27.000602356988022],[-48.797673882691385,-27.000493808272882],[-48.79769867004371,-27.000361457804207],[-48.79772688403407,-27.000208467397744],[-48.79775792496063,-27.000038001639226],[-48.79779119012243,-26.999853224165637],[-48.79782607587088,-26.999657295892693],[-48.798021123632616,-26.998563831967672],[-48.79879265418475,-26.997354780438684],[-48.79902382376967,-26.99699393730007],[-48.79921571414817,-26.996701204454702],[-48.79938569316762,-26.996455891012427],[-48.799551125264806,-26.996237306810748],[-48.79972937960807,-26.99602476256304],[-48.79993782013421,-26.995797565186553],[-48.80019381340275,-26.99553502601864],[-48.8005147245809,-26.99521645438324],[-48.80091791928351,-26.994821157541214],[-48.80227163804012,-26.99349657730993],[-48.80223607569515,-26.993134876673206],[-48.802229908500465,-26.99306647901229],[-48.80222417911778,-26.992995304973693],[-48.8022189892828,-26.992923013074773],[-48.80221444175558,-26.99285126094636],[-48.80221063724672,-26.992781707992346],[-48.80220767849839,-26.99271601274585],[-48.80220566728078,-26.992655831919915],[-48.802204707325764,-26.992602824965676],[-48.802204898372196,-26.992558649466993],[-48.80220431653958,-26.992516297526265],[-48.802200870298975,-26.99247676170961],[-48.8021946799343,-26.992440384124073],[-48.80218586871497,-26.992407508728064],[-48.80217455893774,-26.99237847765975],[-48.8021608718739,-26.992353633943576],[-48.802144930790654,-26.992333321537544],[-48.80211681482134,-26.992312772215346],[-48.80207061129724,-26.99229997619875],[-48.8020021479029,-26.99229103016521],[-48.801904844978054,-26.99228108081084],[-48.80178216399111,-26.99227038605754],[-48.801637567399,-26.992259204742123],[-48.801474516701994,-26.992247792981733],[-48.80129647537638,-26.992236408737014],[-48.801106903855725,-26.992225310835405],[-48.80090926564319,-26.992214755459848],[-48.79981426878613,-26.99215830257828],[-48.79927230455751,-26.99248536066583],[-48.79916286846486,-26.992552718215467],[-48.7990360846799,-26.992633530192418],[-48.79889567743992,-26.99272526467002],[-48.79874536903562,-26.99282538699456],[-48.79858888276784,-26.992931363444942],[-48.79842994192699,-26.9930406621213],[-48.7982722698834,-26.993150748435557],[-48.798119590000304,-26.993259089622455],[-48.79797562466106,-26.993363152918626],[-48.797764338497366,-26.993519194110217],[-48.797590555702534,-26.993651868180702],[-48.79744665976856,-26.993768965376944],[-48.797325032990074,-26.9938782803803],[-48.79721805664793,-26.993987604202708],[-48.79711811393991,-26.994104729658048],[-48.797017585991654,-26.994237449500865],[-48.796908854889026,-26.994393555572756],[-48.796784303626154,-26.994580840603113],[-48.79634606088615,-26.995247028113138],[-48.7959859760854,-26.995243326490638],[-48.7958789004883,-26.99524148110237],[-48.795791409553466,-26.995236108482217],[-48.79571732561652,-26.995223806249708],[-48.7956504700143,-26.99520117199074],[-48.79558466411058,-26.99516480237571],[-48.795513729265885,-26.99511129496601],[-48.79543148787084,-26.995037247327083],[-48.7953317613624,-26.99493925609196],[-48.795208372201486,-26.994813919693787],[-48.79479166752377,-26.994388967995093],[-48.79430618757772,-26.994457937946933],[-48.79392304241124,-26.994512630340683],[-48.79359920029311,-26.99456078916935],[-48.793329563179746,-26.994603426050734],[-48.793109029943935,-26.994641554251682],[-48.79293250249352,-26.994676185193203],[-48.79279488165965,-26.994708332915486],[-48.79269106628163,-26.99473900956651],[-48.79261595923517,-26.994769226412384],[-48.79256445930746,-26.994799997331327],[-48.79248888257306,-26.99487086543343],[-48.79240897767417,-26.99497047047643],[-48.792327670365005,-26.995092970639842],[-48.792247889429916,-26.995232525060946],[-48.792172562696,-26.99538329196791],[-48.79210461800771,-26.995539430499385],[-48.792046982254526,-26.99569509888331],[-48.792002584335705,-26.995844457188625],[-48.79197435222012,-26.995981662764155],[-48.79195780505533,-26.996084278722186],[-48.79194066620181,-26.996167986014665],[-48.791920099689904,-26.996236860824443],[-48.791893267508996,-26.996294980202478],[-48.7918573336556,-26.996346421227862],[-48.791809459115115,-26.99639526002525],[-48.79174680790217,-26.9964455718573],[-48.7916665419501,-26.996501434651513],[-48.79156582421388,-26.996566924532964],[-48.79150113821361,-26.99660690362428],[-48.791437912919434,-26.996643275885],[-48.791377362754176,-26.99667550264098],[-48.79132070320264,-26.996703042529496],[-48.7912691477014,-26.996725355962337],[-48.79122391071233,-26.99674190246626],[-48.791186207704165,-26.996752141584558],[-48.79115725313728,-26.99675553284491],[-48.791124123508645,-26.99673703074615],[-48.79111275510041,-26.99671154196315],[-48.79110418021921,-26.996675440714224],[-48.79109842787298,-26.996629098366927],[-48.79109552197928,-26.99657288891615],[-48.79109549057061,-26.996507181908655],[-48.79109835856831,-26.996432351354528],[-48.791104153984094,-26.99634876770217],[-48.79111290175393,-26.996256804058916],[-48.79112560415401,-26.996129508747263],[-48.791133762914484,-26.99602747430141],[-48.79113666885368,-26.99594719436196],[-48.7911336108224,-26.995885159830273],[-48.79112387962755,-26.995837864344562],[-48.791106765082674,-26.995801800623667],[-48.791081558059126,-26.995773458693925],[-48.79104754833286,-26.995749333074997],[-48.79100402674215,-26.99572591559353],[-48.790930889914996,-26.995700172689613],[-48.790842905081234,-26.995687291575955],[-48.79074343160762,-26.99568662190344],[-48.790635826892704,-26.995697510590425],[-48.790523449251,-26.99571930909021],[-48.790409658110725,-26.995751363468756],[-48.790297810784026,-26.995793025184522],[-48.7901912666925,-26.995843641227655],[-48.790093383200315,-26.99590256127367],[-48.79004617725569,-26.99593335888311],[-48.79000499637625,-26.99595747713926],[-48.78996887117978,-26.995975083133295],[-48.78993683332382,-26.995986342166013],[-48.789907914393304,-26.995991423145465],[-48.78988114503511,-26.9959904913541],[-48.789855555859866,-26.995983713877653],[-48.78983017949208,-26.995971257832828],[-48.78980404555262,-26.995953289385913],[-48.789731978222626,-26.99588646902254],[-48.78964608288733,-26.995789212644326],[-48.78955234272043,-26.995670381560355],[-48.78945674283381,-26.99553883892716],[-48.789365268269165,-26.995403448816464],[-48.78928390203362,-26.995273073476422],[-48.7892186290989,-26.99515657519655],[-48.78917543336004,-26.995062818059818],[-48.789160299744246,-26.995000664358923],[-48.78916441929932,-26.994973616351974],[-48.789175360233926,-26.994940535974568],[-48.78919245366628,-26.994902501996798],[-48.789215031721625,-26.994860593204073],[-48.78924242550104,-26.99481588926793],[-48.78927396914599,-26.994769469005256],[-48.78930899174664,-26.994722412056372],[-48.78934682843819,-26.99467579815698],[-48.789386808351104,-26.994630705144306],[-48.78961147951974,-26.994390212800468],[-48.78945776746769,-26.99403174272198],[-48.7894133311211,-26.993927768357658],[-48.78937978047887,-26.993845192566877],[-48.78935694804551,-26.993780730470903],[-48.78934466033117,-26.99373109528984],[-48.78934274883844,-26.99369300302736],[-48.78935104212624,-26.993663166028995],[-48.789369370701095,-26.993638300278576],[-48.78939756307414,-26.99361512082409],[-48.789435448814814,-26.99359034002066],[-48.789488642479874,-26.993557402051355],[-48.789533243123635,-26.99353372563628],[-48.789573370157505,-26.993520232775822],[-48.789613148095476,-26.993517841934903],[-48.78965669632798,-26.99352747600547],[-48.789708137359476,-26.993550053410917],[-48.78977159160148,-26.993586497047374],[-48.789851182590475,-26.993637725338427],[-48.78995102976826,-26.993704661142466],[-48.7901287472894,-26.99380460437579],[-48.790321811200585,-26.993878002171876],[-48.790523602375934,-26.993925025874933],[-48.790727502685115,-26.9939458459762],[-48.79092689294141,-26.993940634792384],[-48.79111515501959,-26.993909561986683],[-48.79128566976891,-26.993852799045364],[-48.79143181706371,-26.993770517467546],[-48.791546979865046,-26.99366288791715],[-48.79156971386419,-26.993638719051553],[-48.79160042768598,-26.99361196520876],[-48.79163797898541,-26.993583344881497],[-48.7916812234223,-26.993553575628997],[-48.79172901865484,-26.993523375944957],[-48.791780221354,-26.99349346340624],[-48.79183368716853,-26.993464556477704],[-48.79188827376385,-26.99343737365746],[-48.79194283679379,-26.993412633413985],[-48.79200177448675,-26.993386216365938],[-48.79206898130214,-26.99335374795135],[-48.792142544407405,-26.993316298274816],[-48.7922205529697,-26.99327493837787],[-48.792301095135905,-26.993230740192434],[-48.79238225707916,-26.99318477381893],[-48.79246212799975,-26.993138109409944],[-48.79253879706869,-26.993091818927102],[-48.79261034946975,-26.993046972468928],[-48.79274727340708,-26.99295357903263],[-48.79285207808908,-26.992867561530716],[-48.792925381963705,-26.99278433799438],[-48.79296780140906,-26.992699328203425],[-48.79297995489775,-26.9926079474362],[-48.79296245981135,-26.992505615446216],[-48.79291593358221,-26.992387750164557],[-48.79284099469344,-26.99224976861978],[-48.792738258607976,-26.992087089583098],[-48.792678832694165,-26.991993849764157],[-48.79262773894127,-26.991906392637485],[-48.79258428759558,-26.9918228438131],[-48.79254779095935,-26.991741327126373],[-48.79251755927294,-26.991659969086122],[-48.79249290382303,-26.991576894411217],[-48.79247313591694,-26.991490226917296],[-48.79245756580428,-26.991398093109858],[-48.7924455047963,-26.991298616802965],[-48.79243737757356,-26.991222872875596],[-48.792428275126035,-26.99114599821725],[-48.792418446613276,-26.991069678023226],[-48.79240814421513,-26.99099559753625],[-48.792397618113895,-26.990925441065283],[-48.79238712045219,-26.990860895657523],[-48.79237690144555,-26.99080364381767],[-48.79236721122055,-26.990755372561438],[-48.79235830195244,-26.99071776713172],[-48.79234277639517,-26.990634243516283],[-48.79234750573151,-26.99057875835182],[-48.792372032468734,-26.990551111337933],[-48.79241589822392,-26.990551097640818],[-48.792478644571176,-26.990578516029345],[-48.79255981314568,-26.990633163462405],[-48.792658947603684,-26.990714837827614],[-48.79277558759612,-26.99082333694494],[-48.79290927684152,-26.99095845779123],[-48.79301398111381,-26.991066475496037],[-48.79310394524985,-26.991154948541308],[-48.7931825847217,-26.991226121648552],[-48.79325331409142,-26.991282235905164],[-48.79331954686345,-26.99132553598394],[-48.793384698659004,-26.99135826207187],[-48.79345218299005,-26.99138265973157],[-48.793525414489345,-26.991400969122125],[-48.793607807725955,-26.991415434004082],[-48.79372815726531,-26.991426813144773],[-48.7938640254521,-26.991428398045745],[-48.7940086800657,-26.991421210398126],[-48.794155390863985,-26.991406273753896],[-48.79429742667294,-26.9913846080683],[-48.794428055232494,-26.991357237819358],[-48.79454054539007,-26.99132518301367],[-48.79462816694449,-26.991289467299307],[-48.794684188756335,-26.9912511116086],[-48.79469694436747,-26.99123019726084],[-48.794704807699816,-26.991199543623303],[-48.79470776384588,-26.99115919197672],[-48.794705798872414,-26.991109185421628],[-48.79469889888382,-26.991049565253775],[-48.79468704691285,-26.99098037542777],[-48.79467023106522,-26.990901658172305],[-48.79464843646306,-26.99081345386392],[-48.794621648142844,-26.990715807389712],[-48.794587486851036,-26.990592703355528],[-48.79456142033724,-26.99049162707562],[-48.79454330125802,-26.990409750629414],[-48.79453298528303,-26.990344247044742],[-48.794530324131635,-26.990292285676606],[-48.794535174493895,-26.990251039566505],[-48.79454738907074,-26.99021767988747],[-48.79456682155462,-26.990189378729397],[-48.79459332666302,-26.990163307294775],[-48.7946219259362,-26.990142459620916],[-48.794648916450974,-26.990133073324596],[-48.794676066855736,-26.990137178668082],[-48.794705140659666,-26.990156811246603],[-48.7947379075239,-26.990194001335453],[-48.794776133000205,-26.990250783656325],[-48.79482158371058,-26.990329190238075],[-48.794876027281084,-26.99043125402501],[-48.79494122936047,-26.990559007024363],[-48.79498517289329,-26.990646521105653],[-48.79502655828985,-26.990730443027015],[-48.79506468412467,-26.990809237546788],[-48.795098846937535,-26.99088137029448],[-48.79512834423783,-26.99094530871997],[-48.795152472597024,-26.99099951664867],[-48.795170529523226,-26.991042461530565],[-48.79518181257854,-26.991072608108635],[-48.79518851910748,-26.99109908582194],[-48.79521109181186,-26.99113373463527],[-48.79522967442117,-26.991156495989532],[-48.79525239300603,-26.991182065576083],[-48.79527870440536,-26.99120983294688],[-48.79530806349614,-26.991239184915916],[-48.79533992412974,-26.99126950918372],[-48.79537374213549,-26.991300195287067],[-48.795562761156994,-26.99146832289565],[-48.796125114402216,-26.991315512433065],[-48.79633216664812,-26.99125530871696],[-48.79652181887711,-26.99119154750448],[-48.79669638845035,-26.991122970078756],[-48.79685819173071,-26.99104831678745],[-48.797009546044514,-26.990966329783127],[-48.797152768744404,-26.990875749400686],[-48.797290176148785,-26.990775316849597],[-48.79742408460035,-26.99066377152422],[-48.79755681239062,-26.99053985554682],[-48.797686784462066,-26.99042593086017],[-48.7978377242993,-26.990316900338385],[-48.79800520762389,-26.99021471988045],[-48.7981848092183,-26.990121343581407],[-48.79837210386165,-26.990038727361238],[-48.79856266637997,-26.989968826261357],[-48.79875207058247,-26.989913597136812],[-48.79893589439692,-26.98987499332194],[-48.799109709633996,-26.989854972591043],[-48.799477740252954,-26.989832896012178],[-48.79948468863748,-26.989574011990978],[-48.799487002170494,-26.989523782548222],[-48.799491318298436,-26.989468743559275],[-48.79949742930915,-26.989410353774716],[-48.79950512952272,-26.989350071074444],[-48.799514211210884,-26.9892893551113],[-48.799524468695616,-26.989229663765343],[-48.79953569531069,-26.989172453998826],[-48.79954768433846,-26.989119185480735],[-48.79956022809069,-26.98907131606009],[-48.79957501606375,-26.98901346792526],[-48.799585486419595,-26.988960226215458],[-48.79959159633847,-26.98891084121574],[-48.799593296957205,-26.98886456311636],[-48.799590545454066,-26.98882064220147],[-48.79958329296448,-26.988778328660302],[-48.799571496683505,-26.98873687187389],[-48.799555107746386,-26.988695522030568],[-48.79953408331348,-26.98865353031479],[-48.79949308353228,-26.98855865966106],[-48.79944192385092,-26.988407827149242],[-48.79938322155444,-26.988211276948114],[-48.79931959589002,-26.987979255064207],[-48.79925366512103,-26.987722004784363],[-48.799188047455736,-26.987449770300824],[-48.79912536203244,-26.98717279762914],[-48.79906822800024,-26.986901330081356],[-48.79901926243858,-26.986645611842714],[-48.798997933163584,-26.986519386270757],[-48.79898246091182,-26.986409291752537],[-48.79897300513227,-26.98631075888419],[-48.79896973036539,-26.98621921563319],[-48.79897279507586,-26.986130091676152],[-48.79898236281543,-26.986038814060727],[-48.798998595065804,-26.985940812508385],[-48.799021652312966,-26.985831515821104],[-48.799051696058164,-26.985706351912533],[-48.79913139742443,-26.985424498682804],[-48.799222161846124,-26.985180429428887],[-48.799327330457764,-26.984970636997822],[-48.79945024441252,-26.984791612416853],[-48.79959424584228,-26.984639847612225],[-48.799762676871744,-26.98451183448706],[-48.79995887861286,-26.984404064900282],[-48.80018619317828,-26.984313030691933],[-48.8004479616646,-26.98423522364456],[-48.80060857878082,-26.98419004585986],[-48.80076425363938,-26.984139542881724],[-48.80091316022142,-26.984084580566947],[-48.801053473559435,-26.984026022991113],[-48.801183365621576,-26.983964736895814],[-48.801301011441396,-26.983901587270626],[-48.80140458406491,-26.98383743817532],[-48.80149225949718,-26.98377315732756],[-48.80156221081733,-26.98370960788691],[-48.801606799405306,-26.9836061227923],[-48.80164037899526,-26.983416258528123],[-48.80166292587396,-26.98316278670288],[-48.801674418407494,-26.982868478958398],[-48.80167483094984,-26.98255610868042],[-48.801664141968935,-26.982248446612672],[-48.801642326906084,-26.981968264354535],[-48.80160936316861,-26.98173833533994],[-48.80156522614355,-26.981581431163228],[-48.80154698409669,-26.98153877381579],[-48.80153082234685,-26.981497764346933],[-48.80151694407343,-26.981459143244418],[-48.80150555045899,-26.981423650062304],[-48.80149684464736,-26.981392027092593],[-48.80148966805161,-26.981354180198217],[-48.801492948296904,-26.981319027002858],[-48.80152089314756,-26.98131694338554],[-48.80156082778444,-26.981345904953987],[-48.8016108172945,-26.981402798675422],[-48.801668925798694,-26.981484509697367],[-48.80173321939622,-26.981587925004632],[-48.80180176216604,-26.981709931552675],[-48.80187262022549,-26.981847414526676],[-48.801943857610965,-26.981997261789875],[-48.802013540373764,-26.98215636033776],[-48.802130081234125,-26.982417105703036],[-48.802255913638334,-26.98266693799137],[-48.802390100390326,-26.98290453127389],[-48.802531703267796,-26.983128559606918],[-48.80267978295214,-26.983337700641275],[-48.80283340222492,-26.98353062664789],[-48.802991621729994,-26.983706015281747],[-48.80315350318788,-26.98386253970516],[-48.80331810923894,-26.983998876707897],[-48.80398709888402,-26.98450959928017],[-48.80480609573196,-26.98513896402354],[-48.805714226765254,-26.985839691167307],[-48.80665061346497,-26.986564500251234],[-48.807554378300466,-26.98726611316877],[-48.808364635690936,-26.987897253114852],[-48.80902050261522,-26.9884106435963],[-48.809461090549775,-26.988759009615087],[-48.80962551205499,-26.988895077030886],[-48.809620489641176,-26.988934780725476],[-48.809605886139245,-26.988969697636456],[-48.80959137314294,-26.988996875465077],[-48.80957370936864,-26.989026169321793],[-48.80955324277209,-26.989056933935135],[-48.80953031830593,-26.98908852308449],[-48.80950528293781,-26.98912029058074],[-48.809478796912266,-26.989155646295654],[-48.80945219562342,-26.989198041284837],[-48.809426021778485,-26.989246137502324],[-48.80940082008364,-26.989298597836243],[-48.809377133215946,-26.98935408604617],[-48.80935550590415,-26.98941126411908],[-48.809336481837484,-26.98946879583111],[-48.809320605731976,-26.989525344072227],[-48.80930842032647,-26.98957956989686],[-48.80929186404642,-26.989655516076397],[-48.80927113226766,-26.98972386619804],[-48.80924422453979,-26.989787364242215],[-48.80920913938193,-26.989848755073158],[-48.809163878310116,-26.98991078450063],[-48.80910643887325,-26.989976194657803],[-48.80903482254922,-26.990047732244577],[-48.80894702883841,-26.990128141213898],[-48.80884105621337,-26.990220165491515],[-48.80842827092148,-26.99057379283682],[-48.80868994591099,-26.991109390782718],[-48.80877748585958,-26.991292247459967],[-48.80884493817481,-26.99144466986311],[-48.80889295803557,-26.991572193128768],[-48.8089221996339,-26.991680353272717],[-48.808933320280794,-26.99177468274201],[-48.80892697318987,-26.991860718425446],[-48.80890381568232,-26.991943993659504],[-48.8088645010168,-26.992030043516422],[-48.80880968746255,-26.992124404043405],[-48.8087720162091,-26.992186576622355],[-48.80874391359721,-26.99223963691179],[-48.808725482585366,-26.992288512199533],[-48.808716826090446,-26.992338131575366],[-48.8087180480167,-26.99239342504472],[-48.8087292523052,-26.992459320806564],[-48.80875054187856,-26.99254074794446],[-48.80878202067658,-26.9926426355558],[-48.80882379166365,-26.992769911818403],[-48.808864259766,-26.99289466164368],[-48.808895033231785,-26.992998021018945],[-48.80891632600083,-26.99308584128067],[-48.8089283530672,-26.99316397197492],[-48.80893132738322,-26.993238264419183],[-48.80892546296377,-26.993314567238183],[-48.80891097375198,-26.99339873266352],[-48.80888807474424,-26.993496610233755],[-48.80885697788709,-26.99361405034032],[-48.80882638161707,-26.993730608388496],[-48.80880372615574,-26.993832179921526],[-48.8087891560808,-26.993926014926746],[-48.80878281497076,-26.994019362471516],[-48.80878484836176,-26.99411947435918],[-48.808795400853896,-26.994233598766936],[-48.80881461597636,-26.99436898746356],[-48.80884263933605,-26.994532889541077],[-48.80887961653818,-26.9947325549923],[-48.80890385887459,-26.99486212334888],[-48.80892657618133,-26.99498887663827],[-48.80894739412784,-26.995110349808346],[-48.808965943486896,-26.99522407427668],[-48.80898185193822,-26.99532758502268],[-48.80899474922737,-26.995418414350517],[-48.80900426305037,-26.995494096337488],[-48.80901002212874,-26.995552164174196],[-48.80901165621032,-26.995590150164663],[-48.80901814294927,-26.995632041728154],[-48.809037876870946,-26.995701818113012],[-48.80906962468311,-26.99579626899697],[-48.80911215311992,-26.995912183153898],[-48.809164228954145,-26.996046347552234],[-48.80922462091926,-26.996195551898094],[-48.809292092742886,-26.996356584015082],[-48.809365414186864,-26.996526231821615],[-48.80944335093822,-26.996701284979096],[-48.80952129137652,-26.996876159468837],[-48.80959463223342,-26.997044838225342],[-48.80966214050824,-26.997204194875543],[-48.80972257916077,-26.997351102984947],[-48.80977471518871,-26.99748243528032],[-48.80981731153893,-26.99759506532831],[-48.8098491351512,-26.99768586856232],[-48.809868950000315,-26.99775171766119],[-48.80987552107744,-26.99778948531771],[-48.809877563140894,-26.997824160169486],[-48.809888777383165,-26.997851853571273],[-48.8099144405163,-26.99787346702471],[-48.809959831250254,-26.997889902957557],[-48.81003022827775,-26.99790206468589],[-48.81013090831272,-26.997910853667754],[-48.81026715005018,-26.997917173164325],[-48.81044423123438,-26.997921923669573],[-48.81066743055391,-26.997926009242892],[-48.81146185669656,-26.99793899088222],[-48.811985167294154,-26.99763526036584],[-48.81217769185786,-26.997527434411495],[-48.81234482403012,-26.997444859229258],[-48.81249535481088,-26.997386868270517],[-48.8126380771691,-26.997352794968773],[-48.812781782033255,-26.997341972685795],[-48.81293525829242,-26.997353735617157],[-48.81310729991655,-26.997387416192822],[-48.813306695849896,-26.997442347619472],[-48.813542239074394,-26.997517864910122],[-48.813764318375526,-26.997599455806665],[-48.81397042056035,-26.997691369903276],[-48.814162856194756,-26.99779540656201],[-48.814343932853085,-26.99791336417935],[-48.81451596018927,-26.99804703846194],[-48.81468124778385,-26.998198229614665],[-48.81484210431333,-26.99836873330445],[-48.81500083939251,-26.99856034971452],[-48.81515976173801,-26.998774874491872],[-48.81522714016199,-26.99886934003948],[-48.81529502130411,-26.998962821541888],[-48.81536196888006,-26.99905342408903],[-48.81542654451261,-26.999139256350595],[-48.81548731289033,-26.99921842433878],[-48.81554283666316,-26.999289034938514],[-48.815591678475876,-26.999349195036274],[-48.815632400987596,-26.999397010617354],[-48.81566356782935,-26.99943058948744],[-48.8156940118689,-26.999466485515807],[-48.81572326264433,-26.999511941860302],[-48.815751301307834,-26.999566891446516],[-48.815778106978904,-26.999631268070978],[-48.81580366283974,-26.99970500378816],[-48.815827948042966,-26.999788030589965],[-48.81585094472694,-26.999880282319474],[-48.81587263304963,-26.999981690984022],[-48.815892994157885,-27.000092189508663],[-48.81595758602946,-27.000429663304544],[-48.816034534717794,-27.000751253900418],[-48.816124930062834,-27.001059585422652],[-48.81622986090588,-27.001357281975647],[-48.8163504170713,-27.001646969476614],[-48.816487686452554,-27.001931270194493],[-48.81664275991195,-27.002212810044618],[-48.8168167243387,-27.002494213065084],[-48.81701067065839,-27.0027781042471],[-48.817046266468644,-27.002825881514262],[-48.817081357399886,-27.002869442722204],[-48.81711524085043,-27.002908129004734],[-48.81714721815869,-27.002941286069596],[-48.81717658774489,-27.002968254165037],[-48.81720264795894,-27.00298837714853],[-48.817224700172254,-27.003000998924716],[-48.817253976118195,-27.003001108904854],[-48.817276332132266,-27.002962178991126],[-48.817290572793105,-27.00292871950188],[-48.817306295976074,-27.00288746397805],[-48.81732308652265,-27.002839562952005],[-48.81734052627108,-27.002786166007283],[-48.8173581960189,-27.002728424516512],[-48.81737567962169,-27.00266748809505],[-48.817392558887526,-27.002604508131814],[-48.81741010575822,-27.002538416863953],[-48.81742899198031,-27.002468966596204],[-48.817448741255085,-27.002397813200446],[-48.81746888032542,-27.002326611693565],[-48.817488931925446,-27.002257016128333],[-48.817508420771446,-27.00219068239358],[-48.81752687161704,-27.00212926457417],[-48.81754380817588,-27.002074418544183],[-48.81755875621249,-27.002027798404818],[-48.81763360968895,-27.00179961880131],[-48.818167896912215,-27.002054003301698],[-48.81840790129853,-27.002176431218437],[-48.81865447480742,-27.0023189656084],[-48.81890767602439,-27.002481658791325],[-48.819167567657956,-27.002664558637246],[-48.81943420834289,-27.002867715659285],[-48.81970765875317,-27.003091179498536],[-48.81998797958776,-27.003334998892694],[-48.82027523051125,-27.00359922436715],[-48.820569472220676,-27.003883905559494],[-48.82070264144937,-27.004014369615597],[-48.820831135333044,-27.004137979117687],[-48.82095257138268,-27.004252575493492],[-48.82106456507862,-27.00435600014605],[-48.82116473289594,-27.004446094499297],[-48.82125069126699,-27.004520701785317],[-48.82132005669126,-27.00457766162917],[-48.82137044558523,-27.004614818166544],[-48.82139947345638,-27.00463001100341],[-48.82142097841254,-27.004642579465067],[-48.821449692332486,-27.004672172705213],[-48.8214845748691,-27.004717097829346],[-48.82152458663178,-27.004775664665324],[-48.82156868624964,-27.00484618120592],[-48.82161583641322,-27.004926953702594],[-48.821664994686124,-27.005016292840843],[-48.82171512274291,-27.00511250485851],[-48.821765179161055,-27.00521389955671],[-48.821834259409854,-27.005360252819276],[-48.8218899577705,-27.005484505051985],[-48.82193324108184,-27.005590278408643],[-48.82196507625598,-27.00568119233264],[-48.82198643015166,-27.005760869873185],[-48.821998268667,-27.005832932256943],[-48.82200155975732,-27.00590099893526],[-48.82199727028841,-27.005968693853394],[-48.821986367214954,-27.00603963644427],[-48.82197363216623,-27.00611247386369],[-48.82196635590583,-27.00617292715929],[-48.8219655932137,-27.00622366772425],[-48.821972398815404,-27.006267369657337],[-48.8219878264804,-27.00630670433375],[-48.82201292994384,-27.006344344931048],[-48.82204876395052,-27.00638296463995],[-48.82209638227772,-27.00642523482795],[-48.822156838675724,-27.006473828663264],[-48.82220414319756,-27.006508287573677],[-48.82226391503027,-27.006547920051883],[-48.82233412400138,-27.00659157651888],[-48.82241274087266,-27.006638111021264],[-48.82249773443865,-27.006686374870306],[-48.82258707445995,-27.00673522120081],[-48.82267873070761,-27.006783502249547],[-48.82277067395246,-27.006830070273576],[-48.822860873950646,-27.006873777519242],[-48.82334451722849,-27.007101420858994],[-48.82396701299923,-27.00691839931384],[-48.82459034913328,-27.006734647873834],[-48.82519717536794,-27.007039766769143],[-48.82552278851506,-27.007209596755942],[-48.82590280439512,-27.007417785563273],[-48.82632686480595,-27.007658169601815],[-48.82678461037096,-27.007924588946487],[-48.82726567859727,-27.008210881015984],[-48.827759711827106,-27.00851088432492],[-48.828256349154046,-27.00881843837146],[-48.82874522948297,-27.009127380982303],[-48.829215992465365,-27.009431551935133],[-48.82944614319879,-27.009581955674285],[-48.829692714234554,-27.009742200086883],[-48.8299495166267,-27.009908329809917],[-48.830210360405005,-27.010076386796293],[-48.830469056428825,-27.010242418468703],[-48.83071941558756,-27.010402466877935],[-48.83095524663399,-27.01055257678967],[-48.8311703612641,-27.010688793953072],[-48.83135857017012,-27.010807161422818],[-48.83156631970712,-27.01093905722325],[-48.83175496556027,-27.011062682431728],[-48.831925298059325,-27.011178641316405],[-48.83207810756652,-27.011287537232786],[-48.83221418444048,-27.011389974429264],[-48.8323343170721,-27.011486555310068],[-48.83243929784041,-27.011577885040495],[-48.832529916146754,-27.01166456692793],[-48.8326069624256,-27.01174720338689],[-48.83274909194424,-27.011907554024283],[-48.832920674943715,-27.012096775997733],[-48.83311660503532,-27.012309469611917],[-48.83333177582503,-27.012540233378843],[-48.83356107978265,-27.012783669422536],[-48.833799411370045,-27.01303437721529],[-48.83404166395731,-27.013286956241608],[-48.83428273079025,-27.01353600782003],[-48.83451750504201,-27.01377613239711],[-48.83466095499122,-27.013918703867507],[-48.834800468176226,-27.014048420244702],[-48.83494506123382,-27.014171714988123],[-48.83510375194997,-27.01429501793016],[-48.83528555513031,-27.014424760621456],[-48.835499488675076,-27.01456737551052],[-48.83575456764621,-27.014729291323334],[-48.83605981121494,-27.01491694036781],[-48.836424234734984,-27.015136753872007],[-48.837812030990996,-27.015969486536168],[-48.838421534711564,-27.01667937568598],[-48.83853811809437,-27.016815024090587],[-48.838661937089405,-27.016959437365873],[-48.838789950492576,-27.01710904643089],[-48.83891911404789,-27.01726028216718],[-48.839046385499664,-27.017409574594435],[-48.839168722543484,-27.017553354643898],[-48.83928308284553,-27.017688053255444],[-48.83938642307372,-27.017810099556684],[-48.83947570084908,-27.01791592450077],[-48.839565165614886,-27.018021727897246],[-48.839668530906216,-27.018143706711705],[-48.83978277541225,-27.018278303909543],[-48.839904875770635,-27.018421963333285],[-48.84003180965274,-27.018571126141644],[-48.84016055360707,-27.01872223799768],[-48.84028808626913,-27.018871739191287],[-48.84041138412483,-27.019016075403997],[-48.84052742573134,-27.019151687846062],[-48.84113532621958,-27.01986080001875],[-48.84095090096667,-27.01999250534899],[-48.84090047423959,-27.02003066020392],[-48.840859524497795,-27.020068608452085],[-48.84082673682601,-27.020110244880055],[-48.84080079326393,-27.020159465126973],[-48.84078037886939,-27.020220164876005],[-48.840764177741434,-27.020296237086292],[-48.84075087289931,-27.020391578308946],[-48.84073914942399,-27.020510082418124],[-48.84072769133035,-27.020655645977854],[-48.84070880272821,-27.020877122072648],[-48.84068066286025,-27.021157587469702],[-48.8406459971246,-27.02147471695865],[-48.84060753404758,-27.02180618267563],[-48.84056800016338,-27.022129659442033],[-48.84053012417039,-27.022422818511675],[-48.84049663173088,-27.02266333561247],[-48.84047025267336,-27.022828882029852],[-48.840442675226456,-27.022902098332928],[-48.84041025958434,-27.022913698644874],[-48.840383009754284,-27.02292116996463],[-48.84035065396915,-27.022929272275697],[-48.84031395702296,-27.02293779710588],[-48.84027368668048,-27.02294653873641],[-48.84023060568726,-27.022955290469582],[-48.84018548286818,-27.022963843896793],[-48.84010172159832,-27.022979903172175],[-48.84003640093604,-27.022987648410556],[-48.83998482469708,-27.02297883021655],[-48.839942296703335,-27.02294519918305],[-48.83990411979138,-27.022878504977005],[-48.83986559776384,-27.0227704999817],[-48.83982203451469,-27.02261293296681],[-48.83976873392691,-27.02239755540376],[-48.83970099894194,-27.022116118742257],[-48.8396716339951,-27.021990638802656],[-48.83964907559849,-27.021881713691997],[-48.839633194505616,-27.021785722494926],[-48.83962385739497,-27.021699046940103],[-48.83962093504802,-27.021618065208255],[-48.839624294167166,-27.02153915812408],[-48.839633806492074,-27.02145870658861],[-48.83964933775096,-27.021373089604715],[-48.83967075868811,-27.021278687153686],[-48.83968820090867,-27.021201155006196],[-48.839702121806425,-27.021124911692908],[-48.839712511644244,-27.021050097852243],[-48.839719360719336,-27.02097685231799],[-48.83972265927698,-27.020905316630206],[-48.83972239862137,-27.020835629637617],[-48.83971856802439,-27.020767931059805],[-48.83971115776499,-27.020702360631674],[-48.839700159094605,-27.02063905990762],[-48.83968984050799,-27.020587718422977],[-48.839680051308974,-27.020537780293342],[-48.8396709626,-27.020490203868633],[-48.839662745448564,-27.020445949303287],[-48.83965557095634,-27.020405974947302],[-48.83964961020752,-27.02037124005293],[-48.83964352382089,-27.02033201250194],[-48.83963760591069,-27.02029819879165],[-48.83960781638907,-27.020266700836054],[-48.839578427129155,-27.02024509204936],[-48.839554401200644,-27.02023014374016],[-48.83952766007479,-27.020215224142742],[-48.83949869485031,-27.020200682832932],[-48.83946799461056,-27.020186869355836],[-48.83942124814424,-27.020168641012496],[-48.839379409346016,-27.02015697770597],[-48.83934015736038,-27.020152573916917],[-48.83930117338193,-27.020156122349633],[-48.83926013856989,-27.020168317510205],[-48.839214734132746,-27.020189851195116],[-48.83916263920785,-27.020221417872943],[-48.83910153598229,-27.02026371024951],[-48.839029104584355,-27.020317422798076],[-48.838935757456106,-27.020392955543354],[-48.8388553556999,-27.020470384552073],[-48.8387852895363,-27.02055491767851],[-48.83872295218963,-27.02065176281418],[-48.83866573585996,-27.02076612782764],[-48.83861103474415,-27.020903220611977],[-48.838556238988,-27.021068248992353],[-48.83849874272172,-27.021266421751747],[-48.83843593805887,-27.02150294583058],[-48.83837673757594,-27.021705104749284],[-48.83830807727016,-27.021886660087226],[-48.838229309944076,-27.022048415022358],[-48.83813978430532,-27.022191176276163],[-48.83803885410264,-27.022315750643493],[-48.83792586912901,-27.022422941244074],[-48.83780018111074,-27.02251355573471],[-48.83766114183111,-27.02258839906009],[-48.83750810104671,-27.022648277030108],[-48.83741179997156,-27.02268059416603],[-48.83733587592241,-27.022711090900287],[-48.83727623285858,-27.022746594731316],[-48.83722877670257,-27.02279393497814],[-48.837189410377114,-27.022859939098446],[-48.83715403978013,-27.02295143639324],[-48.83711856780399,-27.023075254306328],[-48.83707890031736,-27.023238221223668],[-48.837030941112495,-27.023447166394178],[-48.83693125298993,-27.02388363574258],[-48.83646242116492,-27.023859035765653],[-48.8359935896596,-27.023834434237944],[-48.8354121567443,-27.0241898501312],[-48.83530641983443,-27.024254213712002],[-48.835204087177225,-27.024316299380267],[-48.83510707431413,-27.024374957075004],[-48.835017294778744,-27.024429036709456],[-48.83493666115485,-27.024477385479152],[-48.83486708896594,-27.024518855140126],[-48.83481049078447,-27.02455229379474],[-48.8347687811453,-27.024576552282756],[-48.834743874649256,-27.024590477832763],[-48.83470648803565,-27.024596770454053],[-48.83464930657646,-27.024590902682583],[-48.83457880199174,-27.02457522665152],[-48.83450145103738,-27.024552094579068],[-48.834423726431076,-27.02452385863336],[-48.83435210389981,-27.02449287104223],[-48.834293056133944,-27.024461483998984],[-48.83425305883299,-27.024432049751034],[-48.83423858669762,-27.024406919628667],[-48.834272318608704,-27.02432030745581],[-48.83436390204872,-27.02411275947382],[-48.83449992226751,-27.023813146876854],[-48.834666961507395,-27.023450340813742],[-48.83485160623859,-27.023053213448794],[-48.83504044028704,-27.022650635178987],[-48.83522004683455,-27.02227147828796],[-48.8353770135062,-27.02194461341079],[-48.835497924167605,-27.02169891209509],[-48.835556285135155,-27.021587214013813],[-48.83562168745326,-27.02147026889163],[-48.835692321402576,-27.021350857393468],[-48.83576637633966,-27.02123175656385],[-48.83584204260927,-27.021115745271683],[-48.83591750754966,-27.021005602344225],[-48.835990962560885,-27.0209041057734],[-48.83606059601707,-27.0208140344115],[-48.83612459835262,-27.02073816534141],[-48.83619164414425,-27.020661645412627],[-48.83627003605804,-27.020570148198043],[-48.836357418110325,-27.02046651274805],[-48.83645143340729,-27.020353573591],[-48.83654972802305,-27.020234168916627],[-48.836649945062355,-27.02011113507103],[-48.83674972865727,-27.01998730842369],[-48.83684672396796,-27.01986552536754],[-48.83693857414271,-27.01974862317456],[-48.83742199265142,-27.019130395027208],[-48.83740506032274,-27.018002357326594],[-48.83739633370073,-27.01754394183001],[-48.83738003138912,-27.017179392976114],[-48.83734894203702,-27.016893338191935],[-48.83729585333246,-27.01667040307169],[-48.83721355494291,-27.016495215022996],[-48.83709483555107,-27.016352400501663],[-48.836932482862,-27.016226585899098],[-48.83671928767528,-27.016102397586486],[-48.83644803790206,-27.015964461801335],[-48.83631495411426,-27.015899905281653],[-48.83616396604906,-27.01582887701371],[-48.83599934210018,-27.01575326827118],[-48.83582534668217,-27.015674966671043],[-48.83564624712266,-27.01559586440508],[-48.835466310776596,-27.015517850977883],[-48.8352898019519,-27.015442815867836],[-48.835120988944524,-27.01537264953754],[-48.83496413700685,-27.015309242421424],[-48.83472479111127,-27.01521447677829],[-48.83453177906853,-27.01514046210238],[-48.834374307232046,-27.0150848250662],[-48.834241585074196,-27.015045191409218],[-48.83412282106357,-27.015019189506514],[-48.83400722273242,-27.015004445871607],[-48.83388399865996,-27.014998586095384],[-48.83374235841161,-27.01499923755059],[-48.8335715095825,-27.015004025726142],[-48.83327282576834,-27.01501419765628],[-48.83303898543597,-27.015025510650645],[-48.83285795588718,-27.015042465442267],[-48.83271770541632,-27.01506956264675],[-48.83260620328277,-27.01511130460723],[-48.83251141776362,-27.015172191784256],[-48.832421315100795,-27.01525672456347],[-48.832323863475864,-27.015369405130006],[-48.83220703305058,-27.015514733856683],[-48.83185525676568,-27.015955256163746],[-48.83184024544594,-27.017435014692715],[-48.83183880077868,-27.017713114492267],[-48.83183979182536,-27.018000906478303],[-48.831843046618,-27.018291762030444],[-48.831848394199106,-27.018579052544624],[-48.831855660625614,-27.018856147566535],[-48.83186467393494,-27.01911641847794],[-48.83187526318824,-27.019353235774428],[-48.83188725641941,-27.01955997083855],[-48.831900479678104,-27.019729993217517],[-48.831920662677454,-27.019958742148813],[-48.83193490123779,-27.02014715454697],[-48.831942752346336,-27.020303658119857],[-48.83194377398597,-27.020436681491873],[-48.831937524125394,-27.020554654188174],[-48.83192356080254,-27.020666002123562],[-48.8319014409565,-27.020779155706176],[-48.83187072160268,-27.020902540830576],[-48.83183096267463,-27.02104458794551],[-48.83180483744888,-27.021134219969685],[-48.83177950325273,-27.021219442046544],[-48.83175544349451,-27.021298747271604],[-48.83173314566651,-27.02137062609629],[-48.83171309623839,-27.02143356985916],[-48.83169577966632,-27.02148606986799],[-48.83168168443646,-27.021526617492782],[-48.831671293997594,-27.021553704025838],[-48.831638564648564,-27.021558795131067],[-48.83161233578188,-27.021544739304534],[-48.8315787450933,-27.02152448015343],[-48.83153875212751,-27.02149863530958],[-48.83149331639476,-27.02146782420936],[-48.831443399454294,-27.021432664516343],[-48.831389959807375,-27.021393775652623],[-48.83133395901028,-27.02135177528362],[-48.83102391985612,-27.021115870421667],[-48.83043007989491,-27.02126756481687],[-48.83031988433535,-27.02129469836712],[-48.8302085059322,-27.02132014311378],[-48.830098347038884,-27.021343476732646],[-48.829991809056544,-27.021364274185125],[-48.82989129538621,-27.021382111373086],[-48.82979920838863,-27.021396565993765],[-48.829717949487474,-27.021407212125027],[-48.829649921061616,-27.02141362657036],[-48.829597526513425,-27.021415385247828],[-48.82953030468365,-27.02141800182868],[-48.82946352330876,-27.021430151683134],[-48.82939218141975,-27.021454919952607],[-48.829311280031234,-27.0214953927005],[-48.82921582011826,-27.02155465687795],[-48.829100800660065,-27.021635796678936],[-48.82896122355914,-27.0217418990243],[-48.82879208864018,-27.021876050768483],[-48.828588394690456,-27.022041335997557],[-48.82844973173281,-27.022154344981214],[-48.828317602189394,-27.022261388201297],[-48.82819435570844,-27.022360595912588],[-48.82808234288937,-27.022450102001976],[-48.82798391340325,-27.02252803673772],[-48.82790141789931,-27.022592532211497],[-48.827837206019744,-27.022641720499983],[-48.82779362740139,-27.022673733677284],[-48.82777303168652,-27.022686702908967],[-48.827749155461014,-27.022661470359047],[-48.82773254524857,-27.022627723213695],[-48.827713489937295,-27.022581694475594],[-48.8276924925084,-27.02252473839715],[-48.82767005797448,-27.022458208359833],[-48.82764668728251,-27.022383459487493],[-48.82762288441706,-27.02230184604861],[-48.82759915237054,-27.022214721394196],[-48.82756076217104,-27.022070232204236],[-48.82752810628379,-27.021956556213976],[-48.82749760516577,-27.0218688361141],[-48.82746567726091,-27.02180221546371],[-48.82742874206759,-27.021751836030198],[-48.82738321907512,-27.021712840479328],[-48.8273255267729,-27.021680371455744],[-48.827252084684716,-27.021649570709386],[-48.827159312314265,-27.02161558178332],[-48.82699961705376,-27.021570719001787],[-48.826802083023885,-27.02153500405672],[-48.82657807399151,-27.021508738618035],[-48.82633895374364,-27.02149222169951],[-48.82609608703309,-27.021485753300652],[-48.82586083858031,-27.021489634399252],[-48.8256445721111,-27.021504165130438],[-48.825458651341016,-27.02152964659659],[-48.825314442055216,-27.021566378172587],[-48.82505977093421,-27.021656959744067],[-48.82506608037511,-27.021345522930734],[-48.82506789067861,-27.021244182515144],[-48.825073408097964,-27.021165546925424],[-48.82508970915253,-27.02110518788303],[-48.82512386531449,-27.021058677025746],[-48.825182953122756,-27.021021584252065],[-48.825274043015035,-27.020989482050233],[-48.82540421148045,-27.020957942061482],[-48.825580531982325,-27.020922534921475],[-48.82581007593201,-27.020878831155457],[-48.82593566243728,-27.020850161039668],[-48.826062036577596,-27.020811825760084],[-48.82618936316293,-27.020763742123503],[-48.826317805959775,-27.020705828724903],[-48.82644753080015,-27.020638001483018],[-48.826578702454945,-27.020560179006793],[-48.82671148470334,-27.020472278986716],[-48.826846044362085,-27.02037421825688],[-48.82698254522374,-27.020265913603872],[-48.82738669775667,-27.0199335547138],[-48.828161650930774,-27.020018652100198],[-48.828496036985996,-27.020052028189095],[-48.82878504318251,-27.02007241357704],[-48.82903493838375,-27.020079056906397],[-48.82925199448787,-27.020071207688844],[-48.82944248442366,-27.020048115387688],[-48.829612679138464,-27.02000902848193],[-48.82976884957024,-27.019953196311775],[-48.82991726665634,-27.019879868183548],[-48.83006420335624,-27.019788292502916],[-48.83012778738278,-27.019744056993904],[-48.830187723979066,-27.019700590086472],[-48.83024299588456,-27.019658758723725],[-48.83029258684902,-27.019619429865685],[-48.830335479617105,-27.019583470457782],[-48.830370656952454,-27.019551746543776],[-48.8303971005947,-27.01952512505396],[-48.83041379530526,-27.019504472964453],[-48.830418210271105,-27.019472779336212],[-48.830413469218605,-27.01944042745677],[-48.83040579965412,-27.019395190031297],[-48.830395501603235,-27.019338653721572],[-48.830382877037295,-27.019272408829256],[-48.83036822698968,-27.019198042031622],[-48.83035185244123,-27.019117142712577],[-48.83033405438933,-27.01903129935389],[-48.830315133830126,-27.018942100437396],[-48.83029412476095,-27.018829603535522],[-48.83027454243167,-27.018693255469486],[-48.83025654858657,-27.018535493608134],[-48.83024030592103,-27.018358758042382],[-48.83022597413922,-27.01816548701185],[-48.83021371695394,-27.01795811972044],[-48.83020369406304,-27.01773909440765],[-48.83019606714183,-27.01751085114834],[-48.830190998923115,-27.01727582732633],[-48.830173397311704,-27.01610264140246],[-48.82982488265192,-27.01634045040687],[-48.829475540520654,-27.016578246618163],[-48.82906199685855,-27.016436119072807],[-48.82894658586123,-27.016395305262982],[-48.82885213281213,-27.01635825395128],[-48.82877476269416,-27.01632180270178],[-48.828710603528485,-27.0162827891102],[-48.8286557803611,-27.01623804891025],[-48.8286064212353,-27.016184419678655],[-48.82855865218978,-27.016118738955058],[-48.82850860030044,-27.01603784338755],[-48.82845239163543,-27.015938570506133],[-48.82841596119755,-27.015868874471977],[-48.828379460913276,-27.01579160018036],[-48.82834366285319,-27.015708831622835],[-48.828309341115215,-27.01562265192036],[-48.82827726979245,-27.015535144194466],[-48.828248222956134,-27.01544839246924],[-48.8282229746908,-27.01536447986687],[-48.82820229907766,-27.01528548950973],[-48.828186968198295,-27.015213503586875],[-48.82816696920596,-27.015103317015488],[-48.828153814675204,-27.01501410214417],[-48.82814920660235,-27.01493972133631],[-48.82815484792346,-27.014874040578402],[-48.82817243862113,-27.014810922198862],[-48.82820368164211,-27.01474423127531],[-48.828250278930405,-27.014667831961457],[-48.82831393143574,-27.014575586582602],[-48.828396340005526,-27.014461361061745],[-48.828471684546194,-27.014360680948222],[-48.82854209130748,-27.014274167467757],[-48.82861122953049,-27.014198912600136],[-48.82868276941002,-27.014132010136443],[-48.828760380117785,-27.014070553843556],[-48.828847730811134,-27.014011637478724],[-48.82894849268185,-27.013952353014147],[-48.82906633383048,-27.01388979506713],[-48.829204924385365,-27.01382105646247],[-48.82950005946177,-27.013675298379226],[-48.829744404826734,-27.0135466707617],[-48.82994423502901,-27.013429881032536],[-48.83010582662515,-27.013319632046052],[-48.83023545196854,-27.01321063193923],[-48.830339386451385,-27.013097585235254],[-48.83042390641518,-27.012975197337045],[-48.83049528412012,-27.01283817446004],[-48.83055979585554,-27.012681221057058],[-48.83072744479061,-27.012234757227237],[-48.830513662644286,-27.011734012202307],[-48.83029988227155,-27.011233266030196],[-48.82976273101357,-27.01115795877061],[-48.829543317459596,-27.01113370916618],[-48.82930837354869,-27.011119190305607],[-48.82906754526661,-27.011113906488834],[-48.828830477584646,-27.01111736206399],[-48.82860681445012,-27.011129062330696],[-48.82840620386475,-27.01114851180791],[-48.82823828981605,-27.01117521499975],[-48.82811271730306,-27.011208677356507],[-48.828039132359876,-27.011248404347043],[-48.827956371353565,-27.011341464036764],[-48.827827708320406,-27.011502911570943],[-48.82766406832384,-27.011717699668228],[-48.827476376528494,-27.011970778362432],[-48.82727555924174,-27.01224709775337],[-48.827072541921105,-27.012531609798607],[-48.826878250260066,-27.01280926563005],[-48.826703612216676,-27.013065014680194],[-48.8265595518321,-27.013283809988746],[-48.82649061554774,-27.013390470311997],[-48.82642343102355,-27.013492906991484],[-48.82635927365315,-27.013589248138974],[-48.82629941788305,-27.013677619146822],[-48.82624514117088,-27.013756146358542],[-48.82619771691509,-27.01382295786148],[-48.82615842258041,-27.013876180001915],[-48.82612853262663,-27.01391393817724],[-48.82610932249987,-27.013934358701793],[-48.82607805954414,-27.013935823450478],[-48.8260644539061,-27.013877930848075],[-48.82606689570342,-27.013770349503897],[-48.82608377495939,-27.013622750725208],[-48.82611348171197,-27.01344480400964],[-48.82615440398324,-27.01324617882147],[-48.826204933803986,-27.013036546491875],[-48.82626346026152,-27.012825575601198],[-48.82632837345075,-27.012622936553598],[-48.826361301444706,-27.0125263577658],[-48.82639243055334,-27.01243303890329],[-48.82642121334455,-27.012344724119338],[-48.82644710636666,-27.01226316033664],[-48.82646956221077,-27.01219009080728],[-48.8264880384367,-27.012127262470248],[-48.82650198661305,-27.0120764194645],[-48.82651249420128,-27.012028490670666],[-48.826497442099374,-27.011947221548528],[-48.82645066200138,-27.011836272952486],[-48.82638146016643,-27.01169783986649],[-48.82629751801703,-27.011544932704332],[-48.82620651181149,-27.01139056541983],[-48.82611612382797,-27.011247749367246],[-48.826034030189376,-27.0111294976276],[-48.82596791001438,-27.011048821537894],[-48.825925443366394,-27.011018734263924],[-48.82587403734422,-27.011022049358893],[-48.82583477616172,-27.011026333537068],[-48.825788141026685,-27.01103216076342],[-48.825735377282136,-27.01103937518406],[-48.82567773332774,-27.011047819188185],[-48.825616457528575,-27.011057336970982],[-48.825552797242906,-27.011067772713872],[-48.82548799883957,-27.01107896968262],[-48.825389126583644,-27.01109783385167],[-48.82530433530112,-27.011119101254888],[-48.82522884301215,-27.011145964097647],[-48.825157863663115,-27.01118161631392],[-48.82508661424558,-27.01122925006863],[-48.825010311718245,-27.011292058417965],[-48.824924171003126,-27.01137323437476],[-48.82482340902256,-27.011475970065412],[-48.82470324260318,-27.011603460302517],[-48.82462108661767,-27.0116927341449],[-48.824534243632776,-27.011788838520758],[-48.82444482200906,-27.01188934044564],[-48.824354932101386,-27.01199180877676],[-48.82426668332487,-27.012093809655514],[-48.82418218606525,-27.012192911951797],[-48.824103548743,-27.012286682705724],[-48.8240328827958,-27.012372689911395],[-48.823972295659566,-27.012448500602133],[-48.82383165588251,-27.012623891741473],[-48.82367938404647,-27.012805867826135],[-48.823517925582976,-27.012991810645616],[-48.8233497278976,-27.013179105640408],[-48.823177237454715,-27.013365136443557],[-48.82300290073394,-27.013547287603934],[-48.82282916322284,-27.01372294457114],[-48.822658473514664,-27.013889490149058],[-48.82249327717526,-27.014044308912965],[-48.82237503812323,-27.01415192989341],[-48.822279860919586,-27.01423556966791],[-48.82220224081104,-27.01429775217353],[-48.822136674026886,-27.01434100043759],[-48.82207765475281,-27.014367837439828],[-48.82201967915336,-27.014380787081162],[-48.82195724140329,-27.014382371416872],[-48.821884837635906,-27.01437511522962],[-48.82179696302915,-27.014361540566885],[-48.821500497797565,-27.01431379758469],[-48.82150789501758,-27.013949098676523],[-48.82151250502789,-27.013851883558388],[-48.82152333247885,-27.01375793052646],[-48.821541979393146,-27.013662697862742],[-48.82157004576944,-27.013561643815382],[-48.82160913461491,-27.01345022667526],[-48.821660846920665,-27.01332390379443],[-48.821726784624694,-27.01317813433762],[-48.82180854966586,-27.01300837565573],[-48.82190774390465,-27.012810086892323],[-48.82201017718985,-27.012604535419616],[-48.82209586597504,-27.01242458424046],[-48.82216721002375,-27.012263255601493],[-48.82222660903059,-27.01211357263802],[-48.822276460635855,-27.011968558443794],[-48.82231916449818,-27.01182123433139],[-48.822357120180904,-27.011664625215925],[-48.822392726286026,-27.011491752383055],[-48.822428382363306,-27.01129563893369],[-48.82245379117105,-27.0111530938563],[-48.82248266117015,-27.010999143611762],[-48.82251416399165,-27.01083771377377],[-48.822547473238146,-27.010672732655163],[-48.82258176056036,-27.010508125832512],[-48.82261619855789,-27.010347822508454],[-48.82264995992832,-27.010195747376326],[-48.82268221729276,-27.010055829642123],[-48.82271214131888,-27.00993199577545],[-48.82274151265468,-27.009810956430417],[-48.822771670864896,-27.00967862487039],[-48.82280193913307,-27.00953848861145],[-48.82283164276966,-27.00939402978889],[-48.82286010499201,-27.00924873501903],[-48.8228866500679,-27.00910608913062],[-48.8229106022729,-27.008969576953493],[-48.82293128689659,-27.008842683333985],[-48.822948026211996,-27.008728893072327],[-48.82302669253856,-27.008149272485756],[-48.822698585052485,-27.007503098282058],[-48.82237048110424,-27.006856923482697],[-48.821843446017404,-27.00665077127613],[-48.821315571782975,-27.006445343313413],[-48.8209978125876,-27.00691895205103],[-48.820672708887685,-27.007408423608677],[-48.82036286834618,-27.007883811931947],[-48.82007314993441,-27.008337169396512],[-48.81980841481954,-27.00876054664761],[-48.819573522238,-27.00914599613676],[-48.81937333453165,-27.009485570383493],[-48.81921271107952,-27.009771320965523],[-48.81909651324994,-27.00999530038498],[-48.81902960034995,-27.010149560183216],[-48.81899356933736,-27.01024329039871],[-48.818950082258745,-27.01033952406198],[-48.818898696370695,-27.010438960038343],[-48.81883896991555,-27.010542298108625],[-48.818770459116315,-27.010650238019984],[-48.818692722222536,-27.010763478645764],[-48.81860531647028,-27.010882718840545],[-48.818507799071156,-27.01100865835757],[-48.81839972825359,-27.01114199605963],[-48.81831096763611,-27.011247834106566],[-48.818225301503375,-27.01134760219603],[-48.81814432971274,-27.011439589678638],[-48.8180696490909,-27.011522086764202],[-48.81800285949277,-27.011593383712516],[-48.81794555975249,-27.011651771672028],[-48.81789934873973,-27.011695539987752],[-48.817856204746946,-27.01172768056302],[-48.8177954637284,-27.011695814968682],[-48.81771316048194,-27.01159783040389],[-48.817609639962086,-27.01145441861793],[-48.81749486663235,-27.011281569702277],[-48.817378801787605,-27.011095276430815],[-48.8172714106663,-27.010911529861314],[-48.8171826543237,-27.01074632281694],[-48.81712249780554,-27.010615645491935],[-48.81710090306526,-27.01053548983936],[-48.81710489666163,-27.010500791301432],[-48.81711599446796,-27.010446134677224],[-48.81713350044882,-27.010373907036293],[-48.81715672052756,-27.010286498185135],[-48.817184960661606,-27.010186296125603],[-48.81721752682706,-27.01007568795733],[-48.81725372293638,-27.009957063455822],[-48.817292854973566,-27.009832809721953],[-48.817334228876284,-27.00970531656423],[-48.81740089691708,-27.009508143177406],[-48.817460445306644,-27.009343766167376],[-48.81751779200605,-27.009203739754373],[-48.817577854924714,-27.009079618146338],[-48.81764555298972,-27.008962952848737],[-48.81772580199678,-27.00884529891577],[-48.81782351976283,-27.00871820870923],[-48.81794362602544,-27.008573236403397],[-48.81809103643051,-27.00840193517636],[-48.81861635027922,-27.007797775514295],[-48.81842985161902,-27.00770593737102],[-48.81838860125476,-27.007686081871693],[-48.81833431093558,-27.0076607646969],[-48.81826892868706,-27.007630850804855],[-48.818194402516305,-27.0075972060566],[-48.81811267938572,-27.007560698103852],[-48.81802570630613,-27.007522191894758],[-48.81793543127335,-27.007482553299038],[-48.817843802260306,-27.007442649092944],[-48.817752766244396,-27.007403345139657],[-48.81726051499257,-27.0071933029684],[-48.8169530258605,-27.00752646946264],[-48.81664470894886,-27.007859622353095],[-48.8160591580008,-27.007850074036654],[-48.8158054799878,-27.00784058319413],[-48.8155912988241,-27.007818799373723],[-48.815411014519434,-27.007781288604114],[-48.81525902509179,-27.007724615924314],[-48.81512973059433,-27.00764534545854],[-48.815017529035345,-27.007540043070374],[-48.81491682046451,-27.00740527372698],[-48.81482200394207,-27.007237602360487],[-48.814727477568084,-27.00703359296983],[-48.814553136507016,-27.00663230738906],[-48.814480784301075,-27.00646353063896],[-48.814406598709816,-27.006303600289282],[-48.81428298721635,-27.006038881228903],[-48.81417742411299,-27.005829565141028],[-48.814101575341034,-27.005692781559933],[-48.8140850307035,-27.00566706151247],[-48.81400093133194,-27.005542783472144],[-48.81392024741964,-27.005448142286713],[-48.813838101407015,-27.00537455103319],[-48.81374961683042,-27.005313420087898],[-48.81366904613351,-27.005265320003836],[-48.81359325449445,-27.00522693878342],[-48.81351250261618,-27.005196795855174],[-48.813417047170695,-27.00517341146524],[-48.81329714992938,-27.005155303202155],[-48.81321690029863,-27.005150645535068],[-48.813143069581386,-27.005140992173438],[-48.812945064879074,-27.00512899671684],[-48.81284797994267,-27.00512369739899],[-48.81269339557989,-27.00511783599792],[-48.81237832045698,-27.005106029043038],[-48.811277871129704,-27.005067330175713],[-48.81110912208915,-27.005524110593193],[-48.811078192522615,-27.005606816641617],[-48.81104760727554,-27.005686257485806],[-48.81101798085897,-27.005760981582643],[-48.81098992980152,-27.00582953742112],[-48.81096406660567,-27.0058904734282],[-48.81094100478303,-27.005942338047007],[-48.810921360885594,-27.00598367886581],[-48.810905748408835,-27.00601304523038],[-48.810868871950234,-27.006025310402645],[-48.81081656401979,-27.00599074026137],[-48.81074051746009,-27.005927851534587],[-48.81064339368974,-27.005839220606145],[-48.810527853116085,-27.005727424744176],[-48.810396556149556,-27.005595041217706],[-48.81025216321244,-27.00544464639724],[-48.81009733566826,-27.005278819381484],[-48.809934733940835,-27.005100134750414],[-48.80988068066786,-27.00508526239822],[-48.809772283405685,-27.005087248419315],[-48.809624749230316,-27.005103150760828],[-48.80945328925068,-27.005130026550713],[-48.80927311154576,-27.00516493382796],[-48.80909942527931,-27.00520492801527],[-48.80894744058664,-27.00524706823617],[-48.8088323646706,-27.005288410921853],[-48.80876940876025,-27.005326014399714],[-48.80872686245776,-27.005389314693318],[-48.80869171661551,-27.00547680619263],[-48.8086641342702,-27.005586524059087],[-48.80864427846983,-27.005716503453638],[-48.80863231025853,-27.00586477950528],[-48.8086283926871,-27.00602938827594],[-48.80863268782539,-27.006208364908883],[-48.80864535875835,-27.00639974456213],[-48.808666568560184,-27.006601563294815],[-48.80868108466345,-27.006732937680546],[-48.808692066344804,-27.006860209486142],[-48.80869950617571,-27.00698350133206],[-48.80870339271688,-27.007102934873615],[-48.808703718576176,-27.00721863092644],[-48.80870047330535,-27.007330712063233],[-48.80869364749901,-27.007439299067737],[-48.808683232724555,-27.00754451454359],[-48.80866921855294,-27.007646480160506],[-48.80859810541602,-27.00809523369833],[-48.809107143216124,-27.00865633812738],[-48.80920283004062,-27.00876295111528],[-48.809301992856206,-27.00887518726219],[-48.80940234132438,-27.008990354961444],[-48.809501582119225,-27.009105759858375],[-48.809597426897625,-27.00921870948642],[-48.80968758328728,-27.009326510419363],[-48.809769759872324,-27.009426471055516],[-48.80984166628368,-27.009515897105807],[-48.80990101110112,-27.00959209607219],[-48.80995909412155,-27.009664626709228],[-48.810027363079044,-27.00974347511735],[-48.81010375293886,-27.009826592145092],[-48.81018619667772,-27.00991192680764],[-48.81027262922335,-27.009997430861354],[-48.81036098252205,-27.01008105331295],[-48.81044919250157,-27.01016074504058],[-48.81053519205562,-27.010234456879832],[-48.81061691510896,-27.010300137882034],[-48.810697482498846,-27.010363171978494],[-48.810779642348415,-27.01042878387863],[-48.810861583560836,-27.010495440100506],[-48.810941495047985,-27.010561606263696],[-48.8110175657132,-27.010625747991387],[-48.811087982419764,-27.010686331780892],[-48.8111509360532,-27.01074182419485],[-48.81120461247489,-27.010790690817366],[-48.81124720257941,-27.010831397311797],[-48.81130079980802,-27.01088534266478],[-48.81134202977409,-27.010929220018408],[-48.81137132625249,-27.010964405170974],[-48.81138912398072,-27.010992276639932],[-48.811395856712686,-27.01101421202214],[-48.81137786425634,-27.011045784030326],[-48.8113540086245,-27.011058174967445],[-48.81132082608184,-27.011070139327114],[-48.811293969811295,-27.011076086906623],[-48.811262169648245,-27.01107806888071],[-48.811226211001745,-27.011076267121304],[-48.811186877231876,-27.01107086527388],[-48.811144954720795,-27.01106204703146],[-48.81110122783605,-27.01104999605648],[-48.81105648196957,-27.01103489512577],[-48.81101150249527,-27.011016927919247],[-48.810967073796434,-27.010996277199887],[-48.81090586661607,-27.010967121519755],[-48.81084899239719,-27.010944236759542],[-48.81079357351111,-27.01092736248567],[-48.81073673130761,-27.01091623914657],[-48.810675589187774,-27.01091060541299],[-48.81060726749645,-27.010910201707787],[-48.810528890606854,-27.010914768509963],[-48.8104375799038,-27.010924044438738],[-48.81033045673469,-27.010937769907034],[-48.81022259008215,-27.010951696710404],[-48.81013056384843,-27.01096108223816],[-48.810051283526434,-27.01096562840114],[-48.80998165570147,-27.01096503260357],[-48.80991858487291,-27.010958995818388],[-48.80985897557475,-27.01094721720724],[-48.80979973534619,-27.010929396875344],[-48.809737768707166,-27.010905234875622],[-48.809669980216746,-27.010874429451356],[-48.80958498982552,-27.010831138741867],[-48.8095151523811,-27.010788729923632],[-48.809459158029874,-27.010745072667422],[-48.8094156958646,-27.010698039328744],[-48.80938345701383,-27.01064550138723],[-48.809361131618246,-27.0105853294006],[-48.80934740978399,-27.010515395727765],[-48.80934098267659,-27.010433570034344],[-48.80934053838641,-27.010337724643897],[-48.80933715960636,-27.0102528635525],[-48.809321053606176,-27.010183257374866],[-48.809288951124536,-27.01012748980145],[-48.80923758395665,-27.010084141823715],[-48.809163681843785,-27.01005179619389],[-48.80906397552976,-27.01002903566276],[-48.80893519881107,-27.01001444120101],[-48.80877407940299,-27.010006595460638],[-48.80857735005662,-27.010004081135936],[-48.80805275707386,-27.010002895909366],[-48.80750647361156,-27.011186085630566],[-48.80740305721099,-27.011407961035758],[-48.807295026483935,-27.011636333527125],[-48.80718492219812,-27.011866029116202],[-48.807075282089684,-27.012091876484828],[-48.80696864895645,-27.012308705306378],[-48.8068675606703,-27.01251134157749],[-48.80677455807278,-27.012694615862042],[-48.806692181113874,-27.012853354204882],[-48.806622970716475,-27.012982385378262],[-48.806286569247334,-27.013596249959875],[-48.8066498065735,-27.01413647523396],[-48.80678794421448,-27.014330361943344],[-48.806936478293046,-27.014515660187417],[-48.807099136211896,-27.01469567778303],[-48.80727964341521,-27.01487372159466],[-48.807481728393874,-27.01505309941314],[-48.80770911668291,-27.01523711805233],[-48.80796553689596,-27.01542908433963],[-48.80825471569927,-27.015632305030987],[-48.80858037980383,-27.01585008863909],[-48.80921958635922,-27.016269024839072],[-48.809213174123954,-27.016583417697262],[-48.809209939916585,-27.01667428731397],[-48.80920213617841,-27.01675118420552],[-48.80918651249488,-27.016819395874112],[-48.80915981842573,-27.016884210721024],[-48.80911880655956,-27.016950916286913],[-48.80906022540464,-27.01702480184543],[-48.80898082648401,-27.01711115580211],[-48.80887735930452,-27.017215264708568],[-48.80874657530109,-27.017342416927843],[-48.808285574528455,-27.01778626892097],[-48.808403069621825,-27.018223308437147],[-48.808450284548265,-27.018379974480883],[-48.80851155312471,-27.018550086777115],[-48.80858605905614,-27.018731993721843],[-48.80867298705478,-27.018924043724663],[-48.80877152084035,-27.019124584275787],[-48.80888084207781,-27.0193319646375],[-48.80900013647172,-27.01954453323225],[-48.80912858772033,-27.01976063754899],[-48.809265378486145,-27.01997862596379],[-48.809335391812915,-27.020087855585043],[-48.80938908739951,-27.02017526946931],[-48.809427419629046,-27.020245427309636],[-48.80945134190052,-27.020302888778293],[-48.80946180966137,-27.02035221267221],[-48.809459775347044,-27.020397957737398],[-48.809446195426766,-27.02044468277933],[-48.8094220233296,-27.020496947455833],[-48.80938821247967,-27.02055931142249],[-48.80935516223393,-27.020616333784545],[-48.80932553714488,-27.02066145627676],[-48.8092972973998,-27.020695682281872],[-48.80926840224372,-27.020720011556065],[-48.80923681286333,-27.020735447493813],[-48.80920048743948,-27.020742992538167],[-48.809157386202656,-27.020743647356745],[-48.809105470356556,-27.02073841443388],[-48.80904269808431,-27.020728296202524],[-48.808863457543104,-27.020695438416002],[-48.80871371284455,-27.02066473265845],[-48.808590895802745,-27.02063517339718],[-48.808492435203384,-27.020605755929704],[-48.80841575978792,-27.020575478239692],[-48.80835829939879,-27.02054333379933],[-48.80831748381261,-27.02050831967682],[-48.80829074284392,-27.020469431126642],[-48.80827550531958,-27.02042566247869],[-48.80815552817037,-27.0198966554032],[-48.80804793971546,-27.01944369618429],[-48.807948189770485,-27.01905222037201],[-48.8078517262445,-27.018707664376475],[-48.807753997130646,-27.018395465500387],[-48.807650451570105,-27.018101058345984],[-48.80753653875413,-27.01780987930936],[-48.807407706924124,-27.017507366562647],[-48.80725940451946,-27.017178953751376],[-48.807152530136456,-27.016950999891638],[-48.807048978331906,-27.016737881931018],[-48.806949174687766,-27.016540356455412],[-48.806853546815326,-27.016359179180746],[-48.80676251930181,-27.016195105776443],[-48.80667652074504,-27.01604889287752],[-48.80659597673807,-27.01592129617021],[-48.8065213138469,-27.015813073161144],[-48.80645295768447,-27.015724978634918],[-48.80639411066214,-27.01565212330654],[-48.806329983534056,-27.0155677685709],[-48.80626223301816,-27.01547439494895],[-48.806192513791274,-27.01537448383486],[-48.8061224835064,-27.015270518476758],[-48.80605379886776,-27.015164978501005],[-48.80598811347573,-27.015060347098288],[-48.80592708600833,-27.014959104833547],[-48.80587237106916,-27.014863734015304],[-48.80559421577384,-27.014364861171067],[-48.805192195038785,-27.0147526896249],[-48.80479015613744,-27.015141256525506],[-48.80446956847756,-27.016395469529208],[-48.80440162968954,-27.01666623061449],[-48.80434204012954,-27.01691473983733],[-48.804290733529,-27.017141301213904],[-48.80424764062071,-27.0173462169065],[-48.80421269610258,-27.017529791844378],[-48.804185831692145,-27.017692328200816],[-48.80416697904356,-27.017834130853426],[-48.80415607289287,-27.01795550111597],[-48.80415304485645,-27.018056744763978],[-48.804152721481685,-27.018163056433075],[-48.80414863652625,-27.018256729956214],[-48.804139888374735,-27.018341069631642],[-48.80412557138018,-27.018419379693842],[-48.80410478089998,-27.018494964391735],[-48.80407661428443,-27.01857112890617],[-48.804040167887926,-27.018651177497812],[-48.803994536041564,-27.018738414393],[-48.803938816086784,-27.01883614386148],[-48.80388479067465,-27.01893419484796],[-48.80383492926783,-27.019038434907035],[-48.80378805749328,-27.01915277324607],[-48.803743000984625,-27.01928111816758],[-48.803698583296416,-27.01942738064662],[-48.80365363206945,-27.019595468109777],[-48.80360697084653,-27.0197892906245],[-48.80355742520092,-27.020012756482075],[-48.80350381963956,-27.020269775758653],[-48.80344413916773,-27.020554630566334],[-48.80338967207988,-27.020797997366458],[-48.80333730806059,-27.021009393753264],[-48.80328393274543,-27.02119833544441],[-48.80322643670906,-27.02137434093437],[-48.803161706490656,-27.021546926841868],[-48.80308662959369,-27.021725609791474],[-48.802998095485606,-27.021919906426934],[-48.80289299051225,-27.022139335133417],[-48.802725810150434,-27.022491985619347],[-48.8025866277978,-27.022807631564238],[-48.80247300265511,-27.023095310138736],[-48.802382490859046,-27.02336405482672],[-48.80231265144677,-27.023622900938804],[-48.80226104141049,-27.023880881930097],[-48.80222521764131,-27.02414703394711],[-48.802202738019076,-27.02443039223841],[-48.802191160448295,-27.02473998933736],[-48.802186511973055,-27.02497665192901],[-48.802185278586045,-27.025166424393575],[-48.80218950164036,-27.02532049938395],[-48.80220122453433,-27.025450067778014],[-48.80222248865021,-27.025566320419692],[-48.80225533737268,-27.025680449083325],[-48.80230181312918,-27.0258036437191],[-48.80236395830484,-27.025947097880813],[-48.80244381440951,-27.026122000589073],[-48.80249588401593,-27.026230562438837],[-48.802551983798125,-27.02633993895638],[-48.80261069819577,-27.026447787799608],[-48.80267061572104,-27.026551763984436],[-48.802730318796534,-27.02664952423864],[-48.80278839589734,-27.026738724484055],[-48.80284343142525,-27.026817022385853],[-48.802894011825074,-27.026882073837935],[-48.80293872254692,-27.026931533817795],[-48.80298013348447,-27.026973361571823],[-48.80302173289813,-27.027015965668785],[-48.80306264120711,-27.027058406448838],[-48.8031019818678,-27.027099743398065],[-48.803138874286816,-27.027139036842616],[-48.80317244193338,-27.027175345367848],[-48.80320180419257,-27.027207730203394],[-48.80322608451304,-27.027235250837677],[-48.80324440333832,-27.02725696580989],[-48.80329700661327,-27.027351737064127],[-48.80336464077518,-27.027515230011165],[-48.8034409713618,-27.02772668745663],[-48.80351966281994,-27.027965353100562],[-48.80359438051164,-27.028210470668256],[-48.80365878869367,-27.028441283878422],[-48.803706551592654,-27.028637033749973],[-48.80373133430778,-27.028776965830847],[-48.80371775324477,-27.02884686537438],[-48.803670938967194,-27.028878046720717],[-48.80363094943206,-27.028901595044545],[-48.80356515438631,-27.028940963250673],[-48.803508322310044,-27.02897301788219],[-48.80342391458291,-27.0290212293197],[-48.803353485960116,-27.02906033286478],[-48.80326169102516,-27.029110998194096],[-48.80317910633699,-27.02915619392437],[-48.80309295115225,-27.02920242674231],[-48.8030057961859,-27.029249282838517],[-48.80293216556521,-27.0292876692449],[-48.802852946224846,-27.029328942866805],[-48.80279380388828,-27.02935888274381],[-48.80273303550381,-27.02938885044893],[-48.80269233587655,-27.029408220725557],[-48.802633357638115,-27.029422586575347],[-48.80258956899984,-27.029384990218585],[-48.802539294510666,-27.02933285675982],[-48.80247546896204,-27.029262978602947],[-48.80239989973661,-27.029177401865997],[-48.80231439525928,-27.029078170878982],[-48.80222076389772,-27.02896733268022],[-48.8021208120494,-27.028846931572765],[-48.80201635007773,-27.028719014632674],[-48.80185793647308,-27.028521519650397],[-48.80172578224767,-27.02835053577053],[-48.801614678835115,-27.028197084304203],[-48.80151941671311,-27.02805218832797],[-48.80143478543584,-27.02790686998299],[-48.801355577633345,-27.027752151444464],[-48.80127658294501,-27.027579055731874],[-48.80119259210507,-27.027378604066687],[-48.80109839585854,-27.02714182036705],[-48.800759100241635,-27.026279338069767],[-48.80087587295713,-27.02582246167741],[-48.80090232830592,-27.025720926531918],[-48.80093774231964,-27.025587051718826],[-48.800980826868205,-27.02542565881405],[-48.80103029184441,-27.02524156755796],[-48.80108484912968,-27.02503959952831],[-48.80114321065517,-27.02482457450101],[-48.801204086320716,-27.02460131402803],[-48.8012661870726,-27.02437463877856],[-48.801328225895034,-27.024149369457334],[-48.80141056770136,-27.023844042965436],[-48.80148368398593,-27.023556860701948],[-48.80154910072674,-27.02327999779881],[-48.80160834590698,-27.02300562760708],[-48.80166294543873,-27.02272592434198],[-48.80171442818568,-27.022433064064284],[-48.80176432000769,-27.02211922007563],[-48.801814148708274,-27.02177656750796],[-48.801865440071204,-27.021397279651662],[-48.802067902104596,-27.019861418924098],[-48.80178940471103,-27.01873353961056],[-48.80151091308683,-27.017605659929718],[-48.801499265670905,-27.01591384645544],[-48.801496589117974,-27.01543815623297],[-48.80149625094215,-27.01505516395606],[-48.80149916336498,-27.014750932683622],[-48.80150623761221,-27.0145115236493],[-48.801518382861694,-27.01432299895347],[-48.801536511319426,-27.01417141983821],[-48.80156153316624,-27.014042847511046],[-48.80159435955949,-27.013923344094177],[-48.80163590165458,-27.013798970803734],[-48.801670234185146,-27.01370804125498],[-48.8017082255995,-27.01361936994359],[-48.801749722341604,-27.013533236037492],[-48.80179456891247,-27.013449915064403],[-48.80184260772971,-27.013369686129433],[-48.80189368630159,-27.013292825709765],[-48.801947648055986,-27.01321961292643],[-48.80200433748228,-27.013150324209736],[-48.80206360006109,-27.013085236908076],[-48.80211815688476,-27.01302725521618],[-48.80217885478006,-27.01296094396443],[-48.80224403644224,-27.01288820854495],[-48.802312043636334,-27.01281095072832],[-48.80238122007996,-27.012731075928883],[-48.802449907555605,-27.012650485924556],[-48.802516448827376,-27.012571084317184],[-48.80257918665108,-27.012494775614584],[-48.802636464815805,-27.012423463441326],[-48.8029315642943,-27.012052387458436],[-48.80299748104656,-27.011172137007353],[-48.80306258572052,-27.010291132788662],[-48.80247628966418,-27.0097923803677],[-48.80225303512345,-27.00959751044062],[-48.8020806815084,-27.009432387747616],[-48.80195744856214,-27.009290154809456],[-48.80188156215983,-27.0091639550901],[-48.80185124220733,-27.009046931910092],[-48.801864712648495,-27.008932230412444],[-48.801920195498866,-27.008812992059045],[-48.80201591373562,-27.008682360094912],[-48.80215009026597,-27.008533479536126],[-48.802229622827525,-27.008448464341235],[-48.80229468840125,-27.008374246884834],[-48.80234670374234,-27.008308129272994],[-48.80238708258685,-27.008247412655344],[-48.802417241734055,-27.008189395516588],[-48.80243859385842,-27.008131380785308],[-48.80245255671764,-27.00807066875895],[-48.80246054403645,-27.008004559669914],[-48.802463970526254,-27.007930354667046],[-48.80246968858625,-27.00765073099276],[-48.80209526819458,-27.00753802906999],[-48.80190102513546,-27.00747396557772],[-48.801755665470516,-27.007413139627868],[-48.80165918681126,-27.007355358203245],[-48.80161158785912,-27.007300424643137],[-48.80161286326326,-27.007248143977815],[-48.801663011677434,-27.00719832305435],[-48.80176202881399,-27.007150765013293],[-48.80190991437065,-27.007105275714064],[-48.802106663034856,-27.007061659984632],[-48.80228589701457,-27.00702221702849],[-48.802441457132886,-27.006976337956573],[-48.802576575576104,-27.006921535559332],[-48.80269448752681,-27.006855323553605],[-48.802798424149124,-27.0067752146725],[-48.802891619585985,-27.006678723485653],[-48.80297730600872,-27.006563361812223],[-48.803058717537056,-27.00642664419888],[-48.803139085286006,-27.006266083331216],[-48.80318611378432,-27.006162821427655],[-48.80322480330826,-27.00607233556424],[-48.803255352628106,-27.005993835583276],[-48.80327796347608,-27.005926534078608],[-48.80329283356681,-27.00586964267715],[-48.803300164673374,-27.005822371262482],[-48.80330015446507,-27.005783933262492],[-48.80329300368145,-27.00575353944419],[-48.80327891205159,-27.005730400557606],[-48.80325472219682,-27.00567891197587],[-48.8032228151722,-27.005576782025553],[-48.803186045086385,-27.00543718340924],[-48.80314726203752,-27.005273286963632],[-48.80310931809478,-27.005098264461008],[-48.80307506628747,-27.004925288593583],[-48.80304735664831,-27.004767529301596],[-48.803029042123875,-27.004638161084443],[-48.80302297273723,-27.004550352981184],[-48.80303900834758,-27.004527192309983],[-48.80305768505839,-27.004512195944354],[-48.80308249645928,-27.004495492166566],[-48.80311271291319,-27.00447750548023],[-48.80314760368858,-27.004458664884158],[-48.803186440156885,-27.004439394897897],[-48.803228492630566,-27.00442012273235],[-48.80327303243044,-27.004401275614835],[-48.803317136005916,-27.004381908173567],[-48.803357919904784,-27.004361603608853],[-48.8033947290716,-27.00434083723134],[-48.80342690739233,-27.00432008704304],[-48.803453799813816,-27.004299828355308],[-48.80348192591716,-27.004271615616215],[-48.80349538978782,-27.00423324250155],[-48.803421538317394,-27.00404420954361],[-48.80336344343344,-27.003878340500407],[-48.80332018625594,-27.00372739326643],[-48.80329084696115,-27.00358312391113],[-48.803274505725255,-27.003437289401695],[-48.803270243756685,-27.003281645814557],[-48.80327714122011,-27.003107951010865],[-48.803294278323065,-27.002907960141386],[-48.803320736193164,-27.00267343197766],[-48.80334548898624,-27.00240191758117],[-48.80336155514982,-27.00207339420905],[-48.803369086339536,-27.001695349284216],[-48.803368237258475,-27.00127527027694],[-48.8033591585854,-27.000820645497253],[-48.80334200508073,-27.000338961514153],[-48.803316929451455,-26.99983770757238],[-48.803284084466256,-26.99932437021061],[-48.80324362388788,-26.998806436885804],[-48.80321315143558,-26.9985949873197],[-48.80314968157784,-26.99824186813629],[-48.803062381247166,-26.99779098834349],[-48.8029604141937,-26.997286260516024],[-48.80285294604613,-26.996771593665102],[-48.8027491441502,-26.996290898656024]],[[-48.81648778755074,-27.003548057113],[-48.816415210584765,-27.003216835669154],[-48.816396505806594,-27.003142470771326],[-48.8163674003042,-27.003043567931407],[-48.81632916031938,-27.00292373590873],[-48.8162830531373,-27.002786581673433],[-48.81623034197616,-27.002635713937618],[-48.81617229610792,-27.002474740605514],[-48.8161101807832,-27.00230726861754],[-48.816045261205495,-27.002136906719876],[-48.81597880358923,-27.001967262773604],[-48.815913572009194,-27.0018001863962],[-48.81585217043361,-27.00163767814619],[-48.8157956451198,-27.00148283890282],[-48.815745040353804,-27.00133876680839],[-48.81570140241155,-27.00120856093911],[-48.81566577556769,-27.001095319438022],[-48.815639205085446,-27.00100214136578],[-48.81562273722043,-27.00093212670015],[-48.815617416272964,-27.000888372679842],[-48.81561428227976,-27.000853128592794],[-48.8156038108739,-27.00081292892802],[-48.81558638237679,-27.00076842575328],[-48.815562378135255,-27.000720270248884],[-48.81553218048612,-27.0006691145123],[-48.81549616874452,-27.00061561059359],[-48.81545472625363,-27.00056041060492],[-48.81540823133715,-27.000504165677892],[-48.81535706733586,-27.000447527924262],[-48.81509260169472,-27.00016867470159],[-48.81476960714281,-27.00033064523918],[-48.81465774074867,-27.000384921101684],[-48.81456009896828,-27.00042741928115],[-48.814475550771284,-27.00045827928562],[-48.814402966142175,-27.00047763972932],[-48.81434121196556,-27.00048564278218],[-48.8142891562131,-27.000482426113635],[-48.814245669819535,-27.000468130142337],[-48.814209618678795,-27.000442895205307],[-48.814173700844705,-27.0003985831964],[-48.81415067570188,-27.000371407973052],[-48.814129950229166,-27.00035071208371],[-48.81410598588892,-27.00032875750732],[-48.814079419045946,-27.00030608387081],[-48.81405088502208,-27.0002832325902],[-48.81402101615151,-27.000260743230545],[-48.81399044978578,-27.000239156337685],[-48.81395982027125,-27.000219011508854],[-48.81392833780085,-27.00019738962521],[-48.81389480018471,-27.000171544757066],[-48.813860046099244,-27.00014228680465],[-48.813824917188406,-27.00011042842237],[-48.81379025209025,-27.00007678131628],[-48.81375689348694,-27.000042156353462],[-48.813725679005316,-27.000007365225716],[-48.81369744929175,-26.99997321967228],[-48.81367304599813,-26.999940531448473],[-48.81355101207988,-26.999766860499065],[-48.81393838388513,-26.999404664642366],[-48.814089892098416,-26.99925864580497],[-48.81420372044778,-26.999134718322757],[-48.81427992959268,-26.99902845391127],[-48.81431858210437,-26.998935426990137],[-48.81431974357559,-26.99885121018886],[-48.814283474525986,-26.998771376929533],[-48.81420983850916,-26.998691499748503],[-48.81409889804648,-26.998607152941553],[-48.81395071773286,-26.99851390900302],[-48.81385285611939,-26.998456974534093],[-48.81376525234626,-26.99840984214834],[-48.81368510249592,-26.99837163264487],[-48.81360960269648,-26.998341465011144],[-48.813535950056476,-26.998318460048264],[-48.813461339711054,-26.99830173671596],[-48.8133829677893,-26.998290414886],[-48.813298032420406,-26.998283615357344],[-48.81320372775965,-26.99828045615241],[-48.81302724691192,-26.998281288464376],[-48.81286963333841,-26.998290784894394],[-48.81272708123698,-26.998310277100586],[-48.81259578173183,-26.998341099379534],[-48.81247192802916,-26.998384582432315],[-48.81235171225267,-26.998442060537695],[-48.81223132755869,-26.998514866171362],[-48.8121069650923,-26.998604330861347],[-48.81197481898237,-26.99871178706976],[-48.81187468401765,-26.998799201219324],[-48.81179044462369,-26.998878294236118],[-48.811719325683256,-26.99895315543821],[-48.81165855002521,-26.999027875003247],[-48.8116053434999,-26.99910654224487],[-48.81155692886895,-26.99919324912959],[-48.81151053197102,-26.999292084056407],[-48.81146337657955,-26.9994071371925],[-48.81141268641349,-26.999542500504166],[-48.811331721749085,-26.99977938587774],[-48.8112729365852,-26.999988532863583],[-48.81123679960537,-27.00017758548206],[-48.811223781434826,-27.000354189575916],[-48.8112343527116,-27.000525989170566],[-48.81126898300813,-27.000700630969522],[-48.811328141941736,-27.000885759859372],[-48.81141230018102,-27.001089019827656],[-48.811521926388494,-27.001318056622633],[-48.81182833273151,-27.001930600066185],[-48.811677154133356,-27.00225520825154],[-48.811617254398364,-27.00239633327834],[-48.81157302805413,-27.002530076896388],[-48.811544602743545,-27.002661191706924],[-48.81153210507588,-27.002794431191727],[-48.81153566372483,-27.00293454615157],[-48.81155540629136,-27.00308629097487],[-48.81159145943257,-27.003254417322506],[-48.811643951802495,-27.003443678685965],[-48.81171301108954,-27.003658827633885],[-48.81177011994745,-27.003826047495014],[-48.8118195204783,-27.003961173054027],[-48.81186526899182,-27.004070231773813],[-48.811911426811626,-27.004159253897594],[-48.811962050299776,-27.004234266879255],[-48.81202120081995,-27.004301300952214],[-48.81209293575998,-27.00436638447579],[-48.812181313519794,-27.004435546717254],[-48.81229039456203,-27.004514816059274],[-48.81235909270999,-27.004563584358095],[-48.81242436290502,-27.00460940966011],[-48.81248505734737,-27.004651523282828],[-48.812540029189464,-27.004689159267475],[-48.81258813264147,-27.0047215489654],[-48.81262821889101,-27.00474792368161],[-48.812669447308494,-27.004773537299084],[-48.81270613547636,-27.00477866831592],[-48.812749994236505,-27.004767142825646],[-48.812817893298686,-27.004749376556262],[-48.8129072434132,-27.00472604130173],[-48.81301545133412,-27.00469780698477],[-48.813139928868814,-27.00466534270385],[-48.813171165120515,-27.004656172315617],[-48.81327808476974,-27.0046293193178],[-48.81342732779265,-27.004590407691346],[-48.81357490373501,-27.004551941104268],[-48.81380535479105,-27.00449306847118],[-48.81388378509995,-27.00447582346531],[-48.813999342240464,-27.004446503991467],[-48.81414245108681,-27.004417067948264],[-48.8141718465997,-27.00440882808073],[-48.81432768236338,-27.00437928438015],[-48.81435489047029,-27.004375578823343],[-48.81447166701486,-27.004357117450393],[-48.81453525290973,-27.004348596873772],[-48.814608616011526,-27.004341571796342],[-48.81469769202102,-27.004333363741445],[-48.81474334379545,-27.004331891886178],[-48.81486851211378,-27.00432722021021],[-48.81502540157959,-27.004327104492546],[-48.81558702964393,-27.00433404614166],[-48.81603699771853,-27.003941045603842],[-48.81648778755074,-27.003548057113]],[[-48.81102382030075,-27.0024125878327],[-48.811023811982444,-27.002294661132247],[-48.81101807182964,-27.00215771151927],[-48.811006941210195,-27.001995976618137],[-48.810990762485204,-27.00180369497025],[-48.81097950387873,-27.00167020085358],[-48.81096911978404,-27.001534522816765],[-48.81095976753627,-27.001399616185584],[-48.81095160341016,-27.001268438976886],[-48.810944784757204,-27.00114394561448],[-48.81093947085575,-27.00102909506464],[-48.81093581704304,-27.000926841720073],[-48.81093398162599,-27.000840142727167],[-48.8109341219228,-27.000771954314416],[-48.810940525173926,-27.000457560381747],[-48.810443325949024,-27.00012753602185],[-48.810353967588995,-27.0000688027817],[-48.81026893411837,-27.000014087750863],[-48.810189735397685,-26.999964291615736],[-48.81011788328037,-26.999920315998832],[-48.81005489062427,-26.99988306254025],[-48.81000226724697,-26.999853433736437],[-48.80996152499851,-26.999832331213184],[-48.80993417474171,-26.999820655677507],[-48.80988528953105,-26.999937484426244],[-48.80981493190395,-27.000231034612675],[-48.809721167024364,-27.000649897602923],[-48.80961450560082,-27.00114401079218],[-48.809505460688804,-27.001663311659424],[-48.809404542751814,-27.002157737702703],[-48.809322265692096,-27.0025772265304],[-48.80926914169305,-27.002871715763245],[-48.809255683020254,-27.002991142126994],[-48.80930294511276,-27.003024800394687],[-48.80933297814545,-27.003032832136274],[-48.80939117393687,-27.003059254821313],[-48.80944085540541,-27.00307434719478],[-48.80950746788434,-27.00309765368932],[-48.809535547168196,-27.003111569775545],[-48.8095806479995,-27.003121962983652],[-48.80965898531509,-27.003146752257656],[-48.80969753908728,-27.003158669835322],[-48.80974107039982,-27.003171498709126],[-48.809827750386205,-27.003195795860208],[-48.809874426484704,-27.003204241584385],[-48.80991882867265,-27.003218819397922],[-48.810012137727874,-27.003240173712108],[-48.81005453323809,-27.003245279547116],[-48.810105508992336,-27.003259464084472],[-48.81019677489299,-27.0032762967202],[-48.81022618518086,-27.00327877923732],[-48.81028376689916,-27.003290275107517],[-48.81037770913698,-27.003301735336326],[-48.810436262943554,-27.003308094065947],[-48.81049742986081,-27.003311144341605],[-48.810796386631594,-27.003316030926044],[-48.81092592263746,-27.00291854967308],[-48.81095969996816,-27.00280930654526],[-48.81098603663154,-27.002709850529065],[-48.81100527499903,-27.002614420173813],[-48.811017755436325,-27.00251725309317],[-48.81102382030075,-27.0024125878327]]],[[[-48.84686975576531,-27.0262346420913],[-48.84683924345123,-27.026192353457613],[-48.84680017645348,-27.026150706451237],[-48.84675162311217,-27.026106665309594],[-48.84668959448557,-27.026057609556986],[-48.84662885351344,-27.026017600080177],[-48.84656976511082,-27.025986735419547],[-48.84651269525185,-27.025965111424714],[-48.84645800784439,-27.025952826621726],[-48.846406069853565,-27.025949977778858],[-48.84635724522311,-27.025956661618565],[-48.846311899895674,-27.02597297579672],[-48.84626143714155,-27.02600461605937],[-48.84622416056784,-27.026024153708427],[-48.846186693397215,-27.026040370916597],[-48.84614131432989,-27.026058397425995],[-48.846089264724355,-27.026077765791875],[-48.84603178291785,-27.026098008524027],[-48.845970111244384,-27.02611865999982],[-48.84590548908622,-27.02613925094326],[-48.84583915678322,-27.02615931480255],[-48.845754303994745,-27.026187748994285],[-48.84566519932239,-27.0262240634679],[-48.84557147791628,-27.026268471028597],[-48.84547277391586,-27.026321184464518],[-48.8453687234374,-27.026382418397272],[-48.845258961637384,-27.026452384724532],[-48.84514312361631,-27.02653129804844],[-48.845020844504326,-27.0266193711645],[-48.84489176041661,-27.026716817783367],[-48.84478617135803,-27.026797531154482],[-48.844684927528704,-27.02687354499977],[-48.844589857326724,-27.026943574227843],[-48.844502787159634,-27.027006332819052],[-48.84442554649693,-27.0270605329992],[-48.84435996373465,-27.027104890589968],[-48.844307865305865,-27.0271381186763],[-48.84426125891621,-27.027162486410283],[-48.844182697846236,-27.027150161688663],[-48.84414831522373,-27.027107262706163],[-48.84414666722073,-27.027040279885007],[-48.844176128729146,-27.0269521457493],[-48.84423507758355,-27.02684579555428],[-48.844321890645595,-27.026724161815558],[-48.84443494471804,-27.02659017974165],[-48.84457261665719,-27.02644678182455],[-48.84473328228747,-27.026296902338835],[-48.84489155250826,-27.026142833660437],[-48.84504388283146,-27.025968916760792],[-48.84518693989265,-27.025780945971785],[-48.84531739042156,-27.025584713836842],[-48.845431902196225,-27.025386013830413],[-48.845527140007924,-27.025190640292568],[-48.845599772773156,-27.025004384923356],[-48.845646467390566,-27.024833041195645],[-48.845663890739694,-27.024682404379142],[-48.84565129963471,-27.024514334273935],[-48.845611593169245,-27.024364269585977],[-48.84554753477719,-27.02423441674613],[-48.84546189083698,-27.024126984024786],[-48.84535742372322,-27.024044176015067],[-48.84523689974651,-27.023988200075678],[-48.84510308116539,-27.023961262602246],[-48.844958734214494,-27.023965570958225],[-48.84480662209157,-27.024003331564874],[-48.844715684334645,-27.024039359327823],[-48.844630408013266,-27.02408139219011],[-48.84454913603944,-27.024130876725298],[-48.84447021531501,-27.024189261368488],[-48.84439199075514,-27.024257992715096],[-48.844312808257605,-27.024338518274003],[-48.844231013728056,-27.024432284647414],[-48.84414495302619,-27.02454074023722],[-48.84405297001721,-27.02466533160478],[-48.844002346514955,-27.024729604927575],[-48.84392841489064,-27.024815019988157],[-48.84383417980378,-27.024918476739295],[-48.84372264994355,-27.025036875193827],[-48.84359683098631,-27.025167115321295],[-48.84345973067518,-27.02530609532453],[-48.843314355717915,-27.025450716107663],[-48.843163712884966,-27.025597876782758],[-48.84301080896083,-27.025744477378236],[-48.84280912625804,-27.025938413209374],[-48.8426235834916,-27.0261230713908],[-48.84245083938457,-27.02630228954335],[-48.84228755359991,-27.02647990618159],[-48.84213038375748,-27.026659758866],[-48.841975988424196,-27.026845686055704],[-48.84182102614118,-27.027041525289743],[-48.84166215439694,-27.027251114073827],[-48.84149603261057,-27.02747829173034],[-48.84118651726461,-27.02790552542047],[-48.8409316846078,-27.028252368954988],[-48.8407246415096,-27.02852684191667],[-48.84055849551044,-27.02873696378673],[-48.84042635084995,-27.028890754811897],[-48.840321315601685,-27.028996235233276],[-48.84023649370343,-27.029061423376863],[-48.8401649919856,-27.029094339385335],[-48.84009991621143,-27.029103003362387],[-48.840053978449994,-27.029101404798624],[-48.840018115878365,-27.02909723990432],[-48.83998268346169,-27.02908202626492],[-48.83996381755509,-27.02905400988314],[-48.83996108799852,-27.02902423950114],[-48.83996484975279,-27.028984232696008],[-48.83997438443063,-27.028932455058943],[-48.839988974666305,-27.028867371293522],[-48.8400467432682,-27.028614123286587],[-48.84009049940994,-27.028406292996387],[-48.84012036093407,-27.02823794124925],[-48.84013644855843,-27.02810313432342],[-48.84013888204538,-27.02799593396385],[-48.840127781079865,-27.02791040461603],[-48.84010326433935,-27.02784060980256],[-48.84006545148227,-27.0277806139591],[-48.840014463224655,-27.027724478826165],[-48.8399607997429,-27.027667329743117],[-48.83990965184671,-27.02760311315335],[-48.839862066358485,-27.027533893750963],[-48.83981909016287,-27.027461732621934],[-48.83978177005187,-27.02738869536393],[-48.839751150866185,-27.027316843935065],[-48.83972828143737,-27.027248242159605],[-48.8397142075719,-27.02718495381475],[-48.83971314347705,-27.02711998171468],[-48.83973399071637,-27.027087215137783],[-48.83976191739554,-27.02705875735889],[-48.83979900253321,-27.027026390747174],[-48.839844153759486,-27.026990956782257],[-48.83989627971313,-27.0269532969592],[-48.83995428903499,-27.026914252773675],[-48.84001709141058,-27.026874663933512],[-48.84008359345444,-27.026835372808375],[-48.84017467171676,-27.02678123946858],[-48.84025446858666,-27.026729097971568],[-48.840324565228165,-27.02667736709638],[-48.84038654486473,-27.026624462940376],[-48.84044199066195,-27.026568804302766],[-48.8404924837997,-27.026508808143497],[-48.84053960745024,-27.02644289235236],[-48.8405849427656,-27.026369474785355],[-48.84063007493869,-27.026286972455548],[-48.8408132084889,-27.025936018518223],[-48.840971763338196,-27.025638185159952],[-48.84110921134897,-27.025387790504087],[-48.84122902723017,-27.025179155394202],[-48.84133468566066,-27.025006597038576],[-48.84142966118956,-27.024864435331192],[-48.84151742634239,-27.024746987411856],[-48.841601455543945,-27.02464857404662],[-48.84168522224412,-27.02456351236584],[-48.841739994309584,-27.02450974522015],[-48.841798366541255,-27.024448088747942],[-48.84185890813409,-27.024380326860793],[-48.84192018922784,-27.024308247097306],[-48.84198078002128,-27.024233634292376],[-48.84203924967906,-27.02415827507285],[-48.84209416940569,-27.024083955197106],[-48.84214410942285,-27.02401245950833],[-48.84218763790933,-27.023945574625298],[-48.842244273311856,-27.023858351182806],[-48.842300596832786,-27.023780533069633],[-48.84235872879053,-27.023710216978255],[-48.84242078645507,-27.023645500452698],[-48.84248889111789,-27.02358448109434],[-48.842565161040234,-27.02352525645292],[-48.84265171650688,-27.023465923200426],[-48.842750674753276,-27.023404578856923],[-48.84286415701539,-27.023339321896763],[-48.84300322250745,-27.023260670675974],[-48.843140631626795,-27.0231812565992],[-48.84327704296199,-27.023100680940864],[-48.84341311808573,-27.023018546823405],[-48.843549518601506,-27.022934455561952],[-48.84368690503258,-27.022848012062234],[-48.84382593695983,-27.022758817602874],[-48.84396727595758,-27.022666474392622],[-48.844111583578425,-27.022570585539423],[-48.84427575483035,-27.022460010601808],[-48.845093122308356,-27.02315028233067],[-48.84525440950252,-27.023286245567704],[-48.845434868640304,-27.023438358697767],[-48.84562954135264,-27.02360243134903],[-48.84583346220664,-27.02377427125692],[-48.84604167271437,-27.023949688994612],[-48.84624920833494,-27.024124492361473],[-48.84645110847824,-27.02429449014669],[-48.84664241044579,-27.02445549293798],[-48.84681815155487,-27.024603307736555],[-48.84705644126779,-27.024805721697607],[-48.847265507428375,-27.02498920548655],[-48.847452923961754,-27.025161675201872],[-48.84762626385114,-27.02533104958638],[-48.8477931022114,-27.025505246473163],[-48.84796101121031,-27.025692184518093],[-48.848137565178014,-27.02589977966966],[-48.84833033749546,-27.026135950534062],[-48.8485469026853,-27.02640861569397],[-48.848714680397826,-27.026623617148502],[-48.84886217841999,-27.026816610105875],[-48.848989065999724,-27.02698712027805],[-48.84909501040727,-27.027134672437214],[-48.84917968392003,-27.027258794132],[-48.849242752862565,-27.027359009202332],[-48.84928388955996,-27.02743484518129],[-48.84930276038764,-27.027485825892295],[-48.849299037724656,-27.027511478851242],[-48.84927554103962,-27.027523076706153],[-48.849231744093984,-27.027535384100535],[-48.84916982730468,-27.027548100422965],[-48.84909197409516,-27.0275609260068],[-48.84900036589292,-27.027573560251305],[-48.84889718610787,-27.027585704392298],[-48.84878461617153,-27.02759705783371],[-48.84866483852488,-27.027607319999728],[-48.84854003656688,-27.027616193042835],[-48.84827519661022,-27.0276337292939],[-48.848059237128346,-27.027650511704547],[-48.84788381852799,-27.027668262143173],[-48.84774060216242,-27.02768870511733],[-48.84762125042005,-27.027713563284507],[-48.847517424623966,-27.027744561949046],[-48.84742078615798,-27.027783422773663],[-48.84732299535191,-27.027831869183895],[-48.847215715505136,-27.027891626431117],[-48.847093959600464,-27.02797731055763],[-48.84697236387121,-27.028092622705152],[-48.8468527856767,-27.028234436220608],[-48.84673708438048,-27.028399626293794],[-48.84662711633419,-27.028585068978057],[-48.84652474198405,-27.02878763859114],[-48.84643181876874,-27.029004210313104],[-48.8463502031522,-27.02923165931402],[-48.8462817556775,-27.029466859927343],[-48.8462549522604,-27.029564983228077],[-48.84622086378754,-27.02968448935386],[-48.846190147595365,-27.029773665136002],[-48.84615389183034,-27.029889235745905],[-48.846116361757424,-27.02998249380745],[-48.846083161316756,-27.03007657711325],[-48.84604073709618,-27.03017175380783],[-48.84601099387566,-27.030241986960934],[-48.845970417061686,-27.03032173064276],[-48.84593971112973,-27.03038094060496],[-48.84592716681998,-27.030401621099838],[-48.84588914226619,-27.030467124806197],[-48.84587163468988,-27.03048891517176],[-48.845855636699795,-27.030518943004367],[-48.84580908621664,-27.03056138598864],[-48.84579935069528,-27.030584325956927],[-48.84574275200867,-27.030595557191823],[-48.8457098598628,-27.0305817158941],[-48.8456935444626,-27.03056079754559],[-48.84567977944537,-27.03053044402265],[-48.84566858962734,-27.030491044674147],[-48.8456600008135,-27.030442989766314],[-48.84565404082223,-27.030386669596094],[-48.8456507354557,-27.030322474429227],[-48.84565010950723,-27.030250794515887],[-48.84565218978397,-27.030172020136792],[-48.845657004099365,-27.030086541587917],[-48.845682083485215,-27.029966955468335],[-48.84568214547074,-27.02989909364034],[-48.845731485439444,-27.02967535114818],[-48.845748687732765,-27.029642623494144],[-48.84580065131829,-27.029427237465846],[-48.84584345628062,-27.029294473911104],[-48.8458852664831,-27.029166673181532],[-48.84596053091557,-27.028944040362447],[-48.84598095635823,-27.028905580728164],[-48.846083347477446,-27.028655881666566],[-48.84609404957915,-27.028612855547035],[-48.84618806644873,-27.02842949847749],[-48.846238154423695,-27.028322453156797],[-48.84629073595542,-27.02823835269662],[-48.84638698478288,-27.028094366872025],[-48.846487331075224,-27.02795617712215],[-48.846579723648425,-27.027807286715696],[-48.846663229830824,-27.027650152384293],[-48.84673691493607,-27.027487231732675],[-48.84679984728176,-27.02732098421747],[-48.84685109224639,-27.02715386564048],[-48.84688971718383,-27.026988334540405],[-48.84691478745986,-27.02682684852146],[-48.84692537145181,-27.026671866133714],[-48.84692661528899,-27.026561971301465],[-48.84692489743186,-27.026470934487868],[-48.84691928421681,-27.02639571900563],[-48.846908843976614,-27.026333289099895],[-48.84689264506034,-27.02628060811262],[-48.84686975576531,-27.0262346420913]]],[[[-48.761934514509306,-26.96336861578671],[-48.76191149922586,-26.963228433741556],[-48.76189484801942,-26.96312700673922],[-48.76188537310833,-26.963069198379504],[-48.76185377868411,-26.96288071512295],[-48.76122520597392,-26.96340376074558],[-48.76110425553552,-26.963502389335837],[-48.76097439245947,-26.963604699932333],[-48.760838881266736,-26.963708328497777],[-48.76070098545807,-26.96381091279623],[-48.76056396859287,-26.963910088801473],[-48.760431095242076,-26.964003493419565],[-48.76030562900817,-26.96408876265197],[-48.76019083450009,-26.96416353343014],[-48.76008997635737,-26.96422544179293],[-48.75993294803539,-26.964318036064622],[-48.759804339750914,-26.964399391465793],[-48.75968948686039,-26.96448572763968],[-48.75957372365354,-26.96459326144291],[-48.75944238631054,-26.964738209706077],[-48.759280807761854,-26.96493679184784],[-48.759074323777085,-26.96520522272319],[-48.75880826862123,-26.965559721532347],[-48.75846797401027,-26.966016504520567],[-48.75833200301017,-26.966206020493615],[-48.75820648902981,-26.966399236655242],[-48.758085167614986,-26.96660982663909],[-48.75796177326753,-26.96685146042361],[-48.75783003829899,-26.96713781063053],[-48.75768369689874,-26.96748254897552],[-48.75751648406256,-26.96789934714575],[-48.75732213150209,-26.968401876723163],[-48.75709437358879,-26.96900381016617],[-48.757026206258416,-26.96918318525177],[-48.75696007035074,-26.96935406714619],[-48.756897213296234,-26.969513432636468],[-48.75683887854667,-26.969658256644205],[-48.75678631458061,-26.969785515075746],[-48.75674076484912,-26.969892183759008],[-48.756703475844496,-26.96997523766877],[-48.75667569405685,-26.970031651779514],[-48.75665866390115,-26.970058403738857],[-48.756638870688114,-26.970008776800938],[-48.7566311328303,-26.969935106389556],[-48.75662497217108,-26.969832739607913],[-48.75662048919981,-26.969704583051907],[-48.75661778839382,-26.96955354518561],[-48.75661697226736,-26.96938253173425],[-48.75661814230768,-26.969194449309082],[-48.75662140100723,-26.968992204537262],[-48.756624568803026,-26.96878011615643],[-48.756625570137324,-26.968559086970117],[-48.7566245157444,-26.96833430153093],[-48.75662151531853,-26.968110946180246],[-48.75661667659572,-26.96789420452133],[-48.75661011132229,-26.967689261124143],[-48.75660192820584,-26.96750130141297],[-48.75659223697734,-26.967335509926134],[-48.75658114634041,-26.967197072088098],[-48.756516656400265,-26.966526308560603],[-48.75681229535893,-26.966011041311855],[-48.75686703633423,-26.965914488173805],[-48.75692195200556,-26.96581541723594],[-48.75697589439154,-26.965716055532873],[-48.75702771649054,-26.965618631921963],[-48.75707627134507,-26.965525373458426],[-48.75712040993788,-26.965438509873874],[-48.757158986331916,-26.96536026824306],[-48.757190853534006,-26.96529287833213],[-48.757214861604034,-26.96523856625089],[-48.75732179121029,-26.96498135823831],[-48.757020295649816,-26.964706965889416],[-48.75693491924537,-26.964631424551023],[-48.75685502483456,-26.96456777090042],[-48.75677428825352,-26.96451322671056],[-48.75668638537781,-26.964465012838627],[-48.756584991112554,-26.964420349208112],[-48.756463782377296,-26.96437645665657],[-48.756316434100164,-26.964330555962064],[-48.75613662123828,-26.96427986786523],[-48.75591802083722,-26.964221611284472],[-48.75511559126883,-26.964010618001915],[-48.75443012300497,-26.96421078686076],[-48.753744651519234,-26.964410953114413],[-48.75331543901809,-26.96507419383429],[-48.75306422487835,-26.965458732771907],[-48.752844970666395,-26.965786726810254],[-48.75264952157455,-26.966068600277207],[-48.752469721537736,-26.966314778309897],[-48.75229741434382,-26.966535684179096],[-48.75212444460313,-26.96674174292305],[-48.75194265580735,-26.966943378612253],[-48.751743891339814,-26.967151014363033],[-48.75151999440987,-26.96737507503578],[-48.751388391013414,-26.96750734495653],[-48.751258923156485,-26.96764216575054],[-48.751134146762745,-26.967776560411394],[-48.7510166188422,-26.967907549252676],[-48.75090889637487,-26.968032155303792],[-48.75081353539017,-26.96814739978119],[-48.750733092886406,-26.96825030662909],[-48.75067012594322,-26.968337896185336],[-48.75062719160666,-26.968407190590924],[-48.75058799841316,-26.96847610159082],[-48.750548826414466,-26.96853816872568],[-48.75050961202802,-26.968593449640412],[-48.75047029262399,-26.968642004702364],[-48.75043080758597,-26.968683894310992],[-48.75039109329476,-26.96871917791524],[-48.750351087119846,-26.968747915882194],[-48.75031072644858,-26.968770167676666],[-48.75026994965704,-26.96878599368168],[-48.75023518606328,-26.96879673469805],[-48.75019853195185,-26.968808187339455],[-48.75016086920313,-26.968820067874383],[-48.75012308070497,-26.96883209258831],[-48.75008605035277,-26.968843977783852],[-48.750050659039985,-26.968855438814135],[-48.750017791634264,-26.968866193803983],[-48.74998833003713,-26.968875958124304],[-48.74996315611455,-26.96888444895081],[-48.74990279800169,-26.968882589125723],[-48.749862175270216,-26.968832727165324],[-48.749840681196176,-26.96874111370142],[-48.749837709005966,-26.96861399935401],[-48.749852653904334,-26.96845763476546],[-48.749884908053005,-26.968278270521797],[-48.749933865617315,-26.96808215723483],[-48.74999892074574,-26.96787554641358],[-48.75007946560242,-26.967664688629423],[-48.750171964015216,-26.96744441411156],[-48.75024042312466,-26.967274798403903],[-48.750283309486754,-26.967148281607724],[-48.75029908755472,-26.967057304677414],[-48.750286223738854,-26.966994308580908],[-48.75024318342014,-26.966951733347482],[-48.75016843195702,-26.96692201898403],[-48.750060434686986,-26.966897606375134],[-48.74991765597689,-26.966870935460555],[-48.74984253017313,-26.96685655842698],[-48.74977100079216,-26.96684279649141],[-48.74970434707754,-26.96682989479524],[-48.74964384819994,-26.96681810209048],[-48.749590784407744,-26.966807663537953],[-48.74954643488822,-26.966798826989837],[-48.74950053819154,-26.966789392665643],[-48.749475217975494,-26.96676429457288],[-48.74950062467605,-26.966719769953585],[-48.74955000320221,-26.96665576877715],[-48.74961866957071,-26.966577236558404],[-48.749701937791976,-26.966489118780405],[-48.74979512488083,-26.966396362785485],[-48.74989354592027,-26.966303913188746],[-48.74999251699631,-26.96621671643994],[-48.75008735223127,-26.966139718069662],[-48.7501725687021,-26.96607307241912],[-48.75024044040527,-26.96601608131734],[-48.750292987986,-26.965965185289765],[-48.75033222802777,-26.965916825690126],[-48.75036017915239,-26.9658674420927],[-48.75037885993841,-26.965813475870963],[-48.75039028798861,-26.96575136657432],[-48.75039648187317,-26.965677555570267],[-48.750399460176496,-26.965588483322716],[-48.75040268605688,-26.965495721291862],[-48.75041077289295,-26.965417524803254],[-48.75042772984482,-26.96534777695742],[-48.75045756597218,-26.965280365361625],[-48.75050429039206,-26.9652091740071],[-48.750571910131775,-26.965128089547306],[-48.75066443525808,-26.965030995959076],[-48.750785872729516,-26.964911778949293],[-48.75094023245176,-26.964764324237954],[-48.751079527610436,-26.96462981468446],[-48.75119754066453,-26.964510612121313],[-48.751297756575546,-26.96440199462941],[-48.751383657223734,-26.964299241122912],[-48.75145872857249,-26.964197626053487],[-48.751526451398206,-26.96409243009513],[-48.751590309598875,-26.963978927644874],[-48.751653787947625,-26.963852398520185],[-48.75172036824206,-26.963708118873303],[-48.751783833686865,-26.96356488507681],[-48.75183453318297,-26.963444184902038],[-48.75187333902674,-26.963342416154305],[-48.75190111849369,-26.963255974748513],[-48.75191874486496,-26.963181257593426],[-48.751927087381844,-26.963114661529822],[-48.75192701525915,-26.96305258429788],[-48.75191940076281,-26.962991421879572],[-48.75190511412486,-26.96292757112555],[-48.75184475793699,-26.962693466216997],[-48.75129750975941,-26.96264138086313],[-48.751174912585604,-26.96262844475908],[-48.751066492911896,-26.962614582330094],[-48.75097148503573,-26.96259960541287],[-48.75088912632944,-26.962583323179857],[-48.75081865310538,-26.962565547488545],[-48.75075929971644,-26.962546087453156],[-48.75071030346442,-26.962524755840686],[-48.750670898720536,-26.962501360855676],[-48.75064032280471,-26.96247571435656],[-48.75061050438539,-26.96244352452985],[-48.75058935646065,-26.962416035866244],[-48.75057748353094,-26.96239156411446],[-48.750575492058296,-26.962368427760286],[-48.7505839885413,-26.96234494348329],[-48.75060357945977,-26.962319428862752],[-48.750634869331236,-26.962290198736202],[-48.75067846559961,-26.962255572496588],[-48.75073497374271,-26.96221386679388],[-48.75079525781895,-26.96217868287641],[-48.75089799127125,-26.96212892304384],[-48.75103836449566,-26.96206654097546],[-48.751211562847864,-26.961993490256095],[-48.75141277573255,-26.961911723631232],[-48.751637190517506,-26.96182319562808],[-48.75187999561497,-26.96172985990656],[-48.75213637748474,-26.961633668316434],[-48.75240152556461,-26.961536576396394],[-48.753864317294706,-26.96100681301885],[-48.753995280607874,-26.96074556942697],[-48.754030457447286,-26.960673410246937],[-48.7540574764531,-26.960610755663712],[-48.754076585300155,-26.960554260625162],[-48.75408803068597,-26.96050057825677],[-48.75409205725483,-26.96044636345462],[-48.754088913658606,-26.960388272079783],[-48.75407884459416,-26.960322956319253],[-48.75406209770933,-26.960247072015957],[-48.75403891867813,-26.96015727317564],[-48.75401383333452,-26.960060516725697],[-48.75399657993994,-26.95998026820308],[-48.75398836669956,-26.9599104516913],[-48.7539903998259,-26.959844990338325],[-48.754003887526174,-26.959777808223976],[-48.75403003699421,-26.959702829408407],[-48.75407005442131,-26.959613977028425],[-48.75412514696535,-26.959505175132147],[-48.754196523765245,-26.959370347790962],[-48.754264532737764,-26.959245517373894],[-48.754324117953956,-26.959143038249017],[-48.75437858541284,-26.959059475114206],[-48.754431241053304,-26.958991394463965],[-48.75448539284576,-26.958935361014095],[-48.75454434770456,-26.95888794126257],[-48.754611410573055,-26.958845698962104],[-48.75468989033934,-26.95880520153006],[-48.7547830909168,-26.95876301268442],[-48.7549034461444,-26.95870829702647],[-48.755008595922014,-26.958654667510096],[-48.755099645644044,-26.9586011797585],[-48.75517770370221,-26.95854689033744],[-48.75524387650641,-26.958490853969764],[-48.75529927240528,-26.958432129013467],[-48.7553449967783,-26.958369771067403],[-48.75538215904773,-26.958302834888595],[-48.75541186352861,-26.958230378759527],[-48.755453324204936,-26.95812767274336],[-48.75550403856081,-26.958030364528263],[-48.75556413696202,-26.957938328933285],[-48.755633751789986,-26.95785144080756],[-48.75571301544589,-26.957769574095966],[-48.75580205932618,-26.957692602725196],[-48.7559010137866,-26.95762040240799],[-48.75601001328338,-26.957552845310193],[-48.75612918716919,-26.95748980712372],[-48.75622362176254,-26.957441930665894],[-48.756303820030006,-26.95739757363983],[-48.756371304633156,-26.95735536691572],[-48.75642760022216,-26.957313942290842],[-48.7564742294818,-26.95727192881815],[-48.75651271602782,-26.9572279591708],[-48.75654458455072,-26.957180662425763],[-48.756571357670815,-26.957128670331695],[-48.75659456104363,-26.957070613781227],[-48.75663294480139,-26.95694929668065],[-48.75665683982105,-26.956840631537254],[-48.756666158837874,-26.956744298406004],[-48.75666081148587,-26.95665998089732],[-48.756640711470624,-26.956587359974016],[-48.75660576945083,-26.956526117447755],[-48.756555896058885,-26.95647593602698],[-48.7564910039863,-26.95643649574027],[-48.75641100383191,-26.95640748018738],[-48.75629404662368,-26.956365908034396],[-48.75621778417755,-26.956316599709822],[-48.7561819436116,-26.956259957941562],[-48.7561862499992,-26.95619638629146],[-48.756230431440066,-26.9561262874319],[-48.75631421294975,-26.956050066659216],[-48.75643732160232,-26.95596812656171],[-48.756599483457805,-26.955880869678914],[-48.756800426548295,-26.955788700354912],[-48.75690211321271,-26.95574296024854],[-48.75699094015343,-26.955695975829013],[-48.757072489636236,-26.95564209812756],[-48.75715234196036,-26.955575674518194],[-48.75723607930355,-26.955491057804995],[-48.75732928387872,-26.95538259716724],[-48.75743753784806,-26.955244641764533],[-48.75756642127184,-26.955071541600653],[-48.757721517116494,-26.954857647594842],[-48.7579051222224,-26.954604938255333],[-48.75805457581973,-26.95440840846955],[-48.7581783498335,-26.954263011187955],[-48.758284915031886,-26.954163699287122],[-48.75838274411105,-26.954105424731573],[-48.758480306682834,-26.954083139406478],[-48.75858607430473,-26.954091797006743],[-48.75870851858026,-26.95412634849362],[-48.758856111069164,-26.9541817475012],[-48.75890126226237,-26.95419831599228],[-48.75894705247502,-26.954212873126515],[-48.758992495233635,-26.95422524438998],[-48.759036599048066,-26.95423525428787],[-48.75907837845014,-26.95424272832468],[-48.759116841948824,-26.954247491007795],[-48.759151003050896,-26.95424936872989],[-48.759179872278985,-26.954248186031872],[-48.759213206569825,-26.954240957451503],[-48.75925949218841,-26.95423816993861],[-48.759285019179984,-26.954253007739343],[-48.75930236819813,-26.954292460898305],[-48.759305618896796,-26.954326147998692],[-48.75930665959391,-26.954366070237327],[-48.759314540964155,-26.954401270353475],[-48.75934699259943,-26.954380583828605],[-48.759370368441544,-26.954349428955375],[-48.759388708673015,-26.954328316894024],[-48.75941949704828,-26.954299823843336],[-48.75946130394507,-26.95426499828909],[-48.75951270177182,-26.954224887845744],[-48.75957226191325,-26.954180541013915],[-48.759638554767626,-26.95413300537702],[-48.75971015275011,-26.954083328552272],[-48.75978562623105,-26.95403255993173],[-48.75986354765276,-26.953981746235904],[-48.759940436936105,-26.953932095603875],[-48.76001295276379,-26.953884216449204],[-48.76007986093874,-26.953839003358198],[-48.760139926314,-26.953797348196694],[-48.76019191372739,-26.953760143734105],[-48.7602345879826,-26.953728284544837],[-48.76026671393728,-26.953702662496617],[-48.76028705542343,-26.953684170342186],[-48.76027710371809,-26.953653530878107],[-48.76022656286449,-26.953607078997393],[-48.76014589644276,-26.95353695716089],[-48.76003824422717,-26.95344577547502],[-48.75990674803613,-26.953336143169548],[-48.759754546633616,-26.953210671229197],[-48.75958478080635,-26.953071969771443],[-48.759400589292675,-26.952922649790757],[-48.75920511386268,-26.952765320535196],[-48.758112681554174,-26.951890920026216],[-48.75620299246565,-26.95176134003042],[-48.755664831144784,-26.951725194359398],[-48.75523377976384,-26.9516977514907],[-48.75489486343531,-26.951678820868416],[-48.7546331062943,-26.951668214284453],[-48.75443353356399,-26.95166574239126],[-48.75428117152001,-26.951671215677255],[-48.754161044418574,-26.951684446280463],[-48.75405817760951,-26.95170524266521],[-48.75395759739864,-26.95173341596292],[-48.75389750886795,-26.95175253288848],[-48.75384086698931,-26.951772175779073],[-48.75378863526375,-26.951791898835296],[-48.753741772178174,-26.951811255276443],[-48.75370124026552,-26.951829797484752],[-48.75366800002847,-26.951847078712852],[-48.75363512374402,-26.951869363522345],[-48.753625360514256,-26.951909825618067],[-48.753635012487756,-26.951944917012074],[-48.75364491452658,-26.95197506874628],[-48.75365705725288,-26.952009278418657],[-48.75367114960771,-26.9520467354998],[-48.75368690450485,-26.952086632230984],[-48.75370403185534,-26.95212815990325],[-48.753722243582985,-26.95217050983979],[-48.75382396425573,-26.952400866497992],[-48.75334720572525,-26.95277250190217],[-48.75326056359427,-26.952839250142496],[-48.75317682833596,-26.952902107244277],[-48.75309756691437,-26.95296000711997],[-48.753024343189075,-26.95301188814832],[-48.75295872310846,-26.953056685134296],[-48.75290226956728,-26.95309333464104],[-48.75285654950552,-26.953120772394712],[-48.752823127848096,-26.95313793408901],[-48.7527752746068,-26.953138696478643],[-48.75274830314584,-26.953123682908764],[-48.752722019664596,-26.953097498899872],[-48.75269579072688,-26.953058927774975],[-48.75266898189129,-26.95300675284055],[-48.75264095970732,-26.952939758320937],[-48.752611090745226,-26.952856727537814],[-48.75257874057233,-26.95275644379635],[-48.752543274760825,-26.95263769040124],[-48.75251802478957,-26.952555439855157],[-48.75249245328534,-26.95248573640715],[-48.752464828778784,-26.952426468689236],[-48.7524334218541,-26.952375523559947],[-48.752396503063366,-26.95233078968049],[-48.752352342980096,-26.952290154807816],[-48.752299211139366,-26.952251508484157],[-48.75223537815986,-26.952212736655273],[-48.75215911357104,-26.952171729756824],[-48.75186667464915,-26.952019577136692],[-48.751410115986346,-26.952174727921893],[-48.75131766857627,-26.95220426805955],[-48.75122306064952,-26.952231141217265],[-48.751127630519555,-26.952255095295108],[-48.75103271547714,-26.952275879082986],[-48.75093965184365,-26.952293239554102],[-48.75084977788337,-26.952306927326017],[-48.750764429937384,-26.95231668847662],[-48.750684946288665,-26.952322272727546],[-48.75061266324219,-26.952323427966252],[-48.750520734392396,-26.95232076909851],[-48.7504433450512,-26.95231536948282],[-48.750377631293254,-26.952306060794164],[-48.75032073020187,-26.952291674714882],[-48.75026977587793,-26.95227104106815],[-48.75022190639774,-26.952242992442795],[-48.750174255832164,-26.952206360457147],[-48.75012396129539,-26.952159975871865],[-48.75006815989132,-26.952102670346015],[-48.7499419408291,-26.95193842299917],[-48.749857562640564,-26.95176323779056],[-48.74981374939134,-26.951583543350186],[-48.74980922513662,-26.951405768270256],[-48.74984271396159,-26.95123634020807],[-48.749912939948615,-26.951081688597277],[-48.75001862627936,-26.95094824012546],[-48.75015849816464,-26.950842424199703],[-48.7503312789052,-26.950770669277528],[-48.750525212497365,-26.950694869308588],[-48.7506573115771,-26.95059579199143],[-48.7507290749406,-26.950478187560947],[-48.75074200041935,-26.95034680796296],[-48.750697584906696,-26.950206404152503],[-48.75059732834073,-26.950061727064757],[-48.75044272862798,-26.94991752844159],[-48.75023528266218,-26.94977855904761],[-48.749976489303805,-26.949649569624885],[-48.74988683367497,-26.949612894461026],[-48.749799818275015,-26.949581245626575],[-48.74971421843266,-26.949554377064487],[-48.74962880949714,-26.949532041812596],[-48.74954236674799,-26.94951399651458],[-48.749453664549314,-26.949499993284167],[-48.74936147924386,-26.94948978606853],[-48.74926458411933,-26.949483130567597],[-48.74916175553781,-26.94947977981915],[-48.749055483296914,-26.949477124859865],[-48.74896573403886,-26.94947279153683],[-48.7488910794324,-26.94946644573123],[-48.74883009217111,-26.949457752429872],[-48.74878134694407,-26.949446377547147],[-48.748743415438035,-26.94943198604155],[-48.74871487131698,-26.949414244703814],[-48.74869428729174,-26.949392817598724],[-48.748680237043885,-26.949367370609217],[-48.74866564816039,-26.949324697125583],[-48.74866190763298,-26.949288052875023],[-48.748672517452,-26.949255175374464],[-48.7487009755794,-26.94922380207157],[-48.74875078193284,-26.949191673143535],[-48.7488254364946,-26.94915652514469],[-48.74892843716775,-26.94911609728341],[-48.749063285899844,-26.949068127000718],[-48.749233479543506,-26.949010353426342],[-48.74971659632405,-26.94884825369731],[-48.750628996634724,-26.949125493941292],[-48.75080071356146,-26.949178737284655],[-48.750978896745686,-26.94923572496757],[-48.75115941753536,-26.949295036533737],[-48.75133814630704,-26.949355248824023],[-48.751510952357734,-26.9494149413896],[-48.75167370800375,-26.949472692946287],[-48.75182228149984,-26.949527083064407],[-48.751952546155714,-26.94957668960318],[-48.75206036919479,-26.9496200921384],[-48.75219975354074,-26.949674464419175],[-48.752420444736444,-26.94975520376048],[-48.75271274828272,-26.949858982247534],[-48.75306696774974,-26.949982469189322],[-48.753473407684425,-26.950122334818996],[-48.75392237055557,-26.95027525028316],[-48.754404160805514,-26.9504378850306],[-48.754909082742614,-26.950606910413455],[-48.75542743958969,-26.950778996080942],[-48.758273971045824,-26.951718976762503],[-48.760755178770715,-26.953433493038403],[-48.76126023061123,-26.953782484645473],[-48.76185333572234,-26.95419280555817],[-48.762516607272644,-26.954652049055717],[-48.76323215807748,-26.95514780770648],[-48.76398210042614,-26.955667675242363],[-48.76474854699156,-26.95619924662456],[-48.76551360884869,-26.956730113529826],[-48.76625939628574,-26.95724787339701],[-48.766968018033886,-26.957740118573057],[-48.7689801353548,-26.959138099329117],[-48.77101962372206,-26.960554584990014],[-48.773037026158974,-26.961955248624008],[-48.774982884699014,-26.963305768616827],[-48.7768077316863,-26.9645718247724],[-48.77846209945079,-26.96571909724957],[-48.779896516105545,-26.96671326962963],[-48.78106150677203,-26.967520027395285],[-48.78190759615378,-26.96810505446372],[-48.7822775451766,-26.96836069175719],[-48.78270020883943,-26.96865297448044],[-48.78316346256981,-26.96897351710576],[-48.78365518464745,-26.96931393245381],[-48.784163252053794,-26.969665835265772],[-48.7846755414979,-26.970020839530193],[-48.785179928393774,-26.97037055847502],[-48.785664289848306,-26.970706606418112],[-48.786116499630104,-26.971020599579486],[-48.78655521486204,-26.971324990194347],[-48.787000679288276,-26.97163383450046],[-48.78744316698893,-26.97194040437739],[-48.78787295478044,-26.972237975470968],[-48.78828031628981,-26.972519821680407],[-48.788655526975184,-26.972779217030844],[-48.78898886214531,-26.9730094356246],[-48.789270593983765,-26.973203751570736],[-48.78949099863652,-26.973355439968675],[-48.789732626154844,-26.973522236089856],[-48.789934718046034,-26.97366462007083],[-48.79009983461848,-26.97378469525852],[-48.790230535332675,-26.973884560434506],[-48.79032938166936,-26.973966317085726],[-48.79039893211944,-26.974032067526526],[-48.79044174931082,-26.9740839105034],[-48.79046039081405,-26.974123947372643],[-48.79045741823196,-26.974154280442495],[-48.79044416684917,-26.974183528210727],[-48.790423915042346,-26.97423258360906],[-48.79039751786506,-26.97429918131711],[-48.79036583232945,-26.974381058752265],[-48.79032971147303,-26.974475950562184],[-48.790290012310614,-26.97458159416492],[-48.79024758986512,-26.974695726045706],[-48.79020329918286,-26.974816081788838],[-48.7901579962888,-26.97494039880024],[-48.79009083671379,-26.975128562619922],[-48.79003657897824,-26.975290883611656],[-48.7899937259276,-26.975435377470333],[-48.78996078141302,-26.975570058094576],[-48.78993624924161,-26.975702940279465],[-48.789918631169925,-26.97584203968635],[-48.789906429982736,-26.97599537018478],[-48.78989815043189,-26.976170947477836],[-48.78989229527885,-26.976376785430496],[-48.78988774920173,-26.976520728522186],[-48.78988104668416,-26.976674356426745],[-48.78987244856851,-26.97683385580928],[-48.78986221778496,-26.976995409758143],[-48.78985061615516,-26.97715520675949],[-48.789837905611215,-26.977309429886876],[-48.78982434800203,-26.977454266725417],[-48.789810204244986,-26.97758590123619],[-48.78979573722303,-26.977700520118987],[-48.78977301505624,-26.977868360489357],[-48.78975716412394,-26.978004515720993],[-48.78974910387012,-26.978116832731164],[-48.78974975268376,-26.97821316022342],[-48.78976003200246,-26.978301345141972],[-48.78978086022387,-26.978389235283334],[-48.78981315778262,-26.9784846775707],[-48.789857844102045,-26.978595519810654],[-48.78991583965201,-26.97872960892007],[-48.78995151854707,-26.978812179126784],[-48.78998508286409,-26.978891468188074],[-48.79001597061277,-26.978966028761885],[-48.790043619765235,-26.97903441531082],[-48.79006747032355,-26.979095181427024],[-48.7900869582786,-26.97914687973736],[-48.79010152361382,-26.97918806473618],[-48.79011060334557,-26.979217288163674],[-48.79011041999672,-26.979242187889927],[-48.79007799958439,-26.979267553026776],[-48.79004578980355,-26.979283272310468],[-48.79001940388695,-26.979293436218036],[-48.789990011123656,-26.979303038550896],[-48.789958153448616,-26.97931182067852],[-48.78992437380433,-26.9793195239866],[-48.7897983447735,-26.979352096039054],[-48.78967095414822,-26.979397021203443],[-48.789544982358294,-26.979452579681283],[-48.789423212884664,-26.97951705083009],[-48.78930842620213,-26.97958871397023],[-48.78920340380854,-26.979665848447198],[-48.78911092819001,-26.97974673543433],[-48.789033780912405,-26.979829652485844],[-48.78897474348607,-26.97991288076734],[-48.788924364997754,-26.98001602782061],[-48.788875922628336,-26.980150694004156],[-48.78883032597056,-26.980311930944076],[-48.78878848564148,-26.980494790284475],[-48.788751313283875,-26.98069432368731],[-48.78871971858086,-26.980905580980657],[-48.78869461218807,-26.98112361471652],[-48.78867690582033,-26.981343475659653],[-48.78866750917518,-26.981560215445956],[-48.78866438102105,-26.981665993739853],[-48.788658730058174,-26.981752996387016],[-48.78864897782454,-26.981824881565316],[-48.78863354583703,-26.981885308353693],[-48.788610858630705,-26.981937935876992],[-48.7885793367447,-26.98198642139009],[-48.78853740366373,-26.98203442580082],[-48.78848348194627,-26.98208560548573],[-48.78841599306203,-26.98214362040832],[-48.7883252413712,-26.982212656479295],[-48.78823861717314,-26.98226342735202],[-48.78815388049114,-26.982295818452066],[-48.78806878936473,-26.982309713363023],[-48.78798110386372,-26.98230499479225],[-48.787888582010865,-26.98228154721422],[-48.78778898284205,-26.982239255113175],[-48.787680066427704,-26.982178002080225],[-48.78755959184502,-26.98209767168287],[-48.78743834675642,-26.982023266393234],[-48.787312789761515,-26.981970472251216],[-48.78717953537494,-26.98193959163784],[-48.78703520006705,-26.981930929658073],[-48.78687639633895,-26.981944787727812],[-48.7866997416372,-26.98198147093041],[-48.78650184938992,-26.982041282456617],[-48.786279336030965,-26.98212452461261],[-48.78602881489777,-26.98223150142535],[-48.78575576348002,-26.982351616375862],[-48.78552419064684,-26.982447390878363],[-48.78532762958771,-26.982520220675426],[-48.785159616355685,-26.982571505997655],[-48.78501368200388,-26.982602642430646],[-48.7848833615214,-26.98261502828781],[-48.78476218787509,-26.98261006091594],[-48.78464369399968,-26.98258913853774],[-48.78452141586452,-26.98255365849839],[-48.784462691690656,-26.982535823755768],[-48.7843960645539,-26.982518844774532],[-48.78432343126646,-26.982503027528814],[-48.7842466896628,-26.982488677109156],[-48.784167735543306,-26.982476099480177],[-48.784088466755435,-26.982465598837724],[-48.78401078110935,-26.982457481186124],[-48.78393657439965,-26.982452052502182],[-48.783867744451484,-26.98244961789584],[-48.783760988768705,-26.982448551297534],[-48.78367604770596,-26.98245044675027],[-48.78360837825744,-26.98245777325055],[-48.783553434324155,-26.98247300333947],[-48.78350667289742,-26.982498605985306],[-48.78346354789138,-26.982537052806908],[-48.78341951727664,-26.982590813675415],[-48.78337003494797,-26.982662360196258],[-48.78331055681175,-26.98275416309609],[-48.7832407161633,-26.98287557330979],[-48.78318529559796,-26.983001167683934],[-48.78314422464636,-26.983131768173234],[-48.78311743185194,-26.9832681958099],[-48.78310484676823,-26.983411271637724],[-48.783106395931746,-26.983561816648777],[-48.78312201091898,-26.983720651910314],[-48.7831516182773,-26.983888598406477],[-48.7831951485889,-26.98406647718091],[-48.783222699461916,-26.984168949317954],[-48.783242247609735,-26.984252749038603],[-48.783252869728365,-26.984323660130865],[-48.78325364455057,-26.98438746551106],[-48.783243650828425,-26.984449947191322],[-48.78322196826477,-26.98451688990325],[-48.783187674610154,-26.98459407473399],[-48.78313984957775,-26.98468728460141],[-48.783077569817614,-26.984802303271305],[-48.78297615644809,-26.98497376865148],[-48.78286468924653,-26.98513790565266],[-48.78274568149113,-26.98529219713648],[-48.7826216464533,-26.9854341277777],[-48.782495096477795,-26.985561179538617],[-48.78236854388108,-26.985670837098464],[-48.78224450202553,-26.98576058426047],[-48.78212548331837,-26.985827903017437],[-48.782014002120675,-26.985870279011355],[-48.781760850367995,-26.985952680021718],[-48.78152910526678,-26.986057256328486],[-48.78131791054029,-26.986184878055475],[-48.7811264139899,-26.98633641357176],[-48.780953759385255,-26.986512732072697],[-48.78079909453762,-26.986714702805553],[-48.78066156426766,-26.98694319405749],[-48.78054031538668,-26.98719907594239],[-48.78043449273821,-26.987483216729558],[-48.78040436395799,-26.987573260527935],[-48.78037265315779,-26.987664916450374],[-48.780340114232494,-26.987756163133],[-48.78030750212463,-26.98784497742454],[-48.78027557372514,-26.987929339815185],[-48.78024508499351,-26.98800722717161],[-48.780216789844005,-26.988076618134034],[-48.780191444208135,-26.98813549137521],[-48.780169804054985,-26.988181823763973],[-48.78015091908645,-26.98822322701461],[-48.78013299253332,-26.98826789151387],[-48.78011634077379,-26.98831468514868],[-48.780101280240686,-26.988362473099716],[-48.78008812632573,-26.988410122336248],[-48.78007719345026,-26.98845649800756],[-48.78006879900457,-26.988500468017076],[-48.780063258401,-26.988540898432195],[-48.78006088706992,-26.988576654418022],[-48.780056148776445,-26.988620036788024],[-48.780043468218814,-26.988666149368285],[-48.78002253640945,-26.988715439418698],[-48.77999304543655,-26.988768350604524],[-48.77995468731493,-26.9888253301978],[-48.77990715310247,-26.988886822745975],[-48.779850134825196,-26.988953274614307],[-48.77978332454061,-26.989025130361053],[-48.77970641223443,-26.989102837216386],[-48.77962303985652,-26.98918678738421],[-48.77955333391577,-26.989261012342833],[-48.77949641915534,-26.989326891714377],[-48.779451416243695,-26.989385806855996],[-48.77941744589361,-26.989439136413466],[-48.779393631796616,-26.989488260880368],[-48.779379093593,-26.989534561585767],[-48.77937295500059,-26.98957941721309],[-48.77937433666027,-26.989624209102647],[-48.779372652878344,-26.989667360725797],[-48.77936121878136,-26.989729997950956],[-48.779340832469934,-26.989809747254377],[-48.779312289018684,-26.989904235063076],[-48.77927638555005,-26.990011086030453],[-48.77923392017684,-26.99012792572764],[-48.77918568797642,-26.9902523805806],[-48.779132487070555,-26.990382076161424],[-48.77907511456332,-26.990514638929746],[-48.77901794038603,-26.990645098454163],[-48.77896318248622,-26.99077280384052],[-48.77891184413516,-26.990895247637575],[-48.778864928524335,-26.99100992690678],[-48.77882343890574,-26.991114336004678],[-48.77878837950824,-26.991205971108997],[-48.778760753609596,-26.991282325675474],[-48.778741564434185,-26.991340895866113],[-48.77873181620981,-26.991379177857674],[-48.77872044196213,-26.99141715714959],[-48.778698457332005,-26.99145506386333],[-48.77866434339111,-26.99149396330603],[-48.778616583221584,-26.991534920812082],[-48.7785536588937,-26.99157900169382],[-48.77847405248886,-26.991627270353682],[-48.778376247087245,-26.99168079120037],[-48.77825872370879,-26.99174063040357],[-48.77811996641713,-26.991807852362417],[-48.77798262992515,-26.991874995515722],[-48.77785928637967,-26.991939399231104],[-48.777748310212466,-26.99200217409427],[-48.777648071782615,-26.992064432422325],[-48.77755694446267,-26.992127286572238],[-48.77747330161843,-26.992191848894258],[-48.777395515637764,-26.992259229912705],[-48.77732195784226,-26.99233054283763],[-48.77725100161483,-26.992406898200002],[-48.777200275413676,-26.992465291695208],[-48.77715240340013,-26.99252208232628],[-48.777108210913724,-26.99257618031857],[-48.777068522236654,-26.992626498588994],[-48.777034162713704,-26.99267194736461],[-48.77700595666635,-26.99271143775907],[-48.77698472839886,-26.99274388178818],[-48.776971302232674,-26.992768190565073],[-48.776970155622145,-26.992805027956116],[-48.77698107521632,-26.992848083314446],[-48.77699857585568,-26.992910207702753],[-48.777021970151324,-26.99298916571035],[-48.777050569655856,-26.993082724616883],[-48.77708368699994,-26.993188648109193],[-48.777120632745245,-26.993304702548887],[-48.77716072048949,-26.993428653443395],[-48.77720326078729,-26.993558267154988],[-48.777441165349636,-26.994277779305857],[-48.777239820751994,-26.994587455988988],[-48.77720119967371,-26.99464676604997],[-48.777149859213516,-26.994724706937397],[-48.77711564049126,-26.994775409319395],[-48.77706259676349,-26.994854713070147],[-48.77702618376406,-26.994907056656107],[-48.77697977479388,-26.99497509051322],[-48.7769414636749,-26.99502928122446],[-48.776903136706004,-26.99508345633127],[-48.77687011246774,-26.99512965618253],[-48.7768344248863,-26.995177428479074],[-48.776809766486686,-26.995209837253597],[-48.776775379748806,-26.995254623077862],[-48.776755234492654,-26.995278431368742],[-48.77672774471298,-26.995312657199968],[-48.776710994138625,-26.995329362583135],[-48.776683467347354,-26.995355431406654],[-48.776655412575295,-26.995326915755438],[-48.77664112648915,-26.995285942447563],[-48.776624020938876,-26.995231384150856],[-48.7766045591666,-26.995164837405916],[-48.77658320441389,-26.995087898753468],[-48.77656041988562,-26.99500216653869],[-48.77653666880267,-26.994909238204798],[-48.77651243098775,-26.994809969636993],[-48.77642467740887,-26.994456078758652],[-48.77634261038091,-26.994143495573287],[-48.77626478006281,-26.993868025135168],[-48.77618973768565,-26.993625470707432],[-48.776116032473325,-26.993411636421015],[-48.7760422157026,-26.993222325534113],[-48.77596683559371,-26.99305334396129],[-48.77588844446451,-26.99290049497161],[-48.7758055916268,-26.992759581783663],[-48.775730856197136,-26.992641826566736],[-48.775667854812596,-26.992547733165274],[-48.7756129063928,-26.992474230150293],[-48.775562326790464,-26.992418249647482],[-48.77551243496832,-26.992376720216413],[-48.77545954781605,-26.992346573988797],[-48.77539998232063,-26.99232473858021],[-48.77533005639425,-26.99230814612645],[-48.775246086984865,-26.99229372693421],[-48.7751639924101,-26.992282171025053],[-48.77509442304557,-26.992275769224907],[-48.775034021850495,-26.99227546302791],[-48.774979430725374,-26.992282196610905],[-48.77492729160647,-26.992296912340013],[-48.77487424739972,-26.992320554396144],[-48.774816940035215,-26.992354065134563],[-48.77475201242497,-26.99239838782236],[-48.77467610648077,-26.992454464800606],[-48.774591108285414,-26.9925163976084],[-48.77448834099317,-26.99258777446651],[-48.77437126211608,-26.992666385703952],[-48.77424333013189,-26.992750024379426],[-48.774108004577215,-26.99283648177363],[-48.773968742975775,-26.992923550050655],[-48.77382900490384,-26.993009020518656],[-48.77369224794439,-26.993090684469074],[-48.773561930671676,-26.993166335028157],[-48.77354045665759,-26.99318332905246],[-48.773504972489114,-26.99321731415382],[-48.7734570925972,-26.9932665208558],[-48.773398430436046,-26.993329177859998],[-48.77333059938742,-26.993403517476555],[-48.77325521393115,-26.99348776752185],[-48.773173887473924,-26.993580159407454],[-48.77308823445464,-26.993678923662042],[-48.772999869357115,-26.99378228901393],[-48.77289026033087,-26.993909356202657],[-48.77278902193089,-26.994021938577475],[-48.77269546027799,-26.994120641564294],[-48.7726088835676,-26.99420606700825],[-48.77252859995017,-26.994278818555333],[-48.77245391652533,-26.994339501636926],[-48.77238414146372,-26.994388718088928],[-48.772318580862404,-26.994427072419533],[-48.772256544859445,-26.9944551682964],[-48.77220945128802,-26.994473218824023],[-48.77216316009818,-26.9944902730816],[-48.77211858259294,-26.994506044967885],[-48.77207662694818,-26.994520253748068],[-48.77203820344349,-26.99453261420932],[-48.77200422431972,-26.994542843877987],[-48.77196441548462,-26.99455321775574],[-48.771924972531814,-26.994552339269852],[-48.77190872279972,-26.994535230630085],[-48.7718898261348,-26.994507670281326],[-48.771868819362886,-26.994470737931074],[-48.77184623625257,-26.994425515043556],[-48.771822613610546,-26.994373082228837],[-48.77179848522081,-26.9943145200495],[-48.77177438687989,-26.99425090910015],[-48.771750852368086,-26.994183329943866],[-48.77162649807749,-26.99380609050592],[-48.771990417750345,-26.993185370082678],[-48.77205971403948,-26.99306811184032],[-48.77213284403311,-26.99294591097961],[-48.772208036807484,-26.992821624634857],[-48.77228351944028,-26.992698109913196],[-48.772357518989594,-26.992578225731037],[-48.77242826360718,-26.992464827416775],[-48.77249398136986,-26.992360774814074],[-48.7725528994479,-26.992268923243444],[-48.772603244966426,-26.99219213073468],[-48.772648442188576,-26.992122979109844],[-48.772692540825346,-26.9920526757065],[-48.77273469455288,-26.991982760270314],[-48.77277405503776,-26.991914772516456],[-48.7728097739863,-26.99185025035677],[-48.77284100409771,-26.991790732622146],[-48.77286689908086,-26.9917377581599],[-48.772886608582326,-26.991692867558232],[-48.772899287337474,-26.991657598778136],[-48.7729119314838,-26.99160976995763],[-48.772915213839305,-26.991570538815495],[-48.77290422582258,-26.991537226857435],[-48.772874059772846,-26.991507160111],[-48.77281980808762,-26.991477661886474],[-48.77273656418136,-26.991446055492233],[-48.77261941945377,-26.99140966508015],[-48.77246346633852,-26.991365814780778],[-48.772263798315414,-26.991311828691405],[-48.77212230651146,-26.99127226870996],[-48.771989568973694,-26.99123209442129],[-48.771866188561575,-26.991191538293446],[-48.77175276401528,-26.991150837241864],[-48.7716498961228,-26.991110226409262],[-48.77155818466341,-26.991069940921783],[-48.771478229415045,-26.991030215904516],[-48.77141063114377,-26.990991287399048],[-48.771355989643475,-26.990953389624725],[-48.77113162619149,-26.990778724637522],[-48.77130580980766,-26.990384986687047],[-48.77135757719432,-26.99027066048005],[-48.771403581547325,-26.99017824224408],[-48.771448826712515,-26.99010307235893],[-48.771498319585646,-26.99004048853729],[-48.771557064005265,-26.989985829337524],[-48.77163006478319,-26.989934434225358],[-48.771722326731215,-26.989881641749125],[-48.77183885562646,-26.989822791353845],[-48.77198465625837,-26.98975321973216],[-48.77210536063585,-26.989699367978737],[-48.7722341026326,-26.989647665645982],[-48.772371998721226,-26.989597790142632],[-48.77252016337568,-26.98954941793717],[-48.772679711014376,-26.989502228197676],[-48.772851757113685,-26.98945589739377],[-48.773037415097725,-26.98941010375878],[-48.773237801462365,-26.989364522857436],[-48.77345402960812,-26.98931883380444],[-48.773772248232625,-26.98925416413924],[-48.77401815209318,-26.989200997082637],[-48.77420699624672,-26.989149489119097],[-48.774354035649644,-26.98908979656062],[-48.774474527241686,-26.98901207383019],[-48.77458372385883,-26.988906476110426],[-48.77469688327911,-26.988763159506153],[-48.774829258161816,-26.988572278179692],[-48.77499610396336,-26.988323988069702],[-48.7751323995237,-26.988129211053685],[-48.77530744805819,-26.98789089136707],[-48.77551475624754,-26.98761724515841],[-48.775747831781324,-26.987316491315294],[-48.776000181454854,-26.98699684784002],[-48.7762653142201,-26.986666531909627],[-48.776536737142656,-26.986333761625605],[-48.7768079564372,-26.986006755132532],[-48.777072482521426,-26.985693729797003],[-48.777144258774904,-26.98560659019757],[-48.7772243846496,-26.985503875907398],[-48.777310668541496,-26.98538869198443],[-48.77740091981402,-26.985264146214227],[-48.77749294385535,-26.985133344520825],[-48.77758455109083,-26.984999393816828],[-48.777673547974096,-26.984865399154],[-48.77775774295836,-26.98473446742719],[-48.777834944534085,-26.98460970463531],[-48.778233398346345,-26.98395327726632],[-48.778765224660454,-26.983717892277657],[-48.778920872456645,-26.983647879720422],[-48.779046849462716,-26.983587310030828],[-48.7791502104642,-26.98352995292198],[-48.77923801119283,-26.98346957898779],[-48.779317308354095,-26.983399958811123],[-48.77939515761538,-26.983314862938194],[-48.77947861358251,-26.983208062782722],[-48.779574732860496,-26.983073327965215],[-48.779690570958124,-26.98290442896574],[-48.77996179405044,-26.9825071084509],[-48.7801739165513,-26.98220031233702],[-48.78034103276328,-26.98196982003065],[-48.78047723447579,-26.98180141436514],[-48.780596617286406,-26.981680874525917],[-48.78071327252316,-26.98159398226972],[-48.780841295455154,-26.981526517554954],[-48.78099477721419,-26.98146426111932],[-48.781187811856036,-26.981392993669893],[-48.78177790674065,-26.981174839578784],[-48.782345226136904,-26.980378373665523],[-48.782464004307286,-26.9802151334078],[-48.78258426736777,-26.980056388098454],[-48.78270487223907,-26.979903464412537],[-48.78282467785044,-26.979757689963737],[-48.7829425401394,-26.979620391420617],[-48.78305731805712,-26.979492896406008],[-48.783167869574704,-26.979376531628837],[-48.78327305164628,-26.97927262468817],[-48.783371723281,-26.97918250141361],[-48.78350265443961,-26.97907086278669],[-48.78362278682302,-26.978975543937143],[-48.783741955812324,-26.97889139132616],[-48.78386999373192,-26.978813250427432],[-48.78401673487287,-26.978735966706235],[-48.78419201246959,-26.978654385562088],[-48.78440566170954,-26.978563352359036],[-48.78466751469655,-26.978457711419495],[-48.784987406375755,-26.978332310598166],[-48.78614472075562,-26.977881527819516],[-48.786399707205895,-26.977290043730086],[-48.78645531956241,-26.977154714051277],[-48.786508832110854,-26.97701174268673],[-48.78656025272442,-26.976861087346226],[-48.786609589294535,-26.976702704837244],[-48.78665684766404,-26.97653655373995],[-48.78670203775714,-26.97636258999112],[-48.78674516640717,-26.976180773088746],[-48.786786241525654,-26.975991058937826],[-48.78682526998247,-26.97579340523177],[-48.78688833668066,-26.975460384994662],[-48.786938530235865,-26.975202381961143],[-48.78697953715159,-26.975008956601155],[-48.7870150468594,-26.97486966941768],[-48.78704874768601,-26.974774082692313],[-48.78708432696423,-26.974711755977037],[-48.78712547396314,-26.97467225155607],[-48.78717587597393,-26.974645128969296],[-48.78723922124279,-26.974619949568854],[-48.78727984650816,-26.974602787325345],[-48.787313679662056,-26.974585073498645],[-48.78734102123983,-26.974566376922912],[-48.78736217186487,-26.97454626192026],[-48.78737743210751,-26.97452429551829],[-48.787387105558985,-26.974500044791128],[-48.787391491818376,-26.974473074944562],[-48.78739089143914,-26.974442953906042],[-48.787385607042005,-26.97440924692762],[-48.78737967265111,-26.974373908917343],[-48.78737303918982,-26.974321322868697],[-48.78736589383419,-26.974253660341407],[-48.78735842172812,-26.974173093765742],[-48.78735081008159,-26.974081792896996],[-48.787343245061585,-26.9739819292791],[-48.78733591283422,-26.973875674455975],[-48.787329001578684,-26.973765200003275],[-48.7873226964526,-26.97365267744929],[-48.78729071716899,-26.97303869650397],[-48.78691930290185,-26.972665531274686],[-48.78683083048503,-26.972581462554643],[-48.786729008733616,-26.972493366693765],[-48.78661404539928,-26.972401386809903],[-48.78648615021392,-26.97230566785397],[-48.786345528936195,-26.972206352004303],[-48.78619239031152,-26.972103583288416],[-48.78602694109008,-26.971997504797624],[-48.78584939102591,-26.971888260570648],[-48.785659946870595,-26.971775993694422],[-48.78477201004158,-26.971259616134244],[-48.78408182215658,-26.971207515109896],[-48.78339164965719,-26.97115467094973],[-48.782047239307495,-26.971950875980088],[-48.78070198391601,-26.972747053015034],[-48.78016451482945,-26.972738158606376],[-48.77962702944957,-26.972730001909174],[-48.77959403766201,-26.972447519755505],[-48.779587507987905,-26.972392245796982],[-48.77958023439787,-26.97233084413574],[-48.7795724137087,-26.972264987426378],[-48.77956424174755,-26.972196347405447],[-48.77955591734389,-26.97212659675935],[-48.77954763531673,-26.972057407208855],[-48.77953959249809,-26.971990450506556],[-48.7795319857018,-26.971927399307226],[-48.77952501175872,-26.971869925363546],[-48.779514846050745,-26.971809522274224],[-48.77949792628849,-26.971741150514863],[-48.77947494243232,-26.971666503143584],[-48.779446588487225,-26.971587272379363],[-48.779413556460334,-26.971505149507138],[-48.77937653930981,-26.971421828534215],[-48.779336228029656,-26.971339000729824],[-48.779293316595066,-26.97125835921549],[-48.77924849597376,-26.971181596163415],[-48.77900636660064,-26.970788352880298],[-48.77780097074161,-26.970249656280632],[-48.777466326196475,-26.97009900242505],[-48.777189375646245,-26.96997085191308],[-48.77695831157274,-26.969858327065406],[-48.77676132453192,-26.969754553657385],[-48.77658660832645,-26.969652652008005],[-48.77642235473445,-26.96954574774889],[-48.77625675569096,-26.969426962847518],[-48.77607800523626,-26.96928941925178],[-48.775874294430615,-26.96912624241438],[-48.77515218281056,-26.96854151666416],[-48.77297821147949,-26.96795785518815],[-48.77080507393808,-26.96737491519914],[-48.769396845159655,-26.967462508879596],[-48.76798945647242,-26.96754936255351],[-48.76810170737534,-26.96775176654333],[-48.768134758078965,-26.967797495863923],[-48.76819076268884,-26.967858980096267],[-48.7682671101001,-26.967933950601342],[-48.76836119012918,-26.968020143263153],[-48.768470391653494,-26.968115290340485],[-48.76859210352362,-26.968217124996386],[-48.76872371655458,-26.968323382234612],[-48.76886261958372,-26.968431794326808],[-48.769006201393,-26.968540095356666],[-48.769244691135725,-26.968720822749393],[-48.76945160897185,-26.968887734296626],[-48.7696279252635,-26.969041920313657],[-48.76977460945398,-26.969184468369892],[-48.7698926310173,-26.969316466013336],[-48.76998296044337,-26.969439001690386],[-48.77004656624939,-26.969553162895473],[-48.77008441794359,-26.969660038926985],[-48.77009748711779,-26.96976071639404],[-48.77008589203614,-26.969811375608664],[-48.77005378689885,-26.969888078300173],[-48.77000633798681,-26.96998226697115],[-48.769948712583954,-26.970085385043898],[-48.769886076979574,-26.970188876834484],[-48.76982359651172,-26.970284185751566],[-48.76976643856992,-26.97036275524735],[-48.76971976854146,-26.97041602965432],[-48.769688753893355,-26.970435450636284],[-48.76964295776952,-26.970419101581342],[-48.76959806278756,-26.9703999583255],[-48.76954067611132,-26.970374504996286],[-48.7694724267041,-26.970343492036047],[-48.76939494446487,-26.97030767351224],[-48.76930985835524,-26.970267799869138],[-48.76921879830533,-26.97022462337361],[-48.76912339325228,-26.97017889537752],[-48.768957549384,-26.97010446043666],[-48.7687772604412,-26.97003335409193],[-48.76859067806849,-26.969967800869394],[-48.76840595387195,-26.969910025334173],[-48.76823123841652,-26.969862252075934],[-48.768074683247434,-26.96982670573793],[-48.767944440901395,-26.969805611009377],[-48.767848660876126,-26.96980119345183],[-48.76779549576109,-26.969815675969553],[-48.76777435911463,-26.969855126902793],[-48.7677572079267,-26.969894984798042],[-48.76773643521034,-26.969946311509375],[-48.7677126127267,-26.970007642378647],[-48.76768631624729,-26.970077513713882],[-48.767658119549296,-26.970154460889447],[-48.7676285963944,-26.970237020182406],[-48.76759832158968,-26.97032372608203],[-48.76755150799239,-26.97046160912704],[-48.767515590409715,-26.970575231639625],[-48.76749006805551,-26.97067073233354],[-48.76747443916939,-26.970754247195828],[-48.76746820296604,-26.970831913128073],[-48.76747085764515,-26.9709098670132],[-48.76748190341738,-26.97099424576397],[-48.76750083948792,-26.97109118627571],[-48.767527163053394,-26.971206825410732],[-48.76754690597105,-26.97128385876434],[-48.767570695490015,-26.97136601449367],[-48.767597771922944,-26.971451264473174],[-48.767627374608146,-26.971537578757136],[-48.7676587458474,-26.971622930154567],[-48.76769112292176,-26.97170529049294],[-48.76772374618202,-26.971782628941483],[-48.7677558568927,-26.971852919196802],[-48.76778669537878,-26.971914131331282],[-48.767824108817756,-26.971987039671507],[-48.76785591172804,-26.97205813182869],[-48.767882367919285,-26.97212848320151],[-48.76790373818229,-26.972199169139973],[-48.76792028827248,-26.97227126868191],[-48.767932279018446,-26.97234585537174],[-48.76793997520563,-26.972424006425783],[-48.76794363960573,-26.972506799028],[-48.76794353603267,-26.972595308573528],[-48.76794397391597,-26.97269078193131],[-48.76794978619106,-26.972783707950242],[-48.76796165304551,-26.972876776799378],[-48.767980251613125,-26.972972680403316],[-48.76800626005656,-26.97307410979937],[-48.768040357551435,-26.973183756039425],[-48.76808322229242,-26.973304309255703],[-48.76813553244923,-26.973438461382806],[-48.768197966240564,-26.973588902548844],[-48.76830173212669,-26.973824016155234],[-48.76842345513315,-26.974083540373396],[-48.76855670470962,-26.974355302062406],[-48.768695051159625,-26.97462713081901],[-48.76883206571726,-26.974886854469883],[-48.768961318516475,-26.975122299942914],[-48.76907637856925,-26.975321295069886],[-48.76917081681347,-26.97547166863084],[-48.7692382021608,-26.97556124847979],[-48.769259129648596,-26.975591072099967],[-48.76928677024168,-26.975642355036538],[-48.769320133940916,-26.97571269190662],[-48.76935822970545,-26.97579967911581],[-48.769400069513544,-26.975900913117975],[-48.76944466129424,-26.97601399120606],[-48.7694910150563,-26.97613650709689],[-48.76953814173767,-26.976266058132886],[-48.76958504926581,-26.976400240707385],[-48.769837339362,-26.977139242310482],[-48.76959077168508,-26.977360099051054],[-48.76952067457111,-26.977421653312913],[-48.769461094099086,-26.977470033001516],[-48.76940836402874,-26.977506405627253],[-48.76935881400874,-26.97753194223769],[-48.76930877876789,-26.977547811247376],[-48.769254588985,-26.97755518190364],[-48.769192577351184,-26.977555223479687],[-48.76911907553331,-26.977549106127405],[-48.76903041726751,-26.977537997314208],[-48.76878850260602,-26.977504943261444],[-48.76859956014924,-26.97747722918821],[-48.768455074191564,-26.977451551004677],[-48.76834652599207,-26.97742460719876],[-48.76826539989131,-26.977393094444377],[-48.768203178196806,-26.977353711149217],[-48.7681513432648,-26.977303153891814],[-48.768101378455896,-26.977238120152926],[-48.76804476814227,-26.97715530831975],[-48.7679979796794,-26.97707907845046],[-48.76795594279561,-26.976993390288214],[-48.7679171002214,-26.97689196875274],[-48.76787989770006,-26.9767685397121],[-48.767842776974945,-26.9766168280668],[-48.7678041848362,-26.976430558795684],[-48.76776256404375,-26.976203457714455],[-48.767716359391684,-26.975929250669058],[-48.76766401573623,-26.97560166169909],[-48.76746276496703,-26.974313697051905],[-48.7670475648924,-26.97398415321051],[-48.76663154161305,-26.97365459429072],[-48.766155702871714,-26.97385978859476],[-48.76606808507524,-26.97389643087507],[-48.765981387796835,-26.973930932626708],[-48.765897358169525,-26.9739627024673],[-48.76581774036221,-26.97399114626435],[-48.76574428149575,-26.974015673545708],[-48.76567872572547,-26.974035691087938],[-48.765622820192554,-26.974050607521956],[-48.76557830905271,-26.974059829627443],[-48.76554693942721,-26.974062766938097],[-48.7654733104636,-26.974033642169925],[-48.76539293312408,-26.973953989226754],[-48.76530934447746,-26.97383193576187],[-48.76522607852337,-26.973675610288705],[-48.765146673229815,-26.973493142292636],[-48.76507466351412,-26.973292660314122],[-48.765013585251275,-26.97308229291335],[-48.764966974252346,-26.972870169554568],[-48.764938367350524,-26.97266441701054],[-48.76492444628106,-26.972519553267965],[-48.76490870115513,-26.9724003841971],[-48.764886484553514,-26.972297588617174],[-48.764853151122914,-26.972201843571966],[-48.76480405454088,-26.972103825181513],[-48.76473454745513,-26.97199421224703],[-48.76463998561793,-26.971863681798897],[-48.76451572084516,-26.971702909880996],[-48.76435710901434,-26.971502576181955],[-48.7642079810895,-26.97131648374076],[-48.76408224748831,-26.971164553906807],[-48.76397384190713,-26.971041372307017],[-48.76387669804824,-26.970941528154366],[-48.763784748681886,-26.970859609726002],[-48.76369192865234,-26.970790204414037],[-48.7635921697991,-26.97072790045038],[-48.763479408020025,-26.970667286114676],[-48.76334757523703,-26.970602948700158],[-48.76322628116827,-26.97054664514955],[-48.763119766074375,-26.970500411953008],[-48.76302480478212,-26.970463438981138],[-48.76293817207885,-26.970434918799647],[-48.76285664078444,-26.970414042128667],[-48.76277698676506,-26.970399998826178],[-48.76269598382511,-26.97039198141748],[-48.76261040681515,-26.97038918063219],[-48.762517030605885,-26.970390786289723],[-48.762159154858125,-26.970404057949285],[-48.76205459068709,-26.970746407020545],[-48.762024858497206,-26.9708471614303],[-48.76200360920473,-26.970931503133293],[-48.76199169134426,-26.971006079558443],[-48.76198995347821,-26.971077536328135],[-48.76199924209956,-26.971152521736972],[-48.76202040478358,-26.971237680484165],[-48.76205428906308,-26.971339659972553],[-48.76210174250752,-26.97146510669951],[-48.7621636137203,-26.97162066717471],[-48.76221962718129,-26.97176324393745],[-48.76226416523846,-26.9718846608861],[-48.76229806167424,-26.97198955815707],[-48.762322152195175,-26.972082581329257],[-48.7623372705959,-26.97216837143652],[-48.76234425165052,-26.972251571331192],[-48.762343931162434,-26.97233682297789],[-48.76233714286901,-26.972428771014478],[-48.762324721602376,-26.972532055582892],[-48.7623089668993,-26.972633178176117],[-48.76228961699877,-26.972724087444718],[-48.762264679918054,-26.97280874060533],[-48.7622321647085,-26.972891093083664],[-48.76219007839791,-26.972975100269817],[-48.76213642796568,-26.973064719353246],[-48.762069222423726,-26.97316390574419],[-48.76198646774052,-26.973276614796056],[-48.76188617384631,-26.97340680371896],[-48.76181618390668,-26.973497845306664],[-48.76174847851652,-26.973588566671996],[-48.76168433263572,-26.97367709381851],[-48.76162502222145,-26.973761553670624],[-48.76157182422715,-26.973840074073117],[-48.76152601361593,-26.973910781938237],[-48.7614888673685,-26.973971804211125],[-48.76146166146004,-26.97402126782095],[-48.761445671828575,-26.974057301500114],[-48.761433888696864,-26.974088126254703],[-48.7614187923911,-26.974123043346083],[-48.76140090522451,-26.974161056638955],[-48.76138075253195,-26.97420117004618],[-48.76135885664657,-26.97424238653069],[-48.76133574188111,-26.97428371089208],[-48.76131193156091,-26.974324147012272],[-48.76128794903085,-26.974362697871417],[-48.76126431961555,-26.97439836828646],[-48.7612374545654,-26.974445357311946],[-48.76120416345012,-26.974516058198358],[-48.76116554538723,-26.974607505790832],[-48.76112270454737,-26.97471673411289],[-48.76107674107778,-26.97484077712522],[-48.761028757164496,-26.974976667919982],[-48.76097985394236,-26.975121442281953],[-48.7609311336176,-26.975272133307666],[-48.760883698390515,-26.975425774998204],[-48.760629993315966,-26.976267342582663],[-48.76023917339336,-26.976593072136627],[-48.76011477693137,-26.97668892967581],[-48.759962250192444,-26.97679473885137],[-48.75979153155286,-26.976904805168953],[-48.75961256242021,-26.97701343693097],[-48.75943528531608,-26.9771149407035],[-48.75926963982812,-26.977203622156736],[-48.75912556754302,-26.97727379065021],[-48.75901301015398,-26.97731975197026],[-48.758941907325685,-26.977335812788],[-48.75892686294992,-26.97731004309343],[-48.75891829607938,-26.977279755866608],[-48.75890932678306,-26.977239430567725],[-48.75890017354166,-26.977190241153743],[-48.758891058898726,-26.977133359841332],[-48.758882202358336,-26.977069959701318],[-48.75887382340587,-26.9770012147067],[-48.7588661435755,-26.97692829705824],[-48.75885810170559,-26.976827189131207],[-48.758854620978894,-26.976730334819067],[-48.758855995512256,-26.97663539512864],[-48.75886251742544,-26.976540030131943],[-48.75887447986108,-26.97644189901401],[-48.7588921779188,-26.976338663697458],[-48.75891590275553,-26.976227981528744],[-48.75894594944263,-26.97610751533004],[-48.75898261111942,-26.975974923378917],[-48.759012169028004,-26.975870781985115],[-48.75904278285119,-26.9757609267952],[-48.75907374749477,-26.975648002514763],[-48.75910435288991,-26.97553465106394],[-48.75913389192347,-26.97542351802071],[-48.75916165856688,-26.97531724537144],[-48.7591869437229,-26.97521847776191],[-48.75920904036629,-26.975129857164223],[-48.75922724140356,-26.97505402915961],[-48.75924733880946,-26.974977347805766],[-48.75927437516804,-26.974886725588863],[-48.75930735311723,-26.974784917175974],[-48.75934527934365,-26.974674676396468],[-48.75938715647606,-26.974558758820862],[-48.75943199020709,-26.974439918264743],[-48.75947878521315,-26.974320909431494],[-48.75952654618008,-26.9742044870265],[-48.759574276796435,-26.974093405741012],[-48.759645077016756,-26.973930384997168],[-48.75970120115149,-26.973794149442497],[-48.75974401751494,-26.973678422627913],[-48.75977489332661,-26.973576930786606],[-48.759795197813055,-26.973483399275338],[-48.759806296156725,-26.97339155338211],[-48.759809558546245,-26.973295119373883],[-48.75980635119038,-26.973187820744855],[-48.75979804124785,-26.973063383710404],[-48.75978982455949,-26.972977317796722],[-48.75977806510675,-26.972883744898915],[-48.759763237633095,-26.972785089335822],[-48.75974581481326,-26.972683778100738],[-48.75972626935568,-26.97258223638272],[-48.759705072941486,-26.972482890256988],[-48.759682701294196,-26.972388164960794],[-48.759659624057136,-26.972300487439767],[-48.75963631696528,-26.9722222820293],[-48.75950996128419,-26.97182502076668],[-48.75987100703422,-26.97070627198718],[-48.75993655177801,-26.97050189722928],[-48.759999979019675,-26.970301598544204],[-48.76006009308049,-26.970109301559415],[-48.760115696249514,-26.96992893367788],[-48.76016559388668,-26.96976442054891],[-48.76020858828875,-26.96961969048225],[-48.76024348382618,-26.96949866911419],[-48.76026908386368,-26.969405282065058],[-48.76028419271383,-26.969343457676466],[-48.760320374282266,-26.969228386746032],[-48.760387897099385,-26.969080347251285],[-48.76048670449207,-26.968899394188597],[-48.76061673978605,-26.968685579823326],[-48.760777949219644,-26.968438959151076],[-48.76097027599212,-26.96815958529083],[-48.76119366423802,-26.96784751225579],[-48.761448058038354,-26.967502794035212],[-48.76173340143881,-26.967125483692488],[-48.76240573789311,-26.966245752914226],[-48.76216094529447,-26.964751340543778],[-48.76211674065372,-26.9644807141311],[-48.76207404161305,-26.964219674033743],[-48.76203366042873,-26.963973082948],[-48.76199640535568,-26.96374580170264],[-48.76196308764359,-26.963542692076942],[-48.761934514509306,-26.96336861578671]]],[[[-48.74109060563696,-26.949710177639172],[-48.7411619937892,-26.949610271341218],[-48.74122918605913,-26.949513071009523],[-48.741290716717835,-26.94942077590431],[-48.741345119056454,-26.949335584370136],[-48.74139092739748,-26.94925969386732],[-48.74142667401814,-26.949195303628965],[-48.74145089324577,-26.949144611115806],[-48.741503056044756,-26.949035372146156],[-48.7415679309212,-26.948928509867518],[-48.74164718297454,-26.948822430130445],[-48.74174247722259,-26.948715542385642],[-48.741855476694205,-26.948606254236825],[-48.74198784639945,-26.948492974209444],[-48.74214125037866,-26.948374108091375],[-48.74231735256174,-26.948248066163696],[-48.74251781793294,-26.94811325509448],[-48.742618885881406,-26.948046069477197],[-48.74271712072975,-26.94797915338141],[-48.742810646147696,-26.947913887306658],[-48.74289758378217,-26.94785165262768],[-48.74297605625822,-26.947793832543933],[-48.74304418730344,-26.94774180576353],[-48.7431000985462,-26.94769695547498],[-48.743141911652465,-26.94766066306273],[-48.7431677523136,-26.94763430997387],[-48.74318866357377,-26.947613223197887],[-48.74321679938342,-26.947592112169733],[-48.74325111683953,-26.947571415028385],[-48.74329057501782,-26.947551571749543],[-48.74333413100021,-26.947533021375147],[-48.743380743883534,-26.947516202980328],[-48.74342936972819,-26.94750155649525],[-48.743478966627336,-26.947489520981556],[-48.743528493682064,-26.947480535518583],[-48.743603725238465,-26.94747031891579],[-48.74366717616328,-26.94746545841692],[-48.74372231695867,-26.947467347004498],[-48.74377262015845,-26.947477376783734],[-48.74382155428939,-26.947496938887493],[-48.743872590866054,-26.947527426296425],[-48.74392920043925,-26.94757023016602],[-48.74399485454128,-26.94762674346677],[-48.744073022742946,-26.947698357325578],[-48.74412602481295,-26.947745844882963],[-48.744177592136175,-26.947788521965336],[-48.74422693152427,-26.94782591743922],[-48.74427325178278,-26.947857561106463],[-48.744315759685044,-26.947882983639648],[-48.74435366504201,-26.947901714858205],[-48.74438617464491,-26.947913284533715],[-48.744412496292526,-26.947917222454027],[-48.74444801971386,-26.947905641015524],[-48.744487317517034,-26.947893846501586],[-48.74452078699088,-26.947888063827826],[-48.74456691315691,-26.947884459066504],[-48.744611024036395,-26.947886229542117],[-48.74465537715637,-26.947887213331384],[-48.744694287556946,-26.94787939778648],[-48.744722423643395,-26.94786958965464],[-48.744751358064086,-26.94785670700007],[-48.7447804111791,-26.947841049395045],[-48.74480890437374,-26.947822915526334],[-48.744836159016074,-26.947802604983483],[-48.74486149546837,-26.94778041734051],[-48.74492376988602,-26.947735177132138],[-48.745001015682014,-26.947699968826765],[-48.7450872473367,-26.947675046830746],[-48.745176480419765,-26.947660661970424],[-48.745262729445585,-26.94765706777746],[-48.74534000691481,-26.947664517765727],[-48.74540232938458,-26.947683263720748],[-48.74544371036208,-26.947713558288054],[-48.74545816432549,-26.947755655029464],[-48.74545426262876,-26.94778032071829],[-48.745443680200616,-26.947819624740703],[-48.74542705074732,-26.94787183098351],[-48.74540501003994,-26.94793520065861],[-48.74537819278831,-26.948007997667922],[-48.74534723172564,-26.94808848407686],[-48.74531276158251,-26.94817492288551],[-48.74527541709251,-26.948265577094535],[-48.7452358330291,-26.94835870790101],[-48.745158457238,-26.94854450900264],[-48.74509855250423,-26.948703707231285],[-48.745055846307174,-26.9488392231024],[-48.74503006814527,-26.948953975350406],[-48.74502094652149,-26.949050880881114],[-48.745028208822696,-26.94913286108757],[-48.745051584524184,-26.949202832877365],[-48.745090799999524,-26.949263716712327],[-48.74514558571548,-26.94931842950445],[-48.74520674931871,-26.949373419347495],[-48.74524871013219,-26.94941887181219],[-48.745271766722325,-26.949454456879433],[-48.74526929158611,-26.949487276452505],[-48.745230503949074,-26.949498711119144],[-48.74518093651407,-26.949491529084376],[-48.7451139598613,-26.949472829487235],[-48.745029874617984,-26.949442283205162],[-48.744983253154736,-26.94942461029521],[-48.74493631910906,-26.949407869115404],[-48.74489005943919,-26.949392357918136],[-48.74484546014943,-26.949378372234456],[-48.74480350718925,-26.949366210303072],[-48.744765186579315,-26.949356166755067],[-48.74473148424993,-26.949348540733077],[-48.74469263234908,-26.94934267423592],[-48.74458614147851,-26.949363809146927],[-48.744438343224985,-26.949426771468246],[-48.74425197509233,-26.949522375489146],[-48.74404052845308,-26.94964238906754],[-48.743817495811584,-26.94977857743736],[-48.74359636870228,-26.94992270951159],[-48.74339064083571,-26.950066552523385],[-48.74321380306431,-26.950201871937367],[-48.743079349294575,-26.95032043693653],[-48.742992047942714,-26.950405067329303],[-48.7429168658261,-26.95047408435377],[-48.74285143368395,-26.950528843485724],[-48.7427933882795,-26.95057070028983],[-48.742740361384314,-26.95060100753746],[-48.742689986684496,-26.950621122538134],[-48.74263989996335,-26.950632398118604],[-48.74258773390834,-26.950636190662323],[-48.74253112224736,-26.950633854760735],[-48.74248024987103,-26.95063276406393],[-48.74242363717807,-26.95063805651364],[-48.7423610583007,-26.950649797071943],[-48.74229228844751,-26.950668047107058],[-48.74221710077532,-26.95069286975791],[-48.742135271440496,-26.950724329112393],[-48.742046572587945,-26.950762488290163],[-48.74195078038636,-26.95080741047359],[-48.74184766898807,-26.95085915881092],[-48.74176197094507,-26.95090281575597],[-48.74167846678067,-26.950943964682608],[-48.741598760763644,-26.95098189399111],[-48.7415244581189,-26.951015894808005],[-48.74145716410995,-26.95104525645853],[-48.74139848398403,-26.951069269172397],[-48.741350022970856,-26.95108722408275],[-48.74130178183123,-26.951100264147456],[-48.74123866178704,-26.951108120400377],[-48.74118839372887,-26.95112685399516],[-48.74114061688126,-26.951156799810065],[-48.74109657199396,-26.95119643724458],[-48.741057500811166,-26.951244246618156],[-48.74102464409464,-26.951298707333297],[-48.740999244607906,-26.951358299727733],[-48.74098254211871,-26.951421503188943],[-48.74097577938463,-26.95148679895659],[-48.74097300860249,-26.951526950563846],[-48.74096643543996,-26.95157537446424],[-48.74095643864239,-26.9516305506834],[-48.740943396002585,-26.951690956524146],[-48.7409276863387,-26.951755068403276],[-48.740909687427525,-26.951821364525923],[-48.7408897800677,-26.95188832314579],[-48.740868340044436,-26.951954421534086],[-48.74084574715412,-26.952018137929],[-48.74077094758651,-26.95217914647607],[-48.74067151401591,-26.952325823680958],[-48.74054511150736,-26.952459562451374],[-48.740389408184335,-26.952581753915965],[-48.74020207114728,-26.952693790061637],[-48.73998076649077,-26.95279706282623],[-48.73972316131518,-26.95289296412532],[-48.73942692271804,-26.952982885830004],[-48.73908971680247,-26.953068218842283],[-48.73898801816738,-26.953091969249307],[-48.738889920293616,-26.953115080640504],[-48.73879724888378,-26.953137101300836],[-48.738711827593406,-26.95315758129178],[-48.73863547909128,-26.953176069760097],[-48.73857002903166,-26.953192117707868],[-48.738517300103496,-26.953205273383325],[-48.738468211160885,-26.953218096668436],[-48.73839583537484,-26.953229574437675],[-48.73830014567963,-26.953229365967832],[-48.738176978623756,-26.953221374286972],[-48.73803307860633,-26.95320649176177],[-48.73787518898316,-26.953185612563125],[-48.73771005313965,-26.953159629081796],[-48.737544414450376,-26.953129433737477],[-48.73738501622169,-26.953095921686923],[-48.73723860282278,-26.953059984523556],[-48.737150022799,-26.9530348410436],[-48.73707074737256,-26.953009312610146],[-48.73700047570424,-26.952983234676406],[-48.73693890388119,-26.95295644535127],[-48.73688573106528,-26.952928780083486],[-48.73684065235586,-26.952900076059485],[-48.736803367904145,-26.95287016964253],[-48.736773573834625,-26.95283889712957],[-48.73675096929205,-26.952806094864606],[-48.736730005410145,-26.95276597752199],[-48.736716480304025,-26.952729896219005],[-48.736711172242266,-26.9526957426991],[-48.73671485940375,-26.952661413215353],[-48.736728319049774,-26.95262479949196],[-48.73675233041605,-26.952583795087406],[-48.736787670683874,-26.952536295328972],[-48.73683511909454,-26.95248019286591],[-48.736895453872485,-26.952413380326483],[-48.737072254677834,-26.952232079153088],[-48.737240358995244,-26.95208435361248],[-48.73740305140086,-26.951969120275958],[-48.73756361645657,-26.951885294794188],[-48.737725339672366,-26.95183179462121],[-48.73789150656303,-26.951807536292666],[-48.73806539963664,-26.951811435377145],[-48.7382503064202,-26.951842408408886],[-48.73844951143155,-26.95189937185468],[-48.73859295860531,-26.95194068114202],[-48.73873017474714,-26.951965740128312],[-48.73886260642684,-26.951974268806367],[-48.73899170025392,-26.951965985358704],[-48.739118903774006,-26.951940611587062],[-48.7392456615661,-26.95189786653269],[-48.73937342120843,-26.951837470181967],[-48.73950362928541,-26.951759141597275],[-48.73963773334468,-26.9516626016554],[-48.73970209058941,-26.951613823668456],[-48.73976826102765,-26.9515661242655],[-48.739834756215515,-26.951520415422564],[-48.73990009071564,-26.951477610069357],[-48.73996277505,-26.95143862197622],[-48.740021323806936,-26.95140436317649],[-48.740074249546055,-26.951375746575746],[-48.7401200648106,-26.951353685983545],[-48.74015728318682,-26.951339093422224],[-48.740203133054976,-26.951321856947246],[-48.740242289928716,-26.951300602869402],[-48.74027597647955,-26.951273203864037],[-48.74030541241083,-26.951237529849514],[-48.740331817423716,-26.95119145074253],[-48.74035641220552,-26.95113283737662],[-48.740380417439916,-26.95105956058414],[-48.74040505278091,-26.950969492082102],[-48.740431538936186,-26.9508605008958],[-48.740458740153855,-26.950752864907574],[-48.740489402271706,-26.950652956096807],[-48.74052519440359,-26.950557670612916],[-48.74056778362304,-26.9504639054723],[-48.74061883995963,-26.950368560442705],[-48.740680031507516,-26.950268530744122],[-48.740753027280526,-26.950160715215457],[-48.740839497298154,-26.950042011801976],[-48.740941108553955,-26.94990931748911],[-48.74101648831225,-26.949810592466832],[-48.74109060563696,-26.949710177639172]]],[[[-48.69585439464112,-26.935485760309533],[-48.69581113283074,-26.935276893519013],[-48.69576915994585,-26.93510094963181],[-48.69572638574177,-26.93495208643234],[-48.69568071889141,-26.934824466197142],[-48.695630069160835,-26.934712247608253],[-48.69557234526734,-26.93460959203477],[-48.695505458010345,-26.93451065816857],[-48.69542731613869,-26.934409607370394],[-48.69519564849074,-26.93412370923739],[-48.69595243706362,-26.93409745844557],[-48.69608951436175,-26.934092702801973],[-48.69622152028827,-26.934088041971567],[-48.69634601448117,-26.9340835642573],[-48.69646055465728,-26.934079353426227],[-48.696562700473145,-26.93407549689303],[-48.69665001059723,-26.934072081158003],[-48.696720043734906,-26.93406919091904],[-48.69677035855482,-26.93406691267736],[-48.696798513707485,-26.934065333832127],[-48.6968450686019,-26.934049452227885],[-48.69689732552289,-26.934011214741016],[-48.6969523424048,-26.93395508189005],[-48.6970071761305,-26.933885516888434],[-48.69705888562931,-26.933806982085883],[-48.697104527835364,-26.933723939804647],[-48.697141161695406,-26.933640853306535],[-48.6971658431708,-26.93356218490462],[-48.69717563127198,-26.933492396059478],[-48.69717071057864,-26.933395652284947],[-48.697152496817914,-26.933291073124476],[-48.69712250108081,-26.933181987962985],[-48.6970822365768,-26.93307172080336],[-48.69703321540901,-26.932963600141544],[-48.69697694972452,-26.932860951766806],[-48.69691495260894,-26.932767104191658],[-48.696848735194024,-26.932685382288188],[-48.69677981053664,-26.932619114571494],[-48.696742519821456,-26.93258700796344],[-48.69670372295652,-26.93255128325563],[-48.69666432450633,-26.932512909994422],[-48.696625225921835,-26.932472862188426],[-48.696587331762565,-26.932432109385697],[-48.6965515444991,-26.9323916247108],[-48.69651876866754,-26.932352378615445],[-48.69648990675216,-26.932315343323324],[-48.696465863248456,-26.932281491091327],[-48.69643342700199,-26.93223178318073],[-48.69640923906379,-26.93219260602004],[-48.69639342202578,-26.932162732498565],[-48.696386095501694,-26.932140933650864],[-48.69639740042961,-26.93211664875069],[-48.69644412681562,-26.93210992524409],[-48.69648107508375,-26.932110079227005],[-48.69651512443776,-26.932114308182907],[-48.69656788969738,-26.932125715709518],[-48.69663709541804,-26.93214361036397],[-48.696720467128024,-26.932167302522434],[-48.696815729386614,-26.932196100741105],[-48.69692060773997,-26.932229314497345],[-48.69703282672474,-26.932266253256376],[-48.6971501108732,-26.93230622648901],[-48.697270185718544,-26.93234854368901],[-48.6974986257457,-26.932426516188787],[-48.6977192709278,-26.932492412858874],[-48.69794628563424,-26.93254834467534],[-48.69819383225417,-26.932596423393992],[-48.69847607217719,-26.93263876245491],[-48.69880717091643,-26.932677472525903],[-48.6992012889821,-26.932714664921487],[-48.69967259093327,-26.93275245259697],[-48.70023523944861,-26.932792945469682],[-48.700517208738994,-26.932813417267553],[-48.700750398855746,-26.93283256725917],[-48.70094229765103,-26.93285168097341],[-48.70110039299829,-26.932872043858215],[-48.70123217278691,-26.932894941300372],[-48.701345123948855,-26.93292165682053],[-48.70144673534859,-26.932953478449456],[-48.70154449395901,-26.932991688746913],[-48.70164588667567,-26.933037574762213],[-48.701710297497385,-26.9330688649444],[-48.70177098698986,-26.93309941583249],[-48.70182692090191,-26.933128642947036],[-48.701877064980394,-26.93315596180975],[-48.70192038694699,-26.933180789780106],[-48.70195585055128,-26.93320254144591],[-48.70199074659381,-26.933227556093097],[-48.70199547321117,-26.933258410712252],[-48.701968977636696,-26.933289226825284],[-48.70192690392152,-26.93333430933624],[-48.701870884206514,-26.93339201531347],[-48.70180254954948,-26.933460705415282],[-48.7017235310631,-26.933538737593295],[-48.70163546083323,-26.933624471620906],[-48.701539970969954,-26.93371626637197],[-48.70143869256661,-26.93381248160964],[-48.700807827503404,-26.934410678987422],[-48.700228273545775,-26.93496533524439],[-48.69969053662691,-26.93548591621494],[-48.6991851181895,-26.935981888350188],[-48.69870252430003,-26.93646271889472],[-48.698233255641405,-26.93693787484148],[-48.69776781663182,-26.937416821289098],[-48.6972967093199,-26.93790902495827],[-48.69681043542591,-26.938423952418958],[-48.69650680319795,-26.93874602305383],[-48.69621879376173,-26.939048549642372],[-48.69595144873558,-26.939326440105965],[-48.695709810727266,-26.939574606928737],[-48.69549892250646,-26.939787957207887],[-48.695323825768924,-26.93996140254862],[-48.695189563264435,-26.940089851865736],[-48.695101177661904,-26.940168215861725],[-48.695063709550176,-26.94019140426888],[-48.69504438212854,-26.940162409940267],[-48.695035957907436,-26.940136308334996],[-48.695028569615815,-26.940103682822027],[-48.695022375941896,-26.940065443843313],[-48.695017531528485,-26.940022502677152],[-48.69501419608727,-26.939975768879712],[-48.6950125253031,-26.939926151941354],[-48.69501267683672,-26.939874563189523],[-48.6950154803669,-26.93984267729936],[-48.69501772114049,-26.93980712464751],[-48.695030145092815,-26.93973106755121],[-48.69504640260051,-26.939694978725047],[-48.69504992806646,-26.939646415023756],[-48.69507704941246,-26.93955319108902],[-48.695093183368996,-26.93952955652795],[-48.69511148847855,-26.93945141976951],[-48.6951532235843,-26.939341125972064],[-48.69520223408927,-26.93922233281437],[-48.69523164802379,-26.939158498863215],[-48.69525849933149,-26.939095064314895],[-48.695321997620866,-26.93895934537652],[-48.69552423260635,-26.938521505195517],[-48.69568799692324,-26.93812585656541],[-48.69581500126066,-26.937762824801005],[-48.69590696121316,-26.93742283435038],[-48.695965588202945,-26.93709631136018],[-48.69599259663159,-26.936773680188626],[-48.69598969882138,-26.936445366035542],[-48.695958607090624,-26.936101793176363],[-48.69590103573361,-26.935733387706332],[-48.69585439464112,-26.935485760309533]]],[[[-48.68700312576509,-26.927991808895474],[-48.68700502928591,-26.927876233164984],[-48.68701824181353,-26.927780200923262],[-48.68704334920144,-26.92770810668909],[-48.687097330175426,-26.92763195653996],[-48.68717865812877,-26.927554230562308],[-48.68728681855527,-26.927475174756918],[-48.687421296931866,-26.92739503601274],[-48.68758157769433,-26.927314062993638],[-48.68776714636111,-26.927232500759498],[-48.68797748841695,-26.927150596163592],[-48.68821208731896,-26.92706859691828],[-48.688470429584456,-26.926986748972148],[-48.688609196880854,-26.92694475202652],[-48.6887414215355,-26.926904657465673],[-48.688864743167365,-26.92686718197582],[-48.68897680348655,-26.926833038674786],[-48.68907524215709,-26.926802942457147],[-48.68915770085808,-26.92677760825358],[-48.68922181925622,-26.92675775096246],[-48.68927541994743,-26.926740705711186],[-48.689310452612176,-26.92677408928056],[-48.689328220391076,-26.926821783299626],[-48.689348824942435,-26.926886482299807],[-48.68937172319539,-26.926966281373637],[-48.68939637000988,-26.927059278287256],[-48.689422223318395,-26.92716356815003],[-48.689448737976335,-26.927277248728455],[-48.68947537189201,-26.927398416034563],[-48.68954988682759,-26.92774047362872],[-48.68964037749109,-26.928144086076216],[-48.68974083466014,-26.928583716259187],[-48.689845246934766,-26.92903382884015],[-48.68994760378764,-26.92946888760714],[-48.69004189453797,-26.92986335635947],[-48.69012210635984,-26.930191698873447],[-48.69018222935872,-26.930428378981667],[-48.690216252612444,-26.930547860502287],[-48.69021618161038,-26.930578958077447],[-48.690189265494936,-26.93061957081021],[-48.69016200223236,-26.930642685997217],[-48.69013930883139,-26.93065666397643],[-48.69011368017157,-26.93066908140869],[-48.690085477596774,-26.930679548041628],[-48.690051088954775,-26.930693237027214],[-48.690007642739786,-26.930714943790846],[-48.68995660418299,-26.930743713179154],[-48.68989944257814,-26.930778588301152],[-48.68983762513389,-26.930818615842977],[-48.68977262012303,-26.930862839802963],[-48.68970589380891,-26.930910304149243],[-48.689638915460066,-26.930960053804395],[-48.689573151330215,-26.931011133644628],[-48.689423154602245,-26.93112526107886],[-48.68929450298792,-26.931208725008148],[-48.68918044799085,-26.931260636145236],[-48.689074242084736,-26.931280105188613],[-48.688969135730034,-26.931266241877292],[-48.688858381345014,-26.93121815866877],[-48.68873523041706,-26.931134965276808],[-48.68859293345039,-26.93101577227704],[-48.688424744051666,-26.9308596893625],[-48.688279221154644,-26.930711217043836],[-48.688138133439516,-26.930547601372847],[-48.68800054868559,-26.93036731009628],[-48.687865534699675,-26.930168810055278],[-48.6877321602866,-26.92995056900616],[-48.68759949325573,-26.929711054685733],[-48.68746660042227,-26.92944873481123],[-48.6873325506466,-26.929162076227865],[-48.68719641278634,-26.928849546680077],[-48.68714275453463,-26.92870900747809],[-48.68709689333169,-26.928561641958847],[-48.68705941502598,-26.92841184465058],[-48.687030903462684,-26.92826400914529],[-48.68701194542747,-26.928122532691663],[-48.68700312576509,-26.927991808895474]]],[[[-48.724009679775136,-26.949389253782936],[-48.72415016424202,-26.94921521288461],[-48.72428342018098,-26.94903330225892],[-48.72439381126095,-26.94885634507147],[-48.7244835291787,-26.94867585317256],[-48.72455476461722,-26.948483336573187],[-48.72460970822859,-26.94827030526946],[-48.72465054961799,-26.948028270131676],[-48.72467947936191,-26.94774874293921],[-48.72469868908191,-26.947423232773858],[-48.724710369320015,-26.947043251401407],[-48.72473240614196,-26.9459980389553],[-48.72515500060252,-26.946005193865027],[-48.72527819485824,-26.946007753438728],[-48.725375784585,-26.94601184734737],[-48.725451644785196,-26.946019068696728],[-48.72550964742688,-26.946031011426477],[-48.725553668452065,-26.94604927223343],[-48.72558757988588,-26.946075442326677],[-48.72561525666604,-26.946111118370418],[-48.72564057279907,-26.94615789339975],[-48.7256674012724,-26.946217361332863],[-48.72572158021338,-26.946367922745658],[-48.72576679479642,-26.94654724214518],[-48.72580268705749,-26.946750077781967],[-48.72582889707188,-26.946971184262992],[-48.72584506685853,-26.947205318931854],[-48.72585083846199,-26.947447237325566],[-48.725845852878045,-26.947691696767066],[-48.725829752162625,-26.94793345188699],[-48.72580217830337,-26.94816726092255],[-48.725774547550586,-26.94835004302244],[-48.7257486766335,-26.948499644450642],[-48.72572135981244,-26.948623964938566],[-48.725689394341984,-26.948730904261648],[-48.72564957644971,-26.94882836217404],[-48.725598700347696,-26.94892423748917],[-48.72553356220042,-26.949026430848484],[-48.72545095815625,-26.94914284197917],[-48.72534768330852,-26.9492813705754],[-48.72498584572327,-26.949759928372842],[-48.72502230717349,-26.950184551556866],[-48.72503047193307,-26.950269406522445],[-48.7250414642633,-26.95036649551643],[-48.725054879875955,-26.95047303609802],[-48.72507031656777,-26.9505862422503],[-48.72508737105483,-26.9507033315488],[-48.72510563807409,-26.95082151973235],[-48.72512471640482,-26.950938021702758],[-48.72514420074257,-26.951050055003446],[-48.72516368887261,-26.951154833618116],[-48.72526943625274,-26.95170050669456],[-48.72509510625779,-26.95201870389089],[-48.725037119914454,-26.952121076352036],[-48.72498463388403,-26.95220750563087],[-48.72493867850282,-26.95227688301516],[-48.724900283117016,-26.952328098874652],[-48.72486038132327,-26.95236582776067],[-48.724842878979835,-26.952329165111838],[-48.72485771935887,-26.95227293600629],[-48.72486108122604,-26.95224545039158],[-48.724857207142,-26.952210174529664],[-48.7248464458996,-26.952167942491965],[-48.72482914730033,-26.952119588365317],[-48.72480565911541,-26.952065947105556],[-48.724776333179676,-26.95200785192862],[-48.72474151726502,-26.951946137789264],[-48.72470156016761,-26.951881638756067],[-48.72465681372087,-26.9518151880439],[-48.72461354249661,-26.951750646332453],[-48.72457136587897,-26.95168290055277],[-48.72453109122445,-26.951613567378136],[-48.72449352793489,-26.95154426171077],[-48.72445948440161,-26.951476598437075],[-48.7244297689762,-26.95141219424818],[-48.72440519103235,-26.951352664949514],[-48.72438655798308,-26.951299623607504],[-48.7243746791635,-26.95125468783157],[-48.72435753497287,-26.951181480151654],[-48.72433723659793,-26.951114699297708],[-48.72431412010381,-26.951054910207958],[-48.72428852049228,-26.95100268051066],[-48.72426077181065,-26.950958575111386],[-48.724231209074546,-26.9509231607362],[-48.7242001663091,-26.950897003192914],[-48.72416797856239,-26.9508806674035],[-48.72412394084421,-26.950879191273078],[-48.72406909526313,-26.950909765108253],[-48.72400583619158,-26.950951408739577],[-48.723925402697304,-26.95100697683264],[-48.723830070878854,-26.951074850118037],[-48.7237221178052,-26.95115341114786],[-48.72360382054971,-26.951241042477633],[-48.7234774541984,-26.951336125733768],[-48.723345296868274,-26.951437042598634],[-48.72314389573141,-26.95159328438767],[-48.72298107004364,-26.951723010623674],[-48.72285159935332,-26.951831797255654],[-48.722750262114545,-26.95192522016473],[-48.72267183675344,-26.952008853389156],[-48.72261110157742,-26.9520882745478],[-48.722562835939996,-26.952169057647783],[-48.72252181812616,-26.952256778470755],[-48.72248282539126,-26.952357012772595],[-48.72245017194613,-26.952441467382574],[-48.72241765396397,-26.952515630910824],[-48.72238443272729,-26.95258059891032],[-48.722349669569724,-26.952637464226523],[-48.722312526774424,-26.952687322426478],[-48.72227216464513,-26.952731267239272],[-48.722227745496994,-26.95277039242521],[-48.722178430618385,-26.95280579262898],[-48.72212338028898,-26.952838562477186],[-48.722081560587384,-26.952861249209537],[-48.72204072667387,-26.952882637900753],[-48.72200166042833,-26.952902356745046],[-48.72196514570864,-26.952920035774316],[-48.72193196435999,-26.952935304988724],[-48.721902899252854,-26.95294779350309],[-48.721878732232966,-26.952957131318467],[-48.72184822389987,-26.952964873117075],[-48.72182761315288,-26.952944958870198],[-48.72181476983189,-26.952921277002073],[-48.72180070850779,-26.952889663739406],[-48.72178578242745,-26.952851030842265],[-48.72177034577126,-26.95280629369568],[-48.72175475377986,-26.95275636499461],[-48.72173936169294,-26.952702157434103],[-48.721724522681264,-26.952644586383254],[-48.7217050128514,-26.95255900475057],[-48.721691241581574,-26.952482302931877],[-48.72168345716627,-26.952411098977496],[-48.72168190790166,-26.952342010937116],[-48.721686841095384,-26.9522716559411],[-48.72169850504174,-26.952196652037117],[-48.72171714901967,-26.952113618189866],[-48.72174302032466,-26.952019171525592],[-48.7217763662253,-26.951909930070705],[-48.72181372860102,-26.95179725563903],[-48.72185124889804,-26.951699650922556],[-48.72189212624386,-26.95161266893953],[-48.72193955969551,-26.951531865409553],[-48.72199675039885,-26.951452791567874],[-48.722066896390025,-26.951371002201498],[-48.722153198739996,-26.951282050330914],[-48.72225885645972,-26.951181489831576],[-48.72238706854017,-26.95106487365727],[-48.72259246159627,-26.950875928829255],[-48.722806961894534,-26.95067082903291],[-48.7230256483249,-26.95045472079111],[-48.72324360180978,-26.950232753400574],[-48.72345590236128,-26.95001007527528],[-48.723657628093,-26.949791833027106],[-48.72384386014001,-26.949583176956814],[-48.724009679775136,-26.949389253782936]]],[[[-48.73144165584601,-26.94716193455724],[-48.73138747161796,-26.94701334675014],[-48.73135602214322,-26.946935471314617],[-48.73132381830056,-26.946859264091284],[-48.73129157472254,-26.946786198541027],[-48.731260009040284,-26.94671774907602],[-48.731229837911314,-26.94665538828838],[-48.73120177791821,-26.946600592379284],[-48.731176544743285,-26.946554832121176],[-48.73115485496582,-26.94651958371592],[-48.731137426243635,-26.94649631977314],[-48.73108462082163,-26.94646255155514],[-48.7310020152195,-26.94644145423938],[-48.73089605173921,-26.946432386926308],[-48.730773171659024,-26.94643470870442],[-48.730639817235975,-26.94644777959456],[-48.73050243074185,-26.946470958736047],[-48.730367455421884,-26.946503607113115],[-48.73024133156415,-26.94654508298008],[-48.73013050344269,-26.94659474738533],[-48.729989226397365,-26.946656980805624],[-48.72985605092925,-26.946691701689776],[-48.729734430934016,-26.946700422223614],[-48.729627821237564,-26.946684657323722],[-48.7295396766562,-26.946645921008873],[-48.72947345195604,-26.946585728200198],[-48.72943259990869,-26.946505591074775],[-48.72942057621336,-26.9464070245538],[-48.72944083453447,-26.94629154260608],[-48.72945537837436,-26.946247831297548],[-48.7294738529054,-26.946213686936886],[-48.72950206284114,-26.946188075836034],[-48.72954581292892,-26.946169962496302],[-48.72961090890555,-26.946158312325995],[-48.72970315349147,-26.946152090666057],[-48.72982835444546,-26.946150262909693],[-48.729992314499015,-26.94615179432798],[-48.730200840434115,-26.94615564929871],[-48.730337846064785,-26.946159698325246],[-48.73048450066297,-26.94616670010355],[-48.730637127658476,-26.946176311162727],[-48.730792052436954,-26.94618819078536],[-48.73094559741416,-26.94620199551465],[-48.73109408699617,-26.946217382844058],[-48.73123384554762,-26.946234012086233],[-48.73136119647533,-26.946251539844187],[-48.73147246416947,-26.946269623649616],[-48.731584929269566,-26.946287703168146],[-48.73171521802231,-26.946305211994137],[-48.73185949754105,-26.946321817690862],[-48.732013934915685,-26.946337188734166],[-48.732174699297936,-26.946350990939436],[-48.732337955753195,-26.94636289277971],[-48.73249987342242,-26.946372560103438],[-48.73265661935639,-26.946379662352744],[-48.7328043606927,-26.946383864475372],[-48.73294360167115,-26.9463869388902],[-48.73307585387297,-26.94639079062349],[-48.733198795830475,-26.94639528942324],[-48.73331010609225,-26.946400304141726],[-48.73340746419391,-26.946405704554305],[-48.73348854765634,-26.946411360406604],[-48.733551035024064,-26.946417140558363],[-48.73359260482281,-26.9464229147688],[-48.73361622870272,-26.946437131701778],[-48.733622899401325,-26.94647197501975],[-48.73362428079839,-26.946496840695282],[-48.73362436218083,-26.946525732951905],[-48.73362314240327,-26.946557954179365],[-48.73362062443699,-26.946592802321252],[-48.733616809203774,-26.94662957709316],[-48.73361169660075,-26.94666757909651],[-48.733601930930995,-26.94671870730878],[-48.7335887002558,-26.946763949113674],[-48.733571212228775,-26.94680420324623],[-48.73354867243539,-26.946840371114764],[-48.73352028647852,-26.946873353224397],[-48.733485262009594,-26.946904048306934],[-48.73344280461154,-26.946933357766493],[-48.73339212193329,-26.946962180330974],[-48.733332418529585,-26.9469914182857],[-48.733284533046266,-26.947016372763454],[-48.73323239036349,-26.947048607412288],[-48.73317735321219,-26.947086999831555],[-48.7331207823308,-26.947130426688243],[-48.7330640404386,-26.947177766488306],[-48.73300849126582,-26.947227897756342],[-48.73295549554551,-26.947279698068716],[-48.73290641601071,-26.947332045938598],[-48.73286261541724,-26.947383818978928],[-48.73274793461261,-26.947522419212394],[-48.732638167428675,-26.947644881380675],[-48.73251626149233,-26.947774958018087],[-48.732413730508505,-26.947866765626536],[-48.73239969984315,-26.947888512755995],[-48.732282941195976,-26.947993337557378],[-48.7321799664648,-26.948068615845596],[-48.73216619989062,-26.94808924003979],[-48.732049690250264,-26.948176028723783],[-48.73194209402026,-26.94824558226759],[-48.73181822723531,-26.94832150155363],[-48.73173344416479,-26.94836907282116],[-48.73164938402859,-26.948404780372396],[-48.73153654631302,-26.94845808103016],[-48.73150095851011,-26.948460394492024],[-48.73136779664397,-26.94849987644288],[-48.7312756539311,-26.948491870974582],[-48.73123512584853,-26.948489661231907],[-48.73120391742402,-26.948469355782482],[-48.73114646260058,-26.948422633929066],[-48.73114058675445,-26.948386451457708],[-48.73114477425359,-26.948360393022583],[-48.73115329312989,-26.948330095103795],[-48.73116582414406,-26.94829636296011],[-48.73118205409674,-26.948260001947236],[-48.731201665798444,-26.948221815551577],[-48.73122434303089,-26.948182609080128],[-48.73124977058337,-26.948143187855987],[-48.7313386970411,-26.9480066635352],[-48.73140818063864,-26.947881394786275],[-48.73145866707809,-26.94776373571032],[-48.731490599077745,-26.94765003764365],[-48.73150441927204,-26.947536655522363],[-48.731500573345826,-26.947419942519115],[-48.731479504988684,-26.947296250865055],[-48.73144165584601,-26.94716193455724]]],[[[-48.62868000263952,-26.954833348530855],[-48.62869243605577,-26.954711574846595],[-48.62870440587269,-26.954601595938165],[-48.6287156527665,-26.954505696850262],[-48.62872591540176,-26.954426162593997],[-48.62873493244382,-26.954365278180504],[-48.62874244354563,-26.95432532954001],[-48.62878796295751,-26.954303341023614],[-48.62889301069116,-26.954295966569997],[-48.629057051797645,-26.954286775048384],[-48.62927380951736,-26.954276063167754],[-48.62953700204059,-26.954264128429045],[-48.62984035158643,-26.95425126839757],[-48.63017757936982,-26.95423778063788],[-48.630542405620446,-26.95422396182823],[-48.630928551577036,-26.954210108710292],[-48.6315750421941,-26.954185951997836],[-48.63213136679053,-26.95416135620598],[-48.63261509471408,-26.95413471427739],[-48.63304379534247,-26.954104416974157],[-48.63343503601147,-26.954068855630123],[-48.633806386074156,-26.95402642047202],[-48.63417541381612,-26.953975503310396],[-48.63455968754481,-26.95391449305925],[-48.63497677646817,-26.953841781156378],[-48.63510520194468,-26.95382066699866],[-48.63525589343025,-26.95379943260553],[-48.63542431409278,-26.953778527912092],[-48.63560593012518,-26.953758402918332],[-48.63579620368005,-26.953739508477785],[-48.63599059898462,-26.9537222927942],[-48.63618458120175,-26.953707207721244],[-48.63637361454778,-26.95369470241463],[-48.63655316117186,-26.953685228726908],[-48.636815176235494,-26.95367411240073],[-48.637029912863085,-26.95366701296568],[-48.63720576581732,-26.953664486449707],[-48.63735112784707,-26.953667088767236],[-48.637474395765004,-26.95367537403706],[-48.637583962301896,-26.953689898973778],[-48.63768822121766,-26.953711219374483],[-48.637795569356236,-26.95373988835442],[-48.637914399434806,-26.9537764643486],[-48.638025169591415,-26.953813814833516],[-48.638120449375776,-26.953850339896146],[-48.638203819367824,-26.95388856223296],[-48.6382788611667,-26.9539310045459],[-48.63834915433151,-26.953980191298264],[-48.638418280502016,-26.954038644273567],[-48.63848982026758,-26.954108887938165],[-48.63856735328324,-26.954193444028824],[-48.63865446118176,-26.9542948370151],[-48.638718313715955,-26.95437305275114],[-48.63877601394302,-26.95444854751892],[-48.63882717554751,-26.95452067504553],[-48.638871411187544,-26.95458878994298],[-48.638908334565116,-26.95465224503538],[-48.63893755936348,-26.954710394048284],[-48.63895869721571,-26.954762592476854],[-48.63897136184477,-26.954808192240556],[-48.63897516593134,-26.95484654704497],[-48.63897471656287,-26.954977118348676],[-48.63898177689472,-26.95507970984608],[-48.63900188295799,-26.9551578217606],[-48.63904057274179,-26.955214957049403],[-48.63910338225538,-26.955254616819072],[-48.63919584951563,-26.95528030218864],[-48.639323510503395,-26.95529551511396],[-48.63949190222655,-26.955303756621504],[-48.639706562710074,-26.955308527696054],[-48.64036192894141,-26.95532002179155],[-48.64036748532036,-26.955065576178757],[-48.64037631305997,-26.95490951024037],[-48.64039542472355,-26.95471849097735],[-48.640422551335924,-26.95450590737947],[-48.64045542197026,-26.954285146601002],[-48.640491766648864,-26.95406960032805],[-48.64052931553036,-26.95387265574194],[-48.64056579877734,-26.953707701833974],[-48.64059894759312,-26.953588127617415],[-48.6406264901624,-26.95352732296049],[-48.640676317682356,-26.95348496204585],[-48.64073940423826,-26.953452601538594],[-48.640813932471715,-26.953430277786477],[-48.64089808808951,-26.953418025384902],[-48.64099005680438,-26.9534158789317],[-48.641088021294614,-26.953423873879736],[-48.641190168267705,-26.953442045753526],[-48.641294680405466,-26.953470430015056],[-48.641399744434366,-26.953509061296717],[-48.64148243053768,-26.953544969141184],[-48.64155109323196,-26.953579432198897],[-48.6416083154352,-26.953615350736015],[-48.64165667500381,-26.95365562673168],[-48.641698752839964,-26.953703161308347],[-48.64173712983328,-26.953760856486664],[-48.64177438587339,-26.95383161426743],[-48.64181310089596,-26.953918334844925],[-48.641855855798326,-26.954023921134237],[-48.641900738526274,-26.95413405326089],[-48.641943724134514,-26.954226491636376],[-48.641989694599964,-26.954306405720562],[-48.64204353188239,-26.954378966772005],[-48.64211011896724,-26.954449346058787],[-48.64219433787437,-26.954522713919314],[-48.642301069646614,-26.95460424065965],[-48.64243519835094,-26.954699098418732],[-48.64260160416084,-26.954812455630353],[-48.64271156877113,-26.954886980185062],[-48.64282233510621,-26.954963052166686],[-48.64293153451144,-26.95503898777348],[-48.643036798375455,-26.95511310050397],[-48.64313575807447,-26.955183703862776],[-48.64322604292276,-26.955249113130392],[-48.643305285283134,-26.95530764183783],[-48.64337111650554,-26.955357603501938],[-48.6434211658676,-26.95539731431307],[-48.64346991505491,-26.95543442066888],[-48.64353148800572,-26.955476873396282],[-48.643603803431816,-26.95552345462617],[-48.64368478106664,-26.95557294560544],[-48.64377234158844,-26.955624130306578],[-48.64386440473703,-26.955675789080622],[-48.643958890206996,-26.955726704087073],[-48.64405371665937,-26.95577565837562],[-48.644146804779275,-26.955821434132613],[-48.644645303001994,-26.956059546512517],[-48.64501628959,-26.956730516212396],[-48.64515386935823,-26.956976104216682],[-48.64526973177684,-26.957174125912438],[-48.645369017282945,-26.95733015749091],[-48.64545686332333,-26.9574497777822],[-48.64553840947681,-26.95753856293049],[-48.64561879232724,-26.957602089920517],[-48.64570315251537,-26.957645935793828],[-48.64579662766487,-26.95767567843229],[-48.64590435744961,-26.957696894835266],[-48.64601762487215,-26.957720099604582],[-48.64610933188449,-26.95775187362616],[-48.64618091347112,-26.95779526940298],[-48.64623380666607,-26.957853337655298],[-48.64626944445265,-26.957929129927734],[-48.646289263794785,-26.958025699627434],[-48.64629469966942,-26.958146098316274],[-48.64628718804718,-26.958293377566932],[-48.64626816385907,-26.958470589832533],[-48.646251480936144,-26.958593370626517],[-48.6462351422978,-26.958694798850864],[-48.64621798526635,-26.958777613768483],[-48.64619884919022,-26.95884455377275],[-48.64617657544559,-26.958898356387373],[-48.64615000031587,-26.958941761757135],[-48.64611796617831,-26.95897750741996],[-48.646079310336525,-26.95900833263199],[-48.646032872141824,-26.95903697487651],[-48.64592845208425,-26.959077548760074],[-48.64579976179415,-26.95909727665262],[-48.645649465270616,-26.959096724581624],[-48.645480230616236,-26.95907645593729],[-48.64529472091464,-26.95903703403107],[-48.645095603228796,-26.958979024956214],[-48.64488554166139,-26.958902992059947],[-48.64466720329606,-26.95880950055702],[-48.64444325325316,-26.958699112936518],[-48.644341179807576,-26.958646086025997],[-48.64423731177146,-26.95859335662888],[-48.64413393776704,-26.958542007083086],[-48.64403334445098,-26.95849311699272],[-48.64393781841576,-26.95844776867419],[-48.64384964626565,-26.958407043547137],[-48.64377111659413,-26.958372023971467],[-48.64370451603405,-26.958343789570286],[-48.6436521311421,-26.958323423576694],[-48.643497098831816,-26.95826182132296],[-48.64333752021611,-26.958188404320893],[-48.643176980903164,-26.95810542085815],[-48.64301906847274,-26.958015120173],[-48.642867370479266,-26.957919751518155],[-48.64272547243742,-26.957821564125943],[-48.64259696184962,-26.957722807273687],[-48.642485426194554,-26.95762573024711],[-48.64239445091742,-26.95753258230309],[-48.64222783873569,-26.957347884700784],[-48.64208820931078,-26.95719842714866],[-48.6420676523769,-26.95717921385563],[-48.641914119524046,-26.957026754077006],[-48.64180812436959,-26.956923894551444],[-48.64176746775027,-26.956890695087054],[-48.64162792273143,-26.956771221161823],[-48.64154765110389,-26.956705880035013],[-48.64149571107874,-26.956668520202584],[-48.64137106143972,-26.956582779242087],[-48.64130024263319,-26.956541279940385],[-48.64125419948412,-26.95651418345831],[-48.641145352843786,-26.956462920768846],[-48.641059356265906,-26.95642698792426],[-48.641020048788086,-26.956415710556474],[-48.64090149212147,-26.95637916595581],[-48.64081844429466,-26.956359900222516],[-48.64078693945459,-26.95635315353414],[-48.6406736473668,-26.956337541653813],[-48.64055887451097,-26.956332195995813],[-48.64043987750905,-26.956336983100528],[-48.64031391398857,-26.95635176951549],[-48.64017824056695,-26.956376421760506],[-48.64003011484387,-26.956410807261577],[-48.639809331232094,-26.956457346211145],[-48.63959495814304,-26.956484228449686],[-48.63938972339592,-26.95649190307064],[-48.63919635776049,-26.956480821937873],[-48.639017588019435,-26.95645143415286],[-48.63885614496154,-26.956404188892922],[-48.638714756293965,-26.95633953709418],[-48.63859615174775,-26.956257927923524],[-48.638503061005025,-26.956159811446927],[-48.638403556236355,-26.95602783460578],[-48.636696095109514,-26.956248700159],[-48.63615595801628,-26.95631784908853],[-48.63565091683301,-26.956381644913247],[-48.63518053453312,-26.956440140245043],[-48.63474437607542,-26.95649338859921],[-48.63434200639095,-26.95654144436195],[-48.63397298840781,-26.956584360953233],[-48.63363688504573,-26.95662219176398],[-48.633333262255334,-26.95665498930552],[-48.63306168292178,-26.956682807815625],[-48.63294860182872,-26.956694481213916],[-48.6328598963441,-26.956705681299795],[-48.632792359524636,-26.956718411755514],[-48.632742790538394,-26.956734672739316],[-48.63270798243646,-26.95675646790392],[-48.632684732333814,-26.956785799156876],[-48.632669837345176,-26.956824668399985],[-48.63266009158298,-26.956875076578932],[-48.63265229210081,-26.95693902829634],[-48.63264505047163,-26.956989835881455],[-48.6326331456277,-26.957060226815834],[-48.63261711210895,-26.957147512776867],[-48.63259748549878,-26.957249003654518],[-48.632574799292826,-26.957362012913375],[-48.63254958807154,-26.95748385042689],[-48.63252238738832,-26.95761182789023],[-48.632493731776044,-26.957743257884463],[-48.6324641548044,-26.957875451170448],[-48.632417267572336,-26.95807718472233],[-48.632375449476406,-26.958243246384075],[-48.63233530135118,-26.958381171025678],[-48.63229342199993,-26.95849849257418],[-48.632246413198864,-26.958602745903015],[-48.63219087468638,-26.958701465844936],[-48.63212340518748,-26.95880218630515],[-48.63204060438338,-26.95891244209643],[-48.63193907394512,-26.95903976714783],[-48.63184784294577,-26.959149538260537],[-48.631760337734605,-26.959247761528896],[-48.63167405223501,-26.959336535364706],[-48.63158648029811,-26.95941796087866],[-48.63149511481116,-26.95949413645095],[-48.63139745062443,-26.959567162292206],[-48.63129098158789,-26.959639137685464],[-48.63117319952472,-26.959712161870026],[-48.63104160023212,-26.9597883359452],[-48.630855166275495,-26.9598919346315],[-48.630696786099925,-26.959976295154323],[-48.630553377581826,-26.960046120329018],[-48.630411856514364,-26.960106112869983],[-48.630259138638166,-26.960160975433535],[-48.63008214067431,-26.960215409728896],[-48.629867777263655,-26.9602741182549],[-48.6296029649809,-26.960341804338047],[-48.62927462035495,-26.96042316934987],[-48.62906374575644,-26.96047393906846],[-48.62896808162676,-26.96049286590165],[-48.62888219355781,-26.960514884532984],[-48.62872413269876,-26.960546742486645],[-48.628685039078924,-26.960544485717076],[-48.628583728015194,-26.96057025226942],[-48.62845514541019,-26.96058614959713],[-48.6284197862567,-26.960577965416956],[-48.62833255271411,-26.96059517380145],[-48.62821011378072,-26.960598061417652],[-48.62816661567702,-26.96059324155197],[-48.62808199644984,-26.960595550832124],[-48.6279310942309,-26.960589314165183],[-48.627767492099025,-26.960570444682897],[-48.62767369233912,-26.960568925510447],[-48.62756131140965,-26.960538924924382],[-48.62742252458529,-26.96052920621764],[-48.62733644280777,-26.960496850689374],[-48.62716060917686,-26.960471025520874],[-48.62710550056084,-26.96044725156632],[-48.62688223962543,-26.960394321579557],[-48.6267853298484,-26.96036496890855],[-48.62669260414403,-26.960336012393206],[-48.62660573631641,-26.96030802347431],[-48.6265143920343,-26.96028258873256],[-48.626456265388626,-26.960257237745207],[-48.626385154343495,-26.96023489327212],[-48.62635029841848,-26.960217181341818],[-48.6263178127516,-26.960202606375006],[-48.62629634826789,-26.96018384936582],[-48.626306181619626,-26.960161493638985],[-48.626339036049266,-26.960134427912045],[-48.626362939481545,-26.960119961523635],[-48.62639120917202,-26.960105315985718],[-48.6264233839523,-26.96009082463874],[-48.6264589996346,-26.960076820772404],[-48.62649777198406,-26.960061203310158],[-48.6265390588161,-26.960041604352607],[-48.62658184403888,-26.96001869532288],[-48.62662511665205,-26.95999314502386],[-48.6266678615736,-26.959965624898164],[-48.62670906376126,-26.959936804585702],[-48.626747712201585,-26.959907353795412],[-48.62678279079292,-26.959877944858903],[-48.62681328755695,-26.959849245666085],[-48.626857884540506,-26.959805097352245],[-48.62689678493562,-26.959771214532935],[-48.626933765232764,-26.959747065207537],[-48.62697260284797,-26.959732120996097],[-48.6270170752517,-26.959725850807917],[-48.62707095687601,-26.9597277243983],[-48.627138027170744,-26.95973721250228],[-48.62722206061473,-26.959753783053916],[-48.62732683566449,-26.95977690674735],[-48.62760267376927,-26.95982567919859],[-48.627887060066,-26.959850082929492],[-48.628178767061975,-26.959850297558514],[-48.628476566247656,-26.95982650269534],[-48.62877923214514,-26.959778877107237],[-48.62908553524501,-26.959707599503314],[-48.62939425004367,-26.959612849572597],[-48.629704147999064,-26.959494807865966],[-48.630014000629,-26.95935365223891],[-48.63028579826503,-26.959206068976002],[-48.63053446894562,-26.95904264537031],[-48.630759712324355,-26.95886372933621],[-48.63096122806037,-26.958669669681957],[-48.63113871686254,-26.958460814321995],[-48.63129187946367,-26.95823751116149],[-48.63142041460686,-26.958000108062084],[-48.63152402407855,-26.95774895292585],[-48.631602406649364,-26.95748439449539],[-48.63165020707284,-26.95727776479778],[-48.63169667738441,-26.957058603547832],[-48.63174074626854,-26.95683340091116],[-48.63178133836877,-26.9566086487931],[-48.63181738138957,-26.95639083825063],[-48.63184780102255,-26.956186461211388],[-48.63187152500655,-26.95600200873651],[-48.63188748006397,-26.955843972773067],[-48.63189459295676,-26.955718843463547],[-48.631899990180166,-26.955472536164017],[-48.63153175019691,-26.955508973042583],[-48.631376178941586,-26.955525879988134],[-48.631137446211056,-26.95555356909631],[-48.63083562082936,-26.9555895698381],[-48.63049077072049,-26.955631407224676],[-48.630122964769924,-26.95567661003722],[-48.62975227198069,-26.955722703641364],[-48.62939875929522,-26.955767218090923],[-48.62908249579057,-26.95580768006646],[-48.628823549556174,-26.955841617295576],[-48.628586691392314,-26.95587370209346],[-48.62865479241977,-26.955103138414533],[-48.62866736796983,-26.954964631997292],[-48.62868000263952,-26.954833348530855]],[[-48.63749321825412,-26.955273995986076],[-48.63748492829411,-26.95523753143651],[-48.637466568594085,-26.955218616946798],[-48.63743880566883,-26.955197040673376],[-48.637401698270345,-26.955171145868363],[-48.63732380943534,-26.9551285497706],[-48.6372235707752,-26.955092345298176],[-48.63717441827245,-26.955082778894468],[-48.637100183424415,-26.95506245133235],[-48.63695284647986,-26.955038787608327],[-48.63682115218093,-26.955027144365587],[-48.63678076007711,-26.955021272058286],[-48.636583124327174,-26.955009823499292],[-48.63637184131879,-26.955002495455663],[-48.63610800311141,-26.95500480610293],[-48.635856425812484,-26.955007085448234],[-48.6358289178753,-26.955011072996594],[-48.63530484467048,-26.955039167914766],[-48.6352376327334,-26.955044840096175],[-48.63474703885884,-26.955096997781645],[-48.63467762697059,-26.955105446491604],[-48.63421294939609,-26.955178829542067],[-48.63416675557232,-26.955187485363258],[-48.633732514380576,-26.955282918093122],[-48.633363837425584,-26.955394249690602],[-48.633335676118186,-26.95540751787342],[-48.633135024639905,-26.955496236203857],[-48.633107502498696,-26.955508166871965],[-48.63300511056386,-26.95557846974052],[-48.63297172450595,-26.955621901550217],[-48.6329452880327,-26.955653714225758],[-48.632964634686104,-26.95572575798755],[-48.63303332200567,-26.95578121827125],[-48.633133267527455,-26.955827208290657],[-48.633179881681585,-26.95583246780131],[-48.633235344856736,-26.955851770251403],[-48.633393941234644,-26.95587470916148],[-48.63360684557703,-26.9558977465077],[-48.633674849638844,-26.95590743840128],[-48.633844901265846,-26.955917208945326],[-48.634021960926276,-26.955930148855348],[-48.6340969140273,-26.9559330176579],[-48.63415055897536,-26.955935397953553],[-48.63427834187086,-26.955939707383155],[-48.63434719991047,-26.95594419826681],[-48.634402701308154,-26.955943036082417],[-48.63452102691165,-26.955945345671047],[-48.63458007398996,-26.955949773779388],[-48.634630711362654,-26.955946596023416],[-48.63472914434096,-26.95594674606796],[-48.63477985432583,-26.955948768254572],[-48.634813718470994,-26.95594575839716],[-48.63488182544644,-26.955943591980898],[-48.63493085392324,-26.955940206640406],[-48.635374320368406,-26.95588959429741],[-48.63577680334163,-26.955835989331902],[-48.63613768285971,-26.955779520671456],[-48.63645633691898,-26.95572031808241],[-48.63673214453406,-26.955658511316642],[-48.636964483743014,-26.95559422917371],[-48.63715273460847,-26.955527600451692],[-48.63729627513413,-26.95545875658407],[-48.637394484435276,-26.95538782447148],[-48.63743372288214,-26.955350116136383],[-48.637463220849966,-26.955319679501077],[-48.63748303306903,-26.955294857762283],[-48.63749321825412,-26.955273995986076]]],[[[-48.66486839377377,-26.91247706172823],[-48.66412367791659,-26.91187439419403],[-48.66398152910392,-26.911759184043984],[-48.66383014912808,-26.911636383166524],[-48.66367328328946,-26.911509041465973],[-48.66351467687516,-26.9113802079583],[-48.66335807515705,-26.911252930772005],[-48.66320722432381,-26.911130260773152],[-48.66306586756936,-26.911015246085206],[-48.662937752047974,-26.910910936714398],[-48.662826621910796,-26.910820380821967],[-48.66263764115549,-26.91067208435388],[-48.66244118350173,-26.910527756306987],[-48.6622438354665,-26.910391390690283],[-48.662052179461284,-26.910266982380975],[-48.66187280194175,-26.91015852274661],[-48.661712286207674,-26.910070007643846],[-48.661577218605274,-26.910005430295147],[-48.661474182436024,-26.909968784788234],[-48.66140976204444,-26.90996406432647],[-48.66138879094015,-26.9099790715738],[-48.66135144239219,-26.910015701143323],[-48.66129952174862,-26.910071827947917],[-48.66123483432976,-26.9101453277997],[-48.661159185471014,-26.9102340756079],[-48.66107438149686,-26.91033594720163],[-48.66098222672491,-26.910448818379372],[-48.66088452652556,-26.910570563156053],[-48.66078308622541,-26.910699058258036],[-48.66067664989896,-26.910835213256277],[-48.660564034778226,-26.910979025676827],[-48.66044798715606,-26.911127017065024],[-48.66033125134073,-26.911275708943453],[-48.66021657267599,-26.911421622862477],[-48.660106695528036,-26.91156128036668],[-48.66000436630211,-26.911691203044168],[-48.65991232842586,-26.911807911539533],[-48.659833328325426,-26.911907928358026],[-48.65944298700475,-26.91240061597584],[-48.657936136451404,-26.912384774213756],[-48.657478142480585,-26.91237693439171],[-48.65703908616586,-26.912363550773122],[-48.65662591290665,-26.91234517834743],[-48.65624556710868,-26.91232237035122],[-48.65590499216521,-26.91229567915585],[-48.655611133401905,-26.912265659908062],[-48.65537093617783,-26.912232865062634],[-48.655191342775915,-26.91219784881803],[-48.65507929950644,-26.912161164499135],[-48.65508124023948,-26.912126987754462],[-48.6551142562753,-26.91209983561861],[-48.655168241916684,-26.91206617980864],[-48.6552429010643,-26.912026172400697],[-48.655337939607165,-26.911979966397514],[-48.65545306041026,-26.911927714743143],[-48.6555879693153,-26.911869572227985],[-48.65574237122798,-26.91180569000961],[-48.65587907197281,-26.911750258962822],[-48.656009479052116,-26.91169809739851],[-48.65613126421025,-26.91165007991747],[-48.656242098228304,-26.911607079306737],[-48.65633965291622,-26.911569967473255],[-48.65642159904253,-26.911539618114777],[-48.65648560840054,-26.911516904044337],[-48.65653992684652,-26.911500286416373],[-48.65657592840268,-26.911488948799995],[-48.65660474499227,-26.91146278509492],[-48.65663588664893,-26.91142152817641],[-48.656668286360706,-26.911367320723365],[-48.65670087911267,-26.91130230635132],[-48.65673259987586,-26.911228629579288],[-48.65676238267655,-26.911148432204495],[-48.656789162497475,-26.91106385874853],[-48.65681187334009,-26.91097705281529],[-48.6568231941343,-26.910918271094012],[-48.65682814908499,-26.91086260713019],[-48.65682599837381,-26.910807574199904],[-48.656816000133446,-26.910750687348973],[-48.65679741453023,-26.910689460753222],[-48.65676949970381,-26.910621409455494],[-48.65673151482556,-26.91054404761125],[-48.656682720082365,-26.910454889390305],[-48.65662237263586,-26.910351449811724],[-48.65655493530158,-26.91024067400985],[-48.65649500532457,-26.91014934099402],[-48.65643872193609,-26.910074058528778],[-48.65638222641943,-26.910011433504426],[-48.65632165804244,-26.909958073674513],[-48.65625315709214,-26.909910586803147],[-48.656172862861794,-26.909865580629926],[-48.656076916690154,-26.90981966201534],[-48.65596145889091,-26.909769439593493],[-48.65587869130229,-26.909735068737337],[-48.65578587000165,-26.909697911111465],[-48.65568557467557,-26.90965890474986],[-48.65558038792989,-26.90961899225271],[-48.65547289145021,-26.909579111699475],[-48.655365664846116,-26.909540203849698],[-48.65526129172591,-26.909503210439265],[-48.65516235274652,-26.909469069552614],[-48.65507142850281,-26.90943872198687],[-48.654760616833705,-26.909332866202757],[-48.654497768495055,-26.909231236974033],[-48.654279938068946,-26.909131640551717],[-48.654104174175835,-26.90903188122105],[-48.65396752947163,-26.90892976418365],[-48.65386705665172,-26.90882309369437],[-48.65379980637548,-26.90870967574163],[-48.65376283033512,-26.908587315398197],[-48.65375318024452,-26.908453816810752],[-48.653756610926806,-26.90839667206124],[-48.65376430627919,-26.90833769048755],[-48.65377601288593,-26.908277638543744],[-48.653791476232435,-26.908217287177482],[-48.65381044083619,-26.908157405515343],[-48.653832653265745,-26.908098760913138],[-48.65385785902884,-26.90804212341625],[-48.65388580262859,-26.907988263053507],[-48.65391623063821,-26.907937947180937],[-48.653977635581185,-26.907827171391506],[-48.65401574247558,-26.907718169614583],[-48.654030755361006,-26.90761159230016],[-48.6540228753123,-26.907508087130093],[-48.65399230736996,-26.907408304548007],[-48.65393925463202,-26.90731289134447],[-48.6538639200974,-26.90722249880969],[-48.653766506813824,-26.907137775516805],[-48.65364721983319,-26.90705937006201],[-48.653552754954525,-26.907003318650858],[-48.653480194599524,-26.906955236957746],[-48.65342869394585,-26.9069121203445],[-48.65339740818513,-26.906870964162792],[-48.65338549152956,-26.906828762836252],[-48.653392100188064,-26.90678251171562],[-48.6534163873673,-26.906729205191795],[-48.653457508261006,-26.906665838584335],[-48.653514619076894,-26.90658940632147],[-48.65354014266833,-26.906553938636943],[-48.65356433520827,-26.906516297446103],[-48.65358677418496,-26.906477395293095],[-48.653607041113034,-26.906438144789377],[-48.653624713483644,-26.906399458479658],[-48.6536393728327,-26.906362248073673],[-48.65365059665345,-26.906327426116434],[-48.653657965477116,-26.90629590430095],[-48.653661058791556,-26.906268596107555],[-48.65366580316915,-26.906240154846508],[-48.65367846584724,-26.90620492003257],[-48.65369829487198,-26.90616406133524],[-48.653724538326465,-26.906118746619075],[-48.65375644326957,-26.906070144633706],[-48.65379325879292,-26.906019423260105],[-48.65383423095309,-26.905967751231568],[-48.653878608828165,-26.90591629733228],[-48.65392564053065,-26.9058662285263],[-48.65397568736342,-26.90581219313865],[-48.65402926785771,-26.905749315877664],[-48.65408503782341,-26.905679465873195],[-48.65414165199555,-26.905604515849237],[-48.654197765190794,-26.905526334923966],[-48.65425203320238,-26.905446794039165],[-48.65430311082498,-26.905367764122495],[-48.65434965287934,-26.9052911152018],[-48.65439031516171,-26.90521871912778],[-48.654451223028445,-26.905109633100793],[-48.65451284147572,-26.90501407893441],[-48.65458361088244,-26.904924786189888],[-48.65467196854704,-26.904834485259155],[-48.65478635278122,-26.904735903814952],[-48.65493520181238,-26.90462177038818],[-48.65512695373766,-26.90448481525006],[-48.655370045554,-26.90431776676114],[-48.65567291607189,-26.90411335409605],[-48.65587754159487,-26.903975790448815],[-48.65609214655163,-26.90383131088006],[-48.656311627712036,-26.903683371714394],[-48.656530883927545,-26.903535428441998],[-48.65674481410155,-26.903390936588345],[-48.65694831718785,-26.903253351713015],[-48.65713629015492,-26.90312613027529],[-48.6573036330466,-26.903012727908095],[-48.657445243940295,-26.902916599327302],[-48.657584094229684,-26.90282517152804],[-48.65773535577745,-26.902730585289575],[-48.65789561773859,-26.902634724187298],[-48.65806147130104,-26.902539471844634],[-48.65822950465579,-26.902446711851496],[-48.6583963080467,-26.902358326946608],[-48.658558473732114,-26.902276200821724],[-48.658712588939466,-26.902202218003982],[-48.65885524499232,-26.902138260395823],[-48.65906549748277,-26.902048961861613],[-48.659239403041056,-26.901978374869316],[-48.65938895113575,-26.901923794360933],[-48.65952612605282,-26.9018825196327],[-48.65966291511288,-26.901851847268677],[-48.65981130559222,-26.901829074705432],[-48.659983283762784,-26.901811498407003],[-48.66019083688999,-26.901796414785608],[-48.660445951163695,-26.901781122849318],[-48.66060459098254,-26.901772949077174],[-48.66075541907454,-26.901766971222266],[-48.660895868033286,-26.9017631765471],[-48.66102337050672,-26.901761549616033],[-48.661135360091244,-26.901762077722555],[-48.66122926739991,-26.90176474630924],[-48.66130252708683,-26.901769539983665],[-48.66135256970445,-26.90177644689197],[-48.66137682992039,-26.901785450729125],[-48.661404540007304,-26.901824320617287],[-48.661422618841456,-26.90185624109687],[-48.66144281100644,-26.901895067649036],[-48.66146458884045,-26.901939737499145],[-48.661487424662056,-26.901989188774955],[-48.66151079082564,-26.90204235780015],[-48.66153416165922,-26.9020981827363],[-48.661557009513814,-26.90215559990757],[-48.66159257826132,-26.902245193505095],[-48.661624846132504,-26.9023171784437],[-48.661657040119216,-26.90237433711445],[-48.66169238813651,-26.902419456433208],[-48.661734118180675,-26.902455319704256],[-48.66178545622228,-26.90248471109652],[-48.66184963224342,-26.902510415741634],[-48.66192987123929,-26.902535216875197],[-48.66202940319046,-26.90256190051089],[-48.6621344395394,-26.902587775524612],[-48.66222843297649,-26.90260505968139],[-48.66232360597859,-26.902612091004844],[-48.66243218109816,-26.90260720387612],[-48.6625663787895,-26.90258873621035],[-48.66273842354212,-26.902555024125906],[-48.66296053680055,-26.902504402701062],[-48.66324494091244,-26.902435208707285],[-48.66360385815454,-26.902345777835784],[-48.66383680565604,-26.90228941078891],[-48.66408250018491,-26.90223317216372],[-48.66433502116933,-26.902178239057523],[-48.66458844503815,-26.90212578855977],[-48.66483685231916,-26.902076995163767],[-48.665074320464036,-26.902033036964028],[-48.66529492800027,-26.90199508940447],[-48.66549275346536,-26.901964327961966],[-48.665661874340095,-26.90194193082747],[-48.666495098377446,-26.90184389738481],[-48.666712808084995,-26.902005281877052],[-48.666755501139924,-26.902041183112157],[-48.66680259418293,-26.902088178402547],[-48.666852833129056,-26.902144600989676],[-48.66690496288353,-26.902208784099688],[-48.66695772829106,-26.902279063666565],[-48.667009876295786,-26.9023537711484],[-48.667060150742834,-26.902431241563402],[-48.66710729647706,-26.902509809947787],[-48.66715006042374,-26.90258780776371],[-48.66720825043529,-26.902695588818585],[-48.667264627850784,-26.902790342241442],[-48.667321810811,-26.902874901604065],[-48.66738241139543,-26.902952102179196],[-48.66744904773251,-26.90302477933532],[-48.66752433296856,-26.90309576654859],[-48.667610884250614,-26.90316789915983],[-48.667711316747535,-26.903244011566574],[-48.66782824464142,-26.903326938139784],[-48.66795687416576,-26.903414945493584],[-48.66806715667092,-26.903486287730967],[-48.66816527337643,-26.903543362778453],[-48.66825741157224,-26.903588568642444],[-48.66834975257209,-26.903624301409128],[-48.66844848271986,-26.903652958134373],[-48.66855978535491,-26.9036769358071],[-48.668689844817564,-26.90369863231362],[-48.66884484551907,-26.90372044280585],[-48.669402821199256,-26.903795218904154],[-48.669855278926356,-26.904362461146636],[-48.6699375128469,-26.904467807217966],[-48.67001763457153,-26.904574700337587],[-48.670094105710405,-26.90468080489996],[-48.670165385831176,-26.9047837861709],[-48.67022993646648,-26.904881311255775],[-48.670286218226764,-26.904971042734207],[-48.67033269061743,-26.90505064768071],[-48.670367816233444,-26.905117789611086],[-48.67039005357127,-26.905170135582285],[-48.67041246579483,-26.90522803436945],[-48.67043833725389,-26.90528075526087],[-48.670468554029895,-26.90532921530681],[-48.67050399819937,-26.90537433058791],[-48.67054555381586,-26.905417019020984],[-48.67059410601504,-26.905458194929246],[-48.67065053682357,-26.905498777094653],[-48.67071573033903,-26.90553968162355],[-48.67079057066248,-26.90558182461929],[-48.67085158403305,-26.905615910848944],[-48.67091711768988,-26.905655208264427],[-48.67098553320422,-26.90569857622862],[-48.67105519022293,-26.905744869563257],[-48.671124448295,-26.905792947603523],[-48.671191668044045,-26.905841666095572],[-48.67125521006951,-26.905889881690467],[-48.671313434928436,-26.90593645284589],[-48.671364702203896,-26.90598023620063],[-48.6714398253499,-26.90604785909272],[-48.67149855019972,-26.906105338858968],[-48.67154279418038,-26.90615797552639],[-48.671574475704965,-26.906211070936468],[-48.671595510196624,-26.90626992597388],[-48.67160781507746,-26.906339842454933],[-48.67161330778958,-26.906426121291172],[-48.671613904749954,-26.906534064277928],[-48.671611524424335,-26.906668971438478],[-48.67161246646351,-26.90684249326403],[-48.67162369347611,-26.906995187954045],[-48.67164589987904,-26.907128535215183],[-48.67167978110601,-26.90724401386494],[-48.67172603252775,-26.907343105423152],[-48.67178534958236,-26.907427287796473],[-48.67185842561559,-26.90749804246172],[-48.67194595704282,-26.907556848233387],[-48.672048638263504,-26.90760518388638],[-48.672113464783756,-26.907629669321214],[-48.672170213785236,-26.907647906650226],[-48.67222179894615,-26.907659866327947],[-48.67227113592375,-26.907665520641388],[-48.67232113840167,-26.907664840035956],[-48.67237472203924,-26.907657796790218],[-48.672434801543744,-26.907644360455066],[-48.6725042915454,-26.90762450418403],[-48.67258610775031,-26.907598197531062],[-48.6727346408748,-26.907546725749228],[-48.672859085861944,-26.907497718241753],[-48.672964039705995,-26.90744750217723],[-48.67305409833726,-26.9073924064872],[-48.673133859718796,-26.90732875831331],[-48.673207919748116,-26.907252886553636],[-48.67328087333546,-26.90716111827317],[-48.67335731939293,-26.907049780591805],[-48.673441851714756,-26.906915203240505],[-48.673504582773745,-26.9068082291414],[-48.67356065945006,-26.90670236992149],[-48.67361122532245,-26.906594382157312],[-48.673657423008265,-26.90648101969927],[-48.673700395059576,-26.906359039101414],[-48.673741286068406,-26.906225195144255],[-48.673781237598,-26.90607624255621],[-48.67382139416346,-26.90590893881961],[-48.67386289734042,-26.90572003685395],[-48.6738930964159,-26.905580527140266],[-48.67392324150646,-26.905447671941072],[-48.67395269613095,-26.905323844084105],[-48.67398082591886,-26.90521141192071],[-48.67400699544266,-26.90511274649278],[-48.67403056929675,-26.905030217940823],[-48.67405091308368,-26.90496619642232],[-48.674067390393546,-26.90492305206174],[-48.674079367796054,-26.90490315683734],[-48.674152857505184,-26.90486643237366],[-48.674278100064896,-26.90482764214507],[-48.67444244453667,-26.904788814701693],[-48.674633239020174,-26.90475197769497],[-48.67483783257568,-26.90471916245132],[-48.675043572389,-26.904692394918975],[-48.675237807588196,-26.90467370566429],[-48.67540788737044,-26.90466512261625],[-48.67554115990966,-26.904668674641506],[-48.6756328986082,-26.904675703707625],[-48.67571611270834,-26.90467830941049],[-48.67579356238249,-26.904675992146036],[-48.67586801082231,-26.904668252352813],[-48.675942219261884,-26.904654587723616],[-48.676018949884124,-26.904634498668123],[-48.67610096486854,-26.90460748558969],[-48.676191026444734,-26.90457304617795],[-48.67629189575504,-26.904530681705854],[-48.676393417910994,-26.90448420560267],[-48.676485641068915,-26.904436070195008],[-48.67657163695974,-26.90438373518552],[-48.676654476333255,-26.90432465844654],[-48.67673722892047,-26.904256297825324],[-48.67682296741967,-26.904176113014703],[-48.67691475949864,-26.904081562713735],[-48.677015678858446,-26.903970104808486],[-48.67712879311571,-26.903839197975568],[-48.677211301877136,-26.903739497925024],[-48.67729556055105,-26.903633226233758],[-48.677379700477076,-26.9035230116137],[-48.67746184995449,-26.903411484536946],[-48.67754014037218,-26.903301272824304],[-48.67761270108458,-26.90319500607266],[-48.677677662465676,-26.903095313899758],[-48.67773315290641,-26.903004824991243],[-48.677777303823966,-26.90292616808427],[-48.67781584034024,-26.902855959405805],[-48.677855151222246,-26.90278981446606],[-48.67789436484269,-26.90272886230635],[-48.67793260752844,-26.90267423374032],[-48.67796900562783,-26.90262705868067],[-48.67800268550995,-26.902588466138976],[-48.67803277352683,-26.902559586029717],[-48.67806854069318,-26.9025385169215],[-48.67810333506076,-26.902541818201822],[-48.678141539257446,-26.902559500754005],[-48.67819164926526,-26.902587449355927],[-48.67825201637085,-26.9026245819361],[-48.6783209928495,-26.902669817342012],[-48.67839693101215,-26.902722072618356],[-48.678478182123456,-26.90278026659962],[-48.67856310049904,-26.902843316368447],[-48.67865003638683,-26.902910140748826],[-48.67874047536485,-26.902979711931902],[-48.678835484007585,-26.903050671242056],[-48.678932785600075,-26.90312143897883],[-48.679030104440784,-26.90319043456168],[-48.67912516582328,-26.903256077432165],[-48.67921569398747,-26.903316788825],[-48.67929941219475,-26.903370988159107],[-48.67937404571166,-26.903417094890663],[-48.67943731776923,-26.903453529347924],[-48.67950271305122,-26.903492456906594],[-48.679582965978895,-26.90354527615226],[-48.679675483820645,-26.903610012335896],[-48.6797776708225,-26.90368469066172],[-48.679886936290195,-26.903767334617076],[-48.68000068646224,-26.90385596944993],[-48.68011632657503,-26.903948619496436],[-48.68023126484918,-26.904043310051893],[-48.68034290648834,-26.904138065467315],[-48.68093687203932,-26.904652216144168],[-48.68138322517642,-26.904659905275892],[-48.68151151038218,-26.904661402434584],[-48.681616070408516,-26.90465985935518],[-48.68170219463664,-26.90465355900134],[-48.68177516942876,-26.9046407842652],[-48.681840284201485,-26.904619816268333],[-48.68190282633716,-26.90458893698916],[-48.68196808317422,-26.904546430199943],[-48.682041343081934,-26.904490577874345],[-48.682127892416744,-26.90441966103762],[-48.68219285065697,-26.90436416954341],[-48.68224950613177,-26.904311561223558],[-48.68229806239155,-26.904261579530495],[-48.68233872205238,-26.904213964289827],[-48.68237168767331,-26.904168458031858],[-48.68239716082416,-26.9041248023666],[-48.682415346110616,-26.90408273805009],[-48.68242644407554,-26.90404200757519],[-48.68243065829802,-26.904002352581017],[-48.6824291070591,-26.903943028256844],[-48.68242337395179,-26.903830956662674],[-48.682413833717185,-26.903671790471403],[-48.682400860093864,-26.903471182339086],[-48.68238482885343,-26.903234784052618],[-48.68236611476204,-26.902968247382436],[-48.682345092567076,-26.902677225001383],[-48.6823221370512,-26.902367367778435],[-48.68229762293945,-26.902044329289428],[-48.68222297378226,-26.901071420712622],[-48.68216048989079,-26.900254985213227],[-48.68210778170798,-26.899563130413142],[-48.682062462825805,-26.898963962167322],[-48.68202214586399,-26.8984255881092],[-48.68198444353343,-26.8979161140607],[-48.68194696855235,-26.89740364764202],[-48.681907332673,-26.896856296451237],[-48.68186315076432,-26.896242165423388],[-48.68180492355519,-26.895468318492785],[-48.681749210196344,-26.894821301072934],[-48.68169336322219,-26.894286495413276],[-48.68163473424943,-26.893849281031933],[-48.68157067290392,-26.89349503740603],[-48.68149853279574,-26.893209146777064],[-48.68141566561024,-26.892976987736475],[-48.681319420983364,-26.892783941539776],[-48.68120715262177,-26.892615388596177],[-48.6811585383278,-26.89254966373684],[-48.68111271732422,-26.892485747190236],[-48.68107047981591,-26.89242486390488],[-48.68103261294954,-26.892368240584478],[-48.68099990593709,-26.89231710125977],[-48.68097314892158,-26.89227267358667],[-48.68095312911937,-26.8922361806608],[-48.680940635686056,-26.892208849218868],[-48.68094896992076,-26.89216038464778],[-48.680983126592324,-26.892122330513416],[-48.6810356327487,-26.89207965857013],[-48.68110319429881,-26.892034286514196],[-48.68118251618937,-26.891988130222224],[-48.681270304382835,-26.891943105591917],[-48.68136326380976,-26.89190113031567],[-48.681458100436735,-26.891864121208844],[-48.681551519271906,-26.891833993275412],[-48.68161171624365,-26.891819765751194],[-48.681676842398495,-26.891810734126928],[-48.68174973038815,-26.891807121780865],[-48.68183321683607,-26.89180915485697],[-48.68193013436414,-26.891817058522435],[-48.68204331759415,-26.891831058868863],[-48.68217560219914,-26.89185138018642],[-48.68232982080733,-26.891878248502866],[-48.68250881010264,-26.891911888988794],[-48.68283342596936,-26.891971425778394],[-48.68310045848984,-26.892008678006462],[-48.683323030332275,-26.89201951968748],[-48.68351426428473,-26.891999821095283],[-48.68368728213404,-26.89194545329097],[-48.683855206646655,-26.89185228817697],[-48.68403116156527,-26.891716196700965],[-48.684228268523114,-26.891533049703927],[-48.684459648980294,-26.891298718837668],[-48.68456561985017,-26.89118945711904],[-48.68466629807893,-26.8910865365682],[-48.684759917118505,-26.890991697005237],[-48.684844706313434,-26.890906682699367],[-48.6849188961129,-26.890833233428847],[-48.68498071792019,-26.89077309169669],[-48.68502840313817,-26.890728000005932],[-48.685060181171096,-26.890699699922664],[-48.68509324371275,-26.890702529634837],[-48.685139541894486,-26.89073868486559],[-48.68521050199047,-26.890796171850287],[-48.68530344802065,-26.890872764599713],[-48.685415703026806,-26.890966236202473],[-48.68554459204572,-26.89107436068216],[-48.68568743811433,-26.891194911130118],[-48.6858415662327,-26.891325662480337],[-48.68600429942642,-26.891464386934945],[-48.68623416493727,-26.89166314936171],[-48.686436924779954,-26.89184400879998],[-48.686618219449834,-26.89201286674893],[-48.68678369053735,-26.892175624688626],[-48.686938977732005,-26.892338182232834],[-48.68708972071574,-26.89250644257952],[-48.68724156234388,-26.892686304443913],[-48.687400141458234,-26.892883669160923],[-48.687571099975536,-26.893104438995262],[-48.68779850017363,-26.893404117857564],[-48.68798253168789,-26.893651997540385],[-48.6881281740196,-26.89385657945494],[-48.68824040682442,-26.894026365869447],[-48.688324211882055,-26.8941698599523],[-48.68838457009717,-26.894295563025196],[-48.688426459385205,-26.894411978146262],[-48.68845486275515,-26.894527607541583],[-48.68847476020929,-26.8946509542825],[-48.68848300024024,-26.89472281841165],[-48.688487081377694,-26.89478425899817],[-48.68848656056395,-26.894836916636685],[-48.68848099668104,-26.894882435562963],[-48.688469946654486,-26.89492245727276],[-48.68845296733656,-26.89495862686966],[-48.68842961667717,-26.894992584962],[-48.68839945053941,-26.895025975732587],[-48.6883620278396,-26.89506044160784],[-48.688219993437876,-26.895158660916774],[-48.688065635582724,-26.89521432244864],[-48.68789292350528,-26.89522515524691],[-48.687695827528145,-26.89518888653436],[-48.68746831700838,-26.89510324528118],[-48.68720436142999,-26.89496595950519],[-48.686897930437866,-26.894774756259494],[-48.68654299480686,-26.89452736524291],[-48.686133523591046,-26.89422151241828],[-48.68595001706301,-26.894079221292426],[-48.68576740881446,-26.89393406500029],[-48.68558945898246,-26.89378925558261],[-48.685419931633994,-26.8936480078689],[-48.68526258781735,-26.893513534849667],[-48.68512118955478,-26.893389049544314],[-48.684999499830944,-26.893277765899786],[-48.68490127962027,-26.893182896932665],[-48.684830291904284,-26.893107655692152],[-48.684698366505,-26.89297024183061],[-48.68455570305348,-26.89284680916229],[-48.68440334348596,-26.892737838593508],[-48.684242330730136,-26.89264381104845],[-48.684073706712226,-26.89256520653485],[-48.68389851330875,-26.892502506867437],[-48.683717794451915,-26.892456191190945],[-48.68353259197741,-26.892426742229482],[-48.68334394778512,-26.892414639103],[-48.683243718029495,-26.892413900606115],[-48.68315998526992,-26.89241606964544],[-48.68308984994804,-26.8924220796168],[-48.68303041261658,-26.89243285849293],[-48.68297877373637,-26.892449338749365],[-48.68293203182913,-26.89247244921407],[-48.6828872883595,-26.89250312236836],[-48.682841643837946,-26.892542287966364],[-48.68279219672033,-26.892590877529447],[-48.682758015637475,-26.892630592200486],[-48.68272186255376,-26.892681168681577],[-48.682684603417236,-26.89274091106996],[-48.68264710320992,-26.892808121643238],[-48.68261022589352,-26.892881103565816],[-48.682574837409824,-26.892958161840617],[-48.68254180275477,-26.893037598748894],[-48.68251198586792,-26.89311771926279],[-48.6824862537672,-26.89319682569859],[-48.68243944881126,-26.893373997552747],[-48.6823937246677,-26.893587596717087],[-48.682350796377264,-26.89382450829484],[-48.68231237596946,-26.89407161914954],[-48.6822801795423,-26.89431581621624],[-48.682255919189515,-26.894543987270378],[-48.68224131111285,-26.89474301744998],[-48.682238067465335,-26.89489979363163],[-48.682247902385804,-26.895001203624624],[-48.68225236755505,-26.89503489799277],[-48.68225369809514,-26.895086456014276],[-48.682252065669154,-26.895153681276103],[-48.6822476368704,-26.895234379086517],[-48.68224058334011,-26.895326353934024],[-48.682231073719116,-26.895427409355356],[-48.682219276611896,-26.895535350691453],[-48.682205361685504,-26.895647980593527],[-48.68218949853503,-26.895763105321365],[-48.68214748846234,-26.89615802984294],[-48.682136117522745,-26.89654922583519],[-48.68215577058444,-26.896938415165696],[-48.68220683244393,-26.897327323289876],[-48.68228968693526,-26.897717673821056],[-48.68240471989803,-26.89811119128592],[-48.682552314188435,-26.898509599237077],[-48.68273285467828,-26.898914622139365],[-48.68294672729094,-26.89932798354844],[-48.68297128063972,-26.899374363720447],[-48.682994370246846,-26.89942120086183],[-48.683015603999756,-26.89946748773901],[-48.68303458872322,-26.89951221980829],[-48.683050932283955,-26.89955439073835],[-48.683064239492545,-26.899592995952574],[-48.683074120245365,-26.8996270282505],[-48.68308110449491,-26.899666420390943],[-48.68309480433719,-26.899719269739283],[-48.68313345066794,-26.899774995761682],[-48.68319622602395,-26.899843074111516],[-48.68328138780965,-26.899922043097256],[-48.68338719542865,-26.900010441955896],[-48.68351190627299,-26.90010680988696],[-48.683653779780684,-26.900209684316692],[-48.68381107331543,-26.900317605344593],[-48.68398204628024,-26.90042911130066],[-48.68408407773985,-26.900490811492528],[-48.6841863338503,-26.900542643577754],[-48.684299782657256,-26.900586983096318],[-48.6844353892691,-26.90062620279673],[-48.6846041227517,-26.900662679955442],[-48.684816950260604,-26.900698788137223],[-48.685084837945816,-26.90073690259497],[-48.68541875402141,-26.900779398477027],[-48.6858296658032,-26.90082864892742],[-48.68589779090461,-26.9008383000243],[-48.6859583614611,-26.90085024487409],[-48.68601217534812,-26.90086489363646],[-48.686060034503086,-26.900882654730577],[-48.68610273575914,-26.900903940099692],[-48.68614108107275,-26.90092915725736],[-48.686175869327,-26.900958716372667],[-48.68620790043002,-26.900993026728006],[-48.68623797324771,-26.90103249939262],[-48.686270071991686,-26.90108116677203],[-48.686294357806226,-26.901127719832573],[-48.68631094567287,-26.90117653997694],[-48.68631995359379,-26.901232008656066],[-48.68632149757593,-26.901298506384343],[-48.686315695616116,-26.901380414609644],[-48.6863026637282,-26.90148211294085],[-48.686282518866506,-26.901607983707667],[-48.686255379014675,-26.901762407449862],[-48.68622552855919,-26.90192230423519],[-48.686196669111915,-26.902055858948042],[-48.68616521725049,-26.902170580668525],[-48.68612758751545,-26.90227397843831],[-48.68608019647458,-26.90237355952168],[-48.68601945960995,-26.90247683386456],[-48.68594179341501,-26.902591309613378],[-48.68584361232656,-26.902724494865133],[-48.68572133271373,-26.902883898629515],[-48.68564065878659,-26.902986261129247],[-48.68555882175316,-26.903087063146913],[-48.68547760484904,-26.903184300736037],[-48.68539878830315,-26.903275969905632],[-48.68532415634347,-26.90336006853958],[-48.68525548923762,-26.903434591753573],[-48.68519456923582,-26.90349753650387],[-48.68514317758613,-26.9035468997325],[-48.68510309756788,-26.903580677513254],[-48.684939605795456,-26.903697870108587],[-48.684764561000755,-26.903814930759523],[-48.684579759092806,-26.903930861910993],[-48.6843869930128,-26.90404466416219],[-48.68418805670424,-26.904155339040198],[-48.68398474613757,-26.904261888115272],[-48.68377885528521,-26.904363312935455],[-48.68357217710879,-26.904458615945614],[-48.68336650763855,-26.904546797847278],[-48.6831810098645,-26.904624121258333],[-48.683032340402185,-26.904688577424704],[-48.68291602775043,-26.904743192923483],[-48.682827596252764,-26.904790998734352],[-48.682762573280776,-26.90483502405064],[-48.682716484211305,-26.904878296205485],[-48.68268485735325,-26.904923846174288],[-48.68266321804275,-26.904974702166374],[-48.68264709261423,-26.905033892401264],[-48.682626438826176,-26.905141561873485],[-48.68261849042115,-26.90523639888078],[-48.68262426695518,-26.905320332421052],[-48.6826447869176,-26.905395294177755],[-48.68268106788025,-26.9054632113018],[-48.6827341283093,-26.90552601636709],[-48.682804987770304,-26.90558563744613],[-48.68289466376487,-26.90564400527637],[-48.68300417482609,-26.905703049700143],[-48.683135148675355,-26.905762275784692],[-48.68327700000416,-26.905813210958385],[-48.68343448061044,-26.90585655856184],[-48.68361234634278,-26.905893021074466],[-48.68381535,-26.905923302698916],[-48.68404824544755,-26.905948104908834],[-48.68431578650078,-26.905968131835714],[-48.68462272602996,-26.905984084828855],[-48.684973819876184,-26.905996667921634],[-48.685201922769295,-26.906004041255095],[-48.68538587081748,-26.90601200680256],[-48.68553315310098,-26.906021990653482],[-48.68565126070613,-26.90603541976865],[-48.68574768174565,-26.90605371920871],[-48.685829907320866,-26.906078315855147],[-48.68590542455229,-26.90611063469581],[-48.68598172556498,-26.906152102587775],[-48.68606629748626,-26.90620414538778],[-48.68618878141006,-26.906285663154833],[-48.686290696813806,-26.906363580458322],[-48.68637360031821,-26.9064404893784],[-48.686439045576215,-26.906518980130482],[-48.68648858623212,-26.906601643822846],[-48.686523777985855,-26.90669106978487],[-48.68654617546074,-26.906789850931748],[-48.68655733337318,-26.906900575663222],[-48.68655880535914,-26.907025835967417],[-48.68655524591453,-26.907122637667815],[-48.68654720738292,-26.90720560473566],[-48.68653187627673,-26.907280168828525],[-48.68650643803864,-26.907351764291068],[-48.68646808115626,-26.907425823708436],[-48.68641399208868,-26.90750777962546],[-48.68634135827722,-26.907603064592738],[-48.68624736409092,-26.90771711199854],[-48.68612919988752,-26.907855355310236],[-48.68605044386833,-26.90794469737783],[-48.685970490935816,-26.90803221039142],[-48.68589107643572,-26.908116169373056],[-48.68581393468086,-26.908194851137164],[-48.685740801036076,-26.908266530714776],[-48.685673410855514,-26.908329484042934],[-48.685613499498984,-26.90838198706177],[-48.68556280132307,-26.908422315697074],[-48.68552305368484,-26.90844874682719],[-48.68540741738312,-26.90852359795331],[-48.68529170219876,-26.908616712030828],[-48.68517849265444,-26.908724803271635],[-48.685070372345834,-26.90884458317448],[-48.68496992584599,-26.908972765970393],[-48.68487973576107,-26.909106064963456],[-48.68480238576663,-26.909241191676564],[-48.68474046151964,-26.909374860376303],[-48.68469654571527,-26.90950378347691],[-48.68466074706299,-26.909620826533146],[-48.68462114808103,-26.90971771275435],[-48.68457549795172,-26.909796071103063],[-48.68452154883507,-26.909857532391705],[-48.68445704886434,-26.90990372736171],[-48.68437975124155,-26.90993628502655],[-48.684287404120944,-26.909956835211226],[-48.684177759684815,-26.909967007796627],[-48.68404856806915,-26.909968434422133],[-48.6839606777917,-26.909971256136927],[-48.68387267219899,-26.909981992945767],[-48.68378732035426,-26.909999566763606],[-48.6837073873559,-26.910022896739868],[-48.683635642259986,-26.91005090570484],[-48.68357485317866,-26.910082513770828],[-48.68352778722509,-26.910116641036737],[-48.68349721146427,-26.91015221030842],[-48.683485894047614,-26.910188140797445],[-48.68348364610623,-26.910222798818808],[-48.683474668611034,-26.91024682401955],[-48.683453079849635,-26.910258639866615],[-48.68341299604759,-26.910256672494533],[-48.68334853249437,-26.910239345303015],[-48.6832538074691,-26.910205084427623],[-48.68312293731418,-26.910152314135868],[-48.68295003943198,-26.910079458667994],[-48.68272922924571,-26.909984943976337],[-48.68235733046104,-26.909841680218772],[-48.68224275380249,-26.909794501060215],[-48.68178144410017,-26.90963870185101],[-48.68158136014118,-26.909559892489987],[-48.68106700858946,-26.909397066017885],[-48.68081013354201,-26.909301268224475],[-48.68027946357671,-26.909137833320365],[-48.67999415724052,-26.909038781891987],[-48.679484246610684,-26.90888206372424],[-48.67919851432538,-26.908792584851458],[-48.678746793980544,-26.908650818560968],[-48.67848828661134,-26.908582832547886],[-48.67813253984418,-26.90846516040262],[-48.67770692063347,-26.90834615363304],[-48.677535368710444,-26.908314861842122],[-48.67751514291033,-26.908347071563934],[-48.677575002302575,-26.908395072281408],[-48.67772063842826,-26.908448682473267],[-48.67794903597304,-26.908531490537026],[-48.678251424725076,-26.908640350329925],[-48.67861903356848,-26.90877211293799],[-48.67904309338715,-26.908923630375053],[-48.67951483402838,-26.90909175466681],[-48.680025485297,-26.909273336995803],[-48.680566276874444,-26.909465230433376],[-48.681113025850856,-26.909659372961553],[-48.681640312152325,-26.909847884738973],[-48.68213834820662,-26.91002717057649],[-48.68259734840593,-26.91019363182609],[-48.68300752296215,-26.91034367257403],[-48.68335908708422,-26.910473695250086],[-48.683642250876794,-26.91058010403566],[-48.683847228512555,-26.910659301362156],[-48.68396423119989,-26.910707689551582],[-48.68407510682816,-26.910759125691857],[-48.68416246975683,-26.91080262346698],[-48.68422952292511,-26.910841885815188],[-48.68427946826775,-26.910880616545636],[-48.68431550674494,-26.910922518537955],[-48.684340841337665,-26.910971294697156],[-48.684358674007484,-26.91103064880881],[-48.68437220673877,-26.911104283753264],[-48.684384640515184,-26.91119590239273],[-48.68439311822808,-26.91127889293697],[-48.684395889303026,-26.91135808897072],[-48.68439222867901,-26.91143690603646],[-48.6843814102677,-26.911518760561112],[-48.68436270998852,-26.91160706900296],[-48.68433540071606,-26.911705248670728],[-48.68429875738216,-26.911816714196778],[-48.68425205585536,-26.911944882932843],[-48.684194570997754,-26.912093171307585],[-48.68412927537833,-26.912254379745615],[-48.684070100999946,-26.912389851953446],[-48.6840127043953,-26.912505793079927],[-48.68395273905981,-26.912608407312028],[-48.683885861477826,-26.912703898876586],[-48.68380772609301,-26.912798471956343],[-48.68371398731787,-26.912898330720022],[-48.683600301538455,-26.913009679350672],[-48.68346232206994,-26.913138721956724],[-48.6833172648179,-26.913273713466157],[-48.683201816789406,-26.913385103193843],[-48.68311136240603,-26.91347999880203],[-48.683041285054266,-26.913565506100678],[-48.68298697103828,-26.91364873363287],[-48.682943802659814,-26.913736787153304],[-48.682907166184,-26.91383677427596],[-48.682872444833556,-26.913955802557215],[-48.68283502383421,-26.91410097867724],[-48.68270960186905,-26.91459977601937],[-48.682964565407964,-26.915143601433577],[-48.683011337814214,-26.91524570617613],[-48.683057875515985,-26.91535146821795],[-48.68310321971521,-26.91545844608051],[-48.683146408587795,-26.91556419823664],[-48.68318648326678,-26.915666285915854],[-48.683222482903545,-26.915762268511003],[-48.683253448675835,-26.915849704546304],[-48.68327841972703,-26.91592615341529],[-48.68329643616868,-26.91598917633218],[-48.6833190071147,-26.916068002503927],[-48.68334544185991,-26.91613928189863],[-48.683377796792215,-26.916205687887263],[-48.683418127336,-26.91626989201772],[-48.683468488885886,-26.916334567639144],[-48.683530937870465,-26.916402387210635],[-48.68360752873633,-26.916476022250475],[-48.68370031794048,-26.916558145204647],[-48.68381135991152,-26.916651430281043],[-48.68398671069876,-26.9167929761031],[-48.68416225502526,-26.916929256503547],[-48.68433542326313,-26.917058523715006],[-48.684503642816836,-26.917179026323378],[-48.68466434302824,-26.917289015664633],[-48.68481495225284,-26.91738674126376],[-48.684952899784285,-26.917470455377032],[-48.68507561295057,-26.917538407527914],[-48.68518052008337,-26.91758884726069],[-48.68523376219962,-26.91761018242981],[-48.68531434811584,-26.917640488698744],[-48.68541889876598,-26.917678565408295],[-48.685544037190965,-26.917723207418323],[-48.6856863853674,-26.91777321228025],[-48.68584256526515,-26.917827377551642],[-48.6860091988808,-26.917884498995303],[-48.68618290916779,-26.91794337420719],[-48.686360317052454,-26.918002800764587],[-48.68663853582463,-26.918096205049913],[-48.68686290787516,-26.918174316953028],[-48.68704335178546,-26.91824217876181],[-48.68718978923058,-26.918304833622294],[-48.68731213895168,-26.918367323661435],[-48.687420321734365,-26.918434691893236],[-48.68752425639397,-26.9185119812637],[-48.68763386382103,-26.918604233821277],[-48.68775906291143,-26.918716493357415],[-48.687835778127805,-26.918787797334673],[-48.687908019457886,-26.918857975727896],[-48.68797456099362,-26.91892563314805],[-48.68803417486387,-26.9189893714681],[-48.68808563419953,-26.91904779257849],[-48.68812771211014,-26.919099499272072],[-48.68815918172247,-26.9191430934393],[-48.68817881612738,-26.919177178773815],[-48.688185386424486,-26.91920035803222],[-48.688178985725266,-26.919222036998676],[-48.68816124167248,-26.91925180361949],[-48.68813324028415,-26.919288532300722],[-48.68809606358811,-26.919331095576577],[-48.68805079659455,-26.91937836783421],[-48.68799852332715,-26.91942922254208],[-48.687940327793726,-26.919482534071445],[-48.68787729303601,-26.919537174974003],[-48.68781050409423,-26.91959201873817],[-48.68772048627699,-26.919663598249674],[-48.687591029095856,-26.91976693771489],[-48.687427303802856,-26.919897891164258],[-48.68723447957455,-26.92005231529747],[-48.687017726609206,-26.920226066839653],[-48.68678221717107,-26.920415001666946],[-48.68653311956755,-26.92061497471642],[-48.686275606138494,-26.92082184373325],[-48.686014845323626,-26.92103146373069],[-48.68574666071682,-26.921246324581023],[-48.68546826311824,-26.921468768317602],[-48.685186103351136,-26.92169367472639],[-48.684906628349836,-26.92191592178071],[-48.68463628710603,-26.922130390251276],[-48.68438152773604,-26.922331959142866],[-48.68414880043342,-26.92251550844385],[-48.68394455245667,-26.922675917229505],[-48.68377523412617,-26.92280806465004],[-48.6836282810289,-26.922922918464447],[-48.683488983921144,-26.923033975848977],[-48.68335976624101,-26.923139158615648],[-48.68324305041763,-26.92323638947024],[-48.683141257886085,-26.923323591107966],[-48.68305681312714,-26.923398685374735],[-48.68299213658019,-26.923459594952668],[-48.68294965272529,-26.9235042416844],[-48.68292977022875,-26.923540117967768],[-48.682925159574395,-26.92357414239922],[-48.68292396130037,-26.92360306728577],[-48.682924131629775,-26.92363561534823],[-48.682925642571234,-26.9236709396468],[-48.68292846514559,-26.92370819232299],[-48.68293256731772,-26.92374652727298],[-48.68293792312784,-26.923785096687837],[-48.68294450055918,-26.92382305356154],[-48.68295669742467,-26.92387958992186],[-48.68297183678765,-26.923926237038437],[-48.68299254989506,-26.923964885399382],[-48.683021464940516,-26.923997427245542],[-48.68306121216961,-26.924025753043388],[-48.68311442086148,-26.924051751433566],[-48.68318372123235,-26.92407731467463],[-48.683271742535815,-26.924104333194666],[-48.68338111504201,-26.92413469742538],[-48.68346264927793,-26.924154754444558],[-48.68355919304768,-26.924175111104937],[-48.68366779359905,-26.924195322729634],[-48.683785497224505,-26.924214941924014],[-48.68390935121824,-26.924233521317397],[-48.68403640283262,-26.92425061535235],[-48.68416370035847,-26.92426577669362],[-48.68428829005081,-26.924278558885437],[-48.68440722017358,-26.92428851551524],[-48.68467774253416,-26.924310740489975],[-48.68492788278689,-26.924336791603963],[-48.68515867590361,-26.924366864629434],[-48.68537115588635,-26.924401153502693],[-48.685566358749604,-26.92443985217937],[-48.68574531948261,-26.924483155488215],[-48.685909075087125,-26.924531258279803],[-48.68605865954537,-26.92458435534516],[-48.68619510788257,-26.9246426396786],[-48.6863669876789,-26.92471647809649],[-48.68655942453396,-26.924787606801182],[-48.68676409835338,-26.92485396891275],[-48.686972688947016,-26.924913510298545],[-48.687176876105035,-26.924964175969574],[-48.6873683416348,-26.925003909211643],[-48.687538764245815,-26.92503065600887],[-48.68767982369836,-26.92504235968779],[-48.68778320171528,-26.925036966332605],[-48.687825358795784,-26.92502629653575],[-48.68787213479557,-26.925008670670316],[-48.687922483937626,-26.924984767367953],[-48.687975357518226,-26.924955260701452],[-48.68802970875579,-26.924920829288595],[-48.688084490962744,-26.924882147238296],[-48.688138656373944,-26.924839892253253],[-48.68819115728222,-26.924794739331546],[-48.68824094794115,-26.924747366212348],[-48.68830935215094,-26.924676655233398],[-48.68836427020643,-26.924614811644695],[-48.68840722344762,-26.924558078294936],[-48.688439731114734,-26.924502701602293],[-48.68846331555012,-26.924444923519097],[-48.68847949702199,-26.924380988667682],[-48.68848979478793,-26.924307141651507],[-48.68849573216472,-26.92421962533402],[-48.68849882735995,-26.924114686103653],[-48.68848969049109,-26.92388350366017],[-48.6884561560094,-26.923639295541296],[-48.68840160458532,-26.923391053919953],[-48.688329418851886,-26.9231477718976],[-48.68824297941868,-26.922918440735543],[-48.68814566881314,-26.922712053532464],[-48.68804086649785,-26.92253760243823],[-48.6879319558776,-26.922404080575376],[-48.6878223183016,-26.922320480137337],[-48.68774196839636,-26.92227302645883],[-48.68766852226008,-26.922217944816012],[-48.68760353246526,-26.922157545625453],[-48.68754855360458,-26.922094138435433],[-48.68750514020604,-26.92203003550055],[-48.687474845839084,-26.92196754635144],[-48.687459224049974,-26.921908981418508],[-48.68745982937154,-26.921856652047108],[-48.6874782153511,-26.921812868658915],[-48.68753914313013,-26.921749956982065],[-48.68763089504912,-26.921685205939916],[-48.68774881102821,-26.921620387281262],[-48.68788823506722,-26.92155727101684],[-48.68804450911814,-26.921497629839237],[-48.68821297519129,-26.921443234651534],[-48.68838897431215,-26.92139585635993],[-48.68856784952078,-26.921357266828633],[-48.68874494387485,-26.921329237946157],[-48.68892580804375,-26.92130907573151],[-48.689087769730484,-26.92129751702007],[-48.689233506388696,-26.92129493060554],[-48.68936569244773,-26.9213016852144],[-48.68948700533395,-26.92131815050983],[-48.68960011850133,-26.921344693370344],[-48.68970771038037,-26.92138168345272],[-48.68981245437145,-26.921429490322332],[-48.689917027941476,-26.92148848179815],[-48.6899998173179,-26.92155230373447],[-48.69009395883824,-26.921646997836802],[-48.690195447081216,-26.921766721132705],[-48.690300275575275,-26.921905631543666],[-48.690404438856625,-26.922057885212745],[-48.690503931346825,-26.922217641900964],[-48.690594746473195,-26.92237905865507],[-48.69067287762223,-26.922536292528683],[-48.690734319133774,-26.922683501498234],[-48.69075414462325,-26.922732439202036],[-48.69077823636353,-26.922784555615287],[-48.69080582131741,-26.922838559334917],[-48.6908361244511,-26.92289315802298],[-48.690868371734744,-26.92294705935832],[-48.69090179014197,-26.922998971036723],[-48.690935604630766,-26.923047600721546],[-48.690969041162646,-26.923091656093195],[-48.691001325696426,-26.923129844832676],[-48.69107257206434,-26.923214302767665],[-48.691128929578994,-26.923294077040268],[-48.69117061301829,-26.92337033532125],[-48.69119783418316,-26.92344424342314],[-48.69121080582972,-26.9235169698769],[-48.69120974077152,-26.92358968050267],[-48.69119485178636,-26.923663542920693],[-48.691166352694616,-26.92373972295931],[-48.69112445526513,-26.923819388214156],[-48.6910477127902,-26.923942275596644],[-48.69096810165048,-26.924054747013262],[-48.690883715229475,-26.92415857431707],[-48.69079264697361,-26.924255525746876],[-48.69069299024579,-26.924347373143565],[-48.69058284048522,-26.924435884764918],[-48.69046029002768,-26.924522832419022],[-48.69032343328341,-26.92460998432795],[-48.69017036459378,-26.924699111407765],[-48.68995414430357,-26.924824137267954],[-48.68977605890874,-26.9249367913056],[-48.68963261868329,-26.925041196595693],[-48.689520328763585,-26.925141478792124],[-48.68943569834842,-26.92524175997003],[-48.689375235548866,-26.92534616486647],[-48.68933544845824,-26.92545881819739],[-48.68931284517602,-26.925583843761437],[-48.68930393177966,-26.925725365313966],[-48.6892933489012,-26.925879689407626],[-48.68926603959579,-26.926013220910836],[-48.68921802817455,-26.92612961091078],[-48.68914533484467,-26.926232514023244],[-48.68904398288198,-26.92632558218651],[-48.68890999352177,-26.926412468179656],[-48.688739388990186,-26.92649682476097],[-48.68852819048266,-26.926582304624503],[-48.688272419159,-26.926672560404864],[-48.687981104310374,-26.926773974737248],[-48.68772744578238,-26.926870182261478],[-48.687508100111685,-26.926963111926653],[-48.6873197258177,-26.927054692665067],[-48.6871589774249,-26.927146850594998],[-48.68702251441478,-26.927241514589234],[-48.68690699021381,-26.92734061339359],[-48.686809064291374,-26.927446074928305],[-48.68672539209672,-26.927559826127702],[-48.68667133851417,-26.92764440725678],[-48.68662858701915,-26.9277176893546],[-48.68659618110856,-26.927784116565444],[-48.686573163370454,-26.927848127600058],[-48.6865585742611,-26.927914166545623],[-48.68655145633674,-26.927986673009272],[-48.68655085207749,-26.928070090204873],[-48.686555803011636,-26.928168858622175],[-48.68656535163713,-26.92828742057089],[-48.686578138790146,-26.92840989442619],[-48.68659643975748,-26.928520154046947],[-48.686624636461126,-26.928627454436832],[-48.68666710890497,-26.92874104695384],[-48.68672823906398,-26.928870186590217],[-48.686812410023975,-26.929024125636943],[-48.68692400088137,-26.92921211810678],[-48.68706739588723,-26.92944341717018],[-48.68724697540813,-26.92972727590171],[-48.68758591296013,-26.93025928956654],[-48.68785368202198,-26.930672439927775],[-48.68806562697389,-26.93098271002067],[-48.688237094824146,-26.931206082774686],[-48.688383430993156,-26.93135854098937],[-48.68851998218564,-26.931456067411318],[-48.688662097311166,-26.931514643862],[-48.68882512030365,-26.93155025472975],[-48.689024400296354,-26.931578880804533],[-48.68911241720819,-26.93158943916366],[-48.689191176360865,-26.931595411253706],[-48.68926343823501,-26.931596362217103],[-48.68933196428234,-26.93159185901018],[-48.68939951494828,-26.931581468566904],[-48.689468852726904,-26.931564756044434],[-48.68954273705338,-26.931541288349006],[-48.68962393037794,-26.931510632429948],[-48.68971519216204,-26.931472353375074],[-48.68977968217974,-26.931443632038924],[-48.68984342246676,-26.9314134599153],[-48.68990512443496,-26.93138257123794],[-48.689963504568375,-26.931351698521155],[-48.69001727530957,-26.931321575117607],[-48.69006515012857,-26.931292933495982],[-48.69010584348556,-26.93126650704497],[-48.69013806883588,-26.93124302913728],[-48.6901605396356,-26.931223233145552],[-48.69020731457361,-26.931186854051013],[-48.69026643473412,-26.93115972577902],[-48.690334300066866,-26.931141833586704],[-48.690407308478434,-26.931133164507735],[-48.69048185985505,-26.931133707419743],[-48.69055435216243,-26.93114344666417],[-48.690621186309656,-26.931162370247655],[-48.690678759174695,-26.93119046611692],[-48.69072347170847,-26.9312277195821],[-48.69074008124545,-26.931257505568766],[-48.69075840102898,-26.93131057976157],[-48.69077794369463,-26.931384376686573],[-48.690798218911794,-26.931476328113924],[-48.69081873828665,-26.931583869455377],[-48.69083901349577,-26.931704432514298],[-48.69085855612023,-26.931835453604794],[-48.69087687684127,-26.931974363611843],[-48.69089348723257,-26.93211859884969],[-48.69097801776845,-26.932914774232344],[-48.69148018183939,-26.933522767937305],[-48.69165242034944,-26.933721475253645],[-48.691831350678136,-26.93390877504017],[-48.6920140526173,-26.934082411233298],[-48.692197605885895,-26.934240129586232],[-48.69237908614394,-26.934379675799406],[-48.692555575080114,-26.934498794783234],[-48.69272415033382,-26.934595231395022],[-48.69288189053427,-26.93466673052049],[-48.69302587426508,-26.934711038859948],[-48.6930684370332,-26.934715913289516],[-48.693124222056746,-26.934715131830245],[-48.69319219862993,-26.934708877046496],[-48.693271336044006,-26.93469733150107],[-48.69336060554579,-26.93468068049544],[-48.69345897543427,-26.934659105673305],[-48.693565417978185,-26.934632791451527],[-48.69367890145632,-26.93460192037834],[-48.69379839716685,-26.93456667505362],[-48.694119627715395,-26.934470535894476],[-48.694377884656916,-26.93440067965494],[-48.69458368657727,-26.934358450885775],[-48.6947475510149,-26.934345192182608],[-48.69487999438679,-26.93436224873319],[-48.69499153413226,-26.93441096296619],[-48.695092686632094,-26.934492679050155],[-48.69519397029163,-26.934608741151933],[-48.695305900593446,-26.93476049065378],[-48.69537886247139,-26.934864851840132],[-48.69543676845864,-26.934955135381088],[-48.695481822955294,-26.9350394865856],[-48.69551622941598,-26.935126048936397],[-48.69554219334227,-26.93522296504267],[-48.695561919165286,-26.935338381102657],[-48.695577611395535,-26.935480439703703],[-48.695591474512256,-26.93565728523571],[-48.69560571201401,-26.935877061168668],[-48.69561326933027,-26.936023505338454],[-48.695619295519535,-26.936181172430597],[-48.695623747906126,-26.936346071182907],[-48.69562658072157,-26.93651421389264],[-48.69562775231603,-26.93668160841232],[-48.69562721694148,-26.936844266137538],[-48.69562493088327,-26.93699819759487],[-48.695620850465794,-26.93713941150696],[-48.695614931961124,-26.93726391930305],[-48.69560341024082,-26.937438670613208],[-48.69559056546721,-26.93758465957812],[-48.69557443456309,-26.937708850695063],[-48.695553054474956,-26.937818206654597],[-48.695524463107716,-26.937919691965345],[-48.695486697347036,-26.938020271115825],[-48.695437795086775,-26.938126907703868],[-48.69537579114109,-26.93824656707542],[-48.695298724390824,-26.93838621102442],[-48.69517682058904,-26.93860912522682],[-48.695074514242464,-26.93880966969426],[-48.69499041128679,-26.93899208569349],[-48.69492311768808,-26.939160610868758],[-48.69487123630337,-26.939319485509813],[-48.6948333740261,-26.93947294815854],[-48.694808134673366,-26.939625239104224],[-48.69479412307251,-26.939780597744615],[-48.6947899450838,-26.9399432616853],[-48.69479131282656,-26.940382086026737],[-48.69331239911898,-26.94174564248986],[-48.69183343362606,-26.943109920655335],[-48.68999203902664,-26.94420082801173],[-48.68961777703731,-26.944420052445953],[-48.68917840478768,-26.944672967748442],[-48.68868718242386,-26.94495219034789],[-48.688157369325836,-26.945250333176393],[-48.687602223025856,-26.945560012014038],[-48.68703500435212,-26.94587384199568],[-48.68646897344128,-26.94618443666191],[-48.68591739063816,-26.946484413393616],[-48.685393515605135,-26.94676638707239],[-48.68489289986012,-26.947034112192508],[-48.684408321841794,-26.947293500452563],[-48.683948897077975,-26.947539659892982],[-48.683523743248905,-26.947767698705174],[-48.683141975111134,-26.947972726030038],[-48.68281270953555,-26.948149850208974],[-48.68254506343591,-26.94829417961918],[-48.68234815271516,-26.948400822616797],[-48.68223109418682,-26.948464889327646],[-48.682133168932985,-26.94852398224736],[-48.68202287504948,-26.948600145122416],[-48.68189970178022,-26.948693827955665],[-48.68176313542583,-26.94880547618325],[-48.681612663184225,-26.948935539761607],[-48.68144777230875,-26.949084465031167],[-48.681267951990776,-26.949252701063674],[-48.68107268741078,-26.94944069505163],[-48.68086146672785,-26.949648895129915],[-48.67989541526519,-26.95060972049771],[-48.679665574567245,-26.95131537893857],[-48.679619965987555,-26.951454149772104],[-48.679568901177944,-26.951608655732162],[-48.67951377645487,-26.951774687411955],[-48.67945598714289,-26.951948035390995],[-48.679396927521715,-26.952124492941962],[-48.679337992970574,-26.952299849749426],[-48.67928057985761,-26.952469897322494],[-48.679226082537575,-26.952630428043012],[-48.679175896425356,-26.952777232508403],[-48.67891607450356,-26.953532687761566],[-48.679005190168155,-26.955264256393157],[-48.67902023184594,-26.955574494574606],[-48.67903270016899,-26.955866923417037],[-48.67904249815395,-26.956136547300186],[-48.67904952982725,-26.95637837062083],[-48.679053698230895,-26.95658739685731],[-48.679054907399156,-26.95675863040694],[-48.67905306034559,-26.956887076552608],[-48.6790480611137,-26.95696773969156],[-48.679039811756965,-26.956995623285422],[-48.678997551055154,-26.95697123246894],[-48.67889455267705,-26.956901279771817],[-48.67873678061925,-26.95679008211966],[-48.678530197935274,-26.956641957286354],[-48.678280766731625,-26.956461222109255],[-48.67799445012645,-26.95625219344186],[-48.67767721119253,-26.95601918905435],[-48.6773350129488,-26.955766526744316],[-48.67697381837492,-26.955498522542992],[-48.674961531000946,-26.954002321964385],[-48.67270687918589,-26.953639958496378],[-48.67045224458359,-26.953277560752273],[-48.668417809969384,-26.952354355858073],[-48.66805323313285,-26.952188062935814],[-48.66770968903938,-26.952029118058025],[-48.667393012331786,-26.951880389246252],[-48.66710904268938,-26.95174474193508],[-48.66686361367634,-26.951625043287887],[-48.66666256489449,-26.951524159676648],[-48.66651172992416,-26.951444956466105],[-48.666416948371676,-26.951390300901654],[-48.666384054878776,-26.951363059199444],[-48.66641539801887,-26.951158103820124],[-48.66649771255376,-26.950721187140925],[-48.66661689534271,-26.950120242713563],[-48.66675884542276,-26.94942320595499],[-48.666909460420555,-26.94869801233981],[-48.66705464180444,-26.948012596613683],[-48.667180287818915,-26.947434893580066],[-48.66727230131769,-26.94703283910588],[-48.6673165823339,-26.946874369042096],[-48.66734259788397,-26.94685720039566],[-48.66739840806526,-26.946825158198713],[-48.667480972065846,-26.946779846250642],[-48.667587254077894,-26.946722869326184],[-48.667714214300695,-26.946655830325092],[-48.66785881392368,-26.946580333066855],[-48.66801801615663,-26.946497981409873],[-48.668188782207395,-26.946410379188492],[-48.66836807327984,-26.946319131151522],[-48.66936480528885,-26.945813992869166],[-48.672415358176956,-26.94632337052985],[-48.672976624722864,-26.946417625742345],[-48.67353447497082,-26.94651245950395],[-48.674077475374304,-26.946605847718146],[-48.674594191346564,-26.94669576373381],[-48.67507318816358,-26.946780183758122],[-48.67550303302661,-26.94685708506026],[-48.67587229013887,-26.94692444134346],[-48.67616952460558,-26.946980229984998],[-48.67638330359691,-26.947022425685503],[-48.677300667068124,-26.947212163526977],[-48.679147439360214,-26.9468777647782],[-48.67963376022073,-26.94678882639418],[-48.680047443627046,-26.946710296391252],[-48.68040207636677,-26.946638888495585],[-48.6807112450853,-26.94657131890913],[-48.680988537421264,-26.946504300965334],[-48.68124753890522,-26.946434549628265],[-48.68150183905876,-26.946358778910128],[-48.681765022332115,-26.946273701733215],[-48.68205067707993,-26.94617603368473],[-48.68231674563789,-26.946081845024075],[-48.68255287940014,-26.945994302060964],[-48.682765310740805,-26.945910534774182],[-48.68296027102103,-26.94582767126667],[-48.683143992515745,-26.945742842318815],[-48.68332270752063,-26.94565317596564],[-48.68350264725308,-26.945555801994548],[-48.68369004492417,-26.945447849289195],[-48.68389113066261,-26.945326447548663],[-48.68467510756202,-26.944844172363474],[-48.68495480448742,-26.94416008110378],[-48.685092738258945,-26.94384181435403],[-48.68525798705952,-26.943495357199332],[-48.68544723487215,-26.943126467644156],[-48.68565716366488,-26.942740906374706],[-48.68588445555043,-26.9423444304835],[-48.6861257936593,-26.941942800708436],[-48.686377860284374,-26.941541774187083],[-48.68663733875345,-26.94114711171013],[-48.68690091054189,-26.94076457135935],[-48.687545438245856,-26.939852178729502],[-48.68872122381733,-26.93934553556237],[-48.68900643134056,-26.93922428238732],[-48.68926932711328,-26.93911648918617],[-48.68951495718517,-26.939020407727618],[-48.68974836650202,-26.93893429242434],[-48.68997460098093,-26.938856397665308],[-48.690198704514316,-26.938784976868074],[-48.690425725013235,-26.938718282579565],[-48.69066070630228,-26.93865456905073],[-48.69090869423361,-26.938592088724874],[-48.69117003446121,-26.938526775416697],[-48.69140015962237,-26.938465493485253],[-48.69160646592804,-26.938405592777652],[-48.691796347541846,-26.938344423047365],[-48.691977200591865,-26.93827933493293],[-48.69215642123169,-26.938207676323355],[-48.69234140247138,-26.9381267995283],[-48.692539541401196,-26.938034052370668],[-48.69275823299654,-26.93792678529924],[-48.69291365464537,-26.937849863192568],[-48.69307006205665,-26.937773225953045],[-48.693224132587424,-26.93769845444074],[-48.693372543592766,-26.937627130433558],[-48.69351197246128,-26.93756083482176],[-48.69363909760102,-26.937501148524806],[-48.69375059538019,-26.937449654243416],[-48.69384314422265,-26.93740793291341],[-48.69391341955219,-26.93737756452104],[-48.693970144748214,-26.937353165232334],[-48.69402364550648,-26.937328638297068],[-48.69407300623254,-26.937304495770327],[-48.694117312248245,-26.937281254235337],[-48.694155648968604,-26.937259425765486],[-48.69418710274275,-26.937239526059447],[-48.694218227429914,-26.937214819116303],[-48.69421323460792,-26.93714915673512],[-48.694161137909134,-26.937078036107177],[-48.69407877646882,-26.936986901907808],[-48.69397019973382,-26.936879477862526],[-48.69383946219888,-26.93675948687301],[-48.693690614316196,-26.93663065177741],[-48.69352770846892,-26.93649669816058],[-48.69335479605376,-26.936361348896227],[-48.69317593045851,-26.9362283260035],[-48.69297311787736,-26.936084044997546],[-48.69277524708766,-26.93595016569079],[-48.69256971594098,-26.93581963246303],[-48.69234391940029,-26.935685388674496],[-48.692085255533854,-26.93554037945905],[-48.6917811215704,-26.93537754892971],[-48.691418912916625,-26.93518984103179],[-48.690986028230064,-26.934970200484305],[-48.69046986453489,-26.934711569036004],[-48.68928869494811,-26.934121507016773],[-48.68866352272758,-26.93416996238243],[-48.688534036381704,-26.93418165846227],[-48.6884013012562,-26.934197238487563],[-48.68826686506336,-26.93421639572032],[-48.68813227659718,-26.934238819836498],[-48.68799908661158,-26.934264203257396],[-48.68786884284346,-26.934292238360914],[-48.68774309508238,-26.93432261575949],[-48.6876233910713,-26.934355027842194],[-48.687511281594375,-26.934389166150304],[-48.68698335401589,-26.93456138030578],[-48.6869114138728,-26.934913846148913],[-48.686893279547256,-26.935009382420187],[-48.686881026840226,-26.935091372192495],[-48.68687509851103,-26.935163330479526],[-48.686875934295294,-26.935228772244248],[-48.68688397592095,-26.93529121338365],[-48.68689966409092,-26.93535417067906],[-48.68692344057201,-26.93542115822057],[-48.68695574508587,-26.935495691868134],[-48.6869970213875,-26.93558128754611],[-48.687024392663474,-26.93563805353157],[-48.687049290751105,-26.935692273805817],[-48.687071348903956,-26.935742974047166],[-48.68709020139973,-26.935789179048292],[-48.687105480484114,-26.935829914470993],[-48.68711682142237,-26.935864206026473],[-48.68712385647908,-26.935891078474157],[-48.687123543995256,-26.93591866788775],[-48.687066298125906,-26.935956707824054],[-48.686987448141174,-26.936002147123457],[-48.686893749547345,-26.93605180176502],[-48.68679195589128,-26.936102485903266],[-48.68668882271734,-26.93615101554842],[-48.686591103597266,-26.93619420579651],[-48.68650555312854,-26.936228871779672],[-48.68643892592146,-26.93625182864505],[-48.686397976570625,-26.93625989244877],[-48.686372123721554,-26.93625598858372],[-48.6863315144774,-26.936245326191774],[-48.68627792774076,-26.936228557120447],[-48.68621314441123,-26.936206334151358],[-48.68613894441927,-26.936179308245656],[-48.686057107676135,-26.936148131268233],[-48.685969414090884,-26.936113455086428],[-48.68587764256294,-26.936075931554516],[-48.68578357500731,-26.936036212580213],[-48.685630108782824,-26.93596955413579],[-48.68550792550003,-26.935913154240062],[-48.685410611086375,-26.935861164643427],[-48.685331756489674,-26.93580773985436],[-48.685264948735814,-26.935747030684833],[-48.68520377785759,-26.935673189785348],[-48.68514182984958,-26.935580371533277],[-48.68507269584445,-26.935462726770343],[-48.68498996293906,-26.935314408967653],[-48.684926323250394,-26.935203482676144],[-48.68486233983902,-26.93510002193896],[-48.68479765586781,-26.935003603072722],[-48.684731913605496,-26.934913796964153],[-48.68466475422383,-26.93483017899349],[-48.68459581993942,-26.9347523227526],[-48.684524753995184,-26.93467980094705],[-48.68445119760398,-26.934612187150723],[-48.68437479296796,-26.934549055855346],[-48.684274535302315,-26.934469573420053],[-48.68419690675239,-26.934405249684968],[-48.68413969539987,-26.934351741067623],[-48.68410069240968,-26.934304702219194],[-48.68407768588975,-26.93425979043866],[-48.6840684660082,-26.934212661246864],[-48.68407082290074,-26.934158971964],[-48.68408254573358,-26.934094378086275],[-48.68410142367035,-26.93401453510816],[-48.684144146011676,-26.933792735194046],[-48.68419131386509,-26.933472526029966],[-48.68424005215013,-26.933083140643394],[-48.68428748489475,-26.932653811155408],[-48.68433073725526,-26.932213769718864],[-48.68436693248298,-26.931792249371192],[-48.68439319798383,-26.9314184823272],[-48.68440665620453,-26.931121700727342],[-48.684404431601784,-26.93093113764818],[-48.684368723312176,-26.930550148984594],[-48.684329821942114,-26.93022235851584],[-48.68428365557398,-26.929933695479257],[-48.684226149343985,-26.929670087252607],[-48.68415322842822,-26.92941746120578],[-48.68406081999392,-26.92916174833949],[-48.68394484837264,-26.92888887417771],[-48.68380124090767,-26.928584769687838],[-48.68362592416961,-26.928235361286006],[-48.683522547784875,-26.92803161949946],[-48.68341731313982,-26.92782172504518],[-48.68331252893602,-26.927610449082206],[-48.68321050682499,-26.927402564628512],[-48.68311355441939,-26.92720284373878],[-48.683023983365594,-26.927016056733947],[-48.68294410219249,-26.926846977497583],[-48.68287622049111,-26.92670037632379],[-48.682822647805644,-26.926581025312245],[-48.68277549621215,-26.926473895785794],[-48.68272611822387,-26.926362507203788],[-48.68267568901914,-26.92624945620937],[-48.682625382761515,-26.92613733943041],[-48.682576373624414,-26.926028752593833],[-48.68252983573618,-26.925926293231967],[-48.682486942266756,-26.925832556155406],[-48.68244886833761,-26.92575013891497],[-48.682416788096546,-26.925681637241407],[-48.682260453851946,-26.925349659278808],[-48.68068926611743,-26.925322585233175],[-48.67911807954,-26.925295492805017],[-48.6784414851321,-26.924857601820527],[-48.678313581217544,-26.92477474135627],[-48.67818002293968,-26.92468817710941],[-48.67804395890752,-26.9245999498393],[-48.677908539741885,-26.924512099447046],[-48.67777691404935,-26.924426664909337],[-48.67765223140529,-26.92434568613207],[-48.67753764237442,-26.924271203047038],[-48.677436294488196,-26.924205255543953],[-48.677351339293985,-26.92414988358415],[-48.67727632191682,-26.924101382039197],[-48.6772041110188,-26.924055699826468],[-48.67713602885004,-26.92401360322378],[-48.67707339765747,-26.92397585851105],[-48.677017539722485,-26.923943230165648],[-48.67696977527524,-26.92391648443714],[-48.67693142857122,-26.923896387641918],[-48.67690381985981,-26.923883705127764],[-48.67675294325931,-26.92379667486871],[-48.676419134389036,-26.92357510914743],[-48.67594229804368,-26.92325261807796],[-48.67537788619997,-26.92286731387311],[-48.674781349710656,-26.922457311121047],[-48.67420813894391,-26.922060724306455],[-48.67371370072187,-26.92171566777557],[-48.673353483635104,-26.921460258344133],[-48.673182932796664,-26.92133261121222],[-48.67316227259846,-26.921305601056588],[-48.67314048696674,-26.921261714092328],[-48.6731179548871,-26.921202350819655],[-48.67309505230598,-26.92112891259126],[-48.67307215818711,-26.92104280080966],[-48.67304964947917,-26.920945416844262],[-48.67302790314691,-26.92083816116253],[-48.67300729611534,-26.920722436036126],[-48.67298820836287,-26.92059964198243],[-48.67289635440257,-26.919957985671534],[-48.672600004917555,-26.919804868573255],[-48.67252398450788,-26.919761528092973],[-48.672449352442136,-26.919709799854317],[-48.6723735890901,-26.91964693140333],[-48.67229416982116,-26.91957016929631],[-48.67220857406474,-26.919476759248738],[-48.67211427724531,-26.919363946904095],[-48.67200875980812,-26.919228979786475],[-48.67188949725499,-26.919069102622526],[-48.67175396809207,-26.9188815628852],[-48.67164658783851,-26.91873508862788],[-48.67152847106221,-26.918580840493668],[-48.67140275918314,-26.918422520618282],[-48.67127259157795,-26.918263831112107],[-48.67114110859644,-26.918108474111133],[-48.671011451542356,-26.91796015267971],[-48.67088676170548,-26.917822568989703],[-48.67077017833392,-26.91769942518884],[-48.67066484266474,-26.91759442346597],[-48.67012622824357,-26.917077487449227],[-48.66909250323931,-26.917089929234105],[-48.66805962000982,-26.91710163824377],[-48.66769557773414,-26.916643214784898],[-48.667609194387936,-26.916541010380435],[-48.66750022096476,-26.916423121966712],[-48.66737051451497,-26.916291280364483],[-48.6672219340648,-26.916147218229096],[-48.667056337684905,-26.915992665492396],[-48.666875583399296,-26.915829353892],[-48.66668153022463,-26.915659015185618],[-48.66647603617264,-26.915483380217307],[-48.66626095821005,-26.915304180723126],[-48.666065611972364,-26.915143248399716],[-48.66587459325324,-26.914985526946626],[-48.665691618350806,-26.91483410910115],[-48.66552040460577,-26.914692084024857],[-48.66536466925194,-26.914562544501404],[-48.665228130541124,-26.914448581537556],[-48.66511450367178,-26.914353286998697],[-48.665027507900206,-26.9142797510143],[-48.66497085941702,-26.914231066366124],[-48.664752134687454,-26.91403932208485],[-48.66481026434308,-26.913258191975633],[-48.66486839377377,-26.91247706172823]]],[[[-48.64395641609418,-26.928651491891973],[-48.644179923776115,-26.928323210732],[-48.64436102220331,-26.928063761111126],[-48.644508095201914,-26.927861620400094],[-48.64462952729852,-26.927705268610335],[-48.64473370394154,-26.927583181200042],[-48.644829006335335,-26.927483838027953],[-48.644923820665326,-26.92739571720027],[-48.64513134930604,-26.927199982347727],[-48.64533567676173,-26.926984862159244],[-48.64553571804313,-26.926751888885754],[-48.645730386115346,-26.92650259745826],[-48.64591859501197,-26.926238521027532],[-48.646099256741834,-26.92596119452173],[-48.64627128537138,-26.925672152006744],[-48.646433595012184,-26.925372926652095],[-48.64658509875832,-26.92506505341964],[-48.64669659869181,-26.92482886575703],[-48.64679385520838,-26.92463058375452],[-48.64688120594279,-26.924463493626465],[-48.64696299050879,-26.92432087979764],[-48.64704354542733,-26.924196027529224],[-48.64712720918829,-26.924082222102502],[-48.64721832024336,-26.92397274878551],[-48.64732121599999,-26.923860892814663],[-48.64744023581676,-26.923739940343864],[-48.6475221334385,-26.923656871303944],[-48.647604657855844,-26.923569982801673],[-48.647686043868624,-26.923481331792583],[-48.64776453025768,-26.923392978010547],[-48.64783835184591,-26.923306978420637],[-48.64790574546078,-26.92322539092764],[-48.64796494689499,-26.923150275227087],[-48.64801419301055,-26.92308368832715],[-48.64805172067357,-26.923027687236917],[-48.64822111745021,-26.922753903816485],[-48.647801401297656,-26.922277440352612],[-48.64754610660795,-26.921979896352305],[-48.64733548729343,-26.921714935106092],[-48.647164653852315,-26.92147190614268],[-48.64702871399744,-26.921240155280568],[-48.64692277647112,-26.9210090328247],[-48.64684195116133,-26.92076788635871],[-48.64678134598284,-26.92050606431101],[-48.64673606892948,-26.920212913288683],[-48.64670123097302,-26.919877783546],[-48.64669286890103,-26.91977158927521],[-48.64668878292911,-26.919684617426242],[-48.64669014428695,-26.919613014358568],[-48.64669812316036,-26.91955292821832],[-48.646713891766204,-26.919500506281814],[-48.646738620344685,-26.919451893985798],[-48.64677347907628,-26.919403239470515],[-48.64681963914135,-26.91935069088941],[-48.64687827075983,-26.919290393667907],[-48.647087553940544,-26.919080203932875],[-48.64734898115137,-26.919243121586888],[-48.64754853586655,-26.919364028435055],[-48.647734154656305,-26.91946997793764],[-48.64790606911926,-26.919561058832944],[-48.648064505815675,-26.91963736067306],[-48.64820969433649,-26.919698973056086],[-48.64834186428387,-26.919745985576103],[-48.64846124428324,-26.9197784869044],[-48.648568062970426,-26.91979656570861],[-48.64866255094783,-26.91980031339263],[-48.64873818524809,-26.919798349467634],[-48.64879863078234,-26.919799433444513],[-48.64884615685529,-26.91980510839134],[-48.64888303170981,-26.919816920058743],[-48.648911526682504,-26.91983641063397],[-48.64893391003468,-26.91986512495665],[-48.64895245207797,-26.91990460609316],[-48.64896942208177,-26.919956398895774],[-48.64898709034373,-26.920022047330256],[-48.649012908674656,-26.920100908506964],[-48.6490457758228,-26.920166811991272],[-48.649085066276264,-26.920219435119595],[-48.64913015550427,-26.92025845614647],[-48.64918041895133,-26.920283554228146],[-48.64923523106883,-26.92029440760188],[-48.649293966303276,-26.920290694505077],[-48.649356002097285,-26.920272094127846],[-48.649420710876846,-26.92023828467497],[-48.649449829863755,-26.920215934988924],[-48.64947546123042,-26.920187098366164],[-48.64949791244978,-26.92015078275824],[-48.649517491032036,-26.920105994312095],[-48.64953450245583,-26.920051740042776],[-48.64954925525608,-26.919987025211125],[-48.64956205489223,-26.919910857733658],[-48.64957320887325,-26.91982224375593],[-48.64958302470736,-26.919720189423177],[-48.64959345800694,-26.919609520959487],[-48.649605173749016,-26.919515511746603],[-48.649618882735,-26.91943607008763],[-48.64963529688231,-26.919369098889188],[-48.64965512603766,-26.919312503729987],[-48.649679084071515,-26.919264190255028],[-48.64970787982112,-26.91922206402448],[-48.64974222517833,-26.919184028843443],[-48.64978283296416,-26.919147992140697],[-48.6499458339932,-26.919016164584363],[-48.65001310674458,-26.919225266378504],[-48.65006655078655,-26.919389052091205],[-48.650103723992665,-26.91952344304536],[-48.65011930108532,-26.919649607035065],[-48.65010795879447,-26.919788711880447],[-48.65006437180481,-26.919961924446326],[-48.6499832166374,-26.920190414301477],[-48.649859168651005,-26.9204953482358],[-48.64968690185233,-26.92089789384475],[-48.64946109280239,-26.921419218666642],[-48.64941347375411,-26.92153243685592],[-48.649368468323075,-26.9216457861021],[-48.649326847440825,-26.921756897770894],[-48.64928938200833,-26.92186340503344],[-48.6492568449639,-26.921962940193225],[-48.649230006231214,-26.922053135504108],[-48.649209638793124,-26.92213162146616],[-48.649196513526704,-26.922196033056156],[-48.64919140343211,-26.922243999870894],[-48.64918596665589,-26.922290485788135],[-48.64917190698463,-26.922350194644252],[-48.649150041317355,-26.92242111321609],[-48.649121188564564,-26.92250122831308],[-48.64908616765628,-26.92258852584214],[-48.64904579553115,-26.92268099077471],[-48.64900089108868,-26.92277661082268],[-48.64895227327126,-26.922873371894692],[-48.648900758996135,-26.922969260769197],[-48.648780771279654,-26.923193396268427],[-48.64866837113337,-26.923420716387835],[-48.64856467504518,-26.9236482608749],[-48.64847080148175,-26.92387307222043],[-48.648387866953954,-26.924092191080067],[-48.648316989983144,-26.92430265904664],[-48.648259288096895,-26.924501517696466],[-48.6482158778059,-26.924685809490345],[-48.648187876686514,-26.92485257419701],[-48.648140099255336,-26.92522763637729],[-48.64892836260764,-26.926181146734812],[-48.649192166890614,-26.92649489264805],[-48.64943402992076,-26.92676875475998],[-48.64966049433823,-26.927008456114613],[-48.64987809888989,-26.92721971964761],[-48.65009338444449,-26.927408268291206],[-48.65031289295076,-26.92757982586115],[-48.65054316444541,-26.927740115201214],[-48.65079074003151,-26.92789486003404],[-48.6510621599061,-26.928049783117107],[-48.65125599377939,-26.928161668955852],[-48.65140873827769,-26.928265853250213],[-48.65152335769402,-26.928370473853143],[-48.65160281327725,-26.928483672136185],[-48.6516500673999,-26.928613584943665],[-48.65166808232397,-26.9287683545046],[-48.65165981938164,-26.928956118497997],[-48.651628242855786,-26.929185016439337],[-48.65157631294277,-26.929463188665434],[-48.65153059901977,-26.929708788678344],[-48.65150142561252,-26.929924544032524],[-48.651491427510614,-26.9301267349207],[-48.65150324342139,-26.930331646104555],[-48.65153950710927,-26.93055555864309],[-48.651602855388795,-26.930814754534897],[-48.65169592512715,-26.931125517567537],[-48.65182135237758,-26.93150412878723],[-48.651981773363154,-26.93196687012075],[-48.65215166442898,-26.932452649755767],[-48.652295478656995,-26.93286644606391],[-48.65241482362319,-26.933213109290254],[-48.65251130396472,-26.933497491420816],[-48.65258652745745,-26.93372444357869],[-48.65264210093665,-26.933898817762927],[-48.65267963030082,-26.93402546594802],[-48.652700724561306,-26.934109238348185],[-48.6527069876847,-26.934154987795267],[-48.652680862406044,-26.934191013411493],[-48.65265037690211,-26.93422605050177],[-48.652611004923735,-26.93425118454727],[-48.652560523734266,-26.934298815064107],[-48.65250879668926,-26.934327996544894],[-48.65243994604176,-26.934383444844148],[-48.652378344838766,-26.934420943752297],[-48.652298040503375,-26.934472695438078],[-48.652252849970814,-26.934501519971434],[-48.65222443941521,-26.934516289799557],[-48.65215392219657,-26.934557453805414],[-48.652121873646905,-26.934583219476497],[-48.652087760082246,-26.93459547766424],[-48.65202722527871,-26.934629653407782],[-48.65200407189365,-26.934651536931206],[-48.65197359202609,-26.93465927220098],[-48.65191947798391,-26.93469129603336],[-48.65184326516941,-26.93471267519738],[-48.651801506322286,-26.934675786694513],[-48.65178274626643,-26.934653529363615],[-48.651762582648544,-26.934627679600112],[-48.651741465370584,-26.934598779125345],[-48.65171984625329,-26.93456737420494],[-48.651698174190656,-26.934534006543938],[-48.65167243168713,-26.93449528835488],[-48.651639075013705,-26.934448922636925],[-48.65159928254796,-26.934396348508674],[-48.65155423266583,-26.934339005088916],[-48.65150510372159,-26.934278332399256],[-48.65145307408417,-26.934215769560133],[-48.651399321092704,-26.934152756578552],[-48.651345024094134,-26.934090733496472],[-48.65129136045457,-26.93403113851962],[-48.65100265419194,-26.933716059606947],[-48.65083909417414,-26.93265654952661],[-48.6507996791932,-26.932411076190316],[-48.650760659125986,-26.93218842253982],[-48.65072144872857,-26.93198612515489],[-48.65068146177454,-26.931801719695876],[-48.65064011306741,-26.93163274093712],[-48.65059681940934,-26.931476724587974],[-48.65055099458732,-26.931331206306822],[-48.650502052392845,-26.931193721751292],[-48.650449408653635,-26.93106180570957],[-48.65040647283701,-26.93095672772738],[-48.6503616036749,-26.930839916782787],[-48.65031584791444,-26.93071454516296],[-48.65027024921903,-26.93058378781192],[-48.65022585334965,-26.930450815197716],[-48.65018370697125,-26.930318802316478],[-48.65014485480224,-26.930190920523184],[-48.65011034149744,-26.930070343879688],[-48.65008121273076,-26.92996024556299],[-48.6500229620216,-26.92974812656931],[-48.64994920955896,-26.929513068838336],[-48.6498625822176,-26.92926172090989],[-48.64976570788996,-26.929000729537474],[-48.64966121540198,-26.928736743298487],[-48.64955173055563,-26.92847640891984],[-48.64943988311412,-26.928226374102675],[-48.64932829874951,-26.927993287388848],[-48.64921960616439,-26.92778379467003],[-48.649172206130025,-26.927701645517722],[-48.64912247150749,-26.927625319550465],[-48.64906937923015,-26.927553758326294],[-48.649011905228626,-26.927485903384984],[-48.64894902648103,-26.927420694477018],[-48.648879719969344,-26.92735707135077],[-48.648802961598655,-26.92729397734361],[-48.64871772940397,-26.927230350410852],[-48.64862299931969,-26.92716513298123],[-48.64854827448665,-26.927116324619547],[-48.648474271956964,-26.927070214757673],[-48.64840249044248,-26.927027596336806],[-48.64833442661941,-26.92698926316943],[-48.648271580161044,-26.926956010022934],[-48.6482154467875,-26.926928627991195],[-48.64816752614963,-26.92690791274726],[-48.648129315941674,-26.926894657225017],[-48.64810231285321,-26.926889654341487],[-48.648071297097424,-26.92689953399664],[-48.648022034062194,-26.92692963670273],[-48.64795669125816,-26.92697807011179],[-48.64787743519906,-26.927042940954202],[-48.64778643537713,-26.927122357815026],[-48.64768585932978,-26.927214426541727],[-48.64757787355684,-26.927317254773655],[-48.64746464758736,-26.927428950206398],[-48.6473483469565,-26.927547619573385],[-48.64717541199469,-26.9277281569707],[-48.64703503341443,-26.927878763455546],[-48.64692309772966,-26.928005262401],[-48.64683548833254,-26.928113477993808],[-48.646768091609665,-26.928209232638004],[-48.64671679285859,-26.928298350503926],[-48.64667747635685,-26.928386654828053],[-48.64664602838955,-26.928479967968176],[-48.6466183321464,-26.928584114930878],[-48.646565526047674,-26.928748523250547],[-48.646483889004195,-26.928932994030355],[-48.646376242471526,-26.92913342317111],[-48.64624540592406,-26.929345705632116],[-48.6460941998305,-26.929565738193503],[-48.645925445720295,-26.929789416755163],[-48.64574196417899,-26.930012636307435],[-48.64554657483545,-26.93023129183685],[-48.64534209832249,-26.93044128106901],[-48.645258237307445,-26.93052446458311],[-48.645169476991626,-26.930614486876337],[-48.64507796834988,-26.930709046591733],[-48.64498586035787,-26.930805842345077],[-48.644895302974966,-26.930902574579783],[-48.64480844520646,-26.930996941924747],[-48.644727437096954,-26.931086642129724],[-48.64465442864724,-26.931169375656026],[-48.644591568917946,-26.93124284024587],[-48.64441409057826,-26.93144514709875],[-48.644211213601956,-26.931661185687165],[-48.643991646408836,-26.9318829254672],[-48.6437640975972,-26.932102333243073],[-48.643537276922245,-26.93231137499653],[-48.64331989221769,-26.932502018544664],[-48.64312065445022,-26.93266623181563],[-48.642948272678446,-26.93279598185189],[-48.64281145498176,-26.93288323661445],[-48.64249564644355,-26.933055294649268],[-48.64223985151447,-26.932784432274893],[-48.6421941277056,-26.932734677682788],[-48.64215103352324,-26.93268585140176],[-48.642111303275264,-26.932638904220177],[-48.642075668210374,-26.932594788680596],[-48.64204486466412,-26.932554454703748],[-48.642019623938666,-26.932518852126336],[-48.64200068033626,-26.932488931737574],[-48.641988768122,-26.932465646130463],[-48.64198922989388,-26.93243285921362],[-48.64200256611542,-26.932405129880472],[-48.642023799931515,-26.932368002175206],[-48.6420520999818,-26.93232272106353],[-48.642086638893424,-26.93227053338212],[-48.64212658728124,-26.93221268593392],[-48.642171116805805,-26.932150423734893],[-48.642219397079884,-26.932084993572285],[-48.64227060077653,-26.932017640480666],[-48.6423366267873,-26.931930045801398],[-48.64239294246702,-26.93184993584294],[-48.64244011879091,-26.93177609648799],[-48.64247872570198,-26.93170731450134],[-48.64250933216863,-26.93164237482414],[-48.64253251011776,-26.931580065152044],[-48.642548828547135,-26.931519168617804],[-48.64255885734564,-26.931458473782108],[-48.64256316750047,-26.931396764710716],[-48.6425776897031,-26.93124875604212],[-48.642613355955135,-26.93107986421718],[-48.64266889969121,-26.930893036990366],[-48.64274305428473,-26.930691224815476],[-48.642834551098446,-26.930477378107835],[-48.6429421255669,-26.930254445543117],[-48.643064509075494,-26.930025377533077],[-48.64320043403519,-26.929793124507228],[-48.64334863593698,-26.929560635143776],[-48.643682116017956,-26.929060126223295],[-48.64395641609418,-26.928651491891973]]],[[[-48.65323256612719,-26.916832120941862],[-48.65310240620214,-26.916719556788866],[-48.65298952613131,-26.916611896721776],[-48.65290058922165,-26.916514429699614],[-48.65284226285138,-26.916432441144945],[-48.652811459502125,-26.91637059939144],[-48.65278692833067,-26.916305809077425],[-48.652768744219294,-26.916239072235207],[-48.65275698113595,-26.916171386368944],[-48.6527517109419,-26.916103753458945],[-48.65275300756675,-26.916037172811823],[-48.65276094592824,-26.915972644652157],[-48.65277559691979,-26.91591116913673],[-48.652797035461575,-26.91585374648835],[-48.65289897508901,-26.91578043924971],[-48.653096149590816,-26.915757129824968],[-48.653362560354104,-26.915777000849996],[-48.65367220487607,-26.915833233159958],[-48.6539990835833,-26.91591901051286],[-48.65431719578457,-26.91602751596421],[-48.65460053962752,-26.91615193096882],[-48.65482311501598,-26.91628543899753],[-48.654958919629756,-26.916421223578094],[-48.65499266108567,-26.916495992194946],[-48.65500928262993,-26.916581984873808],[-48.65500951233649,-26.9166767049881],[-48.65499407723062,-26.916777657692492],[-48.654963702398476,-26.916882344494702],[-48.654919115892035,-26.91698826965494],[-48.65486104375658,-26.91709293739684],[-48.654790212083846,-26.917193850137664],[-48.654707348952535,-26.91728851213109],[-48.654643770679634,-26.917349049211925],[-48.65458320645105,-26.917394346645555],[-48.65452167520433,-26.917424389701107],[-48.654455196879034,-26.91743916365707],[-48.654379788396696,-26.91743865373385],[-48.65429147169838,-26.91742284612805],[-48.65418626474937,-26.917391725152935],[-48.65406018648321,-26.917345277828716],[-48.6539092569382,-26.917283487562823],[-48.65379268505914,-26.917225697622214],[-48.65366006444907,-26.917146379704484],[-48.65351806071969,-26.917050819993783],[-48.653373339444016,-26.916944304695768],[-48.65323256612719,-26.916832120941862]]],[[[-48.63270356709387,-26.941764648628425],[-48.63258130676462,-26.941329323986633],[-48.63255842180956,-26.941251840612644],[-48.63253452611586,-26.94118229952046],[-48.63250946511224,-26.941120436415815],[-48.63248307923248,-26.941065985115518],[-48.63245521185434,-26.941018683095333],[-48.63242570544327,-26.940978263303407],[-48.632394403376686,-26.9409444632151],[-48.63236114709415,-26.94091701666332],[-48.63232578099799,-26.94089566023769],[-48.632204932493714,-26.940860280815173],[-48.632004082967995,-26.94083241598731],[-48.63173305130131,-26.940812170751656],[-48.63140165227598,-26.940799651800035],[-48.63101970269295,-26.940794964057492],[-48.630597019343035,-26.9407982115896],[-48.63014341895415,-26.94080950034099],[-48.62966871821475,-26.940828937258612],[-48.62918273284798,-26.940856626684976],[-48.628957360842286,-26.9408710021113],[-48.62874447106868,-26.940884123359446],[-48.62854771871932,-26.940895786646536],[-48.628370754960855,-26.940905788137794],[-48.628217234967224,-26.940913924979185],[-48.62809081189889,-26.940919994288226],[-48.62799513897207,-26.940923790474795],[-48.6279222622268,-26.940924432614555],[-48.627892773237825,-26.94085061502954],[-48.627864237225594,-26.940672393141345],[-48.62782873603386,-26.940419201149055],[-48.62778995757179,-26.940121152170843],[-48.627751591676684,-26.939808361165476],[-48.62771732617527,-26.939510940354985],[-48.62769084880836,-26.939259003768676],[-48.62767584831336,-26.939082664552757],[-48.62767601242471,-26.93901203583666],[-48.627789203641996,-26.938999794645394],[-48.62807746639113,-26.93898261728975],[-48.628495813673794,-26.938962267516466],[-48.62899925849518,-26.938940510052856],[-48.629542813899796,-26.93891910914772],[-48.63008148989082,-26.93889983142757],[-48.63057030153212,-26.93888444338178],[-48.63096425989939,-26.9388747102198],[-48.631218378013386,-26.93887240025005],[-48.63153531583913,-26.9388764961508],[-48.631831625409404,-26.939445549527083],[-48.63188494543083,-26.939547479585137],[-48.63193602131213,-26.93964357847307],[-48.63198392381051,-26.93973220354473],[-48.632027725672934,-26.939811713090688],[-48.63206649664247,-26.93988046444942],[-48.63209930849216,-26.939936814091507],[-48.63212523191286,-26.939979122079198],[-48.63214333771024,-26.940005743061985],[-48.63224001765961,-26.940004890140024],[-48.63240825163984,-26.93997594625601],[-48.63263646932898,-26.939932558976782],[-48.632903740629054,-26.93987907734108],[-48.63318913742242,-26.93981985414484],[-48.63347173165657,-26.939759242343158],[-48.633730593415294,-26.939701591420263],[-48.633944793744696,-26.939651256440886],[-48.6340934048607,-26.93961258717288],[-48.63416836652768,-26.939591291718173],[-48.63423955252799,-26.939571775605277],[-48.63430572546204,-26.93955432670702],[-48.634365650913026,-26.93953923475302],[-48.63441809045725,-26.939526788504683],[-48.63446180969722,-26.93951727679171],[-48.63450685490783,-26.939509600249185],[-48.63455090625663,-26.939562345974053],[-48.6345892380678,-26.93968634033752],[-48.634639392705054,-26.93986592566862],[-48.63469749296202,-26.94008580964963],[-48.63475965964195,-26.940330697225725],[-48.63482201646138,-26.940585296102913],[-48.63488068208526,-26.940834312102922],[-48.634931781144,-26.941062452054894],[-48.63497143218496,-26.941254422689557],[-48.6350205950874,-26.941485274374934],[-48.635077260024325,-26.941707706031853],[-48.635140885764024,-26.941920394666997],[-48.63521093114013,-26.942122013678013],[-48.63528685389412,-26.942311240053524],[-48.635368111832165,-26.942486747173614],[-48.63545416369964,-26.942647211141377],[-48.63554446726224,-26.942791306238956],[-48.63563848128133,-26.942917706765698],[-48.63573752383288,-26.943027325492285],[-48.63585138187684,-26.943130632023713],[-48.63598338163441,-26.943229391254803],[-48.63613684636103,-26.94332536620779],[-48.63631510331935,-26.943420321754264],[-48.636521476830985,-26.943516019981328],[-48.63675929221326,-26.943614224763543],[-48.637031873809335,-26.94371669991836],[-48.63734254803347,-26.943825208347228],[-48.637541547891395,-26.943892028070042],[-48.63770572051951,-26.943944930039322],[-48.637840642473535,-26.943984955322183],[-48.63795189032791,-26.944013145847897],[-48.638045039679014,-26.944030543498844],[-48.63812566714999,-26.944038190152053],[-48.638199350365184,-26.944037128586995],[-48.638271665987666,-26.944028399748973],[-48.63834818967723,-26.944013044554808],[-48.63840021004869,-26.944001904701395],[-48.638456299605174,-26.94399152332215],[-48.638515031019416,-26.943982071429552],[-48.63857498302314,-26.943973719237235],[-48.638634730341245,-26.943966635991764],[-48.638692849693555,-26.943960991877997],[-48.63874791578711,-26.943956957049323],[-48.63879850636756,-26.943954700809837],[-48.638843197129745,-26.94395439423571],[-48.63888784736844,-26.943953181849764],[-48.63893831907498,-26.94394832011107],[-48.63899319157924,-26.943940143483328],[-48.63905104523645,-26.943928985546624],[-48.63911045833281,-26.94391518255577],[-48.639170009230675,-26.943899067159602],[-48.63922827927565,-26.943880973864108],[-48.639283845769846,-26.943861238012445],[-48.63933528905554,-26.94384019409848],[-48.63946644078313,-26.9437865863251],[-48.63960265645569,-26.94373909762022],[-48.639740743793325,-26.943698327883034],[-48.63987750845424,-26.94366487969816],[-48.64000975915935,-26.943639353909354],[-48.64013430055023,-26.943622354011243],[-48.64024794036395,-26.943614479950934],[-48.6403474842471,-26.943616335258366],[-48.64042974093577,-26.94362851991059],[-48.640495670041325,-26.943651709659353],[-48.64054723075621,-26.94368533630364],[-48.64058435788656,-26.94372890424625],[-48.64060698921229,-26.943781919739852],[-48.6406150595048,-26.94384388807945],[-48.64060850554158,-26.943914314588834],[-48.640587262042985,-26.94399270635723],[-48.640551266818406,-26.944078566911013],[-48.64050045457733,-26.944171403329396],[-48.64046373614724,-26.944226868427837],[-48.64042402491345,-26.94427219536566],[-48.64037648469598,-26.944308834605778],[-48.64031627932819,-26.94433823570105],[-48.64023857362809,-26.944361849112052],[-48.6401385314431,-26.94438112346192],[-48.640011315537414,-26.94439751094216],[-48.63985209178649,-26.94441245925247],[-48.639656022966484,-26.94442741960824],[-48.63959569742039,-26.944433056056578],[-48.63951901571875,-26.944442119465897],[-48.63942860318304,-26.94445420796757],[-48.63932708323411,-26.94446891424883],[-48.639217082238034,-26.944485834660405],[-48.63910122456803,-26.944504564623685],[-48.63898213661247,-26.944524699601487],[-48.63886244073609,-26.944545834998014],[-48.638744765364656,-26.94456756542551],[-48.63852193496979,-26.944612931293417],[-48.63833737781257,-26.944659516277426],[-48.63818576152321,-26.944711173849978],[-48.638061756750105,-26.944771756581492],[-48.63796003410838,-26.944845117906038],[-48.63787526121907,-26.944935109374004],[-48.63780210965958,-26.945045585287875],[-48.6377352489949,-26.94518039899785],[-48.63766934881983,-26.94534340113407],[-48.63764411235474,-26.94540659651247],[-48.63761623522655,-26.945469381263475],[-48.63758645816448,-26.94553046922616],[-48.63755552285116,-26.94558857696345],[-48.63752417099125,-26.94564242013709],[-48.637508642994476,-26.945668597002832],[-48.637493145280274,-26.945690715328602],[-48.63746318541555,-26.945732178167653],[-48.637435033128554,-26.945765523416366],[-48.63740943110227,-26.9457894685606],[-48.63737766942614,-26.945801217277975],[-48.63730891068601,-26.945845149595268],[-48.63720014621549,-26.945886704132416],[-48.637102935567626,-26.94591028215649],[-48.637058279832814,-26.945921373440246],[-48.636981980622764,-26.945929954514796],[-48.636899487875795,-26.94594606163111],[-48.6367296845988,-26.945960258648952],[-48.63669970305608,-26.9459576760783],[-48.636554787324386,-26.94596345270975],[-48.636447392198676,-26.945961812248207],[-48.636380713380476,-26.945955132058046],[-48.636213378062436,-26.945934785835885],[-48.63605869867193,-26.945901903246202],[-48.635999833081414,-26.945885842463067],[-48.635886723232076,-26.945839466226037],[-48.63578816508493,-26.945798992911474],[-48.6356960610914,-26.945740300700677],[-48.63557362435759,-26.945675070791044],[-48.63548949700377,-26.945606750839513],[-48.635348002669105,-26.945510703302617],[-48.63526981167649,-26.94544116165639],[-48.635103089811324,-26.94530252027021],[-48.63503978884325,-26.945245877326084],[-48.63483067678464,-26.945047147870408],[-48.63480221018376,-26.945023242905606],[-48.63475325034523,-26.944970486138864],[-48.634669026376955,-26.94488427744882],[-48.63458018216938,-26.944790917214572],[-48.63455985934159,-26.9447756044032],[-48.63448889401209,-26.944692799935478],[-48.63439733816167,-26.94459232101768],[-48.63431551794701,-26.94450530600513],[-48.63422213036463,-26.944393859045498],[-48.63414282986913,-26.944300665907264],[-48.634071968611664,-26.94421469102899],[-48.63400472016144,-26.944131948710453],[-48.63393583116049,-26.944048068871652],[-48.63386683932259,-26.94396487491394],[-48.63379928032083,-26.943884191109586],[-48.633734690845216,-26.943807840848034],[-48.63367460858473,-26.943737647537862],[-48.633620570196534,-26.94367543547477],[-48.63357411035782,-26.943623027117923],[-48.633536766725406,-26.943582246782114],[-48.633415827602214,-26.943444020894812],[-48.6333063012787,-26.943295995888285],[-48.63320488020537,-26.943130360060664],[-48.63310825582561,-26.942939303487908],[-48.63301312064563,-26.942715015352658],[-48.632916166226295,-26.9424496839113],[-48.63281408416069,-26.942135498315448],[-48.63270356709387,-26.941764648628425]]],[[[-48.656183844019374,-26.916657559624124],[-48.65623846382386,-26.916508766876763],[-48.65629493458268,-26.916377369235413],[-48.656357197650856,-26.916257071894027],[-48.65642919439099,-26.916141578232658],[-48.656514865110054,-26.91602459250481],[-48.6566181500601,-26.915899819850505],[-48.65674299049032,-26.91576096360164],[-48.6568933265265,-26.915601729752623],[-48.65705343932564,-26.91544607552004],[-48.657234561356866,-26.915289263739012],[-48.657428707093594,-26.915136540194123],[-48.65762788810724,-26.91499314885969],[-48.65782411705388,-26.91486433377584],[-48.65800940662227,-26.91475534083602],[-48.65817576957417,-26.91467141507563],[-48.658315219727626,-26.914617800678617],[-48.6584197688894,-26.914599741814335],[-48.6584805399857,-26.914611706514222],[-48.65854895440718,-26.914643426602744],[-48.65862166169684,-26.91469155534473],[-48.65869530838753,-26.914752745058365],[-48.65876654399773,-26.914823649020033],[-48.65883201700347,-26.91490092139715],[-48.658888374911896,-26.914981213638715],[-48.65893226716951,-26.915061179936444],[-48.65896034223946,-26.91513747266162],[-48.65894815607412,-26.91525765457173],[-48.65887393500382,-26.915439791880225],[-48.65874665485344,-26.915671213574594],[-48.65857529339829,-26.91593925044356],[-48.658368825478135,-26.91623123232465],[-48.65813622908535,-26.91653448913659],[-48.65788647939398,-26.916836349899857],[-48.657628554750524,-26.917124146461067],[-48.657371430754424,-26.917385207988485],[-48.65727510141695,-26.917476449837388],[-48.65719496740163,-26.917548589126323],[-48.65712652517685,-26.917603756629305],[-48.657065273141306,-26.917644085845698],[-48.657006708706376,-26.917671708443063],[-48.65694632722168,-26.917688757850982],[-48.65687962809255,-26.917697365753266],[-48.65680210667663,-26.917699664659615],[-48.65670926034223,-26.917697787101044],[-48.656622476905014,-26.917693928284834],[-48.65654901482497,-26.91768734244662],[-48.656486262254205,-26.91767688617696],[-48.65643160729088,-26.917661418765324],[-48.65638243905993,-26.91763979861002],[-48.65633614568227,-26.917610884088244],[-48.65629011733206,-26.917573531802823],[-48.656241742082436,-26.917526602830485],[-48.65618840913173,-26.917468952848733],[-48.65599339035174,-26.917250230507335],[-48.656127134768624,-26.916830043193393],[-48.656183844019374,-26.916657559624124]]],[[[-48.67092511686734,-26.931610598773787],[-48.670864590756864,-26.931506938546523],[-48.670840014770505,-26.931456524836296],[-48.670818238968835,-26.93140698127509],[-48.67079955707972,-26.93135929996763],[-48.67078425679144,-26.931314472918807],[-48.670772632837114,-26.931273492249808],[-48.67076497294166,-26.93123734816102],[-48.670761570832006,-26.93120703275658],[-48.67076271721658,-26.931183538090476],[-48.67089064017382,-26.93114569551609],[-48.671187417568504,-26.931132322349875],[-48.671612528020674,-26.93112699050038],[-48.67211946655283,-26.931128957506303],[-48.67266172524678,-26.931137476804608],[-48.67319279604868,-26.931151806090554],[-48.67366617489524,-26.9311712011075],[-48.674035352533465,-26.931194920795207],[-48.67425382369734,-26.931222221758595],[-48.67435606788034,-26.93125263538436],[-48.67445942656307,-26.931296594690334],[-48.67456035316865,-26.931351285195515],[-48.674655300077056,-26.9314138933134],[-48.67474071964847,-26.93148160546528],[-48.674813065266896,-26.93155160629073],[-48.67486878925517,-26.931621082220115],[-48.674904342934234,-26.931687218764772],[-48.67491617959247,-26.931747203268728],[-48.674904588610495,-26.931807195960246],[-48.67487380570255,-26.931870528926265],[-48.67482609242047,-26.93193532358036],[-48.674763711347964,-26.931999700447456],[-48.67468892509678,-26.932061779149883],[-48.6746039962344,-26.9321196820182],[-48.67451118638971,-26.932171528663748],[-48.67441275817355,-26.932215440523905],[-48.6743109732396,-26.932249537221473],[-48.674181187334256,-26.93229356177349],[-48.674072962555165,-26.93234978699227],[-48.67398443564248,-26.932422168218903],[-48.67391373925346,-26.932514663420715],[-48.673859008096784,-26.93263122878274],[-48.673818378859856,-26.932775822318533],[-48.673789984262754,-26.93295239926193],[-48.673771958984545,-26.933164917580854],[-48.673762437740265,-26.933417333434804],[-48.67375780126559,-26.933593205728624],[-48.67375165001583,-26.93373844905345],[-48.67374318734923,-26.933857195115547],[-48.673731617533285,-26.933953580147374],[-48.673716146919425,-26.934031736805252],[-48.67369597783067,-26.934095797678097],[-48.673670316558194,-26.934149898126353],[-48.67363836541972,-26.93419817073627],[-48.67359932971106,-26.934244749946295],[-48.673559636741,-26.934285776503767],[-48.67352103352768,-26.934319428348843],[-48.673481624344355,-26.934346336593933],[-48.673439513461695,-26.934367132349124],[-48.67339280414227,-26.93438244670536],[-48.6733396016794,-26.93439290988177],[-48.67327801032277,-26.93439915388147],[-48.673206134340944,-26.9344018098008],[-48.6731220769965,-26.934401508713677],[-48.673059908569485,-26.934398885786468],[-48.67299694061098,-26.93439332668349],[-48.67293444409615,-26.934385108662404],[-48.672873691024,-26.93437450809748],[-48.67281595333657,-26.93436180407145],[-48.67276250099832,-26.934347273831474],[-48.67271460596649,-26.934331195561438],[-48.67267354021518,-26.934313846544256],[-48.67264057469175,-26.934295504948853],[-48.67259632867427,-26.934264024688883],[-48.67256173459339,-26.934228259239433],[-48.67253583585028,-26.93417968475203],[-48.672517673873706,-26.93410977553829],[-48.67250629005315,-26.9340100077118],[-48.67250072780244,-26.933871856514905],[-48.672500027504924,-26.933686797137657],[-48.67250323254926,-26.93344630481752],[-48.672509383270054,-26.93314185564144],[-48.67253207892467,-26.932087803215765],[-48.67230720628461,-26.931987718819855],[-48.67225581407165,-26.93196720776796],[-48.6722019208443,-26.93194983918253],[-48.672145480209366,-26.931935616807028],[-48.67208644469257,-26.93192454797658],[-48.67202476488038,-26.93191663638429],[-48.67196039534773,-26.931911887593767],[-48.67189328664313,-26.931910307101848],[-48.6718233913276,-26.93191190043834],[-48.671750661980205,-26.931916672230596],[-48.67160310523346,-26.931924199341893],[-48.67147061918215,-26.93191973368414],[-48.67135200588305,-26.931902730313315],[-48.67124606837478,-26.931872645195366],[-48.671151608684106,-26.931828934271874],[-48.67106742885156,-26.931771052575705],[-48.67099233089526,-26.931698456036223],[-48.67092511686734,-26.931610598773787]]],[[[-48.69194294654558,-26.88326792903134],[-48.69202456386821,-26.88310806475318],[-48.692101263549674,-26.882931026962822],[-48.692173873783695,-26.882734886249484],[-48.692243222719256,-26.882517715003704],[-48.69231014153273,-26.882277584760573],[-48.69237545738393,-26.88201256608449],[-48.69240063257883,-26.881908966828963],[-48.69242784933749,-26.88180548214114],[-48.69245641789566,-26.88170426118879],[-48.692485645421186,-26.881607455797656],[-48.69251484117262,-26.88151721421876],[-48.692543315346036,-26.88143568832911],[-48.69257037618475,-26.881365027267226],[-48.6925953318986,-26.881307381976686],[-48.69261749375432,-26.881264901646595],[-48.69265932356115,-26.88115730676719],[-48.6926912596698,-26.880994826338537],[-48.692713263345816,-26.88078501314653],[-48.692725294935336,-26.88053541725405],[-48.69272731678737,-26.880253590560972],[-48.69271928928006,-26.87994708403184],[-48.69270117480304,-26.87962344956587],[-48.69267293477048,-26.879290238142932],[-48.692634529596816,-26.878955000725533],[-48.69260789997414,-26.878758959285896],[-48.692582610602024,-26.878597558209062],[-48.69255536635792,-26.878461946688244],[-48.69252287115001,-26.878343272996084],[-48.692481828847825,-26.878232688108707],[-48.69242894643124,-26.878121339438746],[-48.6923609258398,-26.878000376114812],[-48.692274473056955,-26.877860948224775],[-48.69216629313339,-26.877694204926406],[-48.691957056911846,-26.877361417492068],[-48.69171022036775,-26.876948202727686],[-48.691439305737916,-26.87647915273707],[-48.69115783186349,-26.87597886144596],[-48.69087932122196,-26.87547192112105],[-48.69061729282085,-26.874982924061285],[-48.690385267218566,-26.87453646447667],[-48.690196762638344,-26.874157135698375],[-48.69006529913061,-26.873869530216734],[-48.6900120386629,-26.873744906954173],[-48.68994836845141,-26.873597650843408],[-48.68987625613335,-26.873432253000153],[-48.6897976703213,-26.87325320546028],[-48.6897145816222,-26.873065000294993],[-48.689628957622084,-26.872872128626934],[-48.68954276687074,-26.872679082500678],[-48.68945797789322,-26.872490353964345],[-48.689376560177834,-26.872310435988],[-48.68894548583689,-26.87136031636343],[-48.68892716705815,-26.87051717411451],[-48.68890884704784,-26.86967403177182],[-48.68923461068106,-26.868830132766973],[-48.68956035199905,-26.867986971427392],[-48.69034042072304,-26.867157519526156],[-48.690488883074536,-26.86700144097901],[-48.690646343765955,-26.866839620910948],[-48.690808946304244,-26.8666757991409],[-48.6909728362142,-26.866513717344812],[-48.69113415708929,-26.866357115382296],[-48.69128905357115,-26.866209733149805],[-48.69143367032126,-26.866075311465035],[-48.69156415303864,-26.86595759117828],[-48.691676645469464,-26.865860311314915],[-48.69182807289908,-26.865734985140467],[-48.691963200157346,-26.865628582015542],[-48.69208888693642,-26.865537181936432],[-48.6922119938851,-26.86545686488483],[-48.692339383643144,-26.86538370994571],[-48.69247791578065,-26.865313797029415],[-48.69263445085917,-26.865243205129484],[-48.69281584836133,-26.865168014988736],[-48.69302897077943,-26.865084305545533],[-48.693824271191794,-26.86477751469412],[-48.69499143374009,-26.864792311074783],[-48.695206689862545,-26.864794459757753],[-48.69542166521768,-26.86479512262606],[-48.69563188934065,-26.864794389212552],[-48.69583289284458,-26.864792345484233],[-48.69602020524477,-26.864789081926638],[-48.69618935614832,-26.86478468453513],[-48.696335875090114,-26.86477924292926],[-48.696455292667636,-26.864772844047646],[-48.696543138456796,-26.864765575715882],[-48.6967489639102,-26.864752950540712],[-48.6969760215466,-26.864757065803687],[-48.69721842020954,-26.864776820075114],[-48.69747026766158,-26.864811115551447],[-48.697725672733085,-26.864858850875475],[-48.69797874617379,-26.864918928372106],[-48.69822359373286,-26.864990247618483],[-48.698454326157695,-26.86507170831175],[-48.69866505108787,-26.865162212839518],[-48.69878391097102,-26.86521726831248],[-48.698958225501755,-26.86529592053817],[-48.699180882721436,-26.86539504566782],[-48.69944477269255,-26.865511519875955],[-48.699742784455346,-26.86564221933226],[-48.70006780503718,-26.86578401839872],[-48.700412723385625,-26.86593379331817],[-48.700770429367864,-26.86608842130672],[-48.701133810816856,-26.866244776903812],[-48.703119031424485,-26.867097801329855],[-48.70405002860386,-26.86786253268838],[-48.70498103739533,-26.868627258611887],[-48.70560145740158,-26.869642718928482],[-48.70588831426751,-26.870102498406396],[-48.70622038850063,-26.870619054301283],[-48.70658407390123,-26.871172409122515],[-48.706965762810064,-26.87174258725639],[-48.707351847094934,-26.872309612295766],[-48.707728721177155,-26.872853505294017],[-48.70808277484428,-26.873354292768706],[-48.70840040057472,-26.873791995978095],[-48.70866798845476,-26.87414663893626],[-48.70890996649622,-26.874453963275517],[-48.70913967230198,-26.87473760568417],[-48.70936062993073,-26.875001451534395],[-48.70957636252569,-26.875249385259806],[-48.70979039528864,-26.87548529220982],[-48.71000625049935,-26.87571305586235],[-48.71022745446368,-26.87593656244853],[-48.710457528568384,-26.876159695392108],[-48.71069999925194,-26.876386339981686],[-48.7113386363424,-26.876973641816424],[-48.7140798519895,-26.877871931884076],[-48.71682030457723,-26.878769418249288],[-48.71758969278506,-26.878715128496317],[-48.71774879414307,-26.87870328991285],[-48.717939491648195,-26.878688466448313],[-48.71815583894903,-26.87867114760004],[-48.718391890683904,-26.878651823804],[-48.71864169948244,-26.87863098549369],[-48.718899320026885,-26.87860912136788],[-48.71915880596246,-26.87858672195516],[-48.719414210939995,-26.878564277827913],[-48.71965958965831,-26.878542277813864],[-48.720960095939745,-26.87842370895283],[-48.7217298286703,-26.877843275250875],[-48.721882765296535,-26.877728092168297],[-48.722056026619406,-26.87759776506706],[-48.72224472959269,-26.877455963001005],[-48.72244398718271,-26.87730635498152],[-48.722648914430856,-26.877152609177745],[-48.72285462438041,-26.876998395561245],[-48.723056232174855,-26.876847382363575],[-48.7232488529725,-26.876703239651828],[-48.723427601008495,-26.876569635701227],[-48.72359370395337,-26.876444017465875],[-48.72375040170591,-26.87632289869185],[-48.72389499638901,-26.876208536289916],[-48.72402479316231,-26.876103187229152],[-48.7241370952058,-26.87600910755079],[-48.724229206677975,-26.875928555119913],[-48.7242984328178,-26.875863784208388],[-48.724342075732196,-26.875817054447033],[-48.72435743963427,-26.875790620075495],[-48.72437282193187,-26.87575959973961],[-48.72441599484756,-26.87570010803246],[-48.72448432252535,-26.875615168994372],[-48.72457516603374,-26.875507808410603],[-48.72468588745603,-26.87538105117489],[-48.72481385088897,-26.87523792221263],[-48.72495641742179,-26.87508144640385],[-48.72511094918615,-26.87491464774951],[-48.725274809308274,-26.874740552080794],[-48.72543974835244,-26.874565870728848],[-48.72559739496432,-26.874396925050174],[-48.72574491112298,-26.87423689474631],[-48.72587945883662,-26.87408895953082],[-48.725998202130505,-26.873956300061195],[-48.72609830103969,-26.873842096033936],[-48.72617691961163,-26.87374952811421],[-48.72623122091968,-26.873681775143798],[-48.72625836496651,-26.873642017711703],[-48.726281943779185,-26.873587418914042],[-48.72632545275923,-26.87347735037103],[-48.7263867516373,-26.873317580379847],[-48.72646370415724,-26.873113876394505],[-48.72655417101697,-26.872872006720762],[-48.72665601392718,-26.87259773968221],[-48.72676709463756,-26.87229684270493],[-48.726885275918555,-26.87197508414039],[-48.72700841756491,-26.87163823230057],[-48.72768793333615,-26.869770147525138],[-48.727765632795986,-26.86752264902451],[-48.72779545227703,-26.866639656173067],[-48.72781006326987,-26.865946109920007],[-48.72779922427569,-26.865400667570206],[-48.72775269273885,-26.864961984573775],[-48.727660228063066,-26.86458871636334],[-48.72751158766739,-26.86423951917104],[-48.72729653020123,-26.86387304824722],[-48.72700481470878,-26.863447960520396],[-48.72662620199495,-26.862922910969306],[-48.726452828469846,-26.86268490423043],[-48.726271772776116,-26.862439573919186],[-48.72608730506883,-26.862192518057594],[-48.72590369449906,-26.861949331060693],[-48.72572520910542,-26.861715609149933],[-48.72555611782955,-26.861496950384783],[-48.72540069165629,-26.861298948362116],[-48.72526319843371,-26.86112720025179],[-48.725147906985015,-26.860987303248894],[-48.725023629114574,-26.860838673745462],[-48.724860229665794,-26.860642225912443],[-48.7246635780153,-26.860405056269077],[-48.7244395415288,-26.860134260405268],[-48.724193987463224,-26.859836936633247],[-48.723932783026996,-26.859520181485117],[-48.72366179630865,-26.859191092442074],[-48.72338689430355,-26.858856765199956],[-48.723113944826736,-26.858524298214764],[-48.72268509294071,-26.85800034857881],[-48.72234289668985,-26.857578081266205],[-48.72207204011486,-26.857235713837937],[-48.721857204951604,-26.856951464506004],[-48.7216830754862,-26.856703550467707],[-48.72153433434209,-26.856470189688945],[-48.72139566642483,-26.856229600097432],[-48.72125175692471,-26.85595999686057],[-48.721087289159264,-26.855639600475968],[-48.720925220342146,-26.855318379871054],[-48.720792715565345,-26.85504632137926],[-48.72068162443076,-26.85480019896898],[-48.720583799749,-26.85455678662851],[-48.72049109250215,-26.854292856488208],[-48.72039535376892,-26.853985182465795],[-48.720288434794504,-26.853610537560815],[-48.720162189999414,-26.853145696607548],[-48.720008469117204,-26.852567430726463],[-48.719852471154304,-26.851977501684033],[-48.71973037331147,-26.851507158286694],[-48.719637456008705,-26.851130571179542],[-48.719568998946684,-26.850821910067395],[-48.719520285030995,-26.85055534468746],[-48.71948659423732,-26.85030504652099],[-48.71946320769633,-26.85004518344874],[-48.71944540753704,-26.84974992606847],[-48.71942847491665,-26.84939344495746],[-48.719413755901016,-26.84905817830412],[-48.719404039746784,-26.848781335912857],[-48.71940002797603,-26.848549958155164],[-48.71940242015048,-26.84835108266126],[-48.71941191776699,-26.848171750700015],[-48.719429221363114,-26.847999000814976],[-48.71945502945063,-26.847819871513938],[-48.71949004552843,-26.847621402283693],[-48.719534967007256,-26.847390633410228],[-48.71959093237601,-26.84713405202429],[-48.719660651276,-26.84685113597665],[-48.71973979156369,-26.846556028991472],[-48.71982402426931,-26.846262871246733],[-48.71990901644144,-26.845985805578863],[-48.71999044030644,-26.84573897221652],[-48.720063963089665,-26.84553651402975],[-48.720125256114656,-26.845392573063652],[-48.72016998874987,-26.845321289532656],[-48.72019345187655,-26.845313069343266],[-48.720237439242254,-26.845327760415714],[-48.720316965143894,-26.845377220327435],[-48.720447045014,-26.845473305721555],[-48.72064269050881,-26.8456278712835],[-48.720918918600276,-26.845852774343474],[-48.721290741771035,-26.84615987013497],[-48.72177317722377,-26.84656101366242],[-48.72238124003018,-26.847068061295086],[-48.722710648501085,-26.847342253574553],[-48.72302286290783,-26.847601403145806],[-48.723312444295914,-26.847841027563597],[-48.723573953638905,-26.84805664441392],[-48.723801949901585,-26.848243768566405],[-48.72399099394334,-26.848397919446082],[-48.72413564569259,-26.848514612852902],[-48.724230465077625,-26.848589366376903],[-48.72427001314239,-26.84861769578958],[-48.72429171126774,-26.848638325065558],[-48.724335104588285,-26.84869089402242],[-48.72439793530747,-26.848772294341014],[-48.724477948663946,-26.848879417747074],[-48.724572885826774,-26.84900915860671],[-48.72468049107148,-26.84915840682453],[-48.72479850758679,-26.849324055900173],[-48.72492467858224,-26.84950299753294],[-48.72505674620484,-26.849692125215526],[-48.72578945222248,-26.850747138829437],[-48.72621936385699,-26.852668738429085],[-48.72630067156995,-26.85303438812403],[-48.726385367752464,-26.853420448958193],[-48.7264714748778,-26.853817587516318],[-48.726557016380255,-26.854216470402488],[-48.726640015648314,-26.85460776422393],[-48.72671849399658,-26.854982136460777],[-48.72679047677709,-26.855330251954094],[-48.72685398422568,-26.855642778172722],[-48.72690704160196,-26.855910381765803],[-48.72695961558104,-26.856174595167747],[-48.727021219534684,-26.8564773369799],[-48.72709002202125,-26.856809866344392],[-48.727164188540115,-26.85716344325848],[-48.72724188657151,-26.857529327753877],[-48.727321282571886,-26.857898778946353],[-48.72740054292278,-26.858263057758734],[-48.727477834002386,-26.858613423312242],[-48.727551323157186,-26.858941134746892],[-48.72766210339802,-26.859426989066492],[-48.727760061770866,-26.85983878027674],[-48.72785291938952,-26.86020118381863],[-48.7279483935371,-26.860538874151363],[-48.72805420367956,-26.860876524849456],[-48.72817807039578,-26.861238812192422],[-48.72832771351171,-26.861650409713853],[-48.72851085108977,-26.862135991785166],[-48.72873520556129,-26.862720233701232],[-48.7289565521139,-26.86329704219873],[-48.72913745741072,-26.863776896854816],[-48.72928485532518,-26.864181766674122],[-48.72940568003083,-26.864533622425125],[-48.729506865984774,-26.86485443304198],[-48.72959534680277,-26.86516616832301],[-48.72967805627819,-26.865490796246025],[-48.729761930286294,-26.865850287515073],[-48.729853902875234,-26.86626661008377],[-48.730175232693085,-26.86774459827191],[-48.7300375961386,-26.868602879153528],[-48.73000680369457,-26.868782084745735],[-48.72997167066381,-26.868964232072095],[-48.729932664787036,-26.869147465075375],[-48.729890251799155,-26.869329927666715],[-48.72984489842972,-26.869509764676387],[-48.729797072439325,-26.869685120049617],[-48.729747239584086,-26.869854137700386],[-48.72969586661544,-26.87001496246213],[-48.72964342131615,-26.87016573828342],[-48.729454188255765,-26.870619569927662],[-48.72911750658718,-26.87136551900985],[-48.72867695368611,-26.87231281659845],[-48.728176109387235,-26.87337069502646],[-48.72765855230481,-26.87444838725899],[-48.72716786847082,-26.8754551271846],[-48.726747644157804,-26.87630014857252],[-48.72644147094646,-26.87689268856199],[-48.72629293819389,-26.87714197994209],[-48.72627264430102,-26.87716057769818],[-48.72625345003682,-26.87718024631314],[-48.72623568790546,-26.877200512840176],[-48.72621969754415,-26.877220899935153],[-48.7262058124823,-26.87724093376561],[-48.726190035997234,-26.87726908628933],[-48.726178051077405,-26.87730801465825],[-48.72615268424891,-26.87738522530875],[-48.72608007940434,-26.877584341294554],[-48.72596471078575,-26.877893573618277],[-48.725811049431634,-26.878301133192977],[-48.72562356526131,-26.878795231796243],[-48.725406730191764,-26.87936408123419],[-48.72516501623195,-26.87999589152003],[-48.72490289344055,-26.880678875365614],[-48.724624835096726,-26.881401243762525],[-48.724346783224455,-26.882123045650598],[-48.724084675011646,-26.88280486521931],[-48.72384298005984,-26.883434975088186],[-48.72362617217751,-26.884001647074825],[-48.72343872122719,-26.884493154760698],[-48.72328510217405,-26.88489777091744],[-48.723169784954756,-26.885203767329465],[-48.72309724239136,-26.885399417612582],[-48.72307194715499,-26.885472993537114],[-48.72305241416666,-26.885519590665584],[-48.72299646567271,-26.885637968113777],[-48.72290755034529,-26.88582115495712],[-48.72278911472632,-26.88606218202082],[-48.7226446063402,-26.886354079232635],[-48.72247747169924,-26.886689876502018],[-48.722291159353105,-26.887062603776958],[-48.722089115891066,-26.887465290986164],[-48.72187478799448,-26.887890967175263],[-48.72159652266581,-26.888446408725667],[-48.72134710757398,-26.888951891673955],[-48.72112358176092,-26.889413870575012],[-48.72092298409453,-26.889838799936797],[-48.72074235331248,-26.89023313332526],[-48.72057872797199,-26.890603326979058],[-48.720429148607444,-26.89095583353216],[-48.7202906505575,-26.89129710912172],[-48.72016027518881,-26.891633606352944],[-48.72006565826153,-26.89188289515774],[-48.719972957513264,-26.892125704553038],[-48.71988398883799,-26.892357365723456],[-48.71980056923861,-26.892573206267887],[-48.71972451770175,-26.892768556529937],[-48.719657648257325,-26.892938744069877],[-48.719601780947976,-26.893079098352516],[-48.71955873077006,-26.893184949664366],[-48.71953031679062,-26.89325162564885],[-48.719506771186985,-26.893304172118015],[-48.7194777497762,-26.893369317652745],[-48.719444201474495,-26.89344491711526],[-48.71940707521858,-26.89352882446612],[-48.71936731896114,-26.89361889274854],[-48.71932588263621,-26.89371297684378],[-48.719283713201776,-26.893808929781514],[-48.71924176058667,-26.893904607348222],[-48.719200972786666,-26.893997861690963],[-48.719151682575294,-26.89411002392261],[-48.719085224600484,-26.894260647255717],[-48.71900406639912,-26.89444418446906],[-48.71891067457782,-26.894655084717304],[-48.71880751673066,-26.89488779897982],[-48.71869705945639,-26.89513677912891],[-48.71858177043422,-26.895396475257876],[-48.718464117369514,-26.895661338372825],[-48.71834656600332,-26.895925819458913],[-48.718161264133585,-26.89634172259322],[-48.717981438380654,-26.89674625644767],[-48.717795125181866,-26.89716650952717],[-48.717590361630094,-26.897629568455862],[-48.71735518332349,-26.898162521537778],[-48.71707762731172,-26.898792456068982],[-48.716745727846614,-26.899546460032013],[-48.71634751816299,-26.900451621166642],[-48.7158710322161,-26.901535025123753],[-48.71576993938714,-26.90177004125407],[-48.715642343020995,-26.902075669806443],[-48.71549255900835,-26.902441100645433],[-48.71532490632988,-26.902855521889233],[-48.71514370195957,-26.90330812525034],[-48.714953263038694,-26.90378809976054],[-48.71475790783497,-26.9042846354013],[-48.714561952776805,-26.904786921253873],[-48.71436971743762,-26.90528414828886],[-48.71418405356304,-26.905764027193975],[-48.71400704173613,-26.906216329105092],[-48.71384184042258,-26.90663333698766],[-48.71369160919074,-26.90700733293938],[-48.71355950865351,-26.90733059998987],[-48.713448696452936,-26.907595420225483],[-48.71336233323038,-26.90779407668459],[-48.713303577595546,-26.907918851463982],[-48.713275589068516,-26.90796202756313],[-48.71321593735474,-26.907932451824077],[-48.71312756601005,-26.907883749095387],[-48.713066457292115,-26.907847607873872],[-48.71283588511899,-26.907712716867806],[-48.71273484472766,-26.9076536380695],[-48.712532954187104,-26.907533000729646],[-48.712166400943566,-26.907313681390644],[-48.712108429283596,-26.907278396510907],[-48.71174495888213,-26.90705997802353],[-48.711268343366804,-26.906770919035672],[-48.71077235378344,-26.906470310706514],[-48.710238660259535,-26.906144789020452],[-48.71019852886012,-26.906119322613094],[-48.70965429468937,-26.90578731527145],[-48.70900277661344,-26.905388445344347],[-48.70893705688136,-26.905348890372647],[-48.708301923969174,-26.90495909662049],[-48.70756955724462,-26.90451018769434],[-48.707485912215404,-26.90446012713069],[-48.70682349540945,-26.904052636550333],[-48.706081554808996,-26.90359736327893],[-48.70585610225927,-26.903459730961696],[-48.70536155325221,-26.903155286538784],[-48.70468130797007,-26.90273732621548],[-48.704058635712585,-26.902354401581718],[-48.70347292774563,-26.90199384531999],[-48.70289917534077,-26.90164079922273],[-48.702348610626984,-26.90130216040176],[-48.70183246444703,-26.900984827006415],[-48.70136196846081,-26.900695695528913],[-48.70094835208563,-26.900441665236947],[-48.70060284770109,-26.90022963280561],[-48.70033668361084,-26.900066495765998],[-48.700161093172454,-26.899959153501474],[-48.7000091912936,-26.89986624435319],[-48.6998107703157,-26.899744695314947],[-48.699572897010455,-26.89959884658079],[-48.69930264009125,-26.899433041093342],[-48.69900706526349,-26.89925161906534],[-48.69869324219046,-26.89905892081397],[-48.698368237359546,-26.898859290264607],[-48.698039118278366,-26.898657066001626],[-48.697712951255056,-26.898456591162734],[-48.69739093608386,-26.89825870655549],[-48.6970742724294,-26.898064407312283],[-48.696769223676114,-26.89787751821051],[-48.69648205320049,-26.89770186046641],[-48.696219024289775,-26.897541256239773],[-48.695986398162795,-26.89739952769055],[-48.69579043799528,-26.897280497935526],[-48.695637407973834,-26.897187989214245],[-48.695533568256145,-26.897125824594955],[-48.69511300128678,-26.89687739261934],[-48.695099514185586,-26.895263284146225],[-48.69509645588817,-26.894906152852897],[-48.69509187367511,-26.894437501289318],[-48.69508597348219,-26.893874098304355],[-48.695078963244164,-26.893232713682774],[-48.695071048858544,-26.892530118983476],[-48.695062436294876,-26.891783083062858],[-48.69505333351958,-26.89100837661953],[-48.695043946528926,-26.890222769422767],[-48.695034481326076,-26.88944303215009],[-48.6950254470707,-26.88868438914031],[-48.695017821702706,-26.887959101558728],[-48.69501167334104,-26.887280224308594],[-48.69500707021602,-26.886660807786228],[-48.69500408251386,-26.886113906032307],[-48.69500277644624,-26.885652571219694],[-48.69500322123312,-26.88528985647339],[-48.69500548611529,-26.885038814015726],[-48.695009639304715,-26.88491249695253],[-48.69503800085056,-26.884588134857694],[-48.69541042712108,-26.884847579971186],[-48.69578283909007,-26.88510776484297],[-48.69602126633678,-26.88487801316081],[-48.69625886763757,-26.884648247549983],[-48.69565954473127,-26.88411557088179],[-48.695407587466065,-26.88389247173383],[-48.69520668308038,-26.88371961933884],[-48.69504210048455,-26.88359017393151],[-48.69489911289554,-26.883497292109748],[-48.694762991620976,-26.883434132175065],[-48.694619006026244,-26.88339385324246],[-48.69445242957487,-26.883369613532025],[-48.694248533796696,-26.883354569351773],[-48.69399258918872,-26.88334188049562],[-48.69324902758266,-26.88330546560301],[-48.692639607212236,-26.883596192194847],[-48.6924688600967,-26.88367890401815],[-48.69232593190435,-26.883752676704123],[-48.692203736810285,-26.883823101574407],[-48.692095184900246,-26.883895770747575],[-48.69199319130659,-26.88397627368779],[-48.69189066602061,-26.88407020336047],[-48.69178052206367,-26.884183150049946],[-48.691655671376935,-26.88432070489931],[-48.691509027820175,-26.884488459952827],[-48.691362740580594,-26.884655398533482],[-48.69123787410187,-26.88479372789251],[-48.691133334821686,-26.884904377777776],[-48.69104803012615,-26.884988278840595],[-48.69098086628697,-26.885046365311023],[-48.69093075168552,-26.885079565125565],[-48.690886944321086,-26.885081925257023],[-48.69087176967045,-26.88503917140837],[-48.69089187424091,-26.88495807135269],[-48.69094521823109,-26.88483044540999],[-48.691024790272856,-26.884668548616997],[-48.691123576016196,-26.88448463505853],[-48.69123456514174,-26.884290961605792],[-48.691350744455974,-26.884099782398042],[-48.69146509984152,-26.88392335248921],[-48.691570621264844,-26.88377392883275],[-48.69166029481748,-26.883663764733015],[-48.69176164022188,-26.883543850069646],[-48.691855581405456,-26.88341254736796],[-48.69194294654558,-26.88326792903134]],[[-48.715606693515674,-26.901174694193394],[-48.71560644415157,-26.90113648151756],[-48.71559708293003,-26.901089744892133],[-48.7155790900711,-26.901032880319203],[-48.71555294986022,-26.900964282060478],[-48.715510309795135,-26.900881357586577],[-48.71545084667516,-26.900805662881858],[-48.71537379535597,-26.90073680741877],[-48.715278389683995,-26.90067440064514],[-48.71516386251486,-26.90061805108105],[-48.71502944865972,-26.90056736997542],[-48.71487438100608,-26.9005219640224],[-48.71469789534947,-26.900481445365596],[-48.714499222562196,-26.900445420640725],[-48.71434026365869,-26.900418621805606],[-48.714203793959896,-26.90039188191172],[-48.7140838655136,-26.900362914476375],[-48.7139745274199,-26.900329430234724],[-48.71386982972745,-26.900289143525654],[-48.713763822573675,-26.90023976506156],[-48.713650557067425,-26.900179008260622],[-48.713524083337276,-26.900104586506345],[-48.71337845160107,-26.90001421045355],[-48.71327372548746,-26.899946338736406],[-48.71317625694463,-26.89987960246943],[-48.71308695484305,-26.89981475188272],[-48.71300672697057,-26.899752540799394],[-48.71293648016045,-26.8996937203201],[-48.712877123201814,-26.899639044284235],[-48.712829563912955,-26.899589264709686],[-48.712794710112306,-26.899545133612733],[-48.712773469619755,-26.899507403007377],[-48.71276071509654,-26.89946388804504],[-48.71274825700637,-26.899397325838848],[-48.712736335345255,-26.89931054131895],[-48.71272519016117,-26.89920635670895],[-48.712715058408136,-26.899087597792057],[-48.71270618113541,-26.898957086808046],[-48.71269879732318,-26.898817648670533],[-48.71269314496185,-26.89867210737467],[-48.712689464071076,-26.898523286046075],[-48.71267293932335,-26.898084687375558],[-48.712639123715114,-26.897668402151517],[-48.71258818088378,-26.897275060223254],[-48.71252027343652,-26.896905291416058],[-48.71243556693811,-26.896559727401034],[-48.712334222975805,-26.896238996167984],[-48.71221640506857,-26.895943728438706],[-48.712082277714806,-26.89567455494407],[-48.71193200339125,-26.895432105473347],[-48.71188185754129,-26.895362249465567],[-48.7118289071014,-26.89529336865445],[-48.711774432836926,-26.895226836558965],[-48.71171971748351,-26.895164028536588],[-48.711666041813466,-26.895106317207325],[-48.71161468756388,-26.895055077013495],[-48.711566938498166,-26.89501168152942],[-48.711524074351985,-26.894977504265466],[-48.71148737785967,-26.89495391968418],[-48.71135304038924,-26.894906654225426],[-48.711204255329164,-26.894898243822144],[-48.71104535922671,-26.89492625805214],[-48.710880690614296,-26.894988267443747],[-48.71071458601855,-26.895081842512035],[-48.71055138299266,-26.895204553809663],[-48.71039541908572,-26.895353973715597],[-48.710251031980306,-26.89552767011912],[-48.710122559300736,-26.89572321634119],[-48.71009872824915,-26.895776499075787],[-48.7100746642409,-26.895854547407495],[-48.71005042431739,-26.895957027453164],[-48.71002606050637,-26.89608360434576],[-48.71000162783518,-26.89623394416924],[-48.709977182318575,-26.896407713925868],[-48.70995277698872,-26.89660457876452],[-48.70992846685352,-26.896824205671003],[-48.70990430798155,-26.897066258940807],[-48.7098762141765,-26.897370329277635],[-48.70985484548151,-26.897626876799777],[-48.7098401303746,-26.897843840057647],[-48.70983199423254,-26.898029160255255],[-48.709830364423226,-26.898190778626237],[-48.70983516833608,-26.898336634597385],[-48.709846333333026,-26.898474668495723],[-48.70986378472325,-26.89861282241838],[-48.70988745189595,-26.898759035820156],[-48.70990797705444,-26.89888587963887],[-48.70992396299457,-26.89900483195232],[-48.709935432264636,-26.899117617697083],[-48.70994241048799,-26.89922595915181],[-48.709944922210134,-26.899331582187056],[-48.70994299303794,-26.899436209982717],[-48.709936645559495,-26.899541565669253],[-48.70992590633232,-26.89964937514836],[-48.709910797960426,-26.899761360647233],[-48.70987606844557,-26.899990185765187],[-48.709851675591835,-26.900166760121394],[-48.709840265995204,-26.900298999580155],[-48.70984448327785,-26.900394816343123],[-48.7098669720066,-26.900462124425392],[-48.70991037771768,-26.90050883875063],[-48.70997734498648,-26.9005428715071],[-48.71007051936196,-26.90057213668764],[-48.71019254339429,-26.900604548216485],[-48.71026510807846,-26.90062257565105],[-48.71034720780685,-26.90064105280038],[-48.710436534847446,-26.900659566803235],[-48.71053078040444,-26.900677707492694],[-48.710627637691104,-26.900695064739786],[-48.71072479894749,-26.900711226600897],[-48.710819956355856,-26.900725783844834],[-48.710910801143875,-26.900738324523815],[-48.71099502852531,-26.900748438565028],[-48.71107810014396,-26.900758365962307],[-48.711165608716435,-26.900770835239054],[-48.71125544994384,-26.900785427829398],[-48.711345520585645,-26.900801722482377],[-48.71143371531326,-26.900819301528166],[-48.71151793188644,-26.90083774374234],[-48.711596066982814,-26.900856631497312],[-48.711666015337315,-26.900875543528198],[-48.711725673621885,-26.900894062214125],[-48.7118820535536,-26.900943227179507],[-48.71205437287011,-26.900991219939247],[-48.71209642790525,-26.901000442265186],[-48.71224076703479,-26.90103766187533],[-48.71243936852177,-26.901082172521367],[-48.7125355539762,-26.90109749070905],[-48.71264830974328,-26.901124374124045],[-48.71286572412843,-26.90116388805224],[-48.71301841531088,-26.90118257062594],[-48.71308974614155,-26.901200333896107],[-48.71331850716634,-26.90123333391373],[-48.71352037620356,-26.901253046282317],[-48.71355014163453,-26.901262508618885],[-48.71380980088932,-26.9012894791132],[-48.71401679779499,-26.901306281317567],[-48.71407410886209,-26.901310839009103],[-48.71433592314773,-26.901326480756115],[-48.71448304609957,-26.901339641594667],[-48.71458809937408,-26.901336294117243],[-48.71482349316388,-26.901340168905094],[-48.71489448107429,-26.901350490481757],[-48.715034961072455,-26.901337998600372],[-48.71522646864582,-26.901336194389806],[-48.7153575427828,-26.901315081402537],[-48.71545436880277,-26.901294117953285],[-48.71550691783011,-26.901274432313937],[-48.71554794163876,-26.901254253314278],[-48.71557792452134,-26.901231974326684],[-48.715597347714436,-26.901205990475784],[-48.715606693515674,-26.901174694193394]],[[-48.717133515312085,-26.8934159556153],[-48.71691640990943,-26.893027483977562],[-48.716871434239245,-26.892950367313098],[-48.71681769611426,-26.892862645977083],[-48.716756855196145,-26.892766824917576],[-48.7166905680485,-26.892665412643716],[-48.71662049530475,-26.89256091502507],[-48.716548295556976,-26.892455838803098],[-48.71647562636111,-26.8923526916078],[-48.716404148297705,-26.8922539802185],[-48.71633551891732,-26.89216221136845],[-48.71623410549657,-26.892030631444527],[-48.71614798725763,-26.891923886010908],[-48.716072702686,-26.891838409555465],[-48.71600378931602,-26.89177063563693],[-48.71593678467247,-26.891716999609613],[-48.715867227342095,-26.891673935032014],[-48.715790654866005,-26.891637878144756],[-48.71570260587754,-26.891605261586413],[-48.715598617963984,-26.891572520673222],[-48.71552593739551,-26.89155248186773],[-48.715446513360384,-26.891533400612662],[-48.715362415376916,-26.891515616310844],[-48.715275715978805,-26.891499468417997],[-48.71518848466035,-26.8914852972479],[-48.71510279497418,-26.89147344138009],[-48.71502071639164,-26.891464242040247],[-48.7149443214554,-26.891458037801065],[-48.714875680658615,-26.891455169010833],[-48.71480912942042,-26.89145319403577],[-48.71473877221965,-26.89144909444025],[-48.71466631563203,-26.891443090060555],[-48.71459346727491,-26.89143539894822],[-48.71452193381273,-26.89142623643551],[-48.71445342179958,-26.891415823270933],[-48.71438963890303,-26.891404374809515],[-48.71433229171031,-26.891392110001156],[-48.71428308783129,-26.891379246911825],[-48.71411130787936,-26.89133636321158],[-48.71389321457019,-26.891292375729467],[-48.713644047361186,-26.891249309732924],[-48.71337904568095,-26.891209189663353],[-48.71311344989545,-26.891174040982065],[-48.71286250032314,-26.89114588926093],[-48.71264143726295,-26.891126759273174],[-48.7124654999865,-26.89111867585614],[-48.712349927731054,-26.891123665692565],[-48.71226848200741,-26.891139127124138],[-48.71220010789384,-26.89116149734429],[-48.71214217039309,-26.891194625021868],[-48.71209203457521,-26.891242355209613],[-48.712047064443915,-26.89130853564453],[-48.712004625019304,-26.891397013172906],[-48.711962081309636,-26.891511634636608],[-48.71191679728101,-26.89165624775864],[-48.71186613791654,-26.891834698468504],[-48.71183526035047,-26.89195004587714],[-48.71181246491715,-26.892047156784137],[-48.71179792540326,-26.89213194141715],[-48.71179181359093,-26.892210309066876],[-48.71179430623267,-26.892288171809977],[-48.71180557508533,-26.892371439835458],[-48.711825794927364,-26.892466023379555],[-48.711855139520495,-26.892577833562914],[-48.71189378265658,-26.892712780602515],[-48.71191941063164,-26.892798665570083],[-48.711945140652126,-26.892881287141428],[-48.71197042864351,-26.892959125806986],[-48.711994729504376,-26.893030662943332],[-48.712017497143144,-26.893094379008783],[-48.712038187515134,-26.89314875269023],[-48.71205625448936,-26.893192266250708],[-48.71207115301329,-26.89322339836109],[-48.71209075338292,-26.893246263553944],[-48.71213034071461,-26.893265373555124],[-48.71217429103649,-26.893280644848637],[-48.712229460024744,-26.89329729544922],[-48.7122942890119,-26.893314907526122],[-48.7123672162743,-26.89333306500463],[-48.71244668209872,-26.893351351844025],[-48.71253112576356,-26.89336935198974],[-48.712618987550904,-26.89338664940637],[-48.712711953915466,-26.89340576215626],[-48.712810586539995,-26.893428985222208],[-48.712912463692156,-26.89345557636044],[-48.71301516058014,-26.893484795089044],[-48.7131162554979,-26.893515897372993],[-48.71321332561832,-26.893548144580468],[-48.713303948217394,-26.893580792672843],[-48.713385700492715,-26.893613101225256],[-48.713456158648754,-26.893644328898358],[-48.71354956284047,-26.89368764457197],[-48.713632280048365,-26.89372237363115],[-48.71370791857938,-26.89374916201355],[-48.71378008272517,-26.89376865558297],[-48.71385238179644,-26.893781501179205],[-48.713928421101606,-26.893788344667527],[-48.71401180697574,-26.893789831019433],[-48.71410614672469,-26.893786607017624],[-48.71421504767262,-26.893779318530875],[-48.71431809528672,-26.893772759136894],[-48.714408915210555,-26.89376979109994],[-48.71448983677608,-26.893770749053953],[-48.71456318942371,-26.893775962212093],[-48.71463130451523,-26.893785764324402],[-48.714696509424705,-26.89380048726626],[-48.71476113456419,-26.89382046205511],[-48.71482751032986,-26.893846020606382],[-48.714897965109024,-26.89387749479868],[-48.7149535841935,-26.89390157246228],[-48.715018905231766,-26.893925882018966],[-48.715091967879324,-26.89394990892283],[-48.71517081581312,-26.8939731386955],[-48.71525348767584,-26.893995056780458],[-48.71533802512506,-26.894015148673958],[-48.71542246979674,-26.89403290077877],[-48.71550486134771,-26.894047797665316],[-48.71558324342039,-26.894059325777725],[-48.71565818000013,-26.894069117747925],[-48.715731164731544,-26.89407902339496],[-48.71580080274821,-26.89408883605667],[-48.71586569920069,-26.89409834817144],[-48.71592445918404,-26.894107354886014],[-48.71597568784688,-26.89411564864244],[-48.7160179903191,-26.89412302278574],[-48.71606010289719,-26.894131731270488],[-48.716119466412486,-26.89413455508043],[-48.71615818906549,-26.894129160317743],[-48.71620462423201,-26.89412042580287],[-48.7162575021005,-26.894108632406212],[-48.716315552768414,-26.89409406550988],[-48.71637750743042,-26.894077006002835],[-48.71644209720924,-26.89405773838456],[-48.716508051270644,-26.8940365444178],[-48.71659976725187,-26.89400425453711],[-48.71667781314207,-26.893973108928567],[-48.7167441010841,-26.89394166664657],[-48.71680054222763,-26.89390848581985],[-48.7168490487061,-26.893872125489793],[-48.716891531661425,-26.893831143774957],[-48.71692990523243,-26.893784099741275],[-48.716966079565786,-26.89372955058247],[-48.7170019677675,-26.893666056245046],[-48.717133515312085,-26.8934159556153]],[[-48.69812558557579,-26.88785642391761],[-48.6981148319975,-26.887711662334976],[-48.698092546684435,-26.887603094659408],[-48.69805837170624,-26.887484488445835],[-48.69801499602365,-26.88736156477335],[-48.69796511156401,-26.88724004657486],[-48.697911408241175,-26.887125655849992],[-48.69785657596608,-26.88702411369866],[-48.69780330457405,-26.886941143930162],[-48.69775428391959,-26.8868824685525],[-48.69771220587598,-26.886853808707063],[-48.69765872885247,-26.886853305047357],[-48.69761983396321,-26.88685095989027],[-48.6975875697224,-26.88687371140077],[-48.6975626633735,-26.886884354802568],[-48.6975249602742,-26.886904879740015],[-48.697459822879075,-26.88699529444736],[-48.69743771332074,-26.887009611236472],[-48.69739447675955,-26.887134854412956],[-48.69737253986993,-26.88718993452079],[-48.69734043465075,-26.88731426271128],[-48.697320537496225,-26.88743083945935],[-48.69729884269057,-26.88752970628129],[-48.69728316765426,-26.887711823893234],[-48.69727084798738,-26.8877773756875],[-48.69726189380722,-26.88801239021128],[-48.69725759977258,-26.888053457918225],[-48.69725817549867,-26.888312038934313],[-48.697260244222896,-26.888354143519734],[-48.69727600259255,-26.88857453538718],[-48.69730627705395,-26.88876449814971],[-48.69730925691684,-26.888826585880516],[-48.69735017115993,-26.888922829573314],[-48.69736698081165,-26.889000485201663],[-48.697406785432236,-26.88904832646744],[-48.69744851672205,-26.889112429522868],[-48.69747522338058,-26.889139785686396],[-48.69749836070256,-26.88915217984833],[-48.69755458444263,-26.889196004917544],[-48.697610229264946,-26.889197459991255],[-48.69764397309513,-26.88921578012322],[-48.69766986383671,-26.889202279414675],[-48.697742488720884,-26.889197908986],[-48.69779056106418,-26.88917449922902],[-48.697849234720294,-26.88914118835058],[-48.69789861140087,-26.889077920085775],[-48.69794812144971,-26.888963349347186],[-48.69799557915714,-26.88880922275767],[-48.69803879879367,-26.888627289651875],[-48.69807559476239,-26.888429294859144],[-48.69810378141664,-26.88822698772448],[-48.69812117420746,-26.888032114906363],[-48.69812558557579,-26.88785642391761]],[[-48.6981275332261,-26.891506404796388],[-48.698125210578176,-26.891300750489243],[-48.69813071462467,-26.891142722797102],[-48.698119258097336,-26.89094571656677],[-48.69812012169687,-26.890811545930283],[-48.698098810711855,-26.890637981464625],[-48.69809619295843,-26.890518206649556],[-48.69807148739548,-26.89039868992855],[-48.6980593649715,-26.890268032859616],[-48.69804062611215,-26.890204089104166],[-48.698003123081065,-26.8900496568015],[-48.69795587659392,-26.8899308681526],[-48.697895782874994,-26.889843200956673],[-48.697875849808476,-26.889829818578693],[-48.69781973818138,-26.889782131199702],[-48.69779478986099,-26.889781958181345],[-48.697702944952105,-26.88974645318016],[-48.697607387864196,-26.889721690703432],[-48.69750424308137,-26.88971231918802],[-48.69746487671484,-26.889713273697254],[-48.69740605350937,-26.889713594166825],[-48.69734288045012,-26.88971525419244],[-48.69731441775279,-26.889727034353182],[-48.69724017698644,-26.88974347178925],[-48.69717349334693,-26.889781108910533],[-48.69712217842024,-26.889839867366007],[-48.69712052072441,-26.889866068841467],[-48.69708497117259,-26.889999774818065],[-48.697073518709274,-26.89003495645918],[-48.69706405327449,-26.890192771456682],[-48.69704878552807,-26.89039107543385],[-48.697054976681294,-26.890455600675633],[-48.69705494899381,-26.89079880615833],[-48.69704529582305,-26.890860289860846],[-48.697061176790854,-26.891232931565806],[-48.69706036871305,-26.891394664443222],[-48.69707099728875,-26.891604410436877],[-48.69708706089212,-26.89195445529994],[-48.697108723730196,-26.892277846775535],[-48.697135474826325,-26.892467160961527],[-48.69713534491679,-26.892569366434675],[-48.69716628049333,-26.892823797602517],[-48.6971901452697,-26.89290941591699],[-48.697200887525135,-26.893035921815404],[-48.697238523076,-26.89320051970658],[-48.6972526506547,-26.89322509522485],[-48.69727854515872,-26.8933123737288],[-48.69732030977135,-26.89336626539875],[-48.69734980003122,-26.89337820100684],[-48.69738388477804,-26.893395549466696],[-48.69743206203989,-26.89340219107393],[-48.69745414405929,-26.89341817421641],[-48.69750350680851,-26.893419961056427],[-48.697528213669976,-26.8934340620886],[-48.69759223048952,-26.893440229159474],[-48.69767630037398,-26.893445306361414],[-48.69774457569198,-26.893440503259306],[-48.69777164310322,-26.89344977498128],[-48.697805174755594,-26.89342864512661],[-48.69785522872092,-26.893409650903926],[-48.697891863681775,-26.893383441256535],[-48.69789707310704,-26.893355555977777],[-48.697943202603994,-26.893262523847255],[-48.697980647087036,-26.893102344847648],[-48.697992063770144,-26.89306585583081],[-48.69801396317589,-26.89289976687638],[-48.69803522052781,-26.892782706024793],[-48.69804548573717,-26.892637821519674],[-48.69807167201171,-26.89244406142794],[-48.698078104090875,-26.892309966259525],[-48.69809985895416,-26.892070481273716],[-48.698110141904195,-26.891897263126953],[-48.698118225181105,-26.891682524851632],[-48.6981275332261,-26.891506404796388]]],[[[-48.72898890761202,-26.872819458772387],[-48.72921381590267,-26.87228871509754],[-48.72941707246918,-26.871811645632413],[-48.729593306722876,-26.871400920382516],[-48.72973714418325,-26.871069206601153],[-48.72984321535056,-26.87082917433109],[-48.72996224444832,-26.87056015847625],[-48.73006310331521,-26.87032368814651],[-48.73014839488151,-26.87011193220163],[-48.73022072001141,-26.86991705854949],[-48.73028268247642,-26.86973123783922],[-48.73033688404511,-26.869546637970505],[-48.73038592641256,-26.869355428638823],[-48.73043241328796,-26.86914977776056],[-48.73047894527432,-26.86892185590364],[-48.730648995131425,-26.868052281077805],[-48.73009071184609,-26.865794053962755],[-48.72996155866348,-26.86527799500996],[-48.72983547501615,-26.864789869324603],[-48.72971136481532,-26.864325858163312],[-48.729588134015955,-26.863882142812248],[-48.729464687596895,-26.863454904538706],[-48.72933993058345,-26.8630403237051],[-48.72921276797449,-26.86263458337757],[-48.729082106898346,-26.8622338621408],[-48.728946850397755,-26.861834343022686],[-48.728805304235685,-26.8614187943854],[-48.728682565413905,-26.861048444145105],[-48.72857654166762,-26.860715843240854],[-48.72848514074028,-26.860413546211294],[-48.728406271518665,-26.86013410399519],[-48.728337842888166,-26.85987007023166],[-48.7282777628069,-26.8596139967346],[-48.72822393921362,-26.859358438020493],[-48.72817428216017,-26.85909594502642],[-48.72803084779515,-26.858301634041624],[-48.727860250592855,-26.857360804965907],[-48.7276729742581,-26.856330877106092],[-48.72747949992701,-26.855269272475567],[-48.72729030920255,-26.854233410435604],[-48.727115883034145,-26.853280713092577],[-48.72696670192144,-26.85246859897792],[-48.72685324691904,-26.851854491173324],[-48.726785996020624,-26.851495809110922],[-48.72676257177784,-26.851377417441913],[-48.72673875789983,-26.851263671658874],[-48.72671507408559,-26.851156658473947],[-48.72669204107281,-26.851058462811316],[-48.72667017857249,-26.85097117048136],[-48.726650004299685,-26.850896866360138],[-48.72663204094255,-26.850837638111226],[-48.72661680624951,-26.850795568806618],[-48.72660482089621,-26.850772746077695],[-48.72658105372514,-26.850744399441453],[-48.72653187507637,-26.8506864153718],[-48.7264599101131,-26.850601856586515],[-48.726367783927,-26.850493790308658],[-48.72625812068343,-26.850365280134255],[-48.72613354549669,-26.850219392382826],[-48.725996681494316,-26.850059191540474],[-48.725850154784695,-26.849887743049432],[-48.72569658944042,-26.849708112326738],[-48.72544447242731,-26.849415620293716],[-48.72522440454986,-26.849168367469456],[-48.725013836423315,-26.848946099171172],[-48.724790213972945,-26.848728561414188],[-48.72453098647419,-26.848495500135172],[-48.724213602586055,-26.84822666109193],[-48.7238155134869,-26.847901790747024],[-48.723314167129274,-26.84750063246345],[-48.722687016456995,-26.847002932819525],[-48.72229817383761,-26.8466948397337],[-48.72192748292834,-26.84640065800963],[-48.72158153818029,-26.846125664220153],[-48.72126693894739,-26.845875135968804],[-48.72099027952729,-26.845654348107402],[-48.72075815912426,-26.845468579199057],[-48.720577172998524,-26.845323103235618],[-48.72045391836438,-26.845223198736754],[-48.7203949925739,-26.845174141477763],[-48.720355470157934,-26.845138314802945],[-48.72032625286024,-26.845107406614517],[-48.72030774139438,-26.845077837030804],[-48.72030033750093,-26.84504602528217],[-48.720304442902126,-26.845008391498602],[-48.72032045734081,-26.844961353970202],[-48.72034878250892,-26.84490133372225],[-48.7203898211457,-26.844824749085383],[-48.72044397191392,-26.844728020124546],[-48.72049030896899,-26.84464387169088],[-48.720527441746874,-26.844570206632103],[-48.72055590903808,-26.8445047396077],[-48.72057624766774,-26.844445182535683],[-48.720588993413045,-26.84438924911984],[-48.720594683088905,-26.844334651274114],[-48.7205938554649,-26.84427910364991],[-48.7205870463645,-26.844220317240296],[-48.72057479254452,-26.844156006662462],[-48.720561179566964,-26.844081252636254],[-48.72056089369378,-26.844009112211367],[-48.72058209601299,-26.843926378708346],[-48.7206329455399,-26.84381984630157],[-48.720721604239394,-26.84367630827831],[-48.72085622986945,-26.843482559607846],[-48.72104498502283,-26.843225393448726],[-48.7212960269139,-26.842891603657023],[-48.72161751532078,-26.842467983971606],[-48.72271441805077,-26.84102654210731],[-48.72366254807839,-26.840344021491777],[-48.72394381633255,-26.840142744755394],[-48.72418183633494,-26.839977662748428],[-48.724398457361545,-26.8398373963527],[-48.72461552944108,-26.839710567198214],[-48.724854901445276,-26.839585794943925],[-48.72513842204592,-26.83945169998305],[-48.72548794068402,-26.839296903405316],[-48.725925305516064,-26.839110025069637],[-48.726472365304936,-26.838879683509],[-48.72833402385071,-26.838098585918445],[-48.72901204454839,-26.838100398717497],[-48.72969008227595,-26.83810146942051],[-48.730713018128256,-26.83857083861612],[-48.73097070330796,-26.838690768466858],[-48.73119755016408,-26.838800390612782],[-48.73139946208512,-26.83890317240015],[-48.73158233946685,-26.83900258288536],[-48.731752084802714,-26.83910208931545],[-48.73191459966057,-26.83920515708612],[-48.73207578656562,-26.839315256093272],[-48.73224154715203,-26.839435852583133],[-48.732417784089336,-26.839570413694837],[-48.733099596020914,-26.840101362415567],[-48.73335682640461,-26.840857519634696],[-48.73343123054526,-26.841080604452006],[-48.733491841464186,-26.841279893194493],[-48.73354188388075,-26.841476824034853],[-48.73358458158189,-26.841692834221988],[-48.73362315938167,-26.841949361918374],[-48.733660842126774,-26.842267845282123],[-48.73370085473461,-26.842669720662457],[-48.733746422114734,-26.843176427109636],[-48.73380076827338,-26.84380940184673],[-48.733986642165405,-26.8460058533217],[-48.73493436000251,-26.84818330135199],[-48.73588211137786,-26.850360745587384],[-48.737264122462705,-26.851971992837164],[-48.73769468077626,-26.852474396149997],[-48.73804696166937,-26.852879211718236],[-48.73836150571607,-26.853225143664485],[-48.73867885561615,-26.853550895764727],[-48.739039556001295,-26.85389517148795],[-48.739484153516166,-26.854296673934456],[-48.74005319214542,-26.854794105593015],[-48.74078722187345,-26.855426169107904],[-48.74172679461544,-26.856231564127135],[-48.74192653671116,-26.85640139486224],[-48.74209637096434,-26.856540472697393],[-48.7422503718153,-26.856656987686286],[-48.74240261583074,-26.856759130753044],[-48.74256717671712,-26.856855090010363],[-48.74275813221044,-26.85695305808363],[-48.74298955620363,-26.857061223844358],[-48.743275524726,-26.85718777698588],[-48.74363011400427,-26.85734090704498],[-48.74395440698024,-26.857479191767283],[-48.74423238165483,-26.857594433059557],[-48.744474064545855,-26.857689966061347],[-48.74468948429509,-26.857769125848183],[-48.744888668624334,-26.85783524740398],[-48.74508164429741,-26.85789166653733],[-48.745278441165745,-26.857941718148414],[-48.74548908512,-26.857988736117125],[-48.74572360505854,-26.85803605701776],[-48.74596922060675,-26.85808316554494],[-48.74617026833809,-26.858119617768384],[-48.74633572648646,-26.858146015499184],[-48.746474572336034,-26.858162959558065],[-48.7465957852102,-26.858171050745018],[-48.74670834141485,-26.85817089067474],[-48.746821220301264,-26.85816308007639],[-48.746943399194365,-26.858148220520075],[-48.74708385644078,-26.858126912657173],[-48.74720468428809,-26.858107822251156],[-48.74738293341258,-26.858079881469763],[-48.74761128030454,-26.858044228695995],[-48.74788240049868,-26.858001999578573],[-48.748188972462046,-26.857954334337975],[-48.748523669696326,-26.857902370441742],[-48.74887917177173,-26.85784724460192],[-48.749248153177,-26.857790097122663],[-48.7496232915299,-26.857732063917936],[-48.750199413623584,-26.857642103685468],[-48.750679432059094,-26.857564214350386],[-48.7510870754384,-26.857493232475637],[-48.75144607622861,-26.857423995165874],[-48.751780165814814,-26.857351337384888],[-48.75211307442112,-26.857270096529234],[-48.752468535232595,-26.85717510710064],[-48.75287027623203,-26.857061205069073],[-48.75334203125414,-26.856923226183444],[-48.75451005967071,-26.85658076354572],[-48.755482107979624,-26.85629942240725],[-48.756282753893444,-26.85607292432267],[-48.756936573325554,-26.855894987721854],[-48.75746814554639,-26.85575933098626],[-48.757902045293235,-26.855659672566365],[-48.75826284899088,-26.85558972857167],[-48.75857513281265,-26.855543214699455],[-48.75886347069933,-26.855513849020966],[-48.7596625890508,-26.855450196776168],[-48.7602735704119,-26.855786705117172],[-48.76038451147485,-26.855847918598204],[-48.76049140870418,-26.855907658266535],[-48.760592289824544,-26.85596475757675],[-48.760685183523236,-26.856018051808384],[-48.76076811650509,-26.856066374408364],[-48.760839116458385,-26.856108559744285],[-48.760896211051275,-26.85614344308699],[-48.7609374289934,-26.856169857918392],[-48.760960797956216,-26.856186639506344],[-48.76098104606981,-26.856215515247364],[-48.76101276782547,-26.85627631432757],[-48.76105459879061,-26.85636577165856],[-48.76110517344455,-26.856480626646388],[-48.76116312734465,-26.856617615104454],[-48.76122709300941,-26.85677347370128],[-48.761295707943596,-26.85694494099066],[-48.761367604647354,-26.85712875364384],[-48.761441418625154,-26.857321648381713],[-48.761558981137114,-26.85763513510297],[-48.76165167808273,-26.85789006210279],[-48.761722950257585,-26.858101408918795],[-48.761776235584705,-26.858284153223558],[-48.76181497202758,-26.858453274484347],[-48.76184259759961,-26.858623752161453],[-48.76186255237531,-26.85881056483985],[-48.761878274438224,-26.85902869106932],[-48.761893201853994,-26.859293111201485],[-48.76190518829136,-26.859549295763593],[-48.76191068788473,-26.859790803644994],[-48.76190830810077,-26.86003735786903],[-48.761896655391304,-26.86030868053621],[-48.76187433919821,-26.860624492885783],[-48.761839963826816,-26.861004517871468],[-48.76179213953058,-26.861468477626136],[-48.76172947140506,-26.862036093281404],[-48.76165056731562,-26.862727088697703],[-48.761595659410986,-26.863201199766515],[-48.76153849129768,-26.863688062912065],[-48.761480409103875,-26.864176701996072],[-48.7614227610645,-26.864656139115443],[-48.76136689444961,-26.865115397261093],[-48.76131415757241,-26.86554350034922],[-48.76126589882933,-26.86592947049795],[-48.76122346361813,-26.866262330684673],[-48.76118820237131,-26.866531104871683],[-48.7611383433499,-26.866905235352203],[-48.76110005489532,-26.867214402816703],[-48.76107265742126,-26.86748064917876],[-48.76105547126305,-26.867726016341134],[-48.761047816669176,-26.867972548002953],[-48.7610490119172,-26.868242284216755],[-48.761058378198875,-26.8685572695889],[-48.76107523475964,-26.868939545080654],[-48.76109890080714,-26.869411153452543],[-48.76111642817902,-26.86972409317304],[-48.76113739008675,-26.87004331432386],[-48.761161257647984,-26.870362974082514],[-48.76118749798649,-26.870677227758875],[-48.76121558120172,-26.870980232515468],[-48.76124497537331,-26.871266145483386],[-48.76127514961388,-26.87152912200572],[-48.7613055739976,-26.871763319246167],[-48.761335715589404,-26.87196289341857],[-48.76137415834775,-26.872205626878205],[-48.761405253256285,-26.872424703983643],[-48.76142944753714,-26.872627404795107],[-48.761447187418234,-26.87282100935564],[-48.76145892118266,-26.87301279593457],[-48.76146509607565,-26.873210044588426],[-48.76146615734809,-26.87342003443834],[-48.76146255224156,-26.87365004553816],[-48.76145472901449,-26.87390735705389],[-48.76144915471758,-26.874100528078266],[-48.761444985343125,-26.874309167957094],[-48.761442221235995,-26.874527947637286],[-48.76144086676939,-26.874751538130077],[-48.76144092129031,-26.87497461036761],[-48.76144238718494,-26.87519183442824],[-48.761445265818146,-26.87539788127709],[-48.76144955954464,-26.87558742279785],[-48.76145526974904,-26.87575512905414],[-48.76146369610679,-26.875981769618743],[-48.76146780435743,-26.876179445717334],[-48.761466907440585,-26.876356415751484],[-48.761460319262625,-26.876520939941695],[-48.76144735172986,-26.87668127757274],[-48.761427318769385,-26.876845687056957],[-48.761399532228914,-26.87702242947859],[-48.761363304995236,-26.87721976322779],[-48.761317949927076,-26.877445946690052],[-48.761144509599234,-26.878290351515744],[-48.76127872233477,-26.87894229944062],[-48.761312746531765,-26.879118328394863],[-48.76134016455287,-26.879287023897426],[-48.761361431953674,-26.879457286059033],[-48.76137700027135,-26.87963801492529],[-48.761387326127846,-26.879838107913557],[-48.76139286201053,-26.880066467788797],[-48.76139406354152,-26.880331991046557],[-48.76139138318805,-26.880643580447487],[-48.76138527652588,-26.881010133384123],[-48.76137751128854,-26.88142840372344],[-48.761373421243576,-26.881762990801715],[-48.76137451954807,-26.88203169175066],[-48.761382317285346,-26.882252305469212],[-48.76139832961687,-26.88244262730697],[-48.76142406862633,-26.88262045526821],[-48.761461047446886,-26.882803585565267],[-48.76151077817646,-26.883009817097218],[-48.76157477503965,-26.883256945182257],[-48.76161636304224,-26.883410234507807],[-48.76166086385728,-26.883563261344445],[-48.76170715459414,-26.883712846561124],[-48.76175411136367,-26.88385581010964],[-48.76180061326711,-26.883988972892734],[-48.76184553639564,-26.88410915486421],[-48.761887757820425,-26.88421317689694],[-48.7619261546416,-26.884297858060325],[-48.76195960490769,-26.884360020146953],[-48.76211005850871,-26.88461408988419],[-48.76229606083011,-26.884945741772615],[-48.76250607645113,-26.885332722262646],[-48.762728571694495,-26.88575278058355],[-48.76295201261005,-26.886183665114014],[-48.763164865930506,-26.886603124304248],[-48.763355594068585,-26.886988905690774],[-48.76351266417147,-26.88731875873571],[-48.76362454022027,-26.887570431974968],[-48.76384720438344,-26.888074408072697],[-48.76407573920293,-26.888530744567],[-48.76431138896146,-26.88894100253646],[-48.76455539893919,-26.889306743968227],[-48.764809014421914,-26.88962953083902],[-48.76507347771514,-26.889910923262114],[-48.76535003408946,-26.890152484092763],[-48.76563992985471,-26.890355774384375],[-48.765944407291585,-26.890522355111987],[-48.76639959072153,-26.89074007663813],[-48.766364828639816,-26.891104315908063],[-48.7663462549697,-26.891306632790084],[-48.766328631805045,-26.89146130099304],[-48.766303784062806,-26.891574786417227],[-48.76626353457808,-26.891653556725977],[-48.76619970822286,-26.891704077795808],[-48.766104128865855,-26.891732815462642],[-48.76596862040098,-26.89174623461987],[-48.765785006654,-26.891750803708273],[-48.76554511152834,-26.89175298656986],[-48.765407241792644,-26.891754541917273],[-48.7652586529857,-26.891756144980473],[-48.76510311424942,-26.891757753402892],[-48.76494439871414,-26.891759326711213],[-48.764786274460796,-26.89176082527118],[-48.76463251465354,-26.891762206838468],[-48.76448688837773,-26.89176343182778],[-48.7643531657774,-26.891764457977676],[-48.76423511895492,-26.891765245777034],[-48.764097082922206,-26.891762215396174],[-48.76390576105492,-26.89175224401059],[-48.76366847498404,-26.891735978011724],[-48.76339254738928,-26.89171406200226],[-48.76308530093187,-26.891687141508235],[-48.762754059253815,-26.891655863012804],[-48.762406145013216,-26.891620871231908],[-48.76204887883802,-26.891582810913054],[-48.761689585324014,-26.891542328741792],[-48.75973753335456,-26.89131519752044],[-48.75890940707139,-26.890815222257388],[-48.75841924175964,-26.89051874786997],[-48.757857349656916,-26.89017849076471],[-48.75725317861105,-26.889812324530656],[-48.75663617781452,-26.889438122290787],[-48.75603579471398,-26.889073755804407],[-48.75548147692118,-26.888737100908592],[-48.755002669437964,-26.888446030192842],[-48.7546288187523,-26.888218419262493],[-48.7543893691766,-26.888072142894043],[-48.754264256161726,-26.887999356121902],[-48.754127272963466,-26.887929074312876],[-48.75397008662326,-26.88785827251136],[-48.75378436526467,-26.88778392393164],[-48.75356177601867,-26.887703003520798],[-48.753293988145096,-26.88761248347729],[-48.75297266791362,-26.88750933856062],[-48.752589483729025,-26.887390542534984],[-48.75213610416501,-26.887253067202444],[-48.7518118051855,-26.887155353860994],[-48.75150459272553,-26.88706234112486],[-48.75121981942749,-26.88697568281335],[-48.75096283583908,-26.886897035452517],[-48.75073899555885,-26.8868280529334],[-48.7505536481134,-26.886770390899432],[-48.75041214708898,-26.886725703253184],[-48.75031984302984,-26.886695645637836],[-48.75028208753102,-26.886681872777974],[-48.75022525193215,-26.886668811214953],[-48.75007847679971,-26.886641272597455],[-48.749850458808886,-26.886600735371307],[-48.74954989566612,-26.88654867880806],[-48.74918548509786,-26.88648658213301],[-48.74876592484816,-26.886415923664014],[-48.74829991061303,-26.88633818261953],[-48.74779614208013,-26.88625483834322],[-48.74726331387921,-26.886167369282678],[-48.74639438387807,-26.886025387319545],[-48.74570079748,-26.885913896495012],[-48.74514997817766,-26.885829000417335],[-48.744709351036796,-26.885766797209023],[-48.744346339416445,-26.885723386059066],[-48.744028368939,-26.885694864791706],[-48.74372286335002,-26.885677331743864],[-48.743397248490815,-26.885666885892906],[-48.74301894832203,-26.885659623173478],[-48.74277537303421,-26.885656654376756],[-48.74251636871436,-26.88565553403182],[-48.742248306822425,-26.88565617259267],[-48.741977561761274,-26.885658484215856],[-48.74171050599048,-26.88566237946531],[-48.74145351193187,-26.88566777075739],[-48.74121295200639,-26.885674570553565],[-48.74099519965937,-26.885682690468336],[-48.74080662831983,-26.88569204304865],[-48.73986966683709,-26.88574660256378],[-48.7388058753734,-26.886223035681233],[-48.73774126619304,-26.886698706311858],[-48.73740541887687,-26.886342305079264],[-48.737070398654275,-26.8859859163826],[-48.736438474768896,-26.886133642032064],[-48.735628277851724,-26.88631292604036],[-48.73468836323133,-26.886504229896982],[-48.733671188432034,-26.886698580440285],[-48.7326292155507,-26.88688700592314],[-48.73161490322668,-26.887060536075598],[-48.7306807126288,-26.88721020219339],[-48.72987910733749,-26.887327036929193],[-48.72926254613381,-26.887402072868],[-48.72888349374043,-26.887426345704206],[-48.728840166808126,-26.88741974144451],[-48.72878889219271,-26.88740090295625],[-48.72872893416972,-26.8873692787324],[-48.72865955590771,-26.887324322660298],[-48.728580023656406,-26.887265485966623],[-48.72848960065734,-26.88719221982632],[-48.728387552175676,-26.88710397544302],[-48.72827314144123,-26.887000205788137],[-48.72814563477086,-26.886880361170466],[-48.72757608722711,-26.886336475968452],[-48.72690608749789,-26.8862533807162],[-48.726664540304604,-26.886219778462177],[-48.726463947317015,-26.88618333542619],[-48.72630104925039,-26.88614216372123],[-48.72617258280622,-26.886094375348794],[-48.72607528774605,-26.886038080516006],[-48.72600590174851,-26.885971392974977],[-48.72596116558161,-26.885892422893193],[-48.72593781593169,-26.88579928306114],[-48.72593259253595,-26.885690084500265],[-48.72593063316178,-26.885637864206252],[-48.72592335354596,-26.885565406510413],[-48.725911245639345,-26.885475485346216],[-48.72589480040692,-26.885370873728583],[-48.72587450980232,-26.885254345590614],[-48.7258508657965,-26.885128673963273],[-48.725824361364694,-26.88499663189372],[-48.725795486442934,-26.884860993282786],[-48.72576473500611,-26.884724531194177],[-48.72571606414852,-26.884518989394273],[-48.72567441780207,-26.884353415649883],[-48.72563738525547,-26.88422239794999],[-48.725602550809484,-26.884120523298144],[-48.72556750381232,-26.884042378776986],[-48.72552982958174,-26.883982552304435],[-48.72548711646273,-26.883935631844654],[-48.72543695081423,-26.883896204424335],[-48.725376920998706,-26.883858858000742],[-48.725335033246,-26.883832034839592],[-48.72528848346117,-26.883797593892837],[-48.72523853591133,-26.88375673051081],[-48.725186457843094,-26.88371064189816],[-48.725133513463206,-26.883660526114507],[-48.72508096805269,-26.883607577628776],[-48.72503008679754,-26.883552995422214],[-48.724982135957546,-26.88349797488523],[-48.72493837972155,-26.883443714083544],[-48.72488544688367,-26.88337283932435],[-48.72484200552395,-26.883309848746723],[-48.72480759401156,-26.8832535202229],[-48.72478174763084,-26.88320263518317],[-48.724764003700955,-26.883155974186387],[-48.72475389753234,-26.883112317757515],[-48.72475096851652,-26.883070443778536],[-48.72475475090777,-26.88302913546225],[-48.72476478208784,-26.88298717065621],[-48.72478804415976,-26.8829231636528],[-48.72483770152025,-26.882796385923516],[-48.72491106217586,-26.882613403616322],[-48.72500543500389,-26.882380787395494],[-48.725118125900195,-26.8821051051659],[-48.725246444791644,-26.881792924898498],[-48.72538769857834,-26.88145081632592],[-48.725539195247606,-26.881085347402806],[-48.725698243851824,-26.880703086113225],[-48.72587933747816,-26.88026932916544],[-48.726093853652856,-26.87975501927308],[-48.726335230801716,-26.87917594729363],[-48.72659690854695,-26.878547903238267],[-48.726872326718045,-26.877886678978367],[-48.727154925475254,-26.877208064648514],[-48.72743814525072,-26.876527853164667],[-48.72771542588075,-26.875861833895375],[-48.727980209471404,-26.875225799925904],[-48.72823799851405,-26.874607046668235],[-48.728495625902156,-26.87399129352716],[-48.72874772031792,-26.873391207618585],[-48.72898890761202,-26.872819458772387]]],[[[-48.76628189879382,-26.896014079899427],[-48.76611568704178,-26.89595947906061],[-48.765952000570515,-26.895909494388878],[-48.7657926951658,-26.89586480232551],[-48.765654816047665,-26.895827464020847],[-48.76552293062848,-26.895790650917803],[-48.76539942085921,-26.895755103751718],[-48.765286670697,-26.895721563296554],[-48.765187062116894,-26.895690768495246],[-48.76510297807869,-26.895663459212084],[-48.765036800516164,-26.895640376198543],[-48.76499091136324,-26.89562226020431],[-48.764967694622065,-26.89560984929953],[-48.764953773955405,-26.89558901484484],[-48.764934142088634,-26.89554707880502],[-48.76490957513703,-26.895486235623068],[-48.7648808512653,-26.895408677969503],[-48.76484874560128,-26.89531659936939],[-48.764814035301015,-26.89521219247776],[-48.7647774974817,-26.89509765175444],[-48.764739907279235,-26.894975169823574],[-48.764702041836884,-26.89484693934167],[-48.764495548233405,-26.894136813116962],[-48.7630777994503,-26.893532334091784],[-48.76266204459465,-26.893355643292843],[-48.762331296617155,-26.893217183100692],[-48.76207039722219,-26.893112189785906],[-48.761864189427286,-26.89303589670997],[-48.76169751438394,-26.892983538851393],[-48.76155521536207,-26.8929503520146],[-48.76142213475852,-26.89293156920526],[-48.761283114948284,-26.892922426977858],[-48.76112299738644,-26.892918159105168],[-48.76058594401475,-26.892907733789855],[-48.76029156960028,-26.892417396164607],[-48.75999719763255,-26.891927057149168],[-48.760202228238626,-26.89190975324294],[-48.76025931424018,-26.891908691374077],[-48.76035279706383,-26.89191145204028],[-48.76047844448608,-26.891917726185365],[-48.7606320242704,-26.891927205646535],[-48.76080930314059,-26.891939584049616],[-48.761006051915935,-26.891954551483312],[-48.7612180353228,-26.89197180066129],[-48.76144102314976,-26.891991022591924],[-48.76167078311395,-26.892011910981367],[-48.76192376462327,-26.89203526890333],[-48.762213673123185,-26.892061148288448],[-48.762532140412326,-26.892088847758075],[-48.76287080024944,-26.89211766782335],[-48.763221283336534,-26.892146909917578],[-48.76357522241866,-26.892175872876702],[-48.76392425217637,-26.892203858356797],[-48.76426000225408,-26.89223016711342],[-48.76457410633545,-26.892254098237537],[-48.76487135333111,-26.892276876515062],[-48.76515802947121,-26.892299387592523],[-48.76542882635406,-26.892321177516273],[-48.76567843456107,-26.892341792352536],[-48.765901544664636,-26.89236077819659],[-48.766092847212676,-26.89237768206598],[-48.76624703375548,-26.89239205100353],[-48.76635879386603,-26.892403430212262],[-48.76642282008629,-26.892411367631205],[-48.766475106617946,-26.892422727379838],[-48.766524261886424,-26.89243997309441],[-48.7665715951427,-26.89246424093436],[-48.76661841260368,-26.892496667911796],[-48.76666602352546,-26.892538390182782],[-48.76671573515566,-26.892590543869936],[-48.76676885474696,-26.89265426509426],[-48.76682669157099,-26.892730690006747],[-48.76689055289529,-26.892820954724453],[-48.767002122237464,-26.8929716647657],[-48.76717692343631,-26.893194786735805],[-48.767397048960724,-26.893468694869878],[-48.76764459212947,-26.89377176256171],[-48.76790164796946,-26.894082363321008],[-48.768150308103706,-26.89437887161606],[-48.768372664833066,-26.894639660231658],[-48.7685508121594,-26.89484310297335],[-48.768666839885896,-26.894967574534533],[-48.76869648024218,-26.89498532697636],[-48.76875429621639,-26.895009376258745],[-48.768837310292305,-26.89503881344182],[-48.76894254596265,-26.895072729594098],[-48.76906702666615,-26.895110218488075],[-48.769207774902426,-26.895150370273036],[-48.76936181512404,-26.89519227784182],[-48.76952616981598,-26.895235031357057],[-48.76969786138253,-26.895277724600703],[-48.76987364185321,-26.89532219781357],[-48.770049783156566,-26.895369624869357],[-48.770222573078954,-26.89541883530331],[-48.770388299391676,-26.895468658667898],[-48.77054324981588,-26.8955179263358],[-48.770683714124665,-26.89556546701846],[-48.77080597801908,-26.895610111178478],[-48.770906332239996,-26.895650688461906],[-48.77098106247414,-26.895686029338638],[-48.771403392399876,-26.895911630079343],[-48.7717468170246,-26.89610235663929],[-48.772044805124295,-26.89628522149985],[-48.77233082506033,-26.89648723590002],[-48.77263834362676,-26.89673541439608],[-48.77300083136102,-26.897056765913288],[-48.773451757599105,-26.897478302612022],[-48.774024594006555,-26.89802703527744],[-48.77475281413903,-26.89872997398816],[-48.7758617176838,-26.89980029864257],[-48.77670908696547,-26.900619475924074],[-48.77733084078554,-26.901225069616476],[-48.77776290346418,-26.901654637410367],[-48.77804120135543,-26.901945740351135],[-48.77820166293443,-26.902135936016585],[-48.77828021892563,-26.90226278154016],[-48.77831279867663,-26.90236383468776],[-48.77833533384683,-26.90247665316223],[-48.77842028346281,-26.902860494113902],[-48.778523264071005,-26.90332946254259],[-48.778637102439525,-26.903850525291407],[-48.77875462612634,-26.904390651036866],[-48.778868660459636,-26.904916808439555],[-48.778972031555305,-26.905395966191687],[-48.77905756737439,-26.90579509212829],[-48.779118091735626,-26.906081154029373],[-48.77914643042085,-26.906221121511916],[-48.77915375415254,-26.906278689681645],[-48.779148090263114,-26.90633122439994],[-48.7791212831895,-26.906385505740925],[-48.779065177417124,-26.906448310154666],[-48.77897161735608,-26.90652641586456],[-48.77883244634246,-26.9066266010259],[-48.778639509637784,-26.906755642844747],[-48.77838465033897,-26.9069203183848],[-48.778059711299,-26.907127406366197],[-48.77785762739352,-26.90725486540265],[-48.77766513654797,-26.907374345737203],[-48.7774856561855,-26.907483852621887],[-48.77732260381919,-26.907581387715627],[-48.77717939688722,-26.9076649572],[-48.77705945389364,-26.90773256457271],[-48.77696619131058,-26.907782214202975],[-48.77690302762958,-26.907811909583888],[-48.77687338027928,-26.907819655983886],[-48.7768543519329,-26.907804853627475],[-48.77682891585346,-26.90777795294138],[-48.77677725904873,-26.90771452070091],[-48.776722263391854,-26.90764312121352],[-48.776658344829386,-26.907556987356266],[-48.776587037302264,-26.90745818466274],[-48.776535818388204,-26.907382850283604],[-48.77650987474661,-26.907348778668062],[-48.776428392079595,-26.90723083582752],[-48.776376101173724,-26.907150988418458],[-48.776344121207444,-26.90710642164907],[-48.77625418011552,-26.9069717897058],[-48.77618809943317,-26.906872795734653],[-48.776156348637116,-26.90682486453104],[-48.77605316094856,-26.90666947549822],[-48.77597273698707,-26.906549642196037],[-48.77594715416854,-26.906509454740327],[-48.77584086546007,-26.90634863078741],[-48.77573683192333,-26.906190833980148],[-48.77563758958995,-26.906039896453713],[-48.775545673549004,-26.905899645821947],[-48.77546362278787,-26.90577391517989],[-48.775345823327946,-26.90559442336242],[-48.77524682450206,-26.90544913707392],[-48.775160993524445,-26.905332389418326],[-48.77508270167947,-26.905238514449834],[-48.77500631727813,-26.905161846162862],[-48.7749262096714,-26.905096718556802],[-48.77483675025053,-26.905037465651205],[-48.77473230640866,-26.904978421388027],[-48.77460724858999,-26.90491391973807],[-48.77416609575681,-26.904692753724273],[-48.773589196315406,-26.903649423678814],[-48.773479536420446,-26.90345494165031],[-48.773364076299096,-26.90325679519423],[-48.773245591999434,-26.903059353610235],[-48.77312686152881,-26.902866987139106],[-48.77301065983992,-26.90268406598139],[-48.77289976485298,-26.902514961294784],[-48.77279695348772,-26.90236404242339],[-48.772705000610095,-26.902235679587506],[-48.77262668407194,-26.902134243961548],[-48.77250290834367,-26.901981164820032],[-48.772402030998904,-26.901862426578912],[-48.772305475927126,-26.901768925365037],[-48.77219467009377,-26.901691560010534],[-48.77205103759839,-26.901621225634262],[-48.77185600356105,-26.901548820891822],[-48.77159099323882,-26.90146524339531],[-48.771237432108684,-26.901361388734593],[-48.77077674587546,-26.901228154889388],[-48.77007608223979,-26.901024871900358],[-48.76986989233389,-26.899818221115623],[-48.76966454551232,-26.89861084335227],[-48.76878183559808,-26.89767193985847],[-48.768525525688034,-26.89739994427498],[-48.76831693710966,-26.89718256805564],[-48.768144585305535,-26.897010412061803],[-48.76799698795911,-26.896874077108137],[-48.76786266090418,-26.896764163920324],[-48.767730123127265,-26.89667127232538],[-48.767587890667485,-26.896586002965126],[-48.76742448063325,-26.89649895735631],[-48.76722841128425,-26.89640073426988],[-48.76708597243777,-26.896332644103687],[-48.766934937082866,-26.896265110929523],[-48.76677715703147,-26.8961988110785],[-48.766614489099986,-26.896134421870133],[-48.76644878407613,-26.89607261963363],[-48.76628189879382,-26.896014079899427]]],[[[-48.73270718080611,-26.919548479323698],[-48.73094494156393,-26.918474335836873],[-48.72952576452034,-26.917615462701516],[-48.72833958939443,-26.916906060116563],[-48.727276364136706,-26.91628032524409],[-48.72622604376788,-26.91567245078353],[-48.7250785874422,-26.915016626320984],[-48.72372395982687,-26.914247039845048],[-48.72352165393848,-26.914131965115637],[-48.72326274135335,-26.913984390330555],[-48.72295616376538,-26.91380943015121],[-48.72261086486612,-26.91361219839026],[-48.722235783205775,-26.913397810629508],[-48.7218398633033,-26.913171380809835],[-48.72143204647518,-26.912938025610526],[-48.721021272959504,-26.912702858176097],[-48.72061648478305,-26.912470995386645],[-48.720195476790174,-26.91222978005076],[-48.71973797569897,-26.911967670677925],[-48.71925581369315,-26.911691450516848],[-48.71876082675188,-26.911407903915215],[-48.71826484862492,-26.911123814432145],[-48.71777971276423,-26.910845968484743],[-48.71731725247522,-26.910581148126923],[-48.71688930176237,-26.910336140074413],[-48.716507692508976,-26.910117727514567],[-48.715835520346005,-26.90973263647688],[-48.71527749113157,-26.90941202888446],[-48.71482425086457,-26.90915038230921],[-48.71446644513196,-26.90894217126258],[-48.71419471886518,-26.908781874473757],[-48.71399971844559,-26.908663965955757],[-48.71387209049154,-26.90858292135377],[-48.71380248178831,-26.908533217988843],[-48.71378153730572,-26.908509330352768],[-48.71381888692338,-26.908412382043483],[-48.7139211650843,-26.908165546196358],[-48.71407441715852,-26.90780154575318],[-48.71426468947691,-26.907353104566244],[-48.71447803064424,-26.906852945673865],[-48.714700486655026,-26.906333793066672],[-48.71491810603987,-26.90582837088999],[-48.71511693687455,-26.90536940249559],[-48.71528302664852,-26.904989613130788],[-48.715352234304454,-26.904830922034826],[-48.71544265834513,-26.904622302672436],[-48.71555107064565,-26.90437124177098],[-48.71567424115371,-26.904085222419756],[-48.71580894283539,-26.903771729569716],[-48.715951944650364,-26.903438249924037],[-48.71610001970712,-26.903092267560844],[-48.71624993918054,-26.902741266544346],[-48.716398474275394,-26.90239273366492],[-48.71661066553648,-26.90189673821203],[-48.7167849568494,-26.901494640692537],[-48.71692610941548,-26.90117697132587],[-48.71703888011019,-26.9009342611027],[-48.71712802760222,-26.900757040995398],[-48.71719831037811,-26.90063584284055],[-48.71725448682506,-26.900561197545294],[-48.717301314244835,-26.900523635981646],[-48.717343550877885,-26.90051368992731],[-48.71745669268582,-26.900517067038834],[-48.71754425573685,-26.900541527672765],[-48.71760963223278,-26.900614291259163],[-48.717656215343794,-26.900762579932817],[-48.717687398268346,-26.90101361310473],[-48.71770657209853,-26.901394611940418],[-48.717717129879134,-26.901932796717887],[-48.71772246356186,-26.902655387679403],[-48.717725967007965,-26.903589605980333],[-48.717728249451135,-26.9041275756107],[-48.7177311744919,-26.904665416620773],[-48.71773463658199,-26.90519191351201],[-48.71773853415641,-26.905695853560147],[-48.71774276469117,-26.90616602222295],[-48.717747223640316,-26.906591205829955],[-48.71775181052502,-26.906960188973027],[-48.71775641978272,-26.90726175887003],[-48.71776094991003,-26.907484700999525],[-48.71778562442,-26.908466329065877],[-48.71893382455856,-26.90877587790647],[-48.71921169292406,-26.90885008784367],[-48.71944528025234,-26.908910526066936],[-48.719638179320604,-26.90895787894001],[-48.719793982859734,-26.90899283728285],[-48.71991628372833,-26.90901608735961],[-48.72000867474305,-26.909028319006516],[-48.720074748799306,-26.909030219324737],[-48.72011809775067,-26.90902247808372],[-48.720142315549545,-26.90900578146094],[-48.72015761668757,-26.908984474594593],[-48.72018079624637,-26.908950768128292],[-48.72021087621552,-26.90890614251589],[-48.72024688259041,-26.90885207917803],[-48.72028783931798,-26.908790061307357],[-48.72033277140784,-26.908721569406957],[-48.720380701823935,-26.908648085752812],[-48.72043065556515,-26.90857109175263],[-48.72048165864161,-26.908492068832015],[-48.720572377494925,-26.908343232395968],[-48.72065248363493,-26.908186413824307],[-48.72072832484436,-26.907997914515736],[-48.72080625082469,-26.907754034975774],[-48.72089261016603,-26.90743107386353],[-48.720993751185304,-26.907005333413437],[-48.72111602097523,-26.90645311218897],[-48.72126576817651,-26.90575071142847],[-48.72144933887526,-26.90487443134825],[-48.72148688735145,-26.90469506149184],[-48.72152312825421,-26.90452515884114],[-48.72155738223217,-26.90436767697252],[-48.7215889679106,-26.904225570333107],[-48.721617205914626,-26.904101794305625],[-48.72164141489648,-26.903999302436617],[-48.72166091548554,-26.90392105010959],[-48.72167904718777,-26.903859535938434],[-48.721712966189976,-26.903844286052493],[-48.7217698907949,-26.903857751532957],[-48.721848536549246,-26.903886853208327],[-48.72194359912321,-26.90392896866084],[-48.7220497732312,-26.903981472756936],[-48.72216175553319,-26.904041743113616],[-48.72227424067583,-26.904107156427642],[-48.72238192430742,-26.904175088525232],[-48.72247950302242,-26.904242917067656],[-48.72255394539774,-26.90429725969594],[-48.72261483505467,-26.90433907063374],[-48.722665580478846,-26.904369041113636],[-48.72270959119265,-26.9043878614753],[-48.72275027570224,-26.904396222939177],[-48.722791043506646,-26.90439481763988],[-48.72283530516697,-26.90438433501786],[-48.722886467163825,-26.90436546715052],[-48.72294794102395,-26.904338905288334],[-48.722997171359914,-26.904320237245035],[-48.72305557490099,-26.904303716076264],[-48.723122525293206,-26.904289404765724],[-48.7231973962203,-26.904277364492383],[-48.7232795613131,-26.904267659141652],[-48.72336839425802,-26.904260349892898],[-48.72346326870643,-26.90425549973042],[-48.723563559317036,-26.904253171655608],[-48.723668637766835,-26.90425342681812],[-48.72376627845848,-26.90425323527772],[-48.72387044563566,-26.90425014465834],[-48.723978555640755,-26.904244393044927],[-48.72408802084548,-26.90423621575845],[-48.724196254610455,-26.904225849046306],[-48.72430067130384,-26.904213529180105],[-48.72439868425306,-26.90419949422709],[-48.72448770686002,-26.90418397865264],[-48.724565153481045,-26.904167219650034],[-48.724731580339224,-26.90412957461962],[-48.72487820057478,-26.904103823892083],[-48.72501111799157,-26.90409067957073],[-48.72513643938635,-26.904090854680625],[-48.72526026955954,-26.904105061288032],[-48.72538871434081,-26.904134010551584],[-48.72552787951837,-26.904178416314437],[-48.72568387196247,-26.90423898970479],[-48.7258627955198,-26.904316443576406],[-48.725992726450976,-26.90437276406553],[-48.72611222235805,-26.904420388198723],[-48.726225500244404,-26.90446034864753],[-48.72633677809787,-26.904493679889992],[-48.726450272947304,-26.904521414570606],[-48.7265702008062,-26.904544586206562],[-48.726700781702746,-26.904564229267557],[-48.72684622967067,-26.90458137630451],[-48.72701076374647,-26.904597061732684],[-48.72719208176675,-26.90461450625964],[-48.72735505890411,-26.904635210011445],[-48.727510700606906,-26.904662269655937],[-48.72767001537086,-26.904698781859416],[-48.72784401269732,-26.90474784506027],[-48.72804369814761,-26.904812555772985],[-48.7282800813592,-26.90489601140968],[-48.72856417007094,-26.905001308355686],[-48.72890697215089,-26.90513154287306],[-48.7301572779121,-26.905609960023735],[-48.730471379016166,-26.905431005528015],[-48.73057871255898,-26.9053710289009],[-48.73066911323022,-26.905324829307844],[-48.73074771666673,-26.905291756557528],[-48.73081965951309,-26.9052711595561],[-48.73089007635473,-26.905262388968726],[-48.730964103802954,-26.905264794579807],[-48.731046877481184,-26.905277725244378],[-48.73114353400635,-26.90530053072278],[-48.73125920696805,-26.905332561612184],[-48.73140963566701,-26.905384486917352],[-48.731551270079294,-26.90545215838576],[-48.731685641327424,-26.905537084280173],[-48.73181427861609,-26.905640768313216],[-48.73193871412051,-26.90576471694623],[-48.73206047801086,-26.90591043660269],[-48.732181102497634,-26.906079432831042],[-48.732302117790944,-26.90627321114263],[-48.73242505409806,-26.906493277946378],[-48.73249140220046,-26.9066148327905],[-48.732564732291536,-26.906742985685653],[-48.73264305672364,-26.906874645383635],[-48.73272438882185,-26.907006721557387],[-48.73280674191223,-26.90713612298114],[-48.73288812928544,-26.907259759334853],[-48.73296656425146,-26.907374538497876],[-48.73304005906284,-26.907477370141173],[-48.733106627990395,-26.90756516306895],[-48.733197422414754,-26.907677334900157],[-48.733280295435556,-26.90777325807406],[-48.73335885203666,-26.90785578809465],[-48.733436691150395,-26.90792778216573],[-48.733517415770415,-26.907992096646517],[-48.73360462793574,-26.908051586068208],[-48.73370192761577,-26.908109108529583],[-48.733812918875486,-26.908167519476812],[-48.73394120276228,-26.908229675196104],[-48.73422870314488,-26.908367819300743],[-48.734497986582504,-26.90850226910468],[-48.73474601944101,-26.908631288435014],[-48.73496976714583,-26.908753136603075],[-48.735166195013605,-26.90886607743763],[-48.73533226838476,-26.90896837296454],[-48.735464954643554,-26.90905828343333],[-48.73556121708045,-26.909134072626784],[-48.735618023078,-26.909194001668162],[-48.735648091480314,-26.909233325608167],[-48.73567901776954,-26.90926542744486],[-48.73571326518701,-26.90929106324217],[-48.735753299042976,-26.909310986387364],[-48.73580158163018,-26.909325950216026],[-48.735860577218794,-26.909336709895786],[-48.7359327501156,-26.909344018783703],[-48.73602056360386,-26.90934863111457],[-48.736126481992386,-26.90935130022628],[-48.736217545294046,-26.909353926824803],[-48.73629809653871,-26.90935865984624],[-48.73636879090555,-26.90936565781893],[-48.736430282621065,-26.909375076545093],[-48.73648322889432,-26.90938707367657],[-48.736528285927605,-26.90940180684643],[-48.73656610692189,-26.9094194327349],[-48.73659735010933,-26.90944010810097],[-48.7366226696605,-26.909463991441786],[-48.73664837384713,-26.909490090150197],[-48.73668984189882,-26.909528756512536],[-48.736745216218644,-26.90957839497318],[-48.73681264327354,-26.909637408235156],[-48.736890268505185,-26.909704199887713],[-48.736976234332396,-26.909777173472975],[-48.737068688199166,-26.909854732616207],[-48.73716577452224,-26.90993528089757],[-48.73726563670221,-26.910017221885088],[-48.73738073634657,-26.91011204413155],[-48.737521224387294,-26.910229243493355],[-48.73768258813047,-26.910364987044773],[-48.7378603159226,-26.910515439178553],[-48.738049896023384,-26.910676767007924],[-48.7382468156614,-26.910845136745802],[-48.73844656201568,-26.911016714625777],[-48.73864462422464,-26.911187666935742],[-48.738836489342034,-26.911354160855797],[-48.739021978650065,-26.91151420092965],[-48.7392021703908,-26.91166702112333],[-48.73937363127262,-26.911809869930373],[-48.739532925924806,-26.911939997630064],[-48.73967662092878,-26.912054656349827],[-48.739801280908296,-26.912151094584644],[-48.73990347042561,-26.9122265635409],[-48.73997975710132,-26.912278312669375],[-48.74002670451081,-26.912303593155972],[-48.74006004171744,-26.91231387439932],[-48.74009711021154,-26.91232240867284],[-48.740136900701955,-26.912329125664755],[-48.74017840294433,-26.91233395234157],[-48.74022060363878,-26.912336817426866],[-48.74026249451675,-26.912337649725917],[-48.740303063302,-26.9123363770786],[-48.7403413007553,-26.912332926472068],[-48.74037619456461,-26.912327227552698],[-48.74055608549232,-26.912290292343275],[-48.74052335210556,-26.911526818663614],[-48.74049060300057,-26.91076408558994],[-48.740750469677764,-26.910178685267613],[-48.74080196216508,-26.910066453713707],[-48.740854240604286,-26.909959838954258],[-48.740906468429294,-26.90986020835305],[-48.74095780801947,-26.90976893196591],[-48.7410074218311,-26.909687376241568],[-48.74105447426537,-26.909616911271034],[-48.741098127749744,-26.90955890530994],[-48.741137543725024,-26.909514725696628],[-48.74117188762155,-26.90948574163872],[-48.74121372215429,-26.909458565041138],[-48.74127874440397,-26.909417647841874],[-48.741364140760446,-26.909364709278417],[-48.74146709559722,-26.909301468552886],[-48.741584795302245,-26.90922964490063],[-48.74171442529956,-26.909150955741175],[-48.741853170969584,-26.909067121208],[-48.74199821774192,-26.908979859640038],[-48.74214675001945,-26.908890891175982],[-48.74229843483741,-26.908799950571016],[-48.7424530814121,-26.908707013103726],[-48.742607271433016,-26.908614141250666],[-48.74275758562301,-26.90852339658661],[-48.74290060370165,-26.908436841588067],[-48.74303290743812,-26.908356537876013],[-48.743151075598654,-26.908284547035052],[-48.74325169095048,-26.908222932527003],[-48.7433313332839,-26.90817375596559],[-48.743405742384105,-26.908127853722597],[-48.74349129782839,-26.908075220441212],[-48.74358552193926,-26.90801739127421],[-48.74368593503374,-26.907955901347368],[-48.74379006243345,-26.90789228767777],[-48.7438954234683,-26.9078280853893],[-48.743999542492666,-26.907764830596367],[-48.74409994085279,-26.907704059373202],[-48.74419414193566,-26.90764730693158],[-48.744685683742624,-26.907349940642604],[-48.7462798499621,-26.90757203122228],[-48.74665017469176,-26.907622383482888],[-48.74699065438118,-26.9076659926372],[-48.74730516767728,-26.907703202367326],[-48.74759759218914,-26.907734358996546],[-48.74787180757505,-26.907759807935193],[-48.74813169250277,-26.90777989453988],[-48.74838112466464,-26.90779496321592],[-48.74862398273409,-26.90780536015896],[-48.74886414643519,-26.90781142974876],[-48.74985346046211,-26.907827993675326],[-48.75050506451732,-26.908167454069556],[-48.75115748312613,-26.908507665512385],[-48.75138408409416,-26.90920038454269],[-48.75161151270565,-26.909893117365996],[-48.75219771001665,-26.90988590254291],[-48.7523620480889,-26.909884441532107],[-48.75249672431162,-26.90988562057112],[-48.75260751016012,-26.9098905902304],[-48.75270017711306,-26.909900501048032],[-48.752780495663444,-26.90991650262005],[-48.75285423628995,-26.909939745427135],[-48.75292717050105,-26.909971379050383],[-48.753005069778546,-26.910012554863382],[-48.753093704665254,-26.910064421504842],[-48.753404312451934,-26.910250910913184],[-48.75421543875172,-26.909906312715822],[-48.75447940714165,-26.909799685351246],[-48.754741695325926,-26.909703973957562],[-48.754995678684885,-26.909620804091777],[-48.75523473366737,-26.909551799571084],[-48.75545223668596,-26.909498586961757],[-48.755641565201685,-26.909462791074937],[-48.75579609564524,-26.909446037628584],[-48.75590920444481,-26.90944995144343],[-48.75597426696813,-26.909476158212268],[-48.755990076820886,-26.909495267372296],[-48.756016723839174,-26.909532257795686],[-48.75605298416276,-26.909585236513138],[-48.75609763384605,-26.909652315065568],[-48.75614944899797,-26.909731602287266],[-48.75620720466585,-26.909821209703548],[-48.75626967698869,-26.909919244345758],[-48.75633564098642,-26.91002381864365],[-48.75640387276736,-26.910133040533623],[-48.756503260459304,-26.9102946923979],[-48.7565844639311,-26.91043269047693],[-48.756649548779464,-26.910552274822887],[-48.75670057954263,-26.910658689974966],[-48.75673962089342,-26.910757175053057],[-48.756768737435294,-26.910852973683212],[-48.75678999585184,-26.91095132681346],[-48.75680546080575,-26.91105747625961],[-48.756817196966935,-26.91117666383589],[-48.756853453845366,-26.91161682278868],[-48.75737467671352,-26.91215535359661],[-48.75747524517248,-26.91226130487379],[-48.75758385675463,-26.91237944435766],[-48.757697743666526,-26.912506538763182],[-48.75781414206489,-26.912639357582623],[-48.75793028509857,-26.9127746684635],[-48.758043406861304,-26.91290924088134],[-48.758150741421396,-26.91303984431901],[-48.758249522894836,-26.913163244657287],[-48.75833698426402,-26.913276213179373],[-48.75877722864344,-26.913859267343636],[-48.75952138040459,-26.914157313158046],[-48.75965601447816,-26.914210645325056],[-48.75978544575826,-26.914260937415808],[-48.75990730127271,-26.914307332342716],[-48.76001920798915,-26.91434897573158],[-48.76011879089306,-26.9143850113773],[-48.760203677985984,-26.914414583126398],[-48.7602714932078,-26.91443683656744],[-48.76031986457949,-26.91445091464533],[-48.760346418061246,-26.914455962975733],[-48.76037656558858,-26.91444989046185],[-48.760434773094126,-26.914431916683252],[-48.76051807690038,-26.914403160551984],[-48.76062351129053,-26.91436474184224],[-48.7607481125387,-26.914317781259516],[-48.76088891393562,-26.91426339765885],[-48.76104295174144,-26.9142027126555],[-48.761207260281665,-26.914136844233166],[-48.761378874826164,-26.91406691401194],[-48.76233045830789,-26.913676509860633],[-48.7630260948524,-26.913846450785467],[-48.76315871776474,-26.91388075818683],[-48.76329916445725,-26.9139204399899],[-48.763444022247015,-26.913964323937687],[-48.76358987739833,-26.914011239574215],[-48.7637333161811,-26.914060015554742],[-48.76387092488798,-26.914109478743157],[-48.763999290716335,-26.914158460542396],[-48.76411499995211,-26.914205786936613],[-48.76421463878214,-26.91425028842864],[-48.76431822500112,-26.914296267449004],[-48.76444530464752,-26.914347856453116],[-48.76459175428512,-26.914403629150673],[-48.764753454492556,-26.914462159322486],[-48.76492628285024,-26.914522018909256],[-48.765106117892294,-26.914581781687904],[-48.76528883815179,-26.91464002055151],[-48.76547032212483,-26.914695309315228],[-48.76564644730033,-26.914746220896177],[-48.76658452817226,-26.915008235890582],[-48.767167917430015,-26.915537406302864],[-48.76733984307264,-26.91568673790853],[-48.76755628253977,-26.915864001740555],[-48.767807388020046,-26.91606186093664],[-48.76808331062665,-26.916272977750587],[-48.76837420241089,-26.916490011798633],[-48.76867021219045,-26.916705626323814],[-48.76896149269187,-26.916912482900784],[-48.76923819347428,-26.91710324312908],[-48.76949046495414,-26.917270569593214],[-48.76950083371705,-26.91730759732287],[-48.76950854374841,-26.917348514158352],[-48.76951761950008,-26.917402298248177],[-48.769527819660915,-26.917467398955143],[-48.76953890493218,-26.91754226567385],[-48.76955063603231,-26.917625346896724],[-48.76956277367886,-26.917715091116268],[-48.76957507654015,-26.91780994859761],[-48.76961304706755,-26.91805384302805],[-48.76966209816035,-26.918283335994],[-48.76972166515609,-26.918497093745998],[-48.769791185283445,-26.9186937879771],[-48.7698700948375,-26.918872085851486],[-48.769957830043815,-26.91903065723817],[-48.770053828135474,-26.91916817111857],[-48.7701575233272,-26.919283295523083],[-48.770268354795704,-26.919374701267397],[-48.770540170745704,-26.919563470648423],[-48.77086169793656,-26.91942376814894],[-48.77093973549755,-26.919392525778697],[-48.77102234939207,-26.919364728161444],[-48.771110521720814,-26.919340194967873],[-48.77120523453098,-26.919318748572138],[-48.771307468881,-26.919300210426805],[-48.77141820786,-26.919284401110115],[-48.77153843249136,-26.919271143870514],[-48.771669126906794,-26.9192602574881],[-48.77181127112419,-26.91925156518449],[-48.771982898064905,-26.919243775958172],[-48.77212789321122,-26.919239855456716],[-48.77225252600198,-26.919240548908448],[-48.7723630658945,-26.91924660060633],[-48.7724657824011,-26.919258752111343],[-48.77256694498475,-26.91927774767057],[-48.77267282210896,-26.919304331497113],[-48.77278968228365,-26.91933924598106],[-48.77292379701885,-26.9193832353428],[-48.773261797074376,-26.919490385699063],[-48.77354976156399,-26.919564164093668],[-48.77379716865197,-26.91960277373854],[-48.774013501653215,-26.919604416017282],[-48.77420823987774,-26.919567293973593],[-48.77439086469311,-26.91948960971573],[-48.77457085647323,-26.919369564378435],[-48.77475769753014,-26.919205360879797],[-48.77496086711572,-26.918995200229404],[-48.77543460570193,-26.918479132099318],[-48.776710347201316,-26.918221277804808],[-48.77708289801916,-26.918146633601637],[-48.77738419081945,-26.918088483978433],[-48.77763060090384,-26.918045205659396],[-48.77783850044487,-26.918015176926723],[-48.77802426362929,-26.917996773244944],[-48.77820426256386,-26.917988371745025],[-48.778394871352816,-26.917988349500693],[-48.77861246309193,-26.9179950834789],[-48.778873411926625,-26.918006948745813],[-48.77976077120511,-26.91804900077126],[-48.78027956413085,-26.918873050855694],[-48.78079837977679,-26.919696359624783],[-48.780486700272924,-26.919959826817138],[-48.77972169637977,-26.920595155464607],[-48.77871707580266,-26.921412252821902],[-48.77753833549594,-26.922359323609125],[-48.7762509720671,-26.923384578549456],[-48.77492048620734,-26.924436226135334],[-48.773612385203975,-26.925462480274145],[-48.77239217901488,-26.92641155757019],[-48.77132538376556,-26.92723167619318],[-48.77047751656504,-26.927871056079123],[-48.76993269741684,-26.928275530816382],[-48.76931221252455,-26.928736594179444],[-48.76863375561495,-26.92924107284604],[-48.76791501988638,-26.929775792859246],[-48.767173698050854,-26.930327583305733],[-48.76642748351979,-26.930883270962852],[-48.76569407336675,-26.931429684876964],[-48.76499116033778,-26.931953652621726],[-48.76433644178963,-26.93244200401961],[-48.763719653781834,-26.932902405922885],[-48.763150281233784,-26.933327239112135],[-48.763126032300484,-26.933345382064857],[-48.762566511126025,-26.933762789137052],[-48.762211649390814,-26.93402752298441],[-48.7620520232952,-26.93414648488961],[-48.761593501098005,-26.9344883253902],[-48.761491494370546,-26.93456445338287],[-48.76120187893655,-26.934780169538868],[-48.76096075910481,-26.93495962790788],[-48.76088809032476,-26.935013873553373],[-48.76066306670773,-26.935181294498772],[-48.7605903861616,-26.935234643648037],[-48.76053774440694,-26.935274289424374],[-48.760467568621934,-26.935326172972626],[-48.760400926574775,-26.93537511913825],[-48.76035131346252,-26.935411092994805],[-48.760282905521734,-26.935460840418454],[-48.76023385740037,-26.935495937889858],[-48.760214481737705,-26.935510571309973],[-48.76019300582628,-26.935524740902835],[-48.76014105903991,-26.935559828406802],[-48.76010309463583,-26.93555167915999],[-48.76007364643494,-26.935535685611598],[-48.76003544324232,-26.935514302517493],[-48.75998959231013,-26.93548815751735],[-48.75993720193283,-26.935457876462635],[-48.759879380332755,-26.935424088814],[-48.75981723578427,-26.93538742132666],[-48.759751876541735,-26.935348501659327],[-48.759681407363715,-26.935303373109594],[-48.75960504602872,-26.935248822226868],[-48.75952474097954,-26.935186574768966],[-48.75944243968089,-26.935118354676984],[-48.75936009052369,-26.935045889520516],[-48.75927964194267,-26.93497090416666],[-48.75920304236223,-26.93489512348632],[-48.75913224114983,-26.934820275076362],[-48.759069184733185,-26.93474808197765],[-48.75897213739893,-26.934643714944617],[-48.75882822367204,-26.93450797828157],[-48.758635158496006,-26.934339027020304],[-48.75839065697952,-26.93413501342993],[-48.75809243335168,-26.93389408970013],[-48.757738202991064,-26.93361440796541],[-48.757325682389094,-26.9332941230038],[-48.75685258526621,-26.9329313858493],[-48.756316627533735,-26.93252434837415],[-48.75388233064728,-26.93068254056707],[-48.75104382681098,-26.929859546608295],[-48.74820538285944,-26.929035759087206],[-48.746921501808174,-26.928251312176087],[-48.7465630649487,-26.928032327245592],[-48.74597610142225,-26.92767332772985],[-48.74518718784813,-26.927190571987897],[-48.74422290336077,-26.926600320794705],[-48.743109826123074,-26.92591883310667],[-48.74187453579557,-26.92516236999724],[-48.740543609182296,-26.92434719121687],[-48.73914362287472,-26.923489558134953],[-48.737701150995456,-26.922605733849018],[-48.73492255436862,-26.920903684267408],[-48.73270718080611,-26.919548479323698]]],[[[-48.71987118435035,-26.895250439390377],[-48.72004444561728,-26.894855212761637],[-48.72028052895256,-26.894331453795726],[-48.720587368907765,-26.89366000755846],[-48.720972899028396,-26.89282172068044],[-48.72149609211364,-26.89168731336799],[-48.722436573042955,-26.89170323629727],[-48.722621879947965,-26.89170484621493],[-48.72281354263458,-26.891703652503963],[-48.72300801221156,-26.891699808179606],[-48.723201739805226,-26.89169346537419],[-48.7233911754817,-26.891684778929797],[-48.72357277239895,-26.89167390014753],[-48.723742979619736,-26.89166098388968],[-48.72389825030629,-26.89164618148988],[-48.72403503352706,-26.891629647837313],[-48.72421915830425,-26.891605579949466],[-48.72437257686396,-26.8915878205246],[-48.724502677708756,-26.891576523025407],[-48.72461684622448,-26.891571845334347],[-48.72472247090133,-26.89157394083997],[-48.724826937137756,-26.891582966465585],[-48.724937632402,-26.891599076438233],[-48.7250619441342,-26.89162242676583],[-48.72520725779333,-26.891653172493438],[-48.72534581862646,-26.891681982732745],[-48.725468314628245,-26.89170434054534],[-48.72558024492216,-26.891720458185258],[-48.725687104508324,-26.891730553234396],[-48.72579439252617,-26.891734837908974],[-48.725907605009695,-26.891733528870603],[-48.72603224106628,-26.891726840104816],[-48.726173795759195,-26.891714986412808],[-48.726337768190994,-26.891698181731016],[-48.726460787881244,-26.891683297573437],[-48.72658132264491,-26.891665745362186],[-48.72669798732663,-26.891645838514407],[-48.72680939684569,-26.891623886843075],[-48.7269141660516,-26.891600203773873],[-48.727010909868845,-26.891575099127344],[-48.7270982411581,-26.891548885400862],[-48.72717477581924,-26.891521874240134],[-48.727239128748636,-26.891494377275546],[-48.72732046651786,-26.891454029311305],[-48.72738702726518,-26.89141578893655],[-48.72744190025816,-26.891375212589256],[-48.72748817369159,-26.891327859388557],[-48.727528935822455,-26.891269284838163],[-48.727567275831525,-26.89119504806122],[-48.72760628392912,-26.8911007063882],[-48.72764904630123,-26.890981816177764],[-48.727698654085046,-26.89083393657015],[-48.72774910690671,-26.89068496322705],[-48.727794719423756,-26.890562041541564],[-48.72783989012608,-26.890458876407386],[-48.72788901652066,-26.89036916998737],[-48.727946496035706,-26.89028662714271],[-48.728016727100055,-26.890204951838633],[-48.72810410712714,-26.890117847108478],[-48.72821303450025,-26.890019015983018],[-48.728347905504044,-26.889902163239224],[-48.728824411076616,-26.88949359843937],[-48.72969960342871,-26.88935593378032],[-48.730022448397655,-26.88929809848005],[-48.730512545475776,-26.889200103905978],[-48.731156029393645,-26.88906499688538],[-48.73193903369356,-26.888895824840866],[-48.73284768981379,-26.888695635021392],[-48.7338681322392,-26.888467472011765],[-48.73498649338586,-26.888214384990103],[-48.736188906852675,-26.88793941886174],[-48.73746150531144,-26.887645621537],[-48.73795906683305,-26.88753041181908],[-48.73847005325656,-26.887838697586947],[-48.738981043523864,-26.888146982583958],[-48.739173861606695,-26.888674132903827],[-48.73921199395903,-26.888775635229027],[-48.73925532930223,-26.888885196746088],[-48.739302636965455,-26.88900002721011],[-48.739352684330036,-26.889117332736305],[-48.73940424069106,-26.88923432398394],[-48.739456071417585,-26.889348206136148],[-48.73950694578598,-26.88945618985486],[-48.7395556321296,-26.889555482178483],[-48.739600896743575,-26.889643291016622],[-48.739835922197415,-26.890086051648314],[-48.739839412663734,-26.892090730335642],[-48.73984372555193,-26.894095422615525],[-48.74021660818757,-26.89481355466401],[-48.740588653467846,-26.895532411594363],[-48.740438588381,-26.896039000269987],[-48.74041034932643,-26.896131123994948],[-48.74038164783033,-26.8962203353065],[-48.74035309628112,-26.89630494468243],[-48.74032530906549,-26.89638326353576],[-48.74029889656674,-26.896453602313507],[-48.740274473177756,-26.896514272430068],[-48.74025265128105,-26.896563585267973],[-48.740234043260074,-26.896599852210198],[-48.74021926153392,-26.89662138283537],[-48.740197013744826,-26.896639761707846],[-48.74015638696484,-26.896666472966583],[-48.740099374441606,-26.896700437577707],[-48.7400279674622,-26.89674057376557],[-48.73994415934446,-26.896785798883705],[-48.739849942330665,-26.896835033879533],[-48.73974730972764,-26.896887197013008],[-48.73963825181142,-26.896941207402413],[-48.739524763913835,-26.896995983349928],[-48.738898697441364,-26.897294771715416],[-48.737376062815216,-26.897290623449045],[-48.73694527003918,-26.89728895753768],[-48.73660193155546,-26.89728613753593],[-48.736334456994065,-26.897281262602082],[-48.736131256023505,-26.897273430768855],[-48.73598074031985,-26.8972617408372],[-48.73587131752454,-26.897245292327565],[-48.73579139934567,-26.897223182940984],[-48.7357293954849,-26.897194510295787],[-48.735673715598864,-26.897158374686057],[-48.73563077396232,-26.897126900577025],[-48.73556917266902,-26.897081183367895],[-48.735491372158876,-26.89702306740712],[-48.73539983289154,-26.89695439614022],[-48.73529701729971,-26.896877014851107],[-48.73518538682039,-26.896792767908934],[-48.73506740088538,-26.896703498753592],[-48.73494552191363,-26.896611051781935],[-48.734822210314604,-26.89651727046349],[-48.73453094551396,-26.89629657870956],[-48.734275444336774,-26.89610574132093],[-48.73405138074369,-26.895941816538905],[-48.73385442776909,-26.89580186344576],[-48.733680258545824,-26.895682940184585],[-48.73352454625396,-26.895582105770323],[-48.733382965132115,-26.895496419209422],[-48.73325118748431,-26.89542293765145],[-48.73312488863045,-26.895358720081582],[-48.733030075057926,-26.89531337646493],[-48.732952474016244,-26.89527876047057],[-48.73288697218669,-26.895254429038502],[-48.7328284573427,-26.895239935503284],[-48.7327718172484,-26.895234834091923],[-48.732711939654024,-26.895238679925185],[-48.73264371232787,-26.895251027212712],[-48.73256202303482,-26.895271430152963],[-48.73246175951525,-26.89529944383113],[-48.73239116735547,-26.895322848665465],[-48.732305736639745,-26.89535675973319],[-48.73220818005159,-26.89539980823914],[-48.73210120923413,-26.895450627180253],[-48.73198753481132,-26.89550785044577],[-48.731869869463225,-26.895570110160932],[-48.731750924873445,-26.895636038443985],[-48.73163341270048,-26.89570426922728],[-48.73152004466874,-26.89577343374646],[-48.731181216353924,-26.895975069547006],[-48.73081573539561,-26.89617367884833],[-48.7304300167476,-26.896366518227325],[-48.730030475392894,-26.89655084703234],[-48.729623527439344,-26.89672392289633],[-48.72921558808564,-26.896883002611276],[-48.72881307357311,-26.897025344868386],[-48.72842239919992,-26.897148208419928],[-48.728049981357216,-26.89724885030251],[-48.72777838572508,-26.89731515122103],[-48.727556944250175,-26.89736676200934],[-48.72737305444987,-26.897405034968678],[-48.727214115787,-26.897431323227668],[-48.727067524672655,-26.897446979788196],[-48.726920680553064,-26.897453355835957],[-48.726760980817815,-26.897451804274205],[-48.726575824888194,-26.89744367707675],[-48.72635261018148,-26.897430326108715],[-48.72558854144384,-26.897382630448387],[-48.72517971473564,-26.897043466697777],[-48.72508971399588,-26.896971683215728],[-48.72499682230516,-26.89690302971863],[-48.72490144879584,-26.896837732991376],[-48.72480400162803,-26.89677601799913],[-48.72470489293023,-26.89671811247933],[-48.72460453084026,-26.896664242301167],[-48.72450332552448,-26.896614632465074],[-48.72440168509885,-26.896569509744506],[-48.72430002170239,-26.896529100978793],[-48.72382913861528,-26.89635463922738],[-48.72288324653067,-26.896437049450036],[-48.72270950292939,-26.896451685104516],[-48.72253732266284,-26.896465305237765],[-48.722370207661896,-26.896477696518012],[-48.72221166294978,-26.896488642069922],[-48.72206518844716,-26.89649792856025],[-48.721934289142276,-26.8965053409447],[-48.721822465980374,-26.896510665024703],[-48.72173322396689,-26.89651368486654],[-48.72167006404491,-26.896514186274835],[-48.7215185069379,-26.89649788518204],[-48.72129838005818,-26.896456663431966],[-48.721031491384444,-26.896396457083103],[-48.72073964983494,-26.896323203210496],[-48.7204446642804,-26.896242836333336],[-48.72016834344363,-26.8961612920436],[-48.71993249485427,-26.89608450878201],[-48.71975892701035,-26.8960184215108],[-48.71966944832925,-26.895968966131527],[-48.71964764112137,-26.89592909573617],[-48.719648974610124,-26.895856461218653],[-48.7196813853694,-26.895731909966628],[-48.719752809891254,-26.895536286626424],[-48.71987118435035,-26.895250439390377]]],[[[-48.66614865353999,-26.885120662301283],[-48.66631604954494,-26.884808300543597],[-48.66649335641961,-26.884514453182558],[-48.66667877769275,-26.884241769812977],[-48.66687051796213,-26.883992899155036],[-48.66706678088002,-26.883770489021742],[-48.66726577110643,-26.883577189059007],[-48.66746569339168,-26.883415646218438],[-48.66790344282276,-26.88311797164695],[-48.66833555320501,-26.88286539436711],[-48.668766495186254,-26.88265665085568],[-48.66920073631878,-26.882490478382223],[-48.66964274711294,-26.8823656151096],[-48.670096997047914,-26.882280799124654],[-48.670567955630275,-26.882234766648576],[-48.67106009132859,-26.882226255625028],[-48.67157787467923,-26.882254002156458],[-48.671886991133995,-26.882286835190957],[-48.67218864877349,-26.88233330849829],[-48.67248908890776,-26.882395351509444],[-48.67279455290041,-26.882474892701527],[-48.673111282159404,-26.882573860499665],[-48.67344551712413,-26.8826941841598],[-48.67380350033429,-26.88283779200837],[-48.67419147037308,-26.88300661313911],[-48.67461567198287,-26.88320257576374],[-48.67480100075953,-26.88328986106036],[-48.6749811154819,-26.88337357238776],[-48.675152592223824,-26.883452195070774],[-48.67531200601704,-26.88352421533421],[-48.67545593191573,-26.883588117610586],[-48.67558094595144,-26.88364238726012],[-48.67568362415087,-26.883685509648107],[-48.67576054051126,-26.883715971009266],[-48.6758082710873,-26.88373225580224],[-48.67590640640407,-26.883765751927765],[-48.6760366955017,-26.883819718149606],[-48.67618923696994,-26.883889123740296],[-48.67635412636938,-26.88396893704732],[-48.67652146120527,-26.88405412739113],[-48.676681338923636,-26.884139664134626],[-48.67682385489795,-26.88422051664806],[-48.67693910647988,-26.884291653465002],[-48.67701718996138,-26.884348044022218],[-48.67705147547179,-26.88437471716011],[-48.67710213565034,-26.8844114916314],[-48.677167089817104,-26.884456965108882],[-48.67724425522549,-26.884509737937805],[-48.67733155113868,-26.884568410497263],[-48.677426892809066,-26.884631582200512],[-48.677528199487696,-26.884697853432616],[-48.67763338840475,-26.884765824550044],[-48.677740378848064,-26.8848340932412],[-48.67785046996216,-26.884904732094476],[-48.6779640731321,-26.884979524758023],[-48.67807858981404,-26.8850566525116],[-48.67819142441259,-26.88513429939846],[-48.678299982342274,-26.885210648583755],[-48.678401664979425,-26.88528388317327],[-48.678493876724396,-26.88535218542628],[-48.67857402094288,-26.885413738492257],[-48.678639503005535,-26.885466725556526],[-48.67869910851741,-26.885515539706674],[-48.678762325574915,-26.885565066558406],[-48.6788276081289,-26.88561423387281],[-48.678893411186415,-26.88566196672351],[-48.67895818771869,-26.88570719105573],[-48.67902039171655,-26.885748831931636],[-48.679078478135594,-26.88578581623656],[-48.67913090094038,-26.88581706993923],[-48.67917611412996,-26.885841517205712],[-48.679218833598576,-26.885865219578996],[-48.679260549674034,-26.88589296098676],[-48.67930060374828,-26.88592407273294],[-48.679338338254205,-26.885957884334285],[-48.67937309558588,-26.885993727112332],[-48.67940421711086,-26.886030933274572],[-48.6794310442502,-26.886068832322323],[-48.67945292039858,-26.886106755594263],[-48.67946918693716,-26.886144034395873],[-48.679485839600154,-26.886184728032184],[-48.67950414135983,-26.886220468234267],[-48.679524164405194,-26.88625131755317],[-48.679545981949424,-26.88627733765422],[-48.679569667186875,-26.886298591104705],[-48.67959529435441,-26.886315138684093],[-48.67962293560259,-26.886327044747112],[-48.67965266516746,-26.88633437007282],[-48.67968455726614,-26.88633717634227],[-48.67971721031223,-26.88634248943378],[-48.679756830540114,-26.8863570216432],[-48.67980252987947,-26.886380153743733],[-48.679853416181466,-26.886411269149182],[-48.67990860038947,-26.88644974771508],[-48.67996719337233,-26.88649497290636],[-48.68002830305298,-26.88654632453098],[-48.68009104029679,-26.886603186056185],[-48.680154514997206,-26.886664939129822],[-48.68021551769986,-26.88672483587317],[-48.68027460278954,-26.886779139393372],[-48.680330846426415,-26.886827206423156],[-48.68038332579296,-26.886868392810864],[-48.680431116002865,-26.886902057079165],[-48.680473295261116,-26.886927554192624],[-48.68050893868111,-26.886944242675213],[-48.68053712344503,-26.886951478377828],[-48.68061933653682,-26.886950487788123],[-48.68072936632546,-26.886989189122566],[-48.68087638164337,-26.887058454975357],[-48.68104975310836,-26.887152017455268],[-48.681238850261956,-26.88726361048961],[-48.68143304060527,-26.8873869662131],[-48.6816216935668,-26.887515816844996],[-48.68179417848271,-26.887643894655383],[-48.681939863539995,-26.8877649346472],[-48.6820712566505,-26.88788957525312],[-48.682228419884694,-26.88804875886753],[-48.6823999321155,-26.88822968825182],[-48.682574371124225,-26.88841956438745],[-48.68274031445333,-26.888605592813146],[-48.68288634061613,-26.888774973715694],[-48.68300102592065,-26.888914910891796],[-48.68307294863778,-26.88901260728565],[-48.683090687066134,-26.88905526493036],[-48.68306495106178,-26.889069146246026],[-48.68301047777567,-26.88909222741987],[-48.68292610332304,-26.889124923389893],[-48.68281066490136,-26.88916764457748],[-48.68266299762288,-26.889220804052314],[-48.682481939616636,-26.889284814003545],[-48.68226632496533,-26.889360086523624],[-48.68201499273967,-26.889447034655912],[-48.68172677699022,-26.88954606952023],[-48.68158692641192,-26.889594269128768],[-48.681452781649476,-26.88964057512051],[-48.68132678465466,-26.88968413420103],[-48.68121137837291,-26.889724094002602],[-48.68110900778513,-26.889759601294656],[-48.681022113887806,-26.889789800980388],[-48.68095314060479,-26.88981384252474],[-48.6809045309449,-26.889830870863904],[-48.680878727839456,-26.88984003453757],[-48.68085023715961,-26.889820690406093],[-48.68083918210285,-26.88978700689131],[-48.68083026142615,-26.88973737452632],[-48.680823482348266,-26.889671834039323],[-48.68081884901205,-26.889590428815097],[-48.68081636859473,-26.889493201385527],[-48.6808160462406,-26.88938019515127],[-48.68081788813454,-26.88925145172494],[-48.68083110175632,-26.88863454665507],[-48.68011416269631,-26.887623981936873],[-48.67998281330449,-26.887440438498686],[-48.67985273099651,-26.88726213544809],[-48.67972656656101,-26.887092475199857],[-48.67960697077612,-26.886934859274252],[-48.67949659238271,-26.886792689165322],[-48.67939808516925,-26.88666936465114],[-48.679314096801136,-26.886568289023263],[-48.67924728002509,-26.886492862951492],[-48.67920028356927,-26.886446487039148],[-48.67901379638017,-26.886294230962676],[-48.678819395023474,-26.886146173549488],[-48.67862082020373,-26.886004634145785],[-48.67842181264362,-26.885871929409486],[-48.678226110962974,-26.885750378690762],[-48.6780374558173,-26.885642298685166],[-48.6778595888044,-26.88555000792672],[-48.677696247496016,-26.885475823996767],[-48.67755117448214,-26.88542206457221],[-48.67711347999808,-26.885283542880043],[-48.67547444740452,-26.88621352253223],[-48.675134032344566,-26.886405580155145],[-48.674827717339966,-26.886575569892987],[-48.67455606503764,-26.886723209765194],[-48.674319639074916,-26.88684821688228],[-48.674119003053,-26.886950308329887],[-48.67395471949199,-26.887029202954878],[-48.67382735193345,-26.88708461688636],[-48.67373746382149,-26.88711626893013],[-48.67368561760552,-26.887123875137814],[-48.67348952975643,-26.88709486497541],[-48.673320702443306,-26.88706282302026],[-48.67317222956501,-26.88702451226291],[-48.6730372060496,-26.88697669567155],[-48.672908724853706,-26.886916135248285],[-48.6727798809532,-26.886839593904924],[-48.67264376835079,-26.88674383451299],[-48.67249348213673,-26.88662561813146],[-48.67232211541235,-26.88648170756126],[-48.67216137268371,-26.886344230285342],[-48.6720333676974,-26.886237087177488],[-48.671933037298366,-26.886157566068974],[-48.67185531838163,-26.886102955664313],[-48.671795147929764,-26.886070542842873],[-48.67174746394808,-26.886057615388143],[-48.67170720247045,-26.88606146013827],[-48.671669300493214,-26.886079366647394],[-48.671628697121164,-26.886108619986455],[-48.67157087274356,-26.886167291065906],[-48.671528921307406,-26.886241077846517],[-48.67150288743936,-26.886330847411834],[-48.67149281182809,-26.886437463165848],[-48.67149873711374,-26.88656179214962],[-48.67152070596961,-26.88670470049741],[-48.671558762127795,-26.886867052551178],[-48.67161294730673,-26.88704971351728],[-48.671683304212074,-26.887253550418198],[-48.671885192269066,-26.88780461457386],[-48.67238810037375,-26.888057494339918],[-48.67289183478255,-26.888310386930616],[-48.67306809653579,-26.8887870099966],[-48.673099793166124,-26.88887666630535],[-48.67312955119634,-26.88896898712676],[-48.67315687884026,-26.889061892377022],[-48.673181284252976,-26.88915330467875],[-48.67320227463625,-26.889241143931738],[-48.673219359201944,-26.88932333006886],[-48.67323204509303,-26.889397785696215],[-48.673239841538326,-26.88946242984427],[-48.673242255681345,-26.88951518511861],[-48.67324401565315,-26.88957167199388],[-48.67325042683361,-26.88964753309014],[-48.67326105249888,-26.88973996638254],[-48.67327545799441,-26.889846167172845],[-48.673293206598395,-26.889963333435897],[-48.67331386462515,-26.890088662294232],[-48.67333699438132,-26.89021934990195],[-48.673362162140094,-26.890352595185888],[-48.67338893022107,-26.890485593398285],[-48.673538503941494,-26.89120594424128],[-48.67325498634521,-26.891687943504625],[-48.67320415862182,-26.891776466403297],[-48.67315615462491,-26.891864071113925],[-48.67311180289987,-26.891948979067053],[-48.67307192789888,-26.8920294152366],[-48.67303735512153,-26.892103602809673],[-48.67300891204574,-26.89216976681129],[-48.672987425218835,-26.89222612864148],[-48.67297371908339,-26.89227091417727],[-48.672968620147444,-26.89230234662142],[-48.67296278161015,-26.892341970870437],[-48.67294694636476,-26.892409901138556],[-48.672922067428644,-26.89250294949952],[-48.672889096787,-26.892617928910877],[-48.67284898541617,-26.892751652312725],[-48.672802683269374,-26.892900933530807],[-48.672751144366515,-26.893062584653663],[-48.672695317686596,-26.893233418590448],[-48.672636157249975,-26.893410248335147],[-48.67257331466616,-26.893596810516666],[-48.672506885955876,-26.893795684953353],[-48.67243848360413,-26.894001955610534],[-48.67236972315742,-26.89421070560617],[-48.67230221620095,-26.89441701619271],[-48.67223757732714,-26.89461597048173],[-48.67217742117123,-26.89480265068741],[-48.672123359333824,-26.894972140782443],[-48.6720770075117,-26.895119522102576],[-48.671999359529174,-26.895361923982875],[-48.67192307902399,-26.895570712086876],[-48.67183322928292,-26.89576828567983],[-48.67171487648601,-26.895977041316264],[-48.671553081543635,-26.89621937629083],[-48.67133291007541,-26.896517687856853],[-48.67103942218641,-26.89689437299489],[-48.670657682305176,-26.897371828493075],[-48.670172750830936,-26.897972451610222],[-48.67004571185832,-26.898130046087594],[-48.66990776762243,-26.898301629469824],[-48.669762471793305,-26.898482751844035],[-48.66961337715019,-26.89866895968824],[-48.66946403845651,-26.898855803139934],[-48.6693180075604,-26.899038829598727],[-48.66917883730711,-26.89921358920515],[-48.6690500826524,-26.899375629442904],[-48.66893529655688,-26.899520498678243],[-48.66835494649295,-26.90025559428115],[-48.66688072399467,-26.90072435656401],[-48.66659891108985,-26.900812774021443],[-48.6662991145379,-26.900904447349784],[-48.665988716340316,-26.90099726497884],[-48.665675099602,-26.901089112712846],[-48.665365643445654,-26.90117787635727],[-48.665067732028916,-26.901261443672563],[-48.66478874654669,-26.90133770153028],[-48.66453606822471,-26.901404536856628],[-48.66431708032318,-26.901459836653284],[-48.66410943622304,-26.901510866729527],[-48.663889458842085,-26.901564928485104],[-48.66366251601312,-26.90162070201563],[-48.663433974580435,-26.901676867434272],[-48.66320920239443,-26.901732105808676],[-48.66299356736086,-26.901785096437674],[-48.662792437383935,-26.901834519555045],[-48.66261118036377,-26.90187905632476],[-48.662455163242434,-26.90191738611131],[-48.66224707268755,-26.90196802694745],[-48.662078215819015,-26.90200738720684],[-48.6619438615707,-26.902035975250236],[-48.66183927780845,-26.902054301178232],[-48.6617597334403,-26.902062872365214],[-48.66170049430355,-26.90206219791284],[-48.66165683125584,-26.90205278698704],[-48.66162400914833,-26.902035146836777],[-48.66159729881094,-26.902009787509392],[-48.66158209954989,-26.901990861843053],[-48.661567801870966,-26.90197048467005],[-48.66155465194283,-26.90194916542667],[-48.66154289695849,-26.90192741266375],[-48.66153278405478,-26.90190573763854],[-48.661521517306625,-26.901874653765933],[-48.66151369667883,-26.901830005778503],[-48.66153861948792,-26.90179108465114],[-48.66157423128541,-26.901773967204736],[-48.661607841263105,-26.901765485282823],[-48.661648869892765,-26.90175917835829],[-48.661708930907025,-26.901754690128648],[-48.66175323591868,-26.901753018155283],[-48.661816603244226,-26.901753129259262],[-48.66191251650099,-26.901749013697557],[-48.66200850150256,-26.90173433276179],[-48.66210155926127,-26.901710526685687],[-48.66218868979074,-26.9016790356946],[-48.66226689313242,-26.90164129911923],[-48.66233317032573,-26.901598757215066],[-48.66238452141466,-26.9015528502247],[-48.66241794645358,-26.901505018391603],[-48.66243044753714,-26.90145670108782],[-48.66249141441378,-26.901429240935514],[-48.66256314368753,-26.90140986511412],[-48.66265865808309,-26.901387522453838],[-48.662775172275886,-26.901362810218167],[-48.662909901986644,-26.901336323882038],[-48.663060063871214,-26.901308662548608],[-48.663222871626836,-26.90128042257107],[-48.66339554298047,-26.90125220037858],[-48.663771782303385,-26.90118948495211],[-48.664125832505206,-26.901124702966438],[-48.66445679221062,-26.901058076112164],[-48.66476376103922,-26.900989826996618],[-48.66504583664239,-26.90092017638588],[-48.66530211762887,-26.900849347763835],[-48.66553170367585,-26.90077756191772],[-48.66573369239876,-26.90070504229929],[-48.665907181474566,-26.900632009643576],[-48.66657290620199,-26.900324233097926],[-48.667103641739835,-26.900077002559605],[-48.667517154110165,-26.899881052869876],[-48.6678312117335,-26.89972712015006],[-48.66806357961968,-26.899605938240715],[-48.66823202446905,-26.899508241614246],[-48.668354311789,-26.89942476361954],[-48.66844820793947,-26.89934623839379],[-48.66853147715674,-26.89926340086255],[-48.668593338940504,-26.899200242736782],[-48.66865009399417,-26.89914676541929],[-48.66870272743255,-26.899102394997694],[-48.668752222353206,-26.89906655752415],[-48.66879956184968,-26.8990386790489],[-48.66884573102489,-26.899018185653667],[-48.66889171196086,-26.899004503368886],[-48.6689384897195,-26.898997060077622],[-48.66898704639867,-26.898995280905332],[-48.669037891811435,-26.898994044866576],[-48.669083559832835,-26.898987804188327],[-48.66912545192292,-26.898975559563592],[-48.66916496648543,-26.898956313437676],[-48.66920350699067,-26.898929066532823],[-48.66924247088817,-26.898892818567763],[-48.669283260599514,-26.89884657204877],[-48.66932727557866,-26.898789326724],[-48.669375916205475,-26.898720085964232],[-48.66941107568731,-26.898670294663567],[-48.66944619977338,-26.898623352636815],[-48.66948056626305,-26.898580070074193],[-48.66951345094533,-26.898541257133527],[-48.669544129648,-26.89850772216913],[-48.669571879169055,-26.89848027535684],[-48.66960583306913,-26.898453306366278],[-48.66964458555418,-26.89843748576466],[-48.6696633220039,-26.898422475420542],[-48.66968585155237,-26.898398467303327],[-48.66971150870611,-26.89836640158537],[-48.669739630020956,-26.898327216668314],[-48.66976954702271,-26.898281850871122],[-48.66980059729405,-26.898231241710864],[-48.6698321123269,-26.89817632931204],[-48.66986342868328,-26.898118052078658],[-48.66990014317236,-26.898053046084794],[-48.669947195695045,-26.89797920446747],[-48.67000295209411,-26.897898613731993],[-48.670065778254695,-26.89781335858059],[-48.670134039063484,-26.89772552370106],[-48.670206101410244,-26.897637194719625],[-48.67028032921364,-26.897550455412137],[-48.670355089384586,-26.897467391412484],[-48.670428747838464,-26.897390088342192],[-48.67058846730145,-26.89722191113201],[-48.670724226068884,-26.89706400691044],[-48.6708398318613,-26.89690882297427],[-48.67093909735198,-26.896748807578803],[-48.671025832184576,-26.896576407104213],[-48.6711038459605,-26.896384067914],[-48.67117694820248,-26.89616423816197],[-48.67124894942987,-26.895909364201724],[-48.67132366008678,-26.89561189327643],[-48.6714099921441,-26.895202324656683],[-48.67147219411107,-26.894796680607776],[-48.6715104924444,-26.894403363822082],[-48.67152511461315,-26.894030776997436],[-48.671516287068194,-26.893687322803206],[-48.671484238260646,-26.893381403026833],[-48.671429193574006,-26.893121419391957],[-48.67135138128679,-26.89291577636334],[-48.67125102767084,-26.892772873845484],[-48.67118484919874,-26.892694751838427],[-48.67110491959511,-26.89257860833442],[-48.67101615130519,-26.89243377334535],[-48.67092346078189,-26.89226957605526],[-48.67083175936096,-26.892095347378937],[-48.67074596238341,-26.891920416502835],[-48.670670984110416,-26.891754113507442],[-48.670611737731804,-26.891605769364865],[-48.67057313646249,-26.891484712343235],[-48.670548148203196,-26.891415365307886],[-48.67049861746751,-26.891341713971673],[-48.67040786363928,-26.891252026762665],[-48.67025920623872,-26.891134571142327],[-48.67003596396557,-26.89097761533965],[-48.66972145789452,-26.890769425623336],[-48.66929900751464,-26.89049827065713],[-48.66875193604423,-26.890152416965687],[-48.66806356355935,-26.88972013140045],[-48.667745622836634,-26.889520409715743],[-48.66743989152811,-26.889327483094018],[-48.66715198468244,-26.88914496113862],[-48.666887515195604,-26.88897645706449],[-48.66665209596583,-26.888825581409193],[-48.6664513418482,-26.88869594566511],[-48.66629086566919,-26.888591161299317],[-48.666176282274826,-26.88851483980663],[-48.666113205540164,-26.888470592644136],[-48.66606376632398,-26.88842837932587],[-48.66601947432887,-26.88838027428604],[-48.665978878085284,-26.888322958773266],[-48.66594052819686,-26.88825311136129],[-48.66590297624192,-26.88816741244318],[-48.665864769781145,-26.888062542344223],[-48.66582446141411,-26.887935181471565],[-48.6657805997457,-26.887782009262484],[-48.66573173538886,-26.8875997060882],[-48.665697978071115,-26.88746749734187],[-48.66566616957956,-26.887338159843257],[-48.665636859936015,-26.887214213240707],[-48.66561059818973,-26.887098175361913],[-48.66558793737431,-26.88699256590545],[-48.66556942452226,-26.886899902665935],[-48.66555561165885,-26.886822705325354],[-48.66554704883515,-26.886763491727972],[-48.66554428506165,-26.886724781505478],[-48.665549531242895,-26.88668489788297],[-48.665564031766976,-26.886622768976494],[-48.66558690822933,-26.88654107671629],[-48.66561727916527,-26.886442504785546],[-48.66565426513948,-26.88632973599799],[-48.665696987761585,-26.886205451379762],[-48.66574456655945,-26.886072335532972],[-48.6657961221293,-26.885933070371024],[-48.665850774051265,-26.88579033869448],[-48.665992962854205,-26.88544889154372],[-48.66614865353999,-26.885120662301283]]],[[[-48.68689611308296,-26.891571661350596],[-48.686666263227,-26.891358052437333],[-48.68641294278512,-26.891130957961952],[-48.68614894288107,-26.890901493347837],[-48.68588705244413,-26.890680773162],[-48.6856400621956,-26.890479912988994],[-48.68542076064834,-26.89031002935873],[-48.685241938235436,-26.890182237089356],[-48.685178469936595,-26.890138596282895],[-48.685102985680295,-26.890084791064773],[-48.685017826885755,-26.89002257894269],[-48.68492533090541,-26.889953719165653],[-48.6848278391813,-26.88987996744433],[-48.68472769208366,-26.889803082184418],[-48.684627226970775,-26.889724820845633],[-48.68452878418819,-26.889646941845253],[-48.684434705093324,-26.88957120272064],[-48.68434419987342,-26.8894985777916],[-48.68425655211224,-26.889430143652085],[-48.684173402901834,-26.88936705436231],[-48.684096390273076,-26.889310465740447],[-48.68402715428273,-26.889261532738143],[-48.683967332990804,-26.88922140937386],[-48.68391856846238,-26.889191250635232],[-48.68387162776132,-26.889168830394343],[-48.683840674709145,-26.889159167489407],[-48.6838093681937,-26.88914152306105],[-48.683768188054835,-26.889113593155827],[-48.68371848410681,-26.88907645485359],[-48.68366160519543,-26.88903118341362],[-48.68359890009191,-26.888978857704622],[-48.6835317186631,-26.888920552102547],[-48.683461407643385,-26.888857346348438],[-48.683389318903444,-26.88879031485524],[-48.68326350970947,-26.888666132470807],[-48.68315754196347,-26.88855075750989],[-48.68307174990401,-26.888444821787278],[-48.683006463715785,-26.888348958848635],[-48.6829620186226,-26.888263802314466],[-48.68293874585244,-26.888189984828983],[-48.68293697966319,-26.888128139077356],[-48.682957051289186,-26.888078898588457],[-48.682999294010024,-26.888042896012692],[-48.68311987767787,-26.888027466529415],[-48.68338869407338,-26.888016059799327],[-48.68376236306243,-26.888008637554176],[-48.68419750360264,-26.88800515805095],[-48.68465073661544,-26.888005581788907],[-48.68507868201656,-26.888009867972723],[-48.68543795959773,-26.888017979929952],[-48.68568518816484,-26.88802987773201],[-48.685776988472014,-26.888045522475657],[-48.685757466462256,-26.8880640065947],[-48.68573458203831,-26.888077599452632],[-48.68570412894815,-26.888093529207353],[-48.68566699242917,-26.888111371778226],[-48.685624057700615,-26.88813070398661],[-48.68557620895804,-26.88815110353994],[-48.685524332465306,-26.888172145472808],[-48.685469314413936,-26.888193408429387],[-48.685379372377334,-26.88822770043113],[-48.68530845778448,-26.888258044770485],[-48.68525379643027,-26.888288119451076],[-48.685212612012826,-26.888321606040726],[-48.68518213032759,-26.88836218162129],[-48.68515957506139,-26.888413527746685],[-48.6851421709582,-26.888479323277053],[-48.68512714475039,-26.88856324800495],[-48.68511172014334,-26.88866898167134],[-48.6851017550826,-26.888738055860635],[-48.685090820112066,-26.888812149737205],[-48.6850791927733,-26.888889398906855],[-48.685067151634094,-26.888967938089937],[-48.68505497222747,-26.889045902859745],[-48.685042934149536,-26.889121427051528],[-48.685031312918774,-26.889192647141254],[-48.68502038811654,-26.889257697866793],[-48.68501043632577,-26.889314713014635],[-48.6849597839314,-26.889599469962054],[-48.68546951890704,-26.889805064996583],[-48.68557821775904,-26.889848997613367],[-48.68571417728326,-26.88990477560403],[-48.68587286224906,-26.88997048720947],[-48.6860497353688,-26.89004422244927],[-48.68624026040055,-26.89012406866661],[-48.686439898026016,-26.890208114977714],[-48.68664411292575,-26.89029445058656],[-48.686848368764565,-26.89038116380218],[-48.68704812612302,-26.89046634471292],[-48.687332737939535,-26.89058905320154],[-48.68756951266724,-26.890694276353074],[-48.68776595938059,-26.890786254275252],[-48.68792958924008,-26.89086922793514],[-48.68806791049458,-26.890947436388462],[-48.68818843444643,-26.891025119599387],[-48.6882986704286,-26.89110651746692],[-48.68840612779371,-26.89119587076713],[-48.688518317964046,-26.891297419385438],[-48.688633323415324,-26.891406876033432],[-48.688730447260106,-26.891507389141747],[-48.68881572341985,-26.891609227968036],[-48.68889518991213,-26.891722660917832],[-48.688974881802565,-26.891857955432577],[-48.689060837209894,-26.892025379894186],[-48.68915909230912,-26.892235202639796],[-48.68927568234522,-26.89249769287785],[-48.689416645748985,-26.892823118042713],[-48.68950548386719,-26.89302995734732],[-48.68958915593175,-26.893225775442946],[-48.689666249381354,-26.89340718133012],[-48.68973534866025,-26.89357078215734],[-48.689795037197655,-26.89371318505771],[-48.689843900394045,-26.89383099900204],[-48.68988052268167,-26.893920831140168],[-48.689903490512414,-26.893979288653743],[-48.689911387297364,-26.894002980477183],[-48.689885488598165,-26.894024984089278],[-48.689839250766845,-26.894016136308075],[-48.689788159401694,-26.893997709147097],[-48.68971857492034,-26.893968702422637],[-48.68962785951547,-26.893928169606276],[-48.689513378399525,-26.89387516510666],[-48.689372497889146,-26.89380873972214],[-48.68925614887881,-26.893750549738986],[-48.689143733629216,-26.893687597818317],[-48.689032343916274,-26.893617635327136],[-48.68891907356221,-26.893538412754893],[-48.68880101635175,-26.893447683289022],[-48.688675264133444,-26.893343197368665],[-48.688538912768855,-26.893222707293294],[-48.68838905315646,-26.893083963464168],[-48.688222780219995,-26.89292471813914],[-48.688095136074644,-26.892800112544077],[-48.68796529000292,-26.892671803288945],[-48.687836092574535,-26.892542694160547],[-48.68771039629046,-26.892415691693945],[-48.68759105265708,-26.89229370061202],[-48.68748091312109,-26.892179627449597],[-48.68738283017101,-26.89207637605789],[-48.687299655238135,-26.89198685208038],[-48.687234239727594,-26.89191396206476],[-48.687089702060945,-26.89176066935952],[-48.68689611308296,-26.891571661350596]]],[[[-48.67156520878223,-26.923086461538645],[-48.67159462104704,-26.922950708508612],[-48.67161261424018,-26.922826212491838],[-48.67161876703072,-26.92271050111239],[-48.67161265610645,-26.922601100153546],[-48.67159385914001,-26.922495536313793],[-48.67156195384076,-26.922391334483667],[-48.671516518871236,-26.922286022272765],[-48.671457131948564,-26.922177124563575],[-48.671383369754885,-26.922062168021906],[-48.6713030574538,-26.921945521383172],[-48.67123421167829,-26.921855838963328],[-48.67116606747244,-26.92179037749144],[-48.671087859936385,-26.92174639277474],[-48.670988826200556,-26.921721140629177],[-48.670858203417495,-26.92171187593141],[-48.67068522566032,-26.92171585615682],[-48.670459130088425,-26.92173033513585],[-48.67016915178917,-26.92175256924936],[-48.67007438042166,-26.92175946720191],[-48.66998355397463,-26.921765209255675],[-48.669898330432055,-26.921769750606014],[-48.66982037075974,-26.921773048305848],[-48.669751330946866,-26.921775056621318],[-48.66969287199554,-26.921775730805543],[-48.66964665082604,-26.921775028752],[-48.66961432746978,-26.921772903892727],[-48.669592660267625,-26.921734731658123],[-48.669608201537685,-26.921654237474204],[-48.66964054311979,-26.921538174608997],[-48.66968604440558,-26.921396888790557],[-48.66974106582643,-26.921240724862948],[-48.66980196583381,-26.921080027642752],[-48.66986510489848,-26.920925143792505],[-48.669926842605825,-26.920786416359515],[-48.66998353851014,-26.920674192009038],[-48.670005757059116,-26.920638066611286],[-48.670029516295564,-26.920606377711007],[-48.67005486618218,-26.920579094547666],[-48.67008185360724,-26.920556189017177],[-48.67011052754616,-26.920537629440123],[-48.67014093688197,-26.920523388647577],[-48.670173128577936,-26.92051343492675],[-48.67020715054845,-26.920507739287658],[-48.67024305169602,-26.920506273659022],[-48.67027939127295,-26.920505224059553],[-48.67032677303028,-26.92050120550059],[-48.670383513381765,-26.920494480754282],[-48.67044793075326,-26.92048531262661],[-48.67051833853873,-26.92047396384205],[-48.67059305413939,-26.920460698096175],[-48.67067039495714,-26.92044577908764],[-48.670748675412945,-26.920429468664594],[-48.670826212892514,-26.92041203143516],[-48.67124514902928,-26.92031568637455],[-48.671883204084054,-26.920777361733336],[-48.67202208781434,-26.92087684831421],[-48.67220052108523,-26.921003127880162],[-48.67241231175385,-26.921151890123223],[-48.67265126862685,-26.921318826565532],[-48.67291119949871,-26.921499626929435],[-48.67318591407848,-26.921689982805383],[-48.67346921901851,-26.921885583967523],[-48.67375492489488,-26.922082121200813],[-48.67403683716459,-26.922275285251764],[-48.67433241354253,-26.9224774871262],[-48.67465798688857,-26.922700528964462],[-48.67500487413903,-26.92293843960411],[-48.67536439314731,-26.92318524616042],[-48.67572785860299,-26.923434975773592],[-48.67608658802407,-26.923681657517072],[-48.67643189681778,-26.923919317803914],[-48.676755102204815,-26.924141985860683],[-48.67704751930512,-26.924343689140745],[-48.678543420133146,-26.9253773357084],[-48.678493708303655,-26.925847094661915],[-48.67847879406164,-26.925977954105633],[-48.678462317661484,-26.926088542748],[-48.67844198135866,-26.92618428337418],[-48.67841548836707,-26.92627060058769],[-48.6783805409577,-26.926352915363697],[-48.678334840272,-26.92643665406908],[-48.67827609058371,-26.926527236799103],[-48.6782019940199,-26.926630089020005],[-48.67811025273126,-26.92675063347987],[-48.67802974472922,-26.926852553443442],[-48.6779577843088,-26.926938980373542],[-48.677893144756894,-26.92701097159344],[-48.67783460234919,-26.927069585373967],[-48.677780930406264,-26.92711587632398],[-48.67773090518617,-26.92715090270754],[-48.677683300964944,-26.92717572094878],[-48.677636891007616,-26.927191387453124],[-48.677590451558174,-26.927198960477966],[-48.677486075751965,-26.927198608407455],[-48.67735289509193,-26.92718381873456],[-48.67719947813709,-26.927156857684583],[-48.67703439036511,-26.9271199941647],[-48.67686619932166,-26.927075493541086],[-48.67670347043855,-26.9270256247935],[-48.67655477017784,-26.926972654249187],[-48.676428666945164,-26.926918850104027],[-48.67633372512817,-26.926866478703705],[-48.67628624121094,-26.926838375558468],[-48.676232010380396,-26.92681275664479],[-48.6761707032994,-26.92678952989677],[-48.6761019885622,-26.926768605920163],[-48.67602553479969,-26.926749893514636],[-48.67594101168589,-26.926733299690188],[-48.67584808779564,-26.926718735948697],[-48.67574643278391,-26.92670611019776],[-48.675635714274094,-26.92669533121138],[-48.675130575873254,-26.926653306303514],[-48.67469485604578,-26.927413858734923],[-48.67458681872997,-26.927600017374942],[-48.67449112123953,-26.927758885986478],[-48.67440557731683,-26.927893343399933],[-48.67432799662444,-26.928006269270945],[-48.67425619181562,-26.92810054329637],[-48.6741879745332,-26.92817904424736],[-48.6741211543523,-26.928244652660105],[-48.67405354491523,-26.928300246425486],[-48.67398295577145,-26.928348706069357],[-48.67393245191122,-26.928379894126586],[-48.67388311483417,-26.9284092694774],[-48.67383590021826,-26.928436329889188],[-48.67379176268095,-26.928460575820406],[-48.673751656914895,-26.928481504122182],[-48.67371653953383,-26.928498616190232],[-48.673676226957184,-26.92851539440755],[-48.67363996142519,-26.92851854683235],[-48.67361780059195,-26.928493510826716],[-48.67360684817568,-26.9284731384062],[-48.673596317349805,-26.92844831494944],[-48.673586460790986,-26.928419630298556],[-48.67357753121238,-26.928387672491446],[-48.673569779276576,-26.928353031337075],[-48.67356345968989,-26.92831629580872],[-48.67355725814092,-26.92827371179399],[-48.67354935404258,-26.92821200344791],[-48.67354299040345,-26.928162111614633],[-48.67353528774312,-26.928096426887645],[-48.67353237259035,-26.92807340031816],[-48.67352744826437,-26.928026372158126],[-48.673519653198944,-26.92795361448983],[-48.67351582486775,-26.927918474926294],[-48.673512084821475,-26.927879819158967],[-48.673504924381035,-26.927806652327266],[-48.67349835213824,-26.927735779237796],[-48.67349098034525,-26.927664473333174],[-48.67348204069863,-26.92758960225295],[-48.67347180871637,-26.92751294832162],[-48.67346055687781,-26.92743629471605],[-48.67344855965557,-26.927361425548423],[-48.6734360915582,-26.92729012312677],[-48.67342342709295,-26.927224169759153],[-48.67341084071035,-26.927165350460054],[-48.67339860492096,-26.92711544660232],[-48.67338193721557,-26.927048971482954],[-48.67337104560912,-26.92699322492023],[-48.67336654210166,-26.926945906795925],[-48.67336904061537,-26.926904721534893],[-48.67337915514759,-26.926867369952493],[-48.67339749861515,-26.926831556454633],[-48.673424684026045,-26.926794980934744],[-48.67346132529903,-26.926755347811167],[-48.67350803537841,-26.92671035967862],[-48.67359151724961,-26.926629575833296],[-48.6736587921029,-26.92655399247894],[-48.673711354810315,-26.926478812623657],[-48.673750702241705,-26.926399239300512],[-48.673778330287966,-26.926310473715244],[-48.67379573379099,-26.926207718856315],[-48.673804410627575,-26.926086176856327],[-48.67380585563504,-26.92594105069753],[-48.6738015656802,-26.925767542491513],[-48.67378247536789,-26.925235179221236],[-48.673403997179875,-26.924946710276977],[-48.67330603975947,-26.924874448280246],[-48.6732123956851,-26.924811097534786],[-48.673119652176545,-26.924755131706124],[-48.673024398498,-26.924705023582472],[-48.67292322189346,-26.92465924681225],[-48.67281271062377,-26.924616275050766],[-48.6726894540037,-26.924574580154086],[-48.672550038284875,-26.924532636620604],[-48.67239105280746,-26.92448891627457],[-48.671755762534566,-26.924319575779755],[-48.670967577916116,-26.924503507222017],[-48.67078336635537,-26.924547776622596],[-48.67062098715269,-26.92458968363301],[-48.67047842086614,-26.92462996024251],[-48.67035364802794,-26.924669339324772],[-48.67024464819484,-26.924708551917714],[-48.67014940086289,-26.924748331753182],[-48.67006588656725,-26.924789410765143],[-48.66999208481426,-26.924832521764714],[-48.66992597512526,-26.92487839665405],[-48.6698769084503,-26.924913504603182],[-48.66982555032128,-26.92494616701418],[-48.669772990590815,-26.924975916381023],[-48.669720320157126,-26.925002283411725],[-48.66966863088962,-26.925024800636937],[-48.669619010670615,-26.925042998718272],[-48.66957255139051,-26.92505640928752],[-48.66953034289029,-26.925064565748695],[-48.669493475103515,-26.92506699699622],[-48.66944517265378,-26.925065315591933],[-48.66940706057081,-26.925061476964594],[-48.66936847330144,-26.925048971703994],[-48.669346669171084,-26.92502727905796],[-48.66934212226302,-26.925005070150945],[-48.66934416812066,-26.92497583107012],[-48.6693520868208,-26.92493858703354],[-48.669365158419666,-26.924892364160556],[-48.66939964778776,-26.924812097350486],[-48.66945990526616,-26.924711679998264],[-48.66954338277107,-26.924594094904972],[-48.66964752822718,-26.92446232299441],[-48.66976978949123,-26.92431934879701],[-48.669907617509,-26.92416815418885],[-48.670058460209304,-26.92401172190403],[-48.67021976556553,-26.923853033783132],[-48.67038898454445,-26.923695074434015],[-48.67049486234604,-26.923600212556213],[-48.67058478511966,-26.923523728575685],[-48.67066323909059,-26.923463362019596],[-48.67073470844393,-26.92341685236624],[-48.67080367941352,-26.923381936408717],[-48.67087463712052,-26.92335635542386],[-48.670952067738895,-26.923337847988968],[-48.671040454435385,-26.923324151718415],[-48.67114428333462,-26.923313006969018],[-48.67124879004164,-26.923302338079626],[-48.671332510428144,-26.923291486656943],[-48.67139816683203,-26.92327897617954],[-48.67144848153309,-26.923263332819303],[-48.67148617688403,-26.923243079129943],[-48.671513975181355,-26.923216740364612],[-48.67153459872096,-26.923182841771787],[-48.67155076880952,-26.92313990767795],[-48.67156520878223,-26.923086461538645]]]]}}]}
