{"type":"FeatureCollection","features":[{"type":"Feature","id":1,"properties":{"nome":null},"geometry":{"type":"MultiPolygon","coordinates":[[[[-48.700172229843865,-26.879796210743404],[-48.700370767426016,-26.87977235113876],[-48.700569975090076,-26.879715389751045],[-48.700759480752396,-26.879640209560538],[-48.70089858877291,-26.879567218406073],[-48.7010913892018,-26.87949510102206],[-48.70123769528683,-26.87939814409012],[-48.70145734099563,-26.87932646308633],[-48.70159711805133,-26.87922036966345],[-48.70178375432786,-26.87912105874242],[-48.701861362578235,-26.879101250357813],[-48.70192951138873,-26.879051185240726],[-48.702084849521576,-26.879005548237526],[-48.70238643111665,-26.878865963280916],[-48.70261638588151,-26.8787824076823],[-48.70290734208923,-26.87860749946701],[-48.703060204501035,-26.878532807526643],[-48.70311759485831,-26.878483176890153],[-48.70335633120914,-26.87841786493016],[-48.7035635905322,-26.878294824077205],[-48.70365927282604,-26.87826178088054],[-48.70375668825657,-26.878184569521537],[-48.70390089810684,-26.878031712480716],[-48.704086456476915,-26.877809088929126],[-48.70414423409052,-26.877716906684853],[-48.704365599503475,-26.877317985708068],[-48.70439397826026,-26.877205347236977],[-48.704578860851505,-26.876800161041253],[-48.704758135819695,-26.876466890321147],[-48.70479398996254,-26.876431649486232],[-48.70483451304427,-26.87633481778823],[-48.705151738327885,-26.876083965517886],[-48.70531922611297,-26.875981412677007],[-48.705662984415035,-26.875869759960338],[-48.705915360594254,-26.87580594903658],[-48.70639886056946,-26.875813799563133],[-48.70668314662484,-26.87585617804339],[-48.707384270425436,-26.876113039486786],[-48.70763271223021,-26.876229522510332],[-48.70772898992493,-26.876324822804662],[-48.70778260354131,-26.87634335999675],[-48.70795613682844,-26.87644867382401],[-48.70827801766453,-26.87669427715078],[-48.708816151875595,-26.877001191118143],[-48.70899743647467,-26.877140509090893],[-48.709524261138895,-26.877476837318696],[-48.70981355096932,-26.877684897808262],[-48.70996555353139,-26.877812670460372],[-48.710106057872814,-26.878004841004824],[-48.71029055573567,-26.878196387163065],[-48.71040110212564,-26.878528590780864],[-48.71045778325076,-26.878967119157277],[-48.71053920508432,-26.87919815115779],[-48.71061203771779,-26.879521110537127],[-48.71067482516077,-26.879994703983204],[-48.71090194416144,-26.880956576012156],[-48.710990488766484,-26.881462056879858],[-48.71106517873664,-26.881696317687894],[-48.71107202472226,-26.88186106996368],[-48.71116757731833,-26.882140426542023],[-48.71123037115865,-26.882466836366515],[-48.71136409100721,-26.884966864082052],[-48.7115780849445,-26.885824207895766],[-48.711676649244446,-26.88604300386316],[-48.7118055794139,-26.8862727484342],[-48.712100707490414,-26.8867339194842],[-48.71229542381497,-26.886973781900117],[-48.712489587774286,-26.887176708852206],[-48.712855546127095,-26.887490611401848],[-48.713709467357496,-26.88809052729761],[-48.71420389228128,-26.888412274012175],[-48.71478571522693,-26.88913236376585],[-48.7156209590341,-26.89004605612273],[-48.716017400787,-26.89050803500862],[-48.71643847439833,-26.890944220442474],[-48.7166126439984,-26.891095797287317],[-48.7169914714452,-26.89136402319181],[-48.71736341395324,-26.891609797674963],[-48.71782607132807,-26.891786244082095],[-48.71847383456849,-26.89192039619788],[-48.71868814802311,-26.89195090618829],[-48.719633049647946,-26.892027025981562],[-48.72012577229895,-26.89209927476006],[-48.720213055718176,-26.892100841075926],[-48.72020112520394,-26.892269268184666],[-48.71890404908254,-26.89528681359357],[-48.71764200732293,-26.894280961141856],[-48.71619568478964,-26.891054841388808],[-48.71549909334741,-26.89153630167324],[-48.714812412565834,-26.891525190185185],[-48.71285054513852,-26.89116494207217],[-48.711387287654276,-26.891059111579796],[-48.71131668328156,-26.892289785583586],[-48.71196944641788,-26.893983849700614],[-48.71347438761413,-26.894295652791175],[-48.71432106071777,-26.895459059486686],[-48.71592502414928,-26.8954028952057],[-48.71739907549343,-26.89497506578689],[-48.718572860747535,-26.895815251798354],[-48.71761680356247,-26.897811773049902],[-48.71587133057405,-26.8980709693517],[-48.7151680822315,-26.8988808025939],[-48.714602996490015,-26.89965180725984],[-48.71395708746469,-26.899887713234612],[-48.71313383683063,-26.899833319282983],[-48.71200252827824,-26.8991580197963],[-48.711758460127854,-26.89763482234986],[-48.71129982139743,-26.897668449179633],[-48.71099947094989,-26.898936457329434],[-48.71142277050207,-26.902926194266406],[-48.71159042414516,-26.905967392238228],[-48.71212493722469,-26.906715146736666],[-48.712592716482256,-26.906230001184372],[-48.71261919892178,-26.904916492753678],[-48.71252487830954,-26.9027798149771],[-48.71201024160796,-26.901046930907125],[-48.71288176312963,-26.90097893200462],[-48.71502692960103,-26.90134215521505],[-48.71560475157598,-26.902213779976993],[-48.71446213831092,-26.904371496305032],[-48.71358177872291,-26.90714935831058],[-48.714058945486755,-26.908471025176212],[-48.71448176670292,-26.907944085842136],[-48.71557119809768,-26.90615505614252],[-48.71649232698657,-26.90362420138487],[-48.71743937877819,-26.902079213825097],[-48.7187138780223,-26.902469361756527],[-48.71988032327414,-26.903678967264728],[-48.7216395157814,-26.905021315124927],[-48.72340945940519,-26.905830026350813],[-48.72533242119493,-26.905861027414],[-48.72757423617013,-26.90597925794442],[-48.72884964196866,-26.906328271702886],[-48.73034577157986,-26.907091432273454],[-48.73165221273025,-26.908180016091265],[-48.73685782998932,-26.91126102922142],[-48.73933932296678,-26.91314854273694],[-48.74147911093044,-26.913798717240148],[-48.74322724536033,-26.913416072922185],[-48.7449467192861,-26.912170665107112],[-48.74642498546455,-26.911537300151235],[-48.74788693569379,-26.911724881186995],[-48.751262226354925,-26.912435680606258],[-48.75466953878336,-26.91384495053355],[-48.75830020908237,-26.915545119777143],[-48.76088996872471,-26.916612766892076],[-48.762694857147004,-26.91799641790331],[-48.76175251082187,-26.94312783582291],[-48.761632070037265,-26.942996459329034],[-48.76145897030686,-26.942842715106664],[-48.76122754139267,-26.942540480200964],[-48.761020264402724,-26.942372466524557],[-48.76084796476267,-26.942103760297975],[-48.76068558737104,-26.941925459928818],[-48.76045290166216,-26.941489220555013],[-48.760303708220896,-26.94104330047651],[-48.75959385876914,-26.938407211138845],[-48.75952820569689,-26.938048802157336],[-48.759425168135024,-26.937169154209347],[-48.75934815163774,-26.936972125335895],[-48.759270835519914,-26.93615485495723],[-48.75920928234805,-26.935738246483783],[-48.75915352008081,-26.93550757133704],[-48.75914325404856,-26.935264101072963],[-48.75907107863823,-26.93510075021146],[-48.75891888821186,-26.93483883853438],[-48.758695665883906,-26.934577175177495],[-48.75837691551175,-26.934459369390996],[-48.75774428807161,-26.93397758503602],[-48.75746257228459,-26.933669426769498],[-48.755816043375624,-26.93206971308173],[-48.75545639087443,-26.931925076411126],[-48.75530607695896,-26.93178198247189],[-48.75534794215037,-26.931645210798674],[-48.755199353429965,-26.93148981665546],[-48.75506133885754,-26.931436233467657],[-48.754857910281906,-26.931382127942204],[-48.75475434637341,-26.93139871100154],[-48.75430948523589,-26.931134589123538],[-48.75404385686914,-26.931032439957526],[-48.75366911477356,-26.930923656961856],[-48.75361071558138,-26.930792183958832],[-48.75316429030827,-26.930763840165774],[-48.7524947775306,-26.930645462933654],[-48.75212955923871,-26.93054793783454],[-48.75111333383678,-26.93034437448869],[-48.74967879876274,-26.929909591736067],[-48.74871105264918,-26.929484185364444],[-48.74800465360623,-26.929133312072675],[-48.74732745326486,-26.928877642239218],[-48.74622655818918,-26.928291144109828],[-48.74545933569134,-26.927801520193302],[-48.74490726996111,-26.92749842973058],[-48.74437070276816,-26.927149811695283],[-48.743692134221696,-26.9266413289413],[-48.741832673093526,-26.925577488756364],[-48.74042241680307,-26.924663842993763],[-48.739010231824636,-26.923778040716684],[-48.73848034189567,-26.923462204561936],[-48.7382850679418,-26.923377333910643],[-48.73636081461987,-26.922198840871246],[-48.736086500100484,-26.92205384588312],[-48.7354490666648,-26.92164472428243],[-48.734880655607085,-26.92124978638651],[-48.7339945108874,-26.92069280244984],[-48.73279649782959,-26.920045792652637],[-48.73195380173127,-26.919505843602238],[-48.731214761105704,-26.919072182916086],[-48.73051290854438,-26.9186031514101],[-48.7291132395784,-26.91782862398827],[-48.727070137811054,-26.91654204728726],[-48.72686502678687,-26.91644534992194],[-48.72614816531241,-26.915998943321355],[-48.725802007346424,-26.915800458742282],[-48.72510870960617,-26.91534773349347],[-48.72505796347235,-26.91536841533303],[-48.72456549701026,-26.915077562684385],[-48.72236492641786,-26.913688449596442],[-48.72173005518103,-26.913338164389433],[-48.721423791019106,-26.913113891929942],[-48.72136251581526,-26.913098287455924],[-48.72108079133887,-26.912965451115703],[-48.72064116553279,-26.91266767514954],[-48.72018976408722,-26.912415176521574],[-48.72003282650405,-26.912292472409646],[-48.71993388376997,-26.912258396691048],[-48.71983562646086,-26.91219022945163],[-48.719452961360155,-26.91199779232666],[-48.71829067027878,-26.91124780646132],[-48.717461459814785,-26.91073571483765],[-48.716897949992656,-26.91041759929493],[-48.715881824034334,-26.90977234709852],[-48.715370762257486,-26.909487301830662],[-48.71491825564739,-26.909189759149587],[-48.71471874137896,-26.909163172630254],[-48.71415376791961,-26.90884958944516],[-48.71393598795877,-26.908752940782477],[-48.71380963184028,-26.908679262616733],[-48.71368086949397,-26.90852675027366],[-48.71361340899106,-26.908504168475012],[-48.71346809490713,-26.908380040423268],[-48.71338516489837,-26.908332136212053],[-48.713111185520205,-26.908248902149758],[-48.71302026884322,-26.90820086923026],[-48.712760618134084,-26.908001464983396],[-48.71239788998154,-26.907762783957118],[-48.71221206320713,-26.907666651569798],[-48.71206653514768,-26.907553263206246],[-48.711911937302105,-26.907493451938088],[-48.711702654425636,-26.907371866985105],[-48.710923403548705,-26.906888254314335],[-48.71072276096813,-26.9067345737602],[-48.71063932763438,-26.906711730641195],[-48.71058457213801,-26.906653537377903],[-48.710410369229365,-26.906575498474208],[-48.71031981643343,-26.906509561743455],[-48.7100370523135,-26.90636708392231],[-48.709887028374034,-26.906278691293846],[-48.7097454260767,-26.906168947099193],[-48.709539853848916,-26.9060617456241],[-48.70934306394966,-26.905915289354557],[-48.70923995240071,-26.90587779981822],[-48.709031038059194,-26.90573830905825],[-48.70891616310716,-26.905689884789282],[-48.7086083483278,-26.90550222748533],[-48.70843392751634,-26.905375831678985],[-48.70833110608012,-26.905324019949926],[-48.70826066738665,-26.905251244963477],[-48.70772426596386,-26.90490944895003],[-48.70723448825225,-26.90463287609874],[-48.707076915434484,-26.90452286910553],[-48.70697787215264,-26.90448186319765],[-48.706784648040625,-26.904356950482192],[-48.70667380554462,-26.90430679865218],[-48.70633434059521,-26.90410429712272],[-48.70625584501198,-26.904034971190047],[-48.70600700205475,-26.90389482741536],[-48.70597207344946,-26.903844118310406],[-48.70590062372002,-26.903821467274707],[-48.70575329430326,-26.903738487455932],[-48.70559608622261,-26.90361057770219],[-48.70520107773993,-26.903389262744316],[-48.70510675413453,-26.90331251622893],[-48.70473534710659,-26.903109490890664],[-48.70462134602609,-26.903018097860734],[-48.70453806173917,-26.902988091052567],[-48.7044751798581,-26.902936926149287],[-48.70434433590918,-26.902888238674617],[-48.70432109884225,-26.90285204469042],[-48.70421799194935,-26.902814551749593],[-48.70343274249027,-26.90233438458657],[-48.70335410500311,-26.90227221843027],[-48.702947343170436,-26.902039960961392],[-48.7027445790262,-26.90189339891906],[-48.70257844822989,-26.901811900460814],[-48.702511791667504,-26.90174992975933],[-48.702310589984336,-26.901624881480593],[-48.70222026355481,-26.901548198238565],[-48.701983302658704,-26.901413613441704],[-48.701903941508796,-26.901387250809215],[-48.70154873818444,-26.901173736923177],[-48.70135864931756,-26.90109184792784],[-48.70120921978247,-26.900974803854297],[-48.70082334273947,-26.90079660479221],[-48.700650751232516,-26.90063978691255],[-48.70056340469203,-26.900613292593587],[-48.70026836110028,-26.900388220707477],[-48.700181158966146,-26.900354565851732],[-48.70009860361825,-26.900288752402105],[-48.69991664880853,-26.900199830523515],[-48.699605452651866,-26.899983448181167],[-48.699223756847324,-26.899796358221565],[-48.69898342786501,-26.89963127090718],[-48.69874208211192,-26.899516308876905],[-48.698643700012674,-26.8994430739811],[-48.69855414946273,-26.89933112125347],[-48.69846610447272,-26.899336313396763],[-48.69835777512692,-26.89924203821333],[-48.69829656910097,-26.899226102236288],[-48.69810706608552,-26.8991155653056],[-48.69804481489701,-26.899038520661062],[-48.69787236696738,-26.898968476026173],[-48.69781769447733,-26.898906697805057],[-48.69774625072431,-26.89888404384399],[-48.69770718849453,-26.898840428154852],[-48.69763581644477,-26.898814193529464],[-48.69757192374858,-26.898740589096064],[-48.69747020363212,-26.898707627194636],[-48.697360568819896,-26.898598391941196],[-48.697193467258074,-26.898565222548953],[-48.6970525401889,-26.898423243329905],[-48.69693027344627,-26.89834603592161],[-48.69661925405598,-26.898190215698556],[-48.69639972600368,-26.8980350475613],[-48.69634231427682,-26.898019321591175],[-48.69610285153267,-26.89783055302251],[-48.69602490431754,-26.897810794515884],[-48.695723908812255,-26.897606231979236],[-48.694965201266825,-26.897198243789788],[-48.694747776677026,-26.897041259407988],[-48.693472466651144,-26.89628468232079],[-48.69186643965108,-26.89526573181658],[-48.69101287380679,-26.894810278526613],[-48.69017810281927,-26.894281338304662],[-48.6895678456795,-26.893918944706037],[-48.68861914142987,-26.893471050863848],[-48.68836301221157,-26.893163854841685],[-48.688095723749264,-26.892910763535568],[-48.68857646776685,-26.893602431928805],[-48.68860190646014,-26.893676375266736],[-48.68884567509503,-26.894108668251512],[-48.68887859538746,-26.894058183377247],[-48.68893719699575,-26.894050409727452],[-48.68894917201112,-26.894100095342953],[-48.68913230397511,-26.89419528026601],[-48.68922815979434,-26.894218198047955],[-48.68932375541668,-26.89430709855857],[-48.68940719724451,-26.894355042474338],[-48.689475022077254,-26.894372649863655],[-48.68954180141969,-26.89444166996567],[-48.68968232824024,-26.894503163932068],[-48.689797170227365,-26.894497279416218],[-48.68998008119106,-26.89465650650815],[-48.690056262947,-26.8947421767628],[-48.69018579360805,-26.89481222413168],[-48.69021423536921,-26.894850534917648],[-48.69030309114927,-26.894845195899073],[-48.69040151950082,-26.894954520001164],[-48.69046968044829,-26.894955634987053],[-48.69061667750422,-26.89507157594721],[-48.690737948698754,-26.895122079031587],[-48.690889154316245,-26.895243911086723],[-48.690989809806645,-26.895296988056643],[-48.691088693090286,-26.89538400009294],[-48.691177624526134,-26.89542815232351],[-48.69126293992648,-26.895437310229358],[-48.691472745304104,-26.895604738088167],[-48.69156234890746,-26.89561590707868],[-48.69166292267827,-26.89572623557739],[-48.69174845436246,-26.895724722711126],[-48.6918145256837,-26.89582866539988],[-48.691943509757714,-26.895872500956674],[-48.692120329771384,-26.89601221720018],[-48.69227236972585,-26.89603993280104],[-48.69244543484209,-26.896151446585147],[-48.69253464149394,-26.896235388263896],[-48.69269380172967,-26.896285538883163],[-48.69276695467959,-26.896413856231398],[-48.69287239323159,-26.89644469102188],[-48.69309294625184,-26.89656280170389],[-48.69314544694306,-26.89664226186586],[-48.69325080694827,-26.89667697739044],[-48.693330513473285,-26.896749118330607],[-48.69344929102908,-26.896762703966022],[-48.693507595553,-26.896822850100403],[-48.69371906275294,-26.896908789324954],[-48.69383880243705,-26.896981583961228],[-48.69390521048948,-26.897069033814507],[-48.69405185912171,-26.897202433353748],[-48.69427290994486,-26.89724291821444],[-48.694360819394284,-26.897337512583597],[-48.6945849764576,-26.897438212341573],[-48.694681012592,-26.89750576772769],[-48.694804194466045,-26.897622285882107],[-48.69495914742329,-26.89771991574403],[-48.695074973947875,-26.897772266651014],[-48.69518336581825,-26.897764332341296],[-48.695240511328706,-26.89782834118695],[-48.69532806929858,-26.89788702395683],[-48.69560308097574,-26.897988553260404],[-48.695678857958654,-26.89798784898417],[-48.695771724800515,-26.898158214581514],[-48.69585902886819,-26.89817613607355],[-48.695914247005774,-26.898228468148297],[-48.69618296364941,-26.898373561738406],[-48.69625008466543,-26.89837271591171],[-48.696326352821885,-26.898401131982933],[-48.69659396760274,-26.898653920123703],[-48.69671839209049,-26.898709322208653],[-48.69679066765841,-26.89872117632411],[-48.69683976745134,-26.898808342552442],[-48.69690773516012,-26.89881915530731],[-48.69698201556714,-26.89889217684776],[-48.69707947179804,-26.898889884360074],[-48.697156152915944,-26.89895129990689],[-48.697279791619735,-26.89899213326808],[-48.69742756785948,-26.899123605913],[-48.69747574581985,-26.899096250947878],[-48.69752695142102,-26.89913299053482],[-48.69756324612505,-26.899211213890993],[-48.69766434223902,-26.899189573424742],[-48.69775945428376,-26.899208726613768],[-48.69782494495678,-26.89926232379088],[-48.69783238063563,-26.899335932464847],[-48.697942584443105,-26.89939886530669],[-48.69804005958419,-26.899502346468463],[-48.69808884699578,-26.89949829047981],[-48.69809760114221,-26.899546952862032],[-48.69816645435531,-26.89956748340221],[-48.698240814796456,-26.899636623345675],[-48.698325878444464,-26.899658389142136],[-48.69850074529582,-26.899734990130856],[-48.69870895713853,-26.899875211388608],[-48.69875851134512,-26.899940065307863],[-48.69881449889896,-26.89995456328239],[-48.69896650774629,-26.900037583782524],[-48.699102030991334,-26.900132951536644],[-48.6992061376561,-26.90017637531177],[-48.699255534924255,-26.90024899020259],[-48.69929775192875,-26.900248708117783],[-48.69931225136071,-26.900280967487166],[-48.69956047860158,-26.90036943685432],[-48.699684001992814,-26.90046946005583],[-48.699750888382006,-26.900480253876843],[-48.69977557850651,-26.90054373220416],[-48.69984262224938,-26.900546765761913],[-48.69986469461825,-26.900579148473884],[-48.69993874192513,-26.900610437779815],[-48.7000939988778,-26.90074688215067],[-48.70019991664166,-26.90075443027022],[-48.70024547857968,-26.90080272207923],[-48.700415608048516,-26.90089962254514],[-48.70059158024317,-26.901028640165844],[-48.70063912936523,-26.901032325939585],[-48.70064778639202,-26.901085839049315],[-48.70069734164466,-26.901097321171736],[-48.70080839468244,-26.901171909929808],[-48.70086554345847,-26.901182544646847],[-48.700894953514165,-26.901173319701037],[-48.70092538798578,-26.901220393908893],[-48.70095448458198,-26.901226690326325],[-48.70099245356296,-26.90127582928027],[-48.701068567786045,-26.901312003205277],[-48.70111853669634,-26.901356484228867],[-48.70114989496633,-26.901357965921576],[-48.70137192372604,-26.901511022826583],[-48.70151260389828,-26.90156571548957],[-48.70152385804665,-26.901597921823132],[-48.701560724116916,-26.901594639783703],[-48.70157929665206,-26.901639581385503],[-48.701614943505966,-26.90164307214886],[-48.70162371890097,-26.901690765504053],[-48.70174873886775,-26.90171706037244],[-48.701853224926836,-26.90167985272838],[-48.70201954831707,-26.901751803715836],[-48.702121734003946,-26.901834649776063],[-48.70229679645302,-26.901935395193274],[-48.70232753576843,-26.90199558835765],[-48.70235638597421,-26.90201754685395],[-48.70269665862712,-26.902179480563017],[-48.7030041389493,-26.902382663802637],[-48.703350514328804,-26.902572153890496],[-48.703644806239595,-26.902769152510476],[-48.70423992558699,-26.90310356146313],[-48.70438129799524,-26.90315838991199],[-48.70458107696472,-26.90328818712753],[-48.70471027634849,-26.90335236875149],[-48.70520435315194,-26.90367916210984],[-48.7055256645406,-26.903923155979435],[-48.70630724303862,-26.904388329894655],[-48.706409723842555,-26.904456851611492],[-48.706452592183126,-26.904510077492276],[-48.70654442402832,-26.90457842608894],[-48.70665266447675,-26.904625551378125],[-48.7070608231182,-26.904855433700337],[-48.70716824504054,-26.904943136254474],[-48.70725015202653,-26.904975507091006],[-48.70750679270406,-26.905125326025225],[-48.70771979422081,-26.905260109566],[-48.70789818494963,-26.905394330778822],[-48.70890719041168,-26.906006446832862],[-48.70913907238989,-26.906129596419298],[-48.70919212824011,-26.90614000806265],[-48.709409446879334,-26.906325001702783],[-48.709857482200626,-26.906559105350247],[-48.71014097727681,-26.906764272763702],[-48.71026829325243,-26.906790215024746],[-48.71028349702125,-26.906828665683882],[-48.71064686673632,-26.907035127875567],[-48.710835673468296,-26.907181452999648],[-48.71102505760429,-26.907299135587692],[-48.71124125996265,-26.907407700456837],[-48.71187554540786,-26.907783306179212],[-48.711976141472334,-26.907813589526373],[-48.71212244747777,-26.907954448346928],[-48.71248515150854,-26.908194323620553],[-48.71278928196992,-26.908433248841547],[-48.712904121260316,-26.908549721042018],[-48.713319061279456,-26.908835448349716],[-48.71152939120118,-26.91126320998309],[-48.71104915967522,-26.91236405573645],[-48.710469886096426,-26.91383283625874],[-48.70919797019753,-26.91557779516388],[-48.70785268913602,-26.91641821973554],[-48.706616398886084,-26.91639813263081],[-48.70420290725107,-26.9157019220401],[-48.70174282784194,-26.91504597365953],[-48.69955917024783,-26.914312368092666],[-48.69819721115683,-26.913715316753287],[-48.696419017651145,-26.91331676000803],[-48.69387080956954,-26.912494998373912],[-48.692999196840894,-26.912562873355466],[-48.69257960223812,-26.9129255554775],[-48.69306572294008,-26.91379576582831],[-48.695380844201466,-26.914819038197056],[-48.69673362866669,-26.915867629314256],[-48.698045648727096,-26.91666918353722],[-48.70058149910206,-26.918106577786528],[-48.70407318086865,-26.919846906791847],[-48.705512704496456,-26.921143194282344],[-48.70648438777359,-26.92292458811325],[-48.70627215662074,-26.924358250457434],[-48.70596501091167,-26.92595460986922],[-48.70519161458872,-26.927953988402074],[-48.70377374759015,-26.93010711178555],[-48.70180545454999,-26.932292311689427],[-48.70152614885186,-26.932542341746714],[-48.701152974858374,-26.932413055183567],[-48.70105508147255,-26.93240727692255],[-48.70092987323383,-26.932367586521597],[-48.7008019088011,-26.93234876776301],[-48.70067343430306,-26.932355040043873],[-48.70056722760848,-26.93241396599591],[-48.70054156704054,-26.93241354767975],[-48.70014189432701,-26.932329641414082],[-48.70002071607498,-26.932321390935176],[-48.69998261299561,-26.932236353935988],[-48.69989395093138,-26.932199648203298],[-48.699815527289694,-26.932187150278313],[-48.69970437425811,-26.932201364923134],[-48.69955802354297,-26.93218775909506],[-48.69947017442837,-26.932199148159317],[-48.699432212452784,-26.932219365360513],[-48.69939490203216,-26.932207537744766],[-48.699258138024824,-26.932250183390767],[-48.69913437459667,-26.932269000068924],[-48.69908630649025,-26.93225859961953],[-48.69900716721378,-26.932281349550617],[-48.69890966543801,-26.932239690831956],[-48.69866167910165,-26.932243426791214],[-48.69854798061631,-26.93220975454545],[-48.69836273530286,-26.932203196206675],[-48.697924966867824,-26.932104135624385],[-48.697872778701964,-26.93205202193194],[-48.69777123204087,-26.93200263836904],[-48.69769011856598,-26.931918235339026],[-48.69755169224761,-26.93186696911559],[-48.69745944291915,-26.931813173484947],[-48.69699546374499,-26.931675946929815],[-48.6966337942955,-26.931655288530532],[-48.69636984373731,-26.931685400606515],[-48.69623701848313,-26.93174224065505],[-48.696164622807586,-26.931795149298754],[-48.69610688015245,-26.931936811659046],[-48.69609999663773,-26.932005543279395],[-48.696120534894426,-26.932074721884895],[-48.69617378042652,-26.93215427033397],[-48.69620076656032,-26.932252068478103],[-48.69624937285996,-26.932271687136133],[-48.69631791190195,-26.93234392200968],[-48.69638484059266,-26.932380571909334],[-48.696543758958924,-26.932598604599303],[-48.69666073392909,-26.932698821564724],[-48.69667702440847,-26.93275469562837],[-48.69690805912547,-26.932978967323972],[-48.69692232011288,-26.93317671343682],[-48.69697156641941,-26.933376152508014],[-48.69696861346033,-26.93359045337552],[-48.69694372920745,-26.933641591449085],[-48.69689939391578,-26.933683611368117],[-48.69678742263595,-26.933740870846734],[-48.69667180710229,-26.933770411992064],[-48.69651856381135,-26.93378802471513],[-48.695992677762355,-26.933783207603714],[-48.695704113700906,-26.933764663848347],[-48.69554329676192,-26.93380980958507],[-48.69533027100752,-26.933801300634176],[-48.69523882343138,-26.933814892386916],[-48.6951058489071,-26.933801404770545],[-48.69497361178082,-26.93382061615255],[-48.694735669633346,-26.93379217585343],[-48.69447107745568,-26.933882706919025],[-48.6942474126095,-26.933934656060472],[-48.694195607704145,-26.93396978922289],[-48.6941020536724,-26.93397447125303],[-48.693989717665126,-26.934044924166347],[-48.69383888173926,-26.934104605050205],[-48.693794371782865,-26.934139857328887],[-48.69367703336321,-26.934167377017793],[-48.69335280664758,-26.934319077763526],[-48.693126091096524,-26.934341536880957],[-48.6929950254755,-26.93432630970531],[-48.692834689322986,-26.93425311409914],[-48.69262508473326,-26.934117913831965],[-48.6926070608246,-26.934086244079317],[-48.69247587802065,-26.93399625062761],[-48.69244894868627,-26.933943519468308],[-48.69240725548917,-26.933928196280846],[-48.692378035717674,-26.93387333579711],[-48.69228994170692,-26.93384470328727],[-48.692262458900274,-26.933819154258106],[-48.69221220204828,-26.93376604138822],[-48.69219738333809,-26.933691546721697],[-48.69215170651345,-26.933642692451084],[-48.69210759624991,-26.933631512411196],[-48.6920409239303,-26.93358231457024],[-48.69198735469714,-26.933577254336477],[-48.69190443823126,-26.93352360694778],[-48.691847906522554,-26.933434834511882],[-48.69178594214225,-26.933383621760957],[-48.69171350716128,-26.93327367153033],[-48.691700703439025,-26.933214896795636],[-48.69165248098989,-26.933176459017254],[-48.69162343213834,-26.93311323473847],[-48.69143847915013,-26.932913595572263],[-48.69140268791919,-26.932837711669766],[-48.69138884532116,-26.932715334478434],[-48.69128774596079,-26.93252334217904],[-48.69127741328358,-26.932343293787675],[-48.69133803243636,-26.932231339253825],[-48.69134868410632,-26.932166672872498],[-48.6912503584086,-26.931838562342058],[-48.69130238120377,-26.931575869965677],[-48.69123513345546,-26.93144048724352],[-48.6912538906495,-26.93132157200712],[-48.691243248926355,-26.93127119908294],[-48.69121627812939,-26.931220558889887],[-48.69117527862476,-26.931056741443452],[-48.69108643031461,-26.930950705986046],[-48.691051121237386,-26.930851194283424],[-48.69097631451862,-26.930803301349783],[-48.69084271812177,-26.93061938696274],[-48.69089615676289,-26.930564570797333],[-48.690891887383984,-26.93045311990947],[-48.69082949226494,-26.930305543375805],[-48.690774709959655,-26.93010533249885],[-48.69072977975873,-26.930063562433958],[-48.690695328159585,-26.92982851112605],[-48.690652667931076,-26.929675396301967],[-48.69065529395951,-26.929546471676293],[-48.690590064398776,-26.929217121189694],[-48.690515430235585,-26.92902830964146],[-48.6904063750518,-26.928649239462445],[-48.69040423952389,-26.928359626344008],[-48.69038661938601,-26.928304111660967],[-48.690300449205,-26.928194648899325],[-48.690254937704744,-26.928061840772354],[-48.69019731955326,-26.927997266809864],[-48.69019849355952,-26.927939658459533],[-48.690117118794525,-26.92759496198258],[-48.69007204696384,-26.92744055044205],[-48.69004098847086,-26.927387217055543],[-48.690048692856024,-26.92727208806273],[-48.69000469744502,-26.92706486840309],[-48.68998395924516,-26.927030913189046],[-48.68995952807545,-26.926915257986],[-48.68989785178633,-26.926786986917847],[-48.68985335598725,-26.926735834833774],[-48.68986700275955,-26.926591989370845],[-48.689789872269756,-26.926170525477023],[-48.689806391784884,-26.92601712245776],[-48.689795741585165,-26.925810819684642],[-48.689780265593086,-26.925768733966486],[-48.68978569745516,-26.925731173404],[-48.689734902057765,-26.925590203646863],[-48.6897645983633,-26.925507025364453],[-48.689764097902724,-26.925417077066022],[-48.68979616110906,-26.925332264420152],[-48.689878069647776,-26.92520601695145],[-48.68998033381489,-26.925111476724176],[-48.690117458222666,-26.925023781800483],[-48.69016284413836,-26.924972235193678],[-48.69039707710136,-26.92481396856978],[-48.69050756239441,-26.92477394495542],[-48.690578947464154,-26.92470609088021],[-48.69068930481297,-26.92467233964142],[-48.690710980228666,-26.924639228588696],[-48.69089747221549,-26.924533516143455],[-48.69098386472165,-26.924530747337133],[-48.69102976113889,-26.924454108481513],[-48.691078873233586,-26.924448636726414],[-48.691194577313034,-26.92438150762038],[-48.69128314152356,-26.924272101062748],[-48.69148203017776,-26.923901373413944],[-48.69149073094621,-26.92381785112339],[-48.691531109412786,-26.923782954110273],[-48.691566278562654,-26.923660123501644],[-48.6915484692702,-26.923617999772297],[-48.69158779209582,-26.923520337417603],[-48.69156735192029,-26.923492811735333],[-48.69150500104234,-26.923460835341547],[-48.691536953028994,-26.92326683757687],[-48.69151715157199,-26.92320794831582],[-48.6914811410071,-26.923192347107282],[-48.691420796297976,-26.923091477399613],[-48.691365914204646,-26.923050625897794],[-48.69133833560723,-26.92298225472545],[-48.69124079976789,-26.922916603004268],[-48.69123508346291,-26.922898561854115],[-48.69126011559601,-26.922852312030038],[-48.69124533812664,-26.92280567427308],[-48.691153576870974,-26.92261383488895],[-48.69103928933746,-26.92249692590193],[-48.691023642885135,-26.92246320397948],[-48.69101879597971,-26.92235749746466],[-48.690908160874095,-26.922175807375332],[-48.69088700758517,-26.922068788967188],[-48.69086410723901,-26.92204749755836],[-48.69079838945391,-26.921837260347232],[-48.69067612715976,-26.92165370669375],[-48.690441494832825,-26.92137377191204],[-48.690276191689335,-26.921241386209875],[-48.690165250444,-26.921189370349445],[-48.69006520648257,-26.921175183252934],[-48.689984760236314,-26.92111530094691],[-48.689827636899516,-26.92103952117464],[-48.68955651792019,-26.920947234400835],[-48.68943560895302,-26.920926429677444],[-48.689344468405835,-26.92093330358808],[-48.68927152047408,-26.92096348292681],[-48.68910404484206,-26.920937732501653],[-48.68873452159858,-26.92097978763611],[-48.68854239967186,-26.92101847264108],[-48.688320680026706,-26.92102111478107],[-48.688186957141404,-26.92105657331158],[-48.68802865037483,-26.92115333093202],[-48.68759867993431,-26.921298972758155],[-48.68742678270772,-26.921375637156366],[-48.6873472491155,-26.921499830347116],[-48.68723824489542,-26.921581709041902],[-48.687166135938206,-26.92168510723125],[-48.687153073312565,-26.92186791004625],[-48.687247159901446,-26.922059789822036],[-48.68732675214391,-26.922161491915396],[-48.68738395767624,-26.922216811083704],[-48.68758647304419,-26.922355039575063],[-48.6877560134852,-26.92250841527816],[-48.687826533040095,-26.922597419200457],[-48.68804937864966,-26.922997432191607],[-48.68815200016718,-26.92311415231689],[-48.688312524650485,-26.923709756794327],[-48.688322639702854,-26.92390026005566],[-48.68829596701061,-26.924064014349316],[-48.688174377193434,-26.9244196885766],[-48.68800984419053,-26.924592688786856],[-48.68787344289076,-26.9246448349096],[-48.687668172252835,-26.92464147064705],[-48.68759034244337,-26.92468202814476],[-48.68750874260197,-26.92467859880453],[-48.68706305420436,-26.92456462069239],[-48.68687763943452,-26.92450301476265],[-48.68672530764721,-26.924421036286617],[-48.686623141978956,-26.92439635355991],[-48.68609541947859,-26.924186067099516],[-48.68599329687782,-26.92415929280077],[-48.68585109290593,-26.924152777554667],[-48.685705759984444,-26.924070911927945],[-48.68555668668023,-26.924058008196553],[-48.68535049245541,-26.92398560206642],[-48.68484975071522,-26.923939737318157],[-48.684721927631216,-26.923914632214384],[-48.68459219783186,-26.923868579149346],[-48.68432916909887,-26.92383707101504],[-48.68429940032765,-26.923809391244564],[-48.684268623812784,-26.923716855237473],[-48.6842181177472,-26.923676285861482],[-48.68421041048581,-26.923596677715572],[-48.68419022844821,-26.923556606074268],[-48.68408226275365,-26.92347326127852],[-48.6840166250668,-26.92337387746636],[-48.683994755317244,-26.923302194807345],[-48.683993191389526,-26.923264519702307],[-48.68402454044988,-26.923214835671228],[-48.68417792639422,-26.923016557990515],[-48.6843983171591,-26.922850754684397],[-48.684485646774526,-26.922801989307615],[-48.68477164207353,-26.922508627640468],[-48.68493624627921,-26.922446488044915],[-48.68518581578995,-26.922222806413167],[-48.68530389613028,-26.92215362843517],[-48.68538996025374,-26.922052551172968],[-48.68548886653133,-26.92200815871137],[-48.685610730564974,-26.921867927271453],[-48.6860241290353,-26.92150553730344],[-48.686176877517894,-26.921338203711798],[-48.686242246761715,-26.9212221445051],[-48.68629208393354,-26.921181129515496],[-48.686433572819205,-26.921108151585006],[-48.6866090402683,-26.920970889947426],[-48.68665693690245,-26.920910600430037],[-48.6867752699611,-26.920828876015957],[-48.68688478560653,-26.92072190758196],[-48.687000274666346,-26.92066523479284],[-48.68711860823626,-26.920583510072316],[-48.68717972285778,-26.920561504347447],[-48.68726748561824,-26.920491409777863],[-48.68748476661937,-26.920363198768573],[-48.68757264845507,-26.920287249152754],[-48.68761735009733,-26.920269157009148],[-48.68764844082735,-26.92023201794045],[-48.68801263953845,-26.919993266107767],[-48.68804411379097,-26.91993730846957],[-48.688093863491865,-26.919900474122734],[-48.688211470743674,-26.919854294174137],[-48.688240134619406,-26.91982171580073],[-48.6883438888121,-26.91976450483335],[-48.688374937145895,-26.919707601600358],[-48.68843563063699,-26.919662665685838],[-48.68850129313797,-26.919583363459573],[-48.688521852084506,-26.919508404826242],[-48.688592893696516,-26.9194572789085],[-48.68864311287596,-26.91939744449744],[-48.688671591960855,-26.91925944523224],[-48.688671816578164,-26.91913395200183],[-48.6886201094896,-26.91907477801185],[-48.68861825497592,-26.919035476436076],[-48.688574872195765,-26.919014534118382],[-48.688523994310835,-26.918905405941285],[-48.68848070959924,-26.918879705770077],[-48.68845938479439,-26.918818663266496],[-48.68842266233603,-26.918796640609234],[-48.68831974295445,-26.91863548641059],[-48.6882546728938,-26.918571347479403],[-48.688271599619675,-26.91845737943686],[-48.68819141339274,-26.91843480166406],[-48.68812167429129,-26.918322826701978],[-48.68802409931303,-26.91829028624154],[-48.68789294796662,-26.918146520222315],[-48.68774212589234,-26.91805598485031],[-48.68763306777186,-26.91800064459476],[-48.68755599251581,-26.91801485100382],[-48.68753329942084,-26.917945457405636],[-48.68720996156291,-26.91778664067951],[-48.6870916839102,-26.917785529528395],[-48.68700173551346,-26.917711824386526],[-48.68655022126057,-26.917588986858387],[-48.6863541755414,-26.917567921506304],[-48.686290569079574,-26.917596281631855],[-48.6861680176496,-26.917582720066015],[-48.68608190963833,-26.917508714566853],[-48.68600124804018,-26.917493110825284],[-48.68588325314553,-26.917432731538145],[-48.68586208944354,-26.91735159237324],[-48.68566539580694,-26.917297194042625],[-48.685543748693206,-26.917208324353453],[-48.68544922924948,-26.91720599340002],[-48.68543823656779,-26.917174462585535],[-48.68535682698077,-26.91716055362274],[-48.68522096191928,-26.917072568562467],[-48.68507791580804,-26.917006704213232],[-48.68498530298586,-26.917056357263256],[-48.684974217162875,-26.91694907021092],[-48.684829242013734,-26.916832446452094],[-48.6846851001306,-26.91680509038502],[-48.684663826309134,-26.916741667627534],[-48.68457869857509,-26.91674979147259],[-48.6845728896497,-26.916709234705987],[-48.684535327157576,-26.91666339566525],[-48.6844280269524,-26.916652115175552],[-48.68436266877742,-26.916602249947267],[-48.68424629777472,-26.916580109502164],[-48.68409917145988,-26.91650391118418],[-48.684001874611354,-26.91639282945467],[-48.68411196283855,-26.916307455906725],[-48.68404819071908,-26.91623111124535],[-48.68393762018568,-26.916223976647963],[-48.68393526310592,-26.916048332815166],[-48.6838950169354,-26.916164964943324],[-48.68376192943497,-26.916116368392313],[-48.683714309491606,-26.916042993307833],[-48.68369936635022,-26.915929692251733],[-48.68366352061094,-26.915864840771892],[-48.68366606196004,-26.9158053797359],[-48.683628087005324,-26.915779765330747],[-48.68362829158614,-26.915704794644338],[-48.68359560077664,-26.915680457279276],[-48.683544300861406,-26.91552728827014],[-48.68354387163491,-26.915448308504057],[-48.68343993764673,-26.915242341383067],[-48.68340329027497,-26.91521674872085],[-48.68337765782279,-26.91510684217954],[-48.68336239812202,-26.91500900719277],[-48.68337208573214,-26.91479471862587],[-48.68329898491282,-26.91460406108829],[-48.6832678648443,-26.914567849079486],[-48.683287245579166,-26.91452889522192],[-48.683288813102656,-26.914452161900495],[-48.6833188105064,-26.914413382329563],[-48.68332339329969,-26.914253990616466],[-48.68341555287794,-26.914161489070832],[-48.68340249103684,-26.91408606235399],[-48.68346866865364,-26.913965763476835],[-48.68351545289739,-26.913820035142237],[-48.68354653336277,-26.91379317456138],[-48.68355146201232,-26.913746843380885],[-48.6836247751088,-26.91366712208101],[-48.68362377372646,-26.913586181845623],[-48.68365049440521,-26.913512837587664],[-48.68381141684624,-26.913498341687564],[-48.68390262788567,-26.913452236290727],[-48.683940611051845,-26.913412397315383],[-48.68394747420029,-26.91333634647102],[-48.683902388327525,-26.913268963702915],[-48.6839921049627,-26.91303599501962],[-48.684239797575195,-26.91281325864656],[-48.68429039338871,-26.912726546621286],[-48.68438485757043,-26.91265537052825],[-48.684471234758476,-26.91253861065891],[-48.684569182220855,-26.912312231654003],[-48.684607396407856,-26.912268934522785],[-48.68468507748747,-26.912006665248036],[-48.68473567914932,-26.91192801364655],[-48.68475010902582,-26.911678302669166],[-48.684934939643156,-26.910510028282083],[-48.684938049226346,-26.910243397705546],[-48.68499716911059,-26.90986160138809],[-48.68505586871798,-26.90961470735706],[-48.685058343693456,-26.909493433866725],[-48.68508168160029,-26.90937877809224],[-48.68513046116723,-26.90927499699521],[-48.68517321113556,-26.909238048648653],[-48.685307830577784,-26.909043645201177],[-48.685393760093554,-26.90894863035345],[-48.685519462398936,-26.908848202421918],[-48.685921425899515,-26.90847202727507],[-48.68632412105184,-26.908174297861745],[-48.68667985616834,-26.90777665521787],[-48.68668978218699,-26.907747535729587],[-48.6867895245841,-26.907661531501233],[-48.68695370393039,-26.907390219742577],[-48.68696214999436,-26.907319242740734],[-48.68706698638108,-26.90721219668265],[-48.68707127989892,-26.90711605221945],[-48.6871127189873,-26.90702888382356],[-48.68706840996595,-26.9069135368657],[-48.6870658764557,-26.90680891405697],[-48.68709222617531,-26.90666084037189],[-48.68707302609432,-26.906572678286278],[-48.687008204253544,-26.9064335688838],[-48.68689028692617,-26.9062668168232],[-48.68689105431069,-26.90622917984519],[-48.68686858404482,-26.906186979265257],[-48.6864592694674,-26.90589455565089],[-48.686274352867436,-26.905809951768845],[-48.68622381187426,-26.90577147373794],[-48.685790365882745,-26.905632804685123],[-48.685342620055515,-26.905623372007504],[-48.685053125431565,-26.905633265457546],[-48.68495089151207,-26.905612763943946],[-48.68484110551168,-26.905619329709918],[-48.68472068323341,-26.90557552216031],[-48.684566542591426,-26.90558345199373],[-48.684438838128955,-26.905553538638607],[-48.68436649578261,-26.90555444367851],[-48.684261972306665,-26.905531812272155],[-48.68416033618897,-26.905482037850106],[-48.68376678728339,-26.905446297283792],[-48.68363215940682,-26.90541271401611],[-48.683257284635516,-26.905262239963477],[-48.683204497902814,-26.905219541270462],[-48.683175246335026,-26.905166770570045],[-48.68316219292093,-26.905120541259446],[-48.68317271732197,-26.905062148818487],[-48.683223102009755,-26.904993952332024],[-48.68339048280806,-26.9049088512901],[-48.68353492502254,-26.90480454883532],[-48.68357966358106,-26.904784367349134],[-48.68368202552362,-26.904798596393633],[-48.68376895669886,-26.904768648927877],[-48.68384842294085,-26.90476158644895],[-48.684079886200706,-26.904622945158337],[-48.684134038782055,-26.904598734264507],[-48.68422991543117,-26.90458775712444],[-48.68440690539894,-26.904489007930934],[-48.684667913987454,-26.904388708282298],[-48.6851415209484,-26.90404508369324],[-48.68568525474305,-26.903580247919663],[-48.68578606438137,-26.90344176171551],[-48.685878298576704,-26.903380525784343],[-48.68597204753879,-26.903245061435484],[-48.6861261125293,-26.90312627274436],[-48.686343883004135,-26.902857931611823],[-48.686430569754364,-26.902725488011797],[-48.68645321370383,-26.902644704116604],[-48.686735114599976,-26.90220590023279],[-48.686796453788,-26.902057982044532],[-48.6868292443316,-26.901937205091553],[-48.686830736204556,-26.901864023139456],[-48.686878956322396,-26.90178742320588],[-48.686873494589356,-26.90171203546373],[-48.686912483136624,-26.90151606179116],[-48.68687698706136,-26.90119734394748],[-48.68678680804796,-26.900928975699685],[-48.68674640629329,-26.900850923558373],[-48.686625659158096,-26.900708805774645],[-48.68636312143657,-26.900541357447665],[-48.68630146744278,-26.90047592486932],[-48.686252918975555,-26.900454212535575],[-48.68609895584208,-26.900453780825824],[-48.68593203750012,-26.900387756109335],[-48.68576404512158,-26.90034716224624],[-48.685694147154855,-26.90039903798408],[-48.68567122423646,-26.900345641458212],[-48.68497925144459,-26.900335025514693],[-48.684954238259216,-26.90030324129632],[-48.6848539693139,-26.90030096973531],[-48.68456989250412,-26.900160355322694],[-48.68398006709662,-26.899912235180967],[-48.683869320923236,-26.89985185299743],[-48.68371090215683,-26.899726893695075],[-48.68347543268491,-26.899490860869328],[-48.68323515631507,-26.899033245585837],[-48.68322791958795,-26.898930637444067],[-48.683134523630784,-26.898820339800743],[-48.68311761717122,-26.89873430588376],[-48.683042920775044,-26.89862222413907],[-48.68301893731126,-26.898540048381914],[-48.68286513658276,-26.898303263181496],[-48.68281236880699,-26.898145525264063],[-48.68281377764966,-26.898076524859036],[-48.6827900036315,-26.897984103571368],[-48.682687684927004,-26.89773958738614],[-48.682661877624575,-26.89763249072318],[-48.68263023878641,-26.897353995698836],[-48.682586713602234,-26.897159772431145],[-48.68258381626221,-26.89699974957813],[-48.68255977280127,-26.89691689324193],[-48.68251914223284,-26.896525221693217],[-48.68255327254878,-26.896439112214498],[-48.68253951020736,-26.89631338938315],[-48.682545983764506,-26.896110608716103],[-48.6825920654414,-26.89579594921629],[-48.682570368062656,-26.89571611122666],[-48.68260897684166,-26.895538957394976],[-48.68261716782539,-26.89502350708303],[-48.682667105711616,-26.894291423230715],[-48.68274737939735,-26.89390160783019],[-48.68272623751862,-26.89376799301079],[-48.68275279432207,-26.89373673899605],[-48.68280948530202,-26.89349893771178],[-48.68291959205458,-26.89318384414909],[-48.68292951204557,-26.893044147708405],[-48.683049325518596,-26.89283062161345],[-48.683114560072,-26.892751410624776],[-48.68312977084573,-26.89269884255053],[-48.68325051647076,-26.892555049997863],[-48.683353743802705,-26.892483332496166],[-48.68342107821536,-26.892468344145513],[-48.683436306756356,-26.89252172030648],[-48.68348013403829,-26.892538944887107],[-48.683582234225874,-26.892513873600524],[-48.68364146438423,-26.892571300695284],[-48.68381172414325,-26.892596260255118],[-48.6839170997093,-26.89264087339912],[-48.6840005445904,-26.89271848162755],[-48.68417490113019,-26.89302868180037],[-48.68421748217142,-26.893155652451547],[-48.684245664792904,-26.893337182766583],[-48.68436113156398,-26.89340816872778],[-48.68439145222928,-26.89348490548037],[-48.684653614592406,-26.893789397889787],[-48.68479533712341,-26.894006145776807],[-48.68522088019884,-26.89437764357903],[-48.68532122191146,-26.894538914917653],[-48.68575334274666,-26.894848574162662],[-48.68589343310318,-26.895015262428476],[-48.68609259349689,-26.895151945307664],[-48.68630581239989,-26.895250739451363],[-48.686669506125114,-26.895528302259727],[-48.686886160157385,-26.89558903209312],[-48.68699646403933,-26.895652783286106],[-48.687085310638835,-26.895747252829707],[-48.68721789619913,-26.895739797632103],[-48.68739200024569,-26.89580221211833],[-48.687600424355026,-26.895943850214746],[-48.6877430893799,-26.89598910122556],[-48.68798401033964,-26.895959622327574],[-48.68827340504254,-26.89597150843156],[-48.68852074656971,-26.89583022627033],[-48.68891009584726,-26.89550066926362],[-48.68894531810236,-26.895336853544098],[-48.68896882065149,-26.89496556992351],[-48.68899583139432,-26.894813532819136],[-48.688982947960845,-26.894663225140338],[-48.68882293467435,-26.89416981328162],[-48.68884443223619,-26.89410989687881],[-48.688599171464396,-26.89367535676455],[-48.68857499723084,-26.893603868899184],[-48.688068082086346,-26.892875675436134],[-48.68781697434607,-26.892549927257342],[-48.687455324363235,-26.89217233630712],[-48.6870918327618,-26.891885249425847],[-48.686859231001065,-26.89164567324379],[-48.68501035044387,-26.890238195233913],[-48.68480564455578,-26.890113331535034],[-48.68399644443855,-26.88927689837435],[-48.68366675332956,-26.889066294966135],[-48.68352596607529,-26.888935834319547],[-48.683214670960716,-26.888463261633028],[-48.683139189235405,-26.888396954966222],[-48.68310528679588,-26.888384916141906],[-48.6830428663348,-26.888314430676562],[-48.68305702173942,-26.888290166346128],[-48.68291431451922,-26.888131464450254],[-48.682915117269076,-26.888092129668284],[-48.682954202953695,-26.888058341317826],[-48.68296664652955,-26.888006996623666],[-48.68304564576128,-26.887963354296392],[-48.68315562631494,-26.887929989085745],[-48.68340403834044,-26.887965979125163],[-48.68341059472004,-26.88794804791334],[-48.683429186334926,-26.88794696586556],[-48.68342715884658,-26.887970521348663],[-48.68368886834906,-26.888020897265807],[-48.683713990498205,-26.887839415461134],[-48.68377980434163,-26.887827832913416],[-48.683950506683104,-26.88785685207717],[-48.683936698471875,-26.888039649354134],[-48.68480501004168,-26.88801809485237],[-48.68524260890474,-26.888034981591385],[-48.68538555351227,-26.888006797086387],[-48.6860877424009,-26.888025242873507],[-48.68641930624205,-26.88800569879285],[-48.686514265042945,-26.887978114880465],[-48.68704317207529,-26.88791878583544],[-48.68717064657593,-26.887890347004046],[-48.68737780769063,-26.887824359599197],[-48.68744528891934,-26.88777828624192],[-48.68753592296682,-26.887744463545406],[-48.68757611120053,-26.88773741213531],[-48.687660884367126,-26.887754064114326],[-48.68770906660586,-26.887743752209893],[-48.68862852415554,-26.88744168221685],[-48.688647692379995,-26.887415731435254],[-48.68873295858637,-26.887386357530225],[-48.6889412423172,-26.887259742344956],[-48.68898398203607,-26.887246933216797],[-48.68909865118058,-26.887147412830725],[-48.689437375227115,-26.886908025849305],[-48.68999793513568,-26.886372907634467],[-48.69020021797637,-26.886232955303132],[-48.69028429115573,-26.886157923708485],[-48.690371366162026,-26.886066227104536],[-48.69055778934058,-26.885803046852164],[-48.69057388101348,-26.885744300502996],[-48.69047036188172,-26.885694226994968],[-48.690580756675146,-26.885572055449586],[-48.69065768672353,-26.88543724119888],[-48.69082974368523,-26.885267696251997],[-48.69090580179865,-26.8853192580153],[-48.69088792072213,-26.88528195666503],[-48.6909815033036,-26.885267153568428],[-48.69104476391434,-26.88514118778006],[-48.691095031789466,-26.884990817876474],[-48.691099689304295,-26.884819816134765],[-48.69113971407695,-26.88481569570239],[-48.691180176663984,-26.88479009175543],[-48.69107972292964,-26.88474866184812],[-48.69124258710838,-26.884533608564954],[-48.69133336857284,-26.884380877683057],[-48.691400770417346,-26.884417634843533],[-48.69143363487252,-26.884372805599355],[-48.69145778532565,-26.88436364896991],[-48.69147054521256,-26.88426821443495],[-48.691434569970994,-26.884213197608528],[-48.69165764716314,-26.883856101467792],[-48.692065211407225,-26.883049352155847],[-48.692143481913504,-26.882986165496387],[-48.692174023171795,-26.88292458400833],[-48.69234262101733,-26.882358825973792],[-48.692515328020015,-26.881721741909274],[-48.69254275704887,-26.881289059947505],[-48.692551227902676,-26.881265321609117],[-48.692612982588535,-26.881240065923663],[-48.6926294383387,-26.881216457125962],[-48.692671887444064,-26.881092990333297],[-48.69265161621543,-26.880911193115757],[-48.69265545305939,-26.880723522297924],[-48.69262821424347,-26.880490335560875],[-48.69268190975248,-26.880179882077485],[-48.692481945618574,-26.880160491431603],[-48.692466091219025,-26.87967651061269],[-48.69240621514708,-26.879083548552554],[-48.69240122546464,-26.878949867230723],[-48.69241671507978,-26.87886358359308],[-48.69262513556639,-26.878848927065864],[-48.69264210331689,-26.878674612025993],[-48.69273827983394,-26.878600991859138],[-48.69277194217927,-26.87856234427591],[-48.69276664335491,-26.8785154978253],[-48.69300335386119,-26.878266266966182],[-48.69304182940026,-26.8782072026181],[-48.693075757764646,-26.878109860116165],[-48.693132914930075,-26.878048713899354],[-48.693199797594424,-26.87803309212587],[-48.69334687538159,-26.877870741960145],[-48.69341392755484,-26.877846766255047],[-48.69345187057945,-26.87781395768435],[-48.69350113096708,-26.877698280574005],[-48.69361666277448,-26.87756593908015],[-48.69370479776488,-26.87742165577723],[-48.693809565904466,-26.87705612024626],[-48.693927323690396,-26.87687742936774],[-48.69408906515676,-26.876789287984028],[-48.69434239267155,-26.876604254642512],[-48.69441814331105,-26.87658024351534],[-48.69449417322,-26.87650746542426],[-48.69461496721022,-26.8764592946445],[-48.69482187798559,-26.87643163110499],[-48.69490927839921,-26.87645454720714],[-48.69493807250776,-26.876478893855364],[-48.69503616786316,-26.87649959654953],[-48.69507309288634,-26.87651691318084],[-48.69511466261211,-26.876567732889164],[-48.69516232936865,-26.876560441954048],[-48.695205524957395,-26.876582217851624],[-48.695250167447774,-26.876581883186528],[-48.695357933104034,-26.876515469323934],[-48.69545573541497,-26.8764929833627],[-48.69593638549368,-26.87646169174498],[-48.69612546093886,-26.876407580815158],[-48.69635542825848,-26.876370691790154],[-48.6964817871638,-26.876310671728373],[-48.696591497184976,-26.87628380828032],[-48.69683051098887,-26.876235455171066],[-48.697079316485215,-26.87621543008399],[-48.69742427577781,-26.876254165995412],[-48.69754367572471,-26.876325347565523],[-48.69757620481951,-26.876371493491835],[-48.69768632187297,-26.87640894830683],[-48.69782364759177,-26.87651162554523],[-48.697851958634,-26.87655984145482],[-48.6979172529112,-26.876608375828322],[-48.69792976016485,-26.87665373332544],[-48.698038118136324,-26.876772897857208],[-48.698034288551696,-26.876825461325797],[-48.69808863707321,-26.87690275403687],[-48.69817875293284,-26.87695580342286],[-48.69816326293894,-26.877030519528823],[-48.698239461412555,-26.877107303713235],[-48.69820319077883,-26.877162494382397],[-48.69823901762392,-26.87723399296121],[-48.69827763969321,-26.877430415140253],[-48.698270044343005,-26.877673837783423],[-48.6982203435849,-26.87776137419681],[-48.698160866855545,-26.877805770696746],[-48.69811271283109,-26.877816925259676],[-48.697970045484304,-26.877813024534873],[-48.69789170575899,-26.877868941791053],[-48.697632295918886,-26.87813621219644],[-48.697452325272025,-26.878476631227375],[-48.697420094605036,-26.87862175710318],[-48.69730796237415,-26.878899291457948],[-48.69731648088586,-26.879004489810622],[-48.697371279333176,-26.879034143959824],[-48.69738145234493,-26.879083149010416],[-48.69760620211939,-26.879160831891205],[-48.69765338805726,-26.87919741713238],[-48.697746889168755,-26.87931355123575],[-48.69778208232674,-26.879302729747987],[-48.69789874042467,-26.87934376373175],[-48.697945110719154,-26.879374622233176],[-48.698029125901385,-26.879369970434556],[-48.698126022864265,-26.879393749666303],[-48.69821381332578,-26.87939756823242],[-48.69864061778056,-26.879490480566467],[-48.69872821752184,-26.8794927408023],[-48.69892088024808,-26.879588166993617],[-48.6991752038788,-26.879632472364555],[-48.699278378537386,-26.8796762961468],[-48.699602179711235,-26.879765856463152],[-48.699969970459215,-26.87983807093065],[-48.70006088100599,-26.87982450038492],[-48.700172229843865,-26.879796210743404]]],[[[-48.728536947568756,-26.83858386995415],[-48.728831274245174,-26.838626425358736],[-48.72915765102988,-26.838603476543536],[-48.729518006801044,-26.838626646702757],[-48.72971096792641,-26.838701768454644],[-48.73002308207936,-26.838757869530095],[-48.73041856000149,-26.83891748614763],[-48.7307639200942,-26.838981692703307],[-48.731589494458134,-26.839459944330947],[-48.73203155410857,-26.839758585838094],[-48.73254503841162,-26.840291005436598],[-48.73282022244614,-26.8406899072998],[-48.73301539769435,-26.84117398948737],[-48.73317953696289,-26.841835565730477],[-48.73328638336257,-26.84208619939893],[-48.73329542983813,-26.842450499050937],[-48.733409542949616,-26.843154810308683],[-48.73345706662801,-26.84362814995405],[-48.73341893111094,-26.844112889659982],[-48.73348297875833,-26.84447154356575],[-48.733461621161446,-26.84482882820789],[-48.733565954276344,-26.84530946526151],[-48.73365414675225,-26.845885636721576],[-48.733676763398634,-26.84617976387556],[-48.733768518291434,-26.846577179318707],[-48.73386026249974,-26.84684547985518],[-48.73400769415858,-26.84743676302841],[-48.73419225038052,-26.848022920458273],[-48.73433044344772,-26.84834396850524],[-48.73447848521354,-26.848821173206336],[-48.734901196579834,-26.849760331154954],[-48.735011768930725,-26.849928144454474],[-48.73570962134198,-26.85078704111526],[-48.736052945110174,-26.851273152830714],[-48.7371028300594,-26.85252781246938],[-48.73766432411403,-26.85330421939504],[-48.73815163679008,-26.853861231701494],[-48.73929414128607,-26.855037893902512],[-48.73973053415171,-26.855380860966687],[-48.74006533538796,-26.85573106991864],[-48.74040242143809,-26.855966362994415],[-48.74087882203013,-26.856357151538848],[-48.74117497996802,-26.856502381084052],[-48.7415192848631,-26.856759506562888],[-48.74260411890785,-26.857349658867722],[-48.74293099323279,-26.85757644267262],[-48.743569894143654,-26.85786765129131],[-48.743851695989186,-26.857936998456395],[-48.74403691288232,-26.85801561028467],[-48.74449833952292,-26.858141862793946],[-48.74514014106241,-26.858287203707253],[-48.74545244742733,-26.858384366411244],[-48.745736660563956,-26.85841444529466],[-48.74597892510051,-26.858405536952635],[-48.74659056558779,-26.85844083513193],[-48.74711780312844,-26.858423696836773],[-48.74747420851914,-26.858403832895505],[-48.74790280609793,-26.858334028322314],[-48.74878745975881,-26.85824594370238],[-48.75064445439349,-26.857956200254794],[-48.75090221625253,-26.857883668140207],[-48.75107254289824,-26.857911922901685],[-48.751716948725225,-26.85773058926966],[-48.752145289667595,-26.85767354004725],[-48.75251794813169,-26.857551742052006],[-48.75296178600214,-26.857431074774556],[-48.75324877451782,-26.857320685204336],[-48.75354949494015,-26.85723605845168],[-48.75397959919334,-26.85708962439875],[-48.755042382692025,-26.856633928351076],[-48.75643611030224,-26.85600466241138],[-48.75690715002687,-26.85594827701832],[-48.7573789449645,-26.85585358331307],[-48.75837846931493,-26.855716169538383],[-48.758633957813736,-26.85575853930801],[-48.75888855388474,-26.855733331322835],[-48.759498735049526,-26.85580275430735],[-48.76006731326892,-26.855995502555505],[-48.760375149652894,-26.856284269141963],[-48.76094649884497,-26.856919174746785],[-48.7611402698353,-26.857203240265626],[-48.76130406199925,-26.857563465477426],[-48.76138495328012,-26.857794652126074],[-48.761417050993884,-26.858334160839892],[-48.761505139628284,-26.858923091091896],[-48.76142314774994,-26.85947101119243],[-48.76146500643684,-26.86023802480299],[-48.76137044023597,-26.861424370738852],[-48.76144296755683,-26.861848466122204],[-48.76134812514725,-26.86273243865075],[-48.76133633143782,-26.863331249539982],[-48.76123762095291,-26.863920001604946],[-48.76102857163513,-26.86568763856968],[-48.761069602087076,-26.866061576695298],[-48.76096439053448,-26.86698010809666],[-48.76088259611521,-26.86867510206742],[-48.760888269871685,-26.869369680879586],[-48.760927178349775,-26.870342582418218],[-48.761069250878926,-26.871483796085236],[-48.76120766692602,-26.872319376829022],[-48.76124791106313,-26.873224586393004],[-48.7611951807711,-26.87393560188378],[-48.76124636942694,-26.874285393738532],[-48.76121572740387,-26.874857861658214],[-48.76125522128597,-26.875309905169278],[-48.761369192238575,-26.875912444520416],[-48.761409712878105,-26.876312417570297],[-48.76152787017007,-26.878176387711342],[-48.761525063740514,-26.878810064045545],[-48.761605150650894,-26.87916725905196],[-48.76159806849789,-26.880017895017783],[-48.76153945152676,-26.88053609628518],[-48.76142427309247,-26.88097700739795],[-48.761144739739436,-26.881406631496446],[-48.76097905916817,-26.882444869643766],[-48.760988421043805,-26.882955995141735],[-48.761056571860976,-26.883246940730253],[-48.76108374521801,-26.883508250449115],[-48.76109269845708,-26.88375684800215],[-48.76106553466079,-26.88396346342394],[-48.76113107443712,-26.884386877301225],[-48.76122398748644,-26.884827288000967],[-48.7612687704851,-26.884972171963515],[-48.76125636923849,-26.885042365777675],[-48.76189934445504,-26.887269876216102],[-48.762278991610486,-26.888918351113777],[-48.76258731195737,-26.889539159287597],[-48.762584076179635,-26.889703353781826],[-48.762629046469314,-26.889745127520374],[-48.7626282375398,-26.88978617591876],[-48.7626732088657,-26.88982795056396],[-48.762672399949246,-26.889868998963095],[-48.762760722956266,-26.890034644085482],[-48.76280650331898,-26.890035369392344],[-48.76280488554839,-26.89011746709763],[-48.762850664939705,-26.8901181923763],[-48.76284904721302,-26.890200289180928],[-48.76289482663909,-26.890201014447335],[-48.7628924000679,-26.890324160558343],[-48.762938180551416,-26.890324885829727],[-48.76293737171333,-26.890365934233436],[-48.76298153354287,-26.890448757186707],[-48.76297991588766,-26.89053085399485],[-48.76302488661961,-26.89057262853422],[-48.76302407780421,-26.89061367693891],[-48.76306904960793,-26.890655450580542],[-48.76306581437046,-26.89081964510302],[-48.76310997644799,-26.8909024680279],[-48.76324489034826,-26.891027789725797],[-48.763289052647956,-26.89111061170329],[-48.76351229304655,-26.891401578026052],[-48.76369217935045,-26.891568672853953],[-48.7639603932316,-26.89190141292894],[-48.763958776182356,-26.891983509775223],[-48.76374278685296,-26.892719195770873],[-48.76338220247722,-26.89242605426362],[-48.762476298901355,-26.89191896481014],[-48.761393758676384,-26.89108057835612],[-48.76034810638109,-26.890694444924723],[-48.758892066152505,-26.890219668219526],[-48.758395784097274,-26.88984223883458],[-48.757535704951486,-26.88933584594988],[-48.754178090343984,-26.887763218654758],[-48.74967775800003,-26.886090188396654],[-48.74630325145557,-26.88537939801607],[-48.74291981937109,-26.88512005971308],[-48.74086148754125,-26.885005026701446],[-48.73893150215293,-26.885343690693603],[-48.73790478339363,-26.886312714833974],[-48.73769877466095,-26.887459124782783],[-48.73832249361321,-26.88833139794196],[-48.74031140995225,-26.889636131647375],[-48.742288945358546,-26.891515513900288],[-48.742986326395986,-26.893292291058017],[-48.74231927657667,-26.894595582269353],[-48.74203969300318,-26.89483747830256],[-48.7398193238398,-26.8959516629481],[-48.73901596797565,-26.89592077910555],[-48.73836447820227,-26.89536561940988],[-48.73801520752647,-26.895106346949312],[-48.73789987691934,-26.89496511602044],[-48.73776173670702,-26.894720377122795],[-48.73752292178855,-26.894223134484335],[-48.73727084223071,-26.893767494159288],[-48.73719675212505,-26.893585108410573],[-48.73697224563167,-26.893319466440044],[-48.73688668336241,-26.893246575563296],[-48.73634055255576,-26.892997254793414],[-48.73496733647388,-26.89259219550385],[-48.73476597305245,-26.892612701537796],[-48.734472345848836,-26.892673806542273],[-48.73421699699551,-26.892746313999723],[-48.733270710956376,-26.892944757336284],[-48.732714241734286,-26.892971428278532],[-48.731341450780604,-26.892961246090824],[-48.73081088619973,-26.893016378428847],[-48.73043100984596,-26.89302932365981],[-48.73015652366592,-26.893058189277152],[-48.729926757135644,-26.893114916374447],[-48.72934551668116,-26.892936176600685],[-48.728638516982116,-26.892637806815678],[-48.728531806962486,-26.892558407201314],[-48.728420053551964,-26.892430372694804],[-48.72818322270423,-26.892238827307498],[-48.727998344562316,-26.892157089388444],[-48.72784426249046,-26.892160004875436],[-48.72707202209295,-26.89238602250326],[-48.726895170289886,-26.89238425398189],[-48.72677092960048,-26.89233909683657],[-48.72663808034152,-26.8922430904824],[-48.72653057296758,-26.892203596493967],[-48.726388778745175,-26.892193760774642],[-48.72615570317426,-26.892223454197723],[-48.7255532191254,-26.892397815302402],[-48.725150035926205,-26.89241046118116],[-48.72454446900264,-26.892362421703258],[-48.7244108522347,-26.892372232151978],[-48.72427504765899,-26.89235807966066],[-48.72349188155723,-26.892024848208678],[-48.72331139986034,-26.89197647828377],[-48.7231569227935,-26.891962024572493],[-48.721837556653036,-26.89206429983656],[-48.72155121806466,-26.892061837430177],[-48.721266206074944,-26.892077825656983],[-48.721692421830916,-26.89097939404776],[-48.72256749001686,-26.888447739674877],[-48.723628914522806,-26.885754838971366],[-48.723221862191735,-26.88550191276315],[-48.72256699485434,-26.886189387671436],[-48.721202397909884,-26.888015110300113],[-48.720995393928945,-26.88920253203347],[-48.72032895151336,-26.890464659335343],[-48.72021617537517,-26.89205680955767],[-48.71973818624589,-26.89200136527407],[-48.719143808351674,-26.891967839627497],[-48.717871381500906,-26.891768282208716],[-48.71754324368895,-26.89165247280021],[-48.7173531445461,-26.891569472761038],[-48.71717368789502,-26.891452698987365],[-48.716629546973785,-26.891044337850218],[-48.71639123131184,-26.89082036626544],[-48.7161383545326,-26.890524379986125],[-48.71548437537112,-26.889833109829873],[-48.71437100625257,-26.888541039906475],[-48.714243576237436,-26.888376281556585],[-48.71400785324482,-26.88823608811878],[-48.713618924372156,-26.887943178219565],[-48.71313704996586,-26.887620253014326],[-48.71273278642179,-26.887312756266315],[-48.71226097186655,-26.886829669020006],[-48.711833239473975,-26.88620784419764],[-48.711664205777126,-26.885856984154408],[-48.71160603682608,-26.8856981307354],[-48.711462609614586,-26.885135941889015],[-48.71139928902423,-26.884478150080756],[-48.71137842399093,-26.883792335817144],[-48.711349436747746,-26.883509541320706],[-48.71133656480593,-26.882956645114792],[-48.711307561774966,-26.882542257484854],[-48.71101410457067,-26.88108400523089],[-48.71087613994298,-26.880515922105506],[-48.71074265029179,-26.879858189320593],[-48.710626932281365,-26.87937779626574],[-48.71059378569857,-26.87916910442248],[-48.71054845166886,-26.87903558100003],[-48.710423400812246,-26.878356451485413],[-48.71037004123466,-26.878223994570494],[-48.71009368407591,-26.877903692801365],[-48.70998227500867,-26.877739190969688],[-48.709882995448055,-26.877634699833198],[-48.70972101560343,-26.87754354812223],[-48.70918948217109,-26.877176041433874],[-48.70832434671039,-26.876625119952205],[-48.70757652050881,-26.876122070622703],[-48.70719580686082,-26.875969156721688],[-48.707157961616204,-26.87593013076235],[-48.70688872909653,-26.875886191804156],[-48.70668609631471,-26.875829252756315],[-48.706306005542864,-26.87575375656906],[-48.70582752228312,-26.875752488423892],[-48.70573057428491,-26.875781368649324],[-48.70562877380577,-26.87578677772555],[-48.70554747634413,-26.87583134111692],[-48.70521984459557,-26.875954793287093],[-48.70486557115263,-26.87622047196858],[-48.70475942654444,-26.8763331826139],[-48.70467685302046,-26.876454260110666],[-48.704500441833986,-26.876813328495196],[-48.704405731998534,-26.876947515105204],[-48.70431232287606,-26.877164223293935],[-48.70423579020097,-26.877280076033905],[-48.704173901771405,-26.877405480865917],[-48.70415999159931,-26.87750638352815],[-48.703969602670895,-26.877822643858615],[-48.70375677049933,-26.878074667673776],[-48.70358864193184,-26.878193259764394],[-48.70344250144007,-26.878249399080897],[-48.70311489275802,-26.878411367051587],[-48.70296759395285,-26.87850361001097],[-48.70237108051722,-26.878797294863862],[-48.70221142206199,-26.878828925494243],[-48.70191051011386,-26.878935408536876],[-48.70168677864736,-26.879043145889963],[-48.70114987448165,-26.879365533580454],[-48.70061449037571,-26.879612688257648],[-48.700368058766905,-26.879680922141155],[-48.700112290816975,-26.87971287970297],[-48.69990411257514,-26.8797155108348],[-48.69871800640727,-26.879440321264955],[-48.698340820493534,-26.879334838147376],[-48.69829103300181,-26.879306935532107],[-48.69786223194178,-26.879263824249655],[-48.697651613454,-26.879055695921934],[-48.697511161217854,-26.879029324788775],[-48.69746808523047,-26.879001531304155],[-48.697432148468764,-26.87895278128871],[-48.69742000724207,-26.878889369170874],[-48.697469488345384,-26.878766756149602],[-48.697479249548145,-26.878616404336398],[-48.697608223626084,-26.878381000458024],[-48.697683455026166,-26.878160409388453],[-48.697740863254865,-26.87813030384479],[-48.69787853490969,-26.877994061794894],[-48.69789521644884,-26.877959234120752],[-48.69803498173053,-26.87789465550186],[-48.69809092598225,-26.87789317936341],[-48.69821689889324,-26.877852253482583],[-48.69830125070545,-26.877762894766438],[-48.69835207522008,-26.87761979706199],[-48.69834847147634,-26.877300654849687],[-48.698329249530026,-26.877089626030283],[-48.698284648287185,-26.87697150062902],[-48.69823913247544,-26.876898513978876],[-48.6981728118837,-26.876858300674915],[-48.69814108512883,-26.876767476331537],[-48.69802040167423,-26.87659392751613],[-48.697826260511555,-26.87640111904782],[-48.69763010189209,-26.87632625272282],[-48.69758721625159,-26.87627079356146],[-48.697370441538524,-26.87620103528454],[-48.69728685572454,-26.87618462179688],[-48.69694470261757,-26.87617302350069],[-48.6968004014674,-26.876210055051622],[-48.696525617969186,-26.876236615644547],[-48.69646918954047,-26.87626196008812],[-48.696300679608726,-26.87629980288878],[-48.6961676669877,-26.876359714263977],[-48.69564436230572,-26.876401665364114],[-48.695553943604,-26.876391159567333],[-48.69549640932998,-26.876414302562345],[-48.69543612952386,-26.876407298930882],[-48.695358400213294,-26.876433122024338],[-48.69530237117015,-26.87648886128219],[-48.69515070352534,-26.876483999644428],[-48.695067392672556,-26.876456375608086],[-48.69505989142681,-26.876432375533653],[-48.69509867558472,-26.876329547203817],[-48.69508673636184,-26.876226246757433],[-48.69511509743433,-26.87614075117245],[-48.69521667938818,-26.87598959569588],[-48.695501543030666,-26.87566484166345],[-48.69558797832925,-26.8752084237084],[-48.69567494067935,-26.87485908794576],[-48.69571355985137,-26.87479286149116],[-48.69566790268161,-26.874790368681133],[-48.695566192045455,-26.875184737497168],[-48.69549486625191,-26.875556841438517],[-48.69545562259784,-26.875671192002066],[-48.695368098330036,-26.875751030643592],[-48.69508909952483,-26.876116573822483],[-48.69499685505604,-26.876317815395627],[-48.69494545938232,-26.876357568479662],[-48.694900065514446,-26.876363990385535],[-48.694788370373,-26.876357392804753],[-48.694747575932276,-26.876321886538157],[-48.69468625907641,-26.876366039446935],[-48.69458906747662,-26.876358433041943],[-48.69416448637406,-26.87666119411177],[-48.6940319635241,-26.876683473324054],[-48.6939672902059,-26.876727571101277],[-48.69390206703349,-26.876798751117455],[-48.69381018100618,-26.87686046597156],[-48.693800527342056,-26.87694894059401],[-48.69367989857555,-26.877120079785723],[-48.69363483529052,-26.87737244137021],[-48.69359430550847,-26.877407811302522],[-48.693520415343976,-26.87757517690968],[-48.693399788972954,-26.877729738019397],[-48.69334866015368,-26.877768035570462],[-48.69323529437715,-26.87790434592501],[-48.693046112882534,-26.878042130660265],[-48.69296403100712,-26.87815062503445],[-48.69286742842139,-26.878318574930663],[-48.692806544603386,-26.878346174235727],[-48.69260397423317,-26.878568631172648],[-48.692515443118836,-26.87863039987397],[-48.692446562509225,-26.878551008735236],[-48.69232298861371,-26.878558329192032],[-48.692294436118175,-26.87852204579185],[-48.692132732723515,-26.878158846845146],[-48.69207577255744,-26.87807911877893],[-48.69199415888151,-26.877902282478413],[-48.69210548874927,-26.87784856274788],[-48.69214046023026,-26.8778022416027],[-48.69213438197539,-26.87777460255337],[-48.69207151816766,-26.877763899458806],[-48.69197805739997,-26.877788423950555],[-48.69183041028274,-26.87748020087011],[-48.69172217408366,-26.87732231740151],[-48.69176513426672,-26.877285729749296],[-48.691691199636885,-26.877124306110527],[-48.691678474432926,-26.877035521051447],[-48.69158030716639,-26.876848420427805],[-48.69166323507209,-26.876781847252545],[-48.69163919991767,-26.876674336751467],[-48.69155109010635,-26.876565779117364],[-48.691331937003284,-26.876167691679203],[-48.69120633908429,-26.87604023231906],[-48.69095328112506,-26.875833150928663],[-48.69075947303665,-26.875543696602573],[-48.690646532496324,-26.87533650748314],[-48.69057120858029,-26.875159452962315],[-48.690323265731834,-26.874735728092986],[-48.690223828860475,-26.8745192080685],[-48.690202057483276,-26.874411405006114],[-48.69010116611567,-26.874266493112103],[-48.69012158503331,-26.874220614911135],[-48.68996540371459,-26.873636024967492],[-48.68994122870592,-26.873593941480255],[-48.68993544816217,-26.873526504259978],[-48.689901265639094,-26.873448981685318],[-48.68991004461877,-26.87336895528882],[-48.68978729885748,-26.872898753709322],[-48.689752768136465,-26.872662489127134],[-48.68969655128244,-26.872613467066216],[-48.689641052537425,-26.87252918310293],[-48.68961821977401,-26.87242106029413],[-48.689562133457244,-26.872365627591332],[-48.68949864853406,-26.872146526682666],[-48.689422222819175,-26.872036244946965],[-48.6892533484173,-26.87154861326161],[-48.689153046628874,-26.870998858375874],[-48.6891335263665,-26.87072566955624],[-48.689158163301876,-26.870336257766322],[-48.689203975927704,-26.870001666227818],[-48.68929937543518,-26.869557938830972],[-48.68943314909508,-26.869145323297886],[-48.68953788124087,-26.86892764050526],[-48.68957946616845,-26.868800880808873],[-48.68971885142074,-26.868523293878525],[-48.68999011842313,-26.868062949670243],[-48.69049490804263,-26.867354042344882],[-48.69071197257358,-26.867092716158226],[-48.69084800272475,-26.86697999387519],[-48.6910356905871,-26.866793151772704],[-48.691238576605365,-26.86665531657148],[-48.69152003649054,-26.866364400662654],[-48.691733164181116,-26.866117299393828],[-48.69195521868072,-26.865904907041056],[-48.69254800122896,-26.865465267461367],[-48.692875298261036,-26.865289155647954],[-48.69306663228788,-26.865166123889622],[-48.69359433117827,-26.86489477618019],[-48.69361089734503,-26.864838017726825],[-48.69385052530241,-26.864803909141234],[-48.693942217212104,-26.864748376775],[-48.69405134526396,-26.864745145619732],[-48.69418873995705,-26.864716281572036],[-48.694364448078986,-26.864659216793786],[-48.694459328199116,-26.864675764464305],[-48.6946873980003,-26.864641465832687],[-48.69477313438273,-26.86459447570874],[-48.694792502337094,-26.864556365726436],[-48.694912508523664,-26.864546385126854],[-48.695011520080975,-26.86455877098269],[-48.695008846800796,-26.864471337625492],[-48.69514613541951,-26.864462067409296],[-48.69517217640058,-26.86444579340601],[-48.695182669158534,-26.86438456964243],[-48.69539152650441,-26.864394681461633],[-48.695397784607664,-26.86445113200305],[-48.69543272451424,-26.864461657616523],[-48.69542922656122,-26.864542907869915],[-48.695470546174526,-26.86458165852013],[-48.69555733380507,-26.864577888551228],[-48.6955495809278,-26.864446971201335],[-48.69607108457765,-26.864423819673476],[-48.69606370413235,-26.86453470061372],[-48.69634305070292,-26.864502619700943],[-48.696699343173954,-26.864525142231326],[-48.69677062046773,-26.86455495665487],[-48.69685022115247,-26.86456819258015],[-48.69695972708457,-26.864550875487453],[-48.69718786882164,-26.864616830788133],[-48.69746206022572,-26.86467128549381],[-48.69760195490673,-26.86473087021962],[-48.69776618988646,-26.864771749401836],[-48.69791493991854,-26.864788499278365],[-48.69821558724381,-26.86487696709637],[-48.69854294657749,-26.865013623963286],[-48.69882602909241,-26.86510180533015],[-48.69889154922829,-26.86515301393579],[-48.698963311834866,-26.865158958358105],[-48.69904760826909,-26.865203309980725],[-48.69918426157209,-26.865199118001133],[-48.699305150060255,-26.86526318358701],[-48.700064206512806,-26.865591506529128],[-48.70031312884698,-26.865668613702336],[-48.70046255673296,-26.86573131630381],[-48.70051341446482,-26.8657339705456],[-48.700602138508884,-26.865777421410336],[-48.70075977715638,-26.86580498170853],[-48.70156563730627,-26.866068057400394],[-48.701898331379695,-26.866278664059468],[-48.70226633392057,-26.866455219212746],[-48.70230365919168,-26.866397798139456],[-48.7029754453732,-26.866743473983544],[-48.703469944977975,-26.867038359902107],[-48.70376773945447,-26.86719843581762],[-48.70374752685191,-26.867345148049555],[-48.70440261275253,-26.867784502352908],[-48.704779314103895,-26.8681123215247],[-48.70505533905408,-26.868375427178744],[-48.705540150067364,-26.86892262157934],[-48.70565578360611,-26.86894342282468],[-48.705792078717096,-26.869160103140057],[-48.705730977158055,-26.86922534318637],[-48.70589079991361,-26.86949602156685],[-48.706172462035816,-26.86982860222127],[-48.70637907267846,-26.870046423685707],[-48.70680177699023,-26.870709301188132],[-48.70669439791552,-26.870802175958662],[-48.70700689486494,-26.871349722773648],[-48.707063145996905,-26.871350635767183],[-48.7075016566672,-26.872102077751503],[-48.70743064196367,-26.872135618045235],[-48.70746986729939,-26.87226693052028],[-48.70760360905074,-26.872441437241996],[-48.70792200841464,-26.872988230725767],[-48.70843003613145,-26.873661197034174],[-48.70873546651595,-26.874170849581684],[-48.70952968303211,-26.874946931643205],[-48.70956911246892,-26.87503373922299],[-48.70971707948694,-26.875183854306076],[-48.7100000350501,-26.87544694555798],[-48.71027075830437,-26.87563598000966],[-48.71053776235484,-26.87600959963327],[-48.71085916179349,-26.876408719078285],[-48.71113063162004,-26.876560835118962],[-48.711441535646436,-26.876799756977373],[-48.712394170263074,-26.87720909891538],[-48.712515690002874,-26.877309544604763],[-48.71278741313956,-26.877449352369663],[-48.71303084552049,-26.877534031349676],[-48.7136923427231,-26.877650939025813],[-48.714594975815665,-26.877937081011027],[-48.71619382211265,-26.87823447593492],[-48.716584843952575,-26.87824144743508],[-48.71688757755044,-26.878367881907604],[-48.71731054000178,-26.878415448144192],[-48.71776431869127,-26.878436357266295],[-48.718277819506895,-26.878498959923448],[-48.719381316412246,-26.8785846654876],[-48.719564027039304,-26.878533307843504],[-48.71986754675719,-26.878497477541227],[-48.720628930830294,-26.87827896111284],[-48.72088922122674,-26.878133816591884],[-48.72143789435701,-26.87795259266515],[-48.72156115255286,-26.877845967433892],[-48.72205037259668,-26.877609475230177],[-48.722495001283264,-26.877331531955658],[-48.722543127207395,-26.877196540523542],[-48.72272801117073,-26.877036600080807],[-48.72284773020082,-26.877106413368896],[-48.72304802120137,-26.876933144381326],[-48.723292899096464,-26.87680132314024],[-48.723477510407065,-26.876654953706893],[-48.72375537684298,-26.876387895788387],[-48.72393211037983,-26.876114700000524],[-48.72401888123889,-26.87603963340091],[-48.724108993262796,-26.875797788895007],[-48.72424016926013,-26.875827707709306],[-48.724648963085016,-26.87554233729407],[-48.72493363268218,-26.875261918152344],[-48.72488078160155,-26.875191553800583],[-48.724990937020074,-26.875109911569833],[-48.72546644761845,-26.874589268031105],[-48.726377638875846,-26.873213670626455],[-48.72661603763869,-26.872662202016276],[-48.726737204677356,-26.872651959703234],[-48.72674729338462,-26.872559242513137],[-48.726833471227835,-26.872489792087976],[-48.726885239074186,-26.87239787367497],[-48.726919503717,-26.872245267929227],[-48.726988839472,-26.872210839525252],[-48.72697178110816,-26.872172184643606],[-48.727121835069404,-26.871852243604938],[-48.72713192228245,-26.87175952904375],[-48.727212417603596,-26.871532170446933],[-48.72727314634533,-26.871445151031523],[-48.72738509858722,-26.871166137466258],[-48.72744711379021,-26.871077218230923],[-48.72749005140362,-26.87094116469656],[-48.72752089867405,-26.87089057842746],[-48.727516010464264,-26.870863742963817],[-48.72756320581306,-26.870855476674482],[-48.72754824043576,-26.870810334395365],[-48.727564930911406,-26.870689065874586],[-48.727594284336526,-26.87064795929008],[-48.72761842469178,-26.870510820015934],[-48.72766363610119,-26.87039001021339],[-48.7276438704681,-26.87016670330385],[-48.727783091435526,-26.869975559358068],[-48.72774397499185,-26.869908037686724],[-48.727822130460474,-26.86984853067129],[-48.727817318623515,-26.869724070833687],[-48.72782898420164,-26.86968825235989],[-48.72779780149952,-26.869522138916345],[-48.72782540345238,-26.86936252548633],[-48.727850925252596,-26.869306988334582],[-48.72785209221412,-26.869248627384795],[-48.72793727899781,-26.86920064578385],[-48.727941793406266,-26.868974864940675],[-48.727896174290784,-26.86893841129306],[-48.727958088800555,-26.868890022914805],[-48.727955225310744,-26.868850698475924],[-48.72790485995573,-26.868780007028835],[-48.72796546658174,-26.86870356740016],[-48.727962603107045,-26.868664242058436],[-48.727993297451334,-26.868589451172756],[-48.72794724389049,-26.86855933210171],[-48.7279845877604,-26.868455092792296],[-48.72796115788726,-26.86840606654316],[-48.72797336432814,-26.868338152854903],[-48.728036161777545,-26.868271000364423],[-48.72807331655093,-26.868055563949593],[-48.72797855122163,-26.868049130720518],[-48.72797972882241,-26.867990231163475],[-48.72803421628962,-26.86787209447028],[-48.72808552006868,-26.86781026749951],[-48.7280838340652,-26.867712043493004],[-48.72805556156132,-26.867665764071],[-48.72811668576874,-26.867529270747962],[-48.7280877739459,-26.86733241205208],[-48.7281125671796,-26.86720290249401],[-48.728105867849465,-26.86715758454195],[-48.72806167836705,-26.867130688384197],[-48.728072064671565,-26.86702283798948],[-48.72809904347639,-26.866951260496936],[-48.72808974804441,-26.866685979110812],[-48.72806610450521,-26.866590675223367],[-48.7280282425995,-26.86654288883],[-48.7280328689519,-26.866447123522676],[-48.72800576654652,-26.86631046862188],[-48.72801855598076,-26.866213375306668],[-48.7280061658316,-26.866154796331635],[-48.72796690504017,-26.866083622902135],[-48.72798927640945,-26.866049927635682],[-48.727961201840266,-26.8659619065795],[-48.72796295194312,-26.865874365106507],[-48.72792364163193,-26.86580562388783],[-48.72792471114761,-26.865752126471723],[-48.727847113736104,-26.865849654941286],[-48.72775421992513,-26.865633296756656],[-48.727755900376785,-26.865549245763972],[-48.72769938266356,-26.86542377747668],[-48.727655255979165,-26.865373244258297],[-48.727646398721156,-26.865295252535546],[-48.72759917414589,-26.865225985077185],[-48.72759372611859,-26.865151161646477],[-48.72756645570689,-26.865125811732987],[-48.72749965063481,-26.864993950097475],[-48.727483913926406,-26.864912733356707],[-48.72749166492647,-26.86487237574232],[-48.72754316986237,-26.8649012306968],[-48.727565924818535,-26.86480506297007],[-48.72761507867424,-26.86477782777262],[-48.7276987558623,-26.86476048905],[-48.72768549462826,-26.864729135712956],[-48.727612665354535,-26.86472485101529],[-48.72738284911401,-26.864584139839643],[-48.72733853614669,-26.864542944842373],[-48.72727160613701,-26.864417308942365],[-48.727202637630235,-26.864220018785492],[-48.72667351178409,-26.863420555899985],[-48.726647238199355,-26.863345397401453],[-48.726606022726735,-26.86332293643779],[-48.72647717817809,-26.86316827838166],[-48.72640039821419,-26.863014457951373],[-48.72632193714842,-26.862944687528078],[-48.72626126578441,-26.862853406357537],[-48.72621857297974,-26.86273127349597],[-48.72630008510571,-26.86264850800698],[-48.72628682446904,-26.86261715456976],[-48.725954148034845,-26.862238123159987],[-48.72591089521418,-26.86214400780791],[-48.72583293327303,-26.862049333852806],[-48.725800715385326,-26.861924256002826],[-48.7257327919125,-26.861848427052998],[-48.72566071306761,-26.861806785621688],[-48.725504336238856,-26.861813609981965],[-48.725473409884295,-26.86179754306529],[-48.72535895110617,-26.861618203439694],[-48.72522192256982,-26.861525691848623],[-48.72515641194229,-26.861502839401158],[-48.72505781218362,-26.861398490631032],[-48.72497563251694,-26.86134111623378],[-48.72494855150005,-26.861306426725577],[-48.72495104264281,-26.86118190752164],[-48.72482263981784,-26.86100545738924],[-48.72480002512265,-26.860921015321622],[-48.724676632745485,-26.86084117936361],[-48.72465990146047,-26.86080976991546],[-48.724655016152745,-26.860706929807883],[-48.7246348146024,-26.86067546538365],[-48.72460085360669,-26.86063755067365],[-48.72454209822269,-26.860624148935184],[-48.72449654149082,-26.860645213218206],[-48.72444206650358,-26.86059139811942],[-48.724400665518324,-26.860578275778945],[-48.72437942319358,-26.860425347831015],[-48.724355999783015,-26.86038137492826],[-48.7242130291504,-26.860238944131765],[-48.72416915523767,-26.86017595746887],[-48.724114369002926,-26.860137707269097],[-48.724046760310486,-26.860046313543],[-48.72396651428799,-26.859892435258892],[-48.723831358850745,-26.85970653428847],[-48.72377216773348,-26.859714923086443],[-48.723720480113194,-26.85969540614287],[-48.723738457653056,-26.859664555674126],[-48.723711999722894,-26.85959873595109],[-48.72373735504824,-26.85954620646994],[-48.72371052313358,-26.859499065110317],[-48.7235610492984,-26.859334730225417],[-48.723520770952014,-26.85926557438139],[-48.72345601006817,-26.859205365423385],[-48.72330387621802,-26.859000505211892],[-48.72299401997955,-26.858696570984133],[-48.72290152335577,-26.85852443851897],[-48.72280030601063,-26.858445558515413],[-48.722764399456196,-26.858435012334354],[-48.72270683970382,-26.85825716165356],[-48.72249464364954,-26.858031964364855],[-48.72231329952164,-26.857792312193208],[-48.72224631032092,-26.857669130679113],[-48.7220973975174,-26.857474855571454],[-48.72207107156147,-26.857402166444874],[-48.722003184399746,-26.85732382405889],[-48.7219700011667,-26.857244070988013],[-48.72190751781341,-26.8571721797618],[-48.72186698567556,-26.857041809670765],[-48.72179251173739,-26.85689822921281],[-48.721793193916305,-26.856864185259038],[-48.721818449977185,-26.856827714565025],[-48.72180262106089,-26.85680556770805],[-48.72179861164878,-26.856734961064124],[-48.72176099742113,-26.85671732724089],[-48.7214923487471,-26.856725162250463],[-48.72149351941416,-26.856666797862886],[-48.72151593927465,-26.856630672260856],[-48.7214872380612,-26.85657426199447],[-48.72148831017691,-26.85652076474835],[-48.721667109431735,-26.856512965834963],[-48.72166987682335,-26.85639233809845],[-48.72168948838418,-26.856361032312385],[-48.72181571137847,-26.856287659915445],[-48.721813779256124,-26.856248708694512],[-48.72177364834349,-26.856221304970838],[-48.721720919881484,-26.856276020790713],[-48.72161304610526,-26.85627930483202],[-48.721562491424635,-26.856216956094542],[-48.72144815522976,-26.856123438942195],[-48.721375659731166,-26.856038131776582],[-48.7213547241524,-26.85596495729375],[-48.721272733531634,-26.855878103606454],[-48.72119909055773,-26.855742883067336],[-48.72106393441856,-26.855547481474257],[-48.721051694870766,-26.855506856049175],[-48.720864946644035,-26.85527156061653],[-48.72078986285187,-26.85507223532083],[-48.72073403782291,-26.855000404997433],[-48.720675211014424,-26.854806234019794],[-48.72066484058609,-26.85464341777896],[-48.72061228176033,-26.854544736181307],[-48.72052554453772,-26.854558969576303],[-48.72045854378946,-26.854325731290988],[-48.72038939581692,-26.854199608320368],[-48.72037120971636,-26.85411359556022],[-48.72039076742881,-26.854032425875772],[-48.72031632652683,-26.853937059719335],[-48.72029156704106,-26.853811921594055],[-48.720145481091286,-26.853481821617066],[-48.72012062381795,-26.853361573182823],[-48.72004473245022,-26.85320259130486],[-48.71987389095223,-26.85247574553468],[-48.71979371488241,-26.852481565247178],[-48.71967238348018,-26.851943090003907],[-48.719638291925676,-26.851867236668276],[-48.71963432747903,-26.851764498000815],[-48.7196875673107,-26.851752603469617],[-48.71971963068282,-26.85167576523337],[-48.71969500649231,-26.851572979341814],[-48.719556445738455,-26.851533511423785],[-48.71960353039824,-26.851407555028413],[-48.71964883095845,-26.851362136263575],[-48.7196090091388,-26.85113012126675],[-48.71955921543432,-26.851033847488008],[-48.71950910509428,-26.850677167756572],[-48.71943496131171,-26.850590251178104],[-48.7194788437327,-26.850550413800068],[-48.71945859791804,-26.85049873219839],[-48.71950150648427,-26.85037620453005],[-48.71947800210036,-26.850324463138726],[-48.71949067086296,-26.85023661615275],[-48.719445409256934,-26.85018207718229],[-48.719389944905345,-26.849952434988033],[-48.719419304537475,-26.849576164561686],[-48.71936490200927,-26.849577505954507],[-48.71935318085055,-26.849561105185074],[-48.71941507485917,-26.84952137791899],[-48.71941064653932,-26.84946400434965],[-48.71935040821088,-26.84939894298716],[-48.71932170372037,-26.849328228443547],[-48.71932891791593,-26.8492689021014],[-48.71930601935542,-26.84920908900179],[-48.719365270846104,-26.8491627050373],[-48.71937466051713,-26.849086905225636],[-48.71937973958526,-26.84896958622036],[-48.719344142406634,-26.84887890381264],[-48.71937980863882,-26.848830173759207],[-48.719298351508705,-26.848690188658825],[-48.719332905582775,-26.8484691850386],[-48.719402258358635,-26.848254537475743],[-48.719403620933335,-26.847914585697925],[-48.719426643660164,-26.84785429967689],[-48.71936453535071,-26.84779312392103],[-48.71943338940318,-26.84765384832589],[-48.719398980568435,-26.84757752237257],[-48.71939804911816,-26.847323522862446],[-48.71941709133158,-26.847275195090198],[-48.7194058046694,-26.847237184891117],[-48.719461631426725,-26.847157027231315],[-48.71946249795757,-26.847113809211407],[-48.719499769890376,-26.84705766968464],[-48.719482894028374,-26.84699795377463],[-48.71950226107503,-26.846933419563143],[-48.71949840488439,-26.846825278704436],[-48.7195667104539,-26.84672370584399],[-48.719569093222965,-26.846604857851357],[-48.71961857220106,-26.846540809366775],[-48.71961374115025,-26.846481287766835],[-48.71963902211699,-26.846422252811816],[-48.719676022979854,-26.846379617664173],[-48.71982049544979,-26.846084732376017],[-48.71982890027126,-26.845965981490075],[-48.71986882472141,-26.845777487534],[-48.71994945553186,-26.845662063835736],[-48.7199506466727,-26.845602639363797],[-48.71997571067338,-26.84555440860404],[-48.72003067089727,-26.845517467784966],[-48.72011242643219,-26.84534586003571],[-48.72019852302142,-26.8452686150571],[-48.720208637095745,-26.845175993335303],[-48.72040004116112,-26.844789482662634],[-48.72069046739177,-26.844458669386764],[-48.72111373165873,-26.843779193178822],[-48.72111784403184,-26.84357390972803],[-48.72195262271833,-26.842611749157687],[-48.72241490948138,-26.842127727859303],[-48.72330366511367,-26.84133988215759],[-48.72359331711579,-26.84119012436938],[-48.723796588371705,-26.840966431445647],[-48.724037737508,-26.840786293066838],[-48.72423033056916,-26.8407269460313],[-48.72440048502994,-26.840514344500292],[-48.72469373268232,-26.84038643824688],[-48.72478661650978,-26.84026413955055],[-48.7253891948445,-26.839910574026813],[-48.72586383019949,-26.83955955497615],[-48.726498264626414,-26.839161042711652],[-48.72699408951939,-26.838921140373177],[-48.72739467536747,-26.838770865294432],[-48.72771728079199,-26.838720832452477],[-48.7281892747505,-26.83861346559317],[-48.728536947568756,-26.83858386995415]]],[[[-48.68158373612789,-26.899647195911243],[-48.68201085542917,-26.898915128828442],[-48.68170883782358,-26.898006848475998],[-48.68173818334191,-26.896570228076996],[-48.68191492263291,-26.894643305995913],[-48.68225129889397,-26.89386868615662],[-48.6824012888107,-26.89363671942637],[-48.68241424171775,-26.893668781639093],[-48.68239773054319,-26.893791916635355],[-48.68241866010585,-26.89390939067909],[-48.682321351773226,-26.894219444357685],[-48.682323047984326,-26.89436484073859],[-48.68227401326485,-26.89445183718911],[-48.6822493903407,-26.894734530935718],[-48.68226201429881,-26.894808680877382],[-48.682246069628896,-26.894897151818252],[-48.68226706317338,-26.89493597892815],[-48.68226485104191,-26.8949972395158],[-48.682331105048284,-26.895112726840562],[-48.68234182603891,-26.895158917923897],[-48.682318195897274,-26.89540220424238],[-48.68228373128885,-26.895476008023525],[-48.68231498732652,-26.895514726552666],[-48.68227531155216,-26.895657559462162],[-48.68232687707233,-26.895776746594265],[-48.68222927275542,-26.896215429868548],[-48.68216833440149,-26.896280731225975],[-48.68217825690013,-26.896371739394958],[-48.68222973039924,-26.896421462041626],[-48.6822117838167,-26.896500649239098],[-48.68222475172079,-26.89655106089694],[-48.682272314611346,-26.896620865255752],[-48.68227858558301,-26.896656525887536],[-48.68221297241752,-26.896785128405078],[-48.6822342863825,-26.89688378490398],[-48.682176862400546,-26.896901573967455],[-48.682269350313426,-26.89733719621586],[-48.68222858244009,-26.897368900816975],[-48.682266798772396,-26.89757445730313],[-48.68232606089963,-26.897644549382917],[-48.68237641010512,-26.897806430522884],[-48.682387883709595,-26.89793002393451],[-48.68244050136207,-26.89809508005711],[-48.68267978646841,-26.898600996512773],[-48.682721300177924,-26.89873867906305],[-48.682910748471556,-26.899057623182532],[-48.68295268850772,-26.899174396073544],[-48.683085132716805,-26.8993146168676],[-48.68316406736155,-26.89944768476433],[-48.68317477245161,-26.899608915049008],[-48.68326241683747,-26.89977245392402],[-48.68335433500508,-26.89984089405388],[-48.68344689353578,-26.89987797063172],[-48.683460032998624,-26.899920018553964],[-48.68356382560885,-26.899978195109938],[-48.683623478221016,-26.90002728176778],[-48.68363907717306,-26.900063094509864],[-48.68381168151846,-26.90017887427109],[-48.683855821686144,-26.900187964947037],[-48.683954068601516,-26.900174935762813],[-48.68400248845128,-26.9002029204721],[-48.6840189903121,-26.90030881836075],[-48.68404892398804,-26.90032813421323],[-48.68415153705166,-26.900329817611276],[-48.68414067240755,-26.900404937548103],[-48.68417276781386,-26.900432655303035],[-48.6842447645165,-26.900448477464167],[-48.68429029746425,-26.90050360686041],[-48.68455008789115,-26.900576891789353],[-48.684745644776385,-26.90059683215022],[-48.68508231080472,-26.90067555970858],[-48.68528231950182,-26.90070603064921],[-48.68560924347937,-26.900690474245344],[-48.68584402185651,-26.9007319718423],[-48.68608778682731,-26.90079035020117],[-48.686337930056716,-26.90087916080507],[-48.68642734918411,-26.900955924564165],[-48.6864659299205,-26.901008847530157],[-48.686525955845376,-26.90115415312288],[-48.686550744292624,-26.901311431373635],[-48.68656218897957,-26.901551109725702],[-48.686553230839905,-26.90164717687801],[-48.686477938025746,-26.901907396248514],[-48.68641942974713,-26.90203088846488],[-48.68601894092855,-26.902679210679487],[-48.685554855617966,-26.903242614739515],[-48.68543118954327,-26.903357926907344],[-48.685336622698486,-26.903419125187416],[-48.68525803951893,-26.90349731843474],[-48.685094546300455,-26.903620762359473],[-48.68500866789737,-26.903713475994447],[-48.6849378058793,-26.903756237976335],[-48.68488682547236,-26.903853708461263],[-48.68485590946543,-26.903882483565983],[-48.684757359668545,-26.90391015024323],[-48.684663901408186,-26.90391698375913],[-48.684450846058915,-26.904068268872788],[-48.68421098598198,-26.904161175846784],[-48.68412546921177,-26.904236116879634],[-48.68386076223913,-26.904403286501335],[-48.68355743240317,-26.90451962301016],[-48.68337233497554,-26.904558417556732],[-48.68325198301803,-26.904625465750456],[-48.6831204388713,-26.904646523532517],[-48.68302798872105,-26.904718213181148],[-48.682985666947424,-26.904734251384184],[-48.6828803332188,-26.90475134613337],[-48.68284950185442,-26.90477594027466],[-48.682805259332206,-26.904886069726885],[-48.68269673885058,-26.904944944284736],[-48.68266995795319,-26.90511392643014],[-48.68271022897151,-26.905198252108292],[-48.68269707391032,-26.905271242381545],[-48.68274269323851,-26.905322190042977],[-48.68282323655362,-26.90549084227963],[-48.682899196490354,-26.90554124206075],[-48.68297369943443,-26.90554873969603],[-48.68296934060424,-26.90546097694622],[-48.68303494816133,-26.905422104111548],[-48.68313897592242,-26.90548555162994],[-48.68323152267744,-26.90551612451339],[-48.68326707915761,-26.905560289310923],[-48.68334695765787,-26.905616077532837],[-48.68346740670037,-26.90566889927057],[-48.6835363971976,-26.90566276784395],[-48.683520603769715,-26.90572922912746],[-48.68360553594712,-26.905649375132963],[-48.6837960133726,-26.90564523725125],[-48.683872806634476,-26.905653761066972],[-48.683997453360426,-26.905699387560816],[-48.684046344428104,-26.905685662401183],[-48.68408242007538,-26.905704413083168],[-48.68427724316999,-26.905685819388545],[-48.68432973870405,-26.90569394432062],[-48.68440166782051,-26.905742336967602],[-48.684475152070135,-26.905714488647842],[-48.68460451615018,-26.905727505869958],[-48.684705235924866,-26.905754580490317],[-48.68479499277179,-26.905723366628727],[-48.68485956371355,-26.905735320826032],[-48.68507051129981,-26.90572062189897],[-48.68519066406883,-26.90578796382025],[-48.685231604924155,-26.90576684507626],[-48.6853157559891,-26.90581180631775],[-48.68557147148553,-26.905786944799882],[-48.685640091694395,-26.905798965943735],[-48.68573624429708,-26.905851386514627],[-48.685813111976685,-26.90585627911239],[-48.68592296826694,-26.905832657749734],[-48.68612463199357,-26.905875912760983],[-48.68623293434109,-26.905928533082186],[-48.68653294979611,-26.90611503945523],[-48.6866905652706,-26.906331897613708],[-48.68669688787003,-26.906419163736505],[-48.68674871771888,-26.906459963043726],[-48.68674701505733,-26.906543465341077],[-48.686797735570295,-26.90663872278927],[-48.68678719327099,-26.906758398675066],[-48.68681796109684,-26.906838801730505],[-48.68680845619433,-26.906907649676267],[-48.6867547904594,-26.906956923822023],[-48.686712753113206,-26.907073369890156],[-48.686693529308215,-26.90721528112555],[-48.68659152311574,-26.907412312551475],[-48.686536610586984,-26.90747374270041],[-48.68644424526546,-26.907541252267393],[-48.686336776950604,-26.907662896660277],[-48.686130102500904,-26.907958610329327],[-48.68595355122786,-26.908150026928876],[-48.68579563544967,-26.908217259931916],[-48.68560953906009,-26.90834051576393],[-48.685560406706976,-26.908446880374747],[-48.6854088438442,-26.908551565195854],[-48.685380206333164,-26.90863807027548],[-48.685239427518,-26.90869423193448],[-48.685197761180184,-26.908775216976984],[-48.68501450483807,-26.9089520905635],[-48.68489019145502,-26.909098765228595],[-48.684856259555374,-26.9091609575082],[-48.68473191955969,-26.909537500214583],[-48.684658258348115,-26.90994583122665],[-48.68459563945154,-26.910156057153095],[-48.68460696842852,-26.91040117142096],[-48.68459135206185,-26.91048039699352],[-48.684592986782356,-26.91062892816237],[-48.68450170162628,-26.91146616955598],[-48.68446542095826,-26.911643361653176],[-48.68448250034491,-26.91172103180087],[-48.68447210377515,-26.911773151779325],[-48.68443622232485,-26.911816487156756],[-48.684419837193296,-26.91193334865559],[-48.684329100107355,-26.912149387589512],[-48.68429792536676,-26.912190709215835],[-48.68420790872149,-26.912257209652378],[-48.68418839598183,-26.912298721715484],[-48.684190002810766,-26.912334305728663],[-48.68416578214099,-26.912377831467637],[-48.684183843329876,-26.912407410880235],[-48.68417357461221,-26.91245325830784],[-48.68412021376492,-26.912552780070946],[-48.68414778493755,-26.912628099217855],[-48.68413216720052,-26.91267782505209],[-48.68386423208422,-26.912992244629205],[-48.683388736579076,-26.913296893456092],[-48.68333365200965,-26.91342683191392],[-48.6833297740917,-26.913551723507872],[-48.68327350270967,-26.91357698108761],[-48.6832173352105,-26.91372719649769],[-48.68304909161779,-26.913921660811127],[-48.68303985091193,-26.914032507313546],[-48.68294112840448,-26.91412133082635],[-48.68294570051987,-26.91422244126329],[-48.68300790110588,-26.914231792887445],[-48.68305497132561,-26.914267077420604],[-48.683057935970496,-26.914446824644855],[-48.68297803683871,-26.914532632656545],[-48.683079769591885,-26.914612719804452],[-48.68305594594965,-26.914674212014237],[-48.68309747082147,-26.91485090319452],[-48.683048724304626,-26.914897704315333],[-48.68304251662162,-26.914941634746814],[-48.683074026588486,-26.914958812798325],[-48.6830971602999,-26.914996084936377],[-48.683076160410934,-26.915049292255034],[-48.683133005468314,-26.915060936529223],[-48.68320371922184,-26.915108509581284],[-48.68327473964565,-26.91520606972584],[-48.68320959523319,-26.915327630768907],[-48.68331537548462,-26.9155176128944],[-48.68333470168512,-26.91559950369636],[-48.68333282971582,-26.915741596952063],[-48.683386477488895,-26.915844822480878],[-48.68342672655038,-26.915824062212867],[-48.683507240703044,-26.915846804979484],[-48.683484905202846,-26.915965443812343],[-48.68366836177801,-26.916284337199947],[-48.683789017537634,-26.916431476597612],[-48.6839038466838,-26.916521208621297],[-48.6840214614153,-26.916703018096058],[-48.684166485047015,-26.916799521007498],[-48.68438114052344,-26.916913899367216],[-48.684550412601055,-26.9170798232542],[-48.68468368924408,-26.917180315687652],[-48.68472755324538,-26.917203206363887],[-48.68485562601239,-26.917215765997053],[-48.68490888821603,-26.917235464596192],[-48.685037798741675,-26.91732124402144],[-48.6851198135433,-26.91741838540904],[-48.68532400369961,-26.917474025583612],[-48.68531148257278,-26.917506324901172],[-48.68536953286944,-26.91757617604753],[-48.685442351065575,-26.91759435608446],[-48.68552686160593,-26.917641505535943],[-48.6856475954463,-26.91767067610034],[-48.68573999925286,-26.91771611573457],[-48.685828071322554,-26.91771765582815],[-48.6858749085877,-26.917690130899633],[-48.68603495355988,-26.917736679642456],[-48.68610837140381,-26.917791146970625],[-48.68617216041711,-26.917803675543457],[-48.68623448038029,-26.917792242069748],[-48.686294569653384,-26.917820418567764],[-48.686541002336035,-26.917864199550497],[-48.68694157958024,-26.918015088155453],[-48.68703856766652,-26.918064576436354],[-48.68723334489581,-26.918124242419207],[-48.68729995519232,-26.91817595164969],[-48.68737166502168,-26.918206409107597],[-48.687380015149,-26.918254652864835],[-48.687417747427446,-26.91828213038949],[-48.687498719640445,-26.91828180237819],[-48.68758879204077,-26.91832720174363],[-48.687623182170874,-26.918357048380596],[-48.687670373854814,-26.918445670001525],[-48.68770027013338,-26.91846707561831],[-48.687724233720914,-26.91852413480227],[-48.6878205700571,-26.918584247073444],[-48.68787266980256,-26.918584441118842],[-48.688113682621385,-26.918789684252634],[-48.68819773653277,-26.918905447542404],[-48.68829319114255,-26.919117465209006],[-48.68825449153371,-26.919288351256853],[-48.68814859651083,-26.919444456348316],[-48.68799522575706,-26.91962609025715],[-48.68797356461107,-26.919680979572348],[-48.68793771719348,-26.919711960189257],[-48.6878697602881,-26.919734522854995],[-48.687714527740255,-26.91986351225282],[-48.687672894743955,-26.919923857908074],[-48.68759461630308,-26.9199865783032],[-48.68727075247801,-26.920192524334375],[-48.68717324185008,-26.920282956992917],[-48.68673710667124,-26.92050212021933],[-48.68654436121978,-26.920685740993356],[-48.68639790968323,-26.92077327965844],[-48.686293024001294,-26.920881996722287],[-48.686182242668146,-26.920936654267106],[-48.686112052534355,-26.920945961480747],[-48.68600288926805,-26.921133874194044],[-48.68575836928693,-26.921339024947287],[-48.685694948167296,-26.921473939686837],[-48.685557653447184,-26.921569994035245],[-48.685227178754104,-26.921870784887574],[-48.68508288573325,-26.92196672391023],[-48.68494758116889,-26.922079542245527],[-48.68480146723472,-26.922150351742804],[-48.68449225454519,-26.92243810380523],[-48.684364672352075,-26.922515490651918],[-48.68417256884101,-26.922667326570814],[-48.684077301012934,-26.922761977325703],[-48.68392151366353,-26.922849359026802],[-48.68382892005817,-26.922927320614427],[-48.683804696648025,-26.92297084697995],[-48.68369352766436,-26.923044319847037],[-48.683547907433024,-26.923205075035685],[-48.68337955860925,-26.923336173864563],[-48.68335287491824,-26.92338593434279],[-48.68335872729564,-26.92344208584439],[-48.68334116027623,-26.923502454288418],[-48.68328214424455,-26.923649990152967],[-48.68328077686489,-26.923716899197977],[-48.683316175516765,-26.923811603116274],[-48.683425063711546,-26.923963986967706],[-48.68347773153247,-26.92401295855225],[-48.68375472142243,-26.924160573255456],[-48.683885903647294,-26.92413553575212],[-48.68397666135846,-26.92414748394478],[-48.6841054242499,-26.92412658928644],[-48.68424865305609,-26.92408292537194],[-48.68435756008178,-26.924120270545643],[-48.68456058286995,-26.924119419022286],[-48.68477428574492,-26.924166850190268],[-48.685204922614105,-26.924217839635762],[-48.68545335975352,-26.92427838980826],[-48.685700147341706,-26.924305445812273],[-48.6862842961537,-26.9244949060165],[-48.6864758556827,-26.924598444812798],[-48.68674023857873,-26.924678078102882],[-48.68718943989907,-26.924848589044164],[-48.6873425404477,-26.924892931083722],[-48.68753550930754,-26.924927468167677],[-48.68779935227259,-26.92491924249145],[-48.68805077782792,-26.924833423816835],[-48.6881312805983,-26.924776177860032],[-48.68832367725375,-26.92460990869194],[-48.68852223129931,-26.92437053476073],[-48.688586259915,-26.92409130708239],[-48.688592971054035,-26.92399101866412],[-48.688567128474006,-26.92388517847628],[-48.688582317359234,-26.923826861229095],[-48.68856769470757,-26.923742957103673],[-48.688614439812866,-26.92366884717311],[-48.68860039373937,-26.923523828905374],[-48.688537842384775,-26.923256088241853],[-48.68841669103228,-26.9231380973716],[-48.68843990004482,-26.92305635262147],[-48.6883066788295,-26.92292608755883],[-48.68825753594697,-26.92281860936474],[-48.68807178551068,-26.92254470136473],[-48.68803629780931,-26.92245418067767],[-48.68786378555126,-26.922332131477607],[-48.68774398103411,-26.922164771117952],[-48.68765081087355,-26.922148002975668],[-48.68759966554784,-26.922154784876877],[-48.68753198937066,-26.922138435392927],[-48.68749846257588,-26.92211502455524],[-48.68746586712872,-26.92204590632015],[-48.68737409568128,-26.921960576945754],[-48.68733300238056,-26.921891319395172],[-48.6873419665403,-26.921868605002693],[-48.687480114462964,-26.921764183759443],[-48.687532347309215,-26.92170407601457],[-48.68776444244324,-26.92157833198534],[-48.68788528304927,-26.921488866957382],[-48.68799576032346,-26.9214906773355],[-48.68806436826252,-26.921461320083],[-48.68815940201934,-26.92138667312075],[-48.68821179067032,-26.9213189475039],[-48.68839890754726,-26.921314392220776],[-48.68850196026862,-26.92124484338065],[-48.68884298229843,-26.921227422325842],[-48.68891554691637,-26.92121606080198],[-48.6889509621624,-26.921195725196096],[-48.68902089561299,-26.921198961598183],[-48.68922921748627,-26.92116681678742],[-48.68938549924064,-26.921169375319167],[-48.68966697137311,-26.921211634096633],[-48.68992401102669,-26.92130787385548],[-48.690122012730804,-26.92143870434057],[-48.69020063865478,-26.9214734573888],[-48.69024639528341,-26.921518130616768],[-48.69026865543631,-26.92157078565063],[-48.69045701968349,-26.9218311385799],[-48.690494416079424,-26.92194260660124],[-48.69063031550774,-26.92214395310656],[-48.690862623394814,-26.922652672555746],[-48.690828345833076,-26.92274634369154],[-48.690820026196036,-26.922935984858412],[-48.69085023940156,-26.922984422961253],[-48.69091899814516,-26.923219274175676],[-48.69094078784753,-26.923243602145853],[-48.69093928284193,-26.923317491361644],[-48.69091165379994,-26.923360986798816],[-48.69090144141424,-26.923424745363743],[-48.69094707534932,-26.923480385479596],[-48.69091214728014,-26.923540245311962],[-48.69074311786646,-26.924015439267794],[-48.69061789691904,-26.924145241466974],[-48.690535842769556,-26.924262015130388],[-48.69048459616056,-26.924370777696787],[-48.69044103742416,-26.92440302692107],[-48.69044047795877,-26.92443048693798],[-48.69034439356027,-26.924483852316953],[-48.69025393159199,-26.924562030937793],[-48.69024607003876,-26.924647055853384],[-48.69002115396346,-26.924706552746198],[-48.68995297575101,-26.924743892711692],[-48.689685883827785,-26.92491806732944],[-48.689607283454436,-26.92501566878384],[-48.6894523211832,-26.925101031552273],[-48.68937405631756,-26.92518215721814],[-48.68933399221647,-26.9253435680845],[-48.68934122374203,-26.925439828134444],[-48.6894010934935,-26.9255094811529],[-48.689381313791834,-26.92557782964381],[-48.68939447169022,-26.925987339137798],[-48.688979565743836,-26.926384496318278],[-48.688427584480046,-26.926589584844066],[-48.68776076490388,-26.92677063870972],[-48.68736576960167,-26.926952452901443],[-48.68705184152733,-26.927198357425894],[-48.68682415242629,-26.927456751738834],[-48.686701080476894,-26.928038060143475],[-48.68675146772719,-26.928596368139164],[-48.68684558027368,-26.928828657777267],[-48.687158208701,-26.929454028826324],[-48.68745788655498,-26.93010872268035],[-48.68768603571686,-26.930433660826058],[-48.687971154083854,-26.93079275996294],[-48.68833008882103,-26.93116783662563],[-48.688731557849046,-26.93147715431412],[-48.688981527141664,-26.931540320454726],[-48.68919968455319,-26.931547586357645],[-48.68959341477478,-26.931428510296087],[-48.68991011454824,-26.931249100150783],[-48.69022816635238,-26.931003256230408],[-48.69040606742227,-26.9309115797758],[-48.6904240318492,-26.930959405050952],[-48.69053522580646,-26.93100308586073],[-48.690691911412586,-26.93110611444653],[-48.69083111686315,-26.931150253617478],[-48.69098902767649,-26.9313715576785],[-48.69103448434615,-26.93177472914384],[-48.691017037362656,-26.931943864514864],[-48.69102703998089,-26.93202560097366],[-48.6910672827777,-26.932112016119046],[-48.69106607976835,-26.932285601068127],[-48.69104762035889,-26.932389880051424],[-48.69109782335822,-26.932560122792562],[-48.691091479730225,-26.932642428226902],[-48.69115840668326,-26.932679081412697],[-48.69113846626907,-26.932741503882767],[-48.69115872634013,-26.932892431720663],[-48.69122819951764,-26.93291866826327],[-48.691243932423,-26.932948208830673],[-48.69124524305095,-26.932998429019136],[-48.691275929911264,-26.93308566323482],[-48.69127128207889,-26.93313465063377],[-48.69139111953611,-26.93334267815355],[-48.69157980462122,-26.93357472799742],[-48.69163704108273,-26.93363126993917],[-48.69171285143388,-26.933671761032002],[-48.69181624876596,-26.933791205287434],[-48.69192104396627,-26.93384198365318],[-48.69195313498301,-26.933874898007197],[-48.69212910897044,-26.933942617282973],[-48.69218746315937,-26.934056519719388],[-48.69221520150231,-26.934069523709258],[-48.692255157834516,-26.93405553548124],[-48.69228205303482,-26.934109939226644],[-48.69235580913774,-26.93415507008847],[-48.69237608090408,-26.9341909594249],[-48.69247990861438,-26.93424913145241],[-48.692549586054724,-26.934379951925184],[-48.69263348374578,-26.93438550810837],[-48.692705247705206,-26.93441387329204],[-48.69279062602845,-26.934461285001074],[-48.692843301692484,-26.934510253571972],[-48.692882832358436,-26.93451717571142],[-48.6929492075915,-26.934581009412017],[-48.69299841019907,-26.93457135680098],[-48.69313036034174,-26.93462371283561],[-48.6933284813266,-26.934635319528628],[-48.69340644412445,-26.934588487589195],[-48.693492801832804,-26.93458780797583],[-48.69360889851953,-26.934501859041873],[-48.69377198459493,-26.934514983144293],[-48.69381775509013,-26.93444461703816],[-48.693911706723135,-26.93441477825253],[-48.69400502831693,-26.934301265361082],[-48.694075480787255,-26.934279408728727],[-48.694145593822824,-26.934274280342702],[-48.694239903908795,-26.93433304634676],[-48.69435723244437,-26.934276623775805],[-48.69458052169942,-26.93423119114595],[-48.69474649365901,-26.934217170935778],[-48.69478916468929,-26.93418440247079],[-48.694889477084,-26.934186041896577],[-48.69493210654909,-26.934155363646425],[-48.69502041325968,-26.93417353970992],[-48.69500459952559,-26.934143114710306],[-48.69522382858738,-26.934047446552984],[-48.69525857187118,-26.934124010972518],[-48.695282148090655,-26.934098465661876],[-48.695380938491674,-26.934068650781967],[-48.69553337226672,-26.933978089540066],[-48.695651963526274,-26.933998847328528],[-48.69601440362949,-26.933962940330424],[-48.69612349356188,-26.933991912604373],[-48.69624514065483,-26.933977166591653],[-48.696366066085204,-26.933997966421085],[-48.696550359219884,-26.934000976229363],[-48.69673334034685,-26.933953765527388],[-48.69679844700388,-26.933965287000756],[-48.696949023915366,-26.93390499670871],[-48.69702316862949,-26.933816267046684],[-48.69702418852928,-26.933766084847193],[-48.69709256308395,-26.93373164347071],[-48.69711470607792,-26.933675531512574],[-48.697188383074156,-26.933609802597612],[-48.697232116513206,-26.933524759988305],[-48.697263722064534,-26.93334748812379],[-48.697200548064245,-26.933240829424136],[-48.69719516454742,-26.93316126045686],[-48.697223797894324,-26.933111862062166],[-48.69721694349136,-26.93303506211757],[-48.697117221745444,-26.932765654449625],[-48.69708030845885,-26.93271853576058],[-48.69697901670474,-26.93265887884849],[-48.69691637029167,-26.932641123030425],[-48.69683158632464,-26.932564440385008],[-48.69677356459454,-26.93254885186479],[-48.696734714263485,-26.932508476044543],[-48.69669967904335,-26.932509995792625],[-48.69662834008917,-26.932460723852074],[-48.69655534820025,-26.93237795808236],[-48.696533082294785,-26.93232530468006],[-48.69654993801644,-26.932186938845657],[-48.69662750812465,-26.93207492288713],[-48.69673102287271,-26.932001197606294],[-48.69694750490698,-26.932027739932916],[-48.69702304647103,-26.931985049075518],[-48.69706011610587,-26.931998204465916],[-48.69712369303828,-26.932084999061587],[-48.69722090489858,-26.93212423481879],[-48.69726836416931,-26.932200307904672],[-48.69775731421625,-26.93236934418837],[-48.69781347124264,-26.932361894278035],[-48.69782220771938,-26.93239131999827],[-48.69787539454739,-26.932415195659253],[-48.69804547664513,-26.93242842977898],[-48.698346872286166,-26.93252537944261],[-48.69870048237851,-26.9325792561225],[-48.69894822696894,-26.93256029028741],[-48.69911618873612,-26.93256303020923],[-48.6991578825099,-26.932578351440558],[-48.699286228879664,-26.93257835310677],[-48.69948867414223,-26.932606754496362],[-48.69955641059651,-26.932603676439722],[-48.699697482408645,-26.932551594509743],[-48.699825744900444,-26.93255577800908],[-48.70010186401978,-26.932633486988614],[-48.7002453941682,-26.93269020982568],[-48.7003385801633,-26.932698003759636],[-48.70051672211687,-26.932659075551406],[-48.70068447209836,-26.932672267592668],[-48.70107515463947,-26.932739292884605],[-48.70124729211805,-26.932791966990003],[-48.70049904808489,-26.9334617672377],[-48.69854147061598,-26.93511330716685],[-48.697234163723344,-26.936323774992804],[-48.69638729866406,-26.93741856921735],[-48.696691185480915,-26.93824473429061],[-48.69779281634468,-26.93813954098431],[-48.69871042430265,-26.93807239621723],[-48.70171970663937,-26.938778430387316],[-48.70573491943494,-26.939582890077855],[-48.70805400228624,-26.940441803588374],[-48.71022079257043,-26.94203729369118],[-48.7118467548699,-26.94319284506625],[-48.71273622055452,-26.944521206575136],[-48.71198434780752,-26.94545339731257],[-48.7110434532972,-26.946669937332327],[-48.71023413247361,-26.948176028840543],[-48.70988114812276,-26.949771647417137],[-48.709291665221805,-26.951732964816816],[-48.70968562483138,-26.95264269108099],[-48.71016469880336,-26.95614059601078],[-48.711140190592204,-26.96001610369656],[-48.71181251305896,-26.963024418940748],[-48.71190844003434,-26.96507898877216],[-48.71128387538601,-26.96650595690931],[-48.71025365363291,-26.967597848564438],[-48.70891521127361,-26.968068818538875],[-48.708114828227345,-26.968252110124233],[-48.70817930233571,-26.967920093157403],[-48.70818102742023,-26.96770032580787],[-48.70816373558885,-26.967612125717068],[-48.70811434098333,-26.96749409785645],[-48.70790795172805,-26.967187911870028],[-48.70782016104281,-26.966947150891066],[-48.70778568028354,-26.966900188642207],[-48.707784291214,-26.966834226890132],[-48.70775540768875,-26.966780029701518],[-48.707617190352636,-26.966606829569614],[-48.70757775556555,-26.966535364985976],[-48.70750280162183,-26.96646820660113],[-48.707458510684404,-26.966367357306304],[-48.70705238468779,-26.96596511814621],[-48.70685923133607,-26.96581300236611],[-48.70674177357621,-26.9656914246445],[-48.70661807563789,-26.965608819834394],[-48.70657294461487,-26.96554947406743],[-48.70624970527435,-26.965361050024086],[-48.70585711319061,-26.96509823220684],[-48.70561761786883,-26.96493297638803],[-48.705387542398746,-26.964742907695133],[-48.70527156170666,-26.964694438393654],[-48.705208255474936,-26.964611891609753],[-48.70505377057121,-26.964539505165167],[-48.70496518984612,-26.964421610774068],[-48.704837869909255,-26.964291440466763],[-48.70470015610124,-26.964033002891536],[-48.70455913704376,-26.963937545215405],[-48.70450929546002,-26.96383192650927],[-48.704139859082815,-26.963464908207108],[-48.704026004874066,-26.963311666561133],[-48.70387341310678,-26.96314614784777],[-48.70357885897319,-26.962931736002982],[-48.70342603213537,-26.962777858034205],[-48.70338989206621,-26.96263752720453],[-48.70333957958907,-26.962555191400426],[-48.70333107691638,-26.96233379400169],[-48.70328170958526,-26.962204892629504],[-48.70328454450477,-26.96206519686445],[-48.70319716417004,-26.961986887393717],[-48.70312778091721,-26.96143867849303],[-48.70317082797338,-26.960970455192157],[-48.70328264924506,-26.96041918601028],[-48.70337666639726,-26.960084053852054],[-48.703432514654,-26.95997675105192],[-48.70347708395304,-26.959764055919536],[-48.70352567736404,-26.959683687152516],[-48.703592012018795,-26.959390186994494],[-48.70363700787245,-26.959321783605688],[-48.70365938312313,-26.95921092844763],[-48.70376778657302,-26.958993261949175],[-48.703769188642056,-26.958924148350697],[-48.703833084806725,-26.958750845099253],[-48.703837596403964,-26.958693806191697],[-48.703911124845305,-26.958541701868914],[-48.703965385984866,-26.958347199508555],[-48.70402086802389,-26.958257925585535],[-48.70404757120004,-26.958099046442424],[-48.70414719341028,-26.957818111174046],[-48.70417816522848,-26.95777953835853],[-48.70421889100382,-26.957590828324243],[-48.70429546679816,-26.957453802509203],[-48.70429650279415,-26.957402718985776],[-48.70437722393662,-26.957226683369434],[-48.704382587275546,-26.95712757502357],[-48.7044310569106,-26.957053215843732],[-48.70447879332599,-26.956849589789304],[-48.70453811398224,-26.956736330002727],[-48.70470113826607,-26.95630613045978],[-48.70473844818585,-26.95612037057104],[-48.70473747097266,-26.956003122867525],[-48.70475606542823,-26.95591324794149],[-48.704740090778934,-26.955873910579687],[-48.704784901623476,-26.955814521723518],[-48.70485202461208,-26.955647282353333],[-48.704859515266264,-26.955112348395655],[-48.7048509756458,-26.95487173461398],[-48.704832014296464,-26.954814313459764],[-48.704851335699274,-26.95452305284292],[-48.7048462112581,-26.95427948863399],[-48.704799750859706,-26.954089358788902],[-48.70481297572987,-26.953767938757647],[-48.704742545378366,-26.952940160866838],[-48.704707853719505,-26.95283138226583],[-48.70468772604894,-26.952335075795286],[-48.704652912743704,-26.952232307231743],[-48.70468607574352,-26.952085556071214],[-48.70465607216001,-26.951580071637114],[-48.704664542325524,-26.951327710646805],[-48.70462167992599,-26.95112561526663],[-48.704633932466294,-26.9510176018356],[-48.7045960709233,-26.950899753563615],[-48.70459783185749,-26.950481957037944],[-48.70456588209282,-26.95023795690413],[-48.70457057254788,-26.950006576450978],[-48.704549354279536,-26.949895011162635],[-48.70454404716661,-26.949660461919436],[-48.704516363472806,-26.949371441899565],[-48.70449112313246,-26.9492928763816],[-48.70448758157043,-26.948971184142653],[-48.70452604875084,-26.948893655827256],[-48.70454464175926,-26.94880378078258],[-48.70461724816827,-26.948696748979273],[-48.70473691892872,-26.948584471263604],[-48.704774959442645,-26.9485279780257],[-48.704947790485356,-26.94844061360211],[-48.70537709594961,-26.948276262480544],[-48.70563472604906,-26.948142181815783],[-48.70578956898172,-26.947949314795686],[-48.70590533176776,-26.947698700116614],[-48.70590356137916,-26.947620516667655],[-48.70593221128784,-26.947530804992105],[-48.70587891383218,-26.94701592239738],[-48.70582853238823,-26.946191476424193],[-48.70580981513343,-26.94612203528799],[-48.70581419787105,-26.945905678732572],[-48.7057787144454,-26.945835964803937],[-48.70575475209822,-26.945694296602703],[-48.705743030074466,-26.945113959769145],[-48.70569967002082,-26.94460525077074],[-48.705701059728554,-26.944205483792036],[-48.70566078203654,-26.94385773667686],[-48.70562758439807,-26.943246521775254],[-48.70564259287392,-26.943163195764615],[-48.70562089630898,-26.943050621070253],[-48.705618220175275,-26.942656606794387],[-48.705590346511656,-26.942454391760275],[-48.705483372999204,-26.942211493809086],[-48.705475233558765,-26.94208720043597],[-48.70541331802864,-26.941855779993293],[-48.70546585390522,-26.941761126256747],[-48.70536218127965,-26.941749888876622],[-48.70523065893442,-26.941535242799524],[-48.705222664817136,-26.941403789136974],[-48.705159037297584,-26.941388427552727],[-48.70511475378757,-26.941338758725664],[-48.70505577238836,-26.941225577213036],[-48.704856361082115,-26.940942970764482],[-48.70475985287831,-26.94084111673783],[-48.70453916107873,-26.940556969618452],[-48.70452129330771,-26.94051847501007],[-48.704600933991784,-26.940418998855176],[-48.70445853602582,-26.940460148732495],[-48.704413696905924,-26.940437930023233],[-48.704319078960765,-26.94037430936529],[-48.70412286914334,-26.940196813132253],[-48.70405967787451,-26.940159968457376],[-48.703952590137035,-26.940054359923177],[-48.703818412320814,-26.93997099389622],[-48.70377420150862,-26.93991774410417],[-48.70378005806222,-26.939760251411826],[-48.70375763804162,-26.939683479737948],[-48.703700208326616,-26.93962523990083],[-48.70365304502361,-26.93958626909186],[-48.70358113839175,-26.939585098226527],[-48.70355252087907,-26.939551204166726],[-48.703483084088234,-26.939559623959443],[-48.7032948223269,-26.939647290963673],[-48.703151347790325,-26.939628240313215],[-48.703001288778424,-26.93953983921087],[-48.702668330319796,-26.93940595752733],[-48.702350199604744,-26.93932914399139],[-48.701873585997554,-26.939185279064052],[-48.70130066359171,-26.939061332549727],[-48.70117370310752,-26.939016284601376],[-48.70113714488812,-26.938979873709933],[-48.70115133240807,-26.93893712645618],[-48.70127502330735,-26.938801852298223],[-48.70122551489194,-26.93882611319993],[-48.70109259770324,-26.938943331681294],[-48.700982583439966,-26.938982128987057],[-48.700290789348216,-26.9388084873234],[-48.70011971784028,-26.938757943466456],[-48.70001411133268,-26.93871085489431],[-48.69995542516583,-26.938714673496996],[-48.6997962412097,-26.938682231061946],[-48.69933217425207,-26.938576765229122],[-48.69914420415242,-26.938518781922834],[-48.69891861139663,-26.938476898530613],[-48.69878400209218,-26.938415009697948],[-48.69850064505212,-26.938331591571803],[-48.698133517245864,-26.93830649902082],[-48.69791576885371,-26.93827190471511],[-48.697817183692536,-26.938272683311745],[-48.697621609526955,-26.938326795279316],[-48.697325121261635,-26.93849625639176],[-48.69697095852826,-26.938750732814714],[-48.696902486961484,-26.938842735067336],[-48.69688669657516,-26.938964248998754],[-48.69699554099732,-26.939114063613108],[-48.697081630708674,-26.939203814153956],[-48.69712000081016,-26.939282041050767],[-48.697175243370715,-26.939447694253573],[-48.697193443835886,-26.93960080428723],[-48.697395218461295,-26.94015923778842],[-48.69738906695817,-26.940199727950734],[-48.697409596558586,-26.940238266810567],[-48.69751810319102,-26.94040478956298],[-48.697710353359426,-26.94064550318394],[-48.697778384248956,-26.940706306244508],[-48.69780820829965,-26.9408118518485],[-48.6979168160524,-26.940894128300428],[-48.69808510880349,-26.941104258531897],[-48.69808304130722,-26.941343153381503],[-48.69764916117305,-26.941739894501048],[-48.69739832868218,-26.942144060372595],[-48.69694506612628,-26.94199098138546],[-48.69683195975595,-26.942001780855676],[-48.69667114660686,-26.942045525888183],[-48.696360211014515,-26.942069955577946],[-48.69604081274918,-26.942047875653945],[-48.69594318395842,-26.941991478472428],[-48.69580435125302,-26.941879604984436],[-48.69552378436527,-26.941567283281938],[-48.69540658968708,-26.941316649280072],[-48.695358896808884,-26.941117737858885],[-48.69532763890978,-26.940573417799882],[-48.69525437840125,-26.940475262154415],[-48.695201126991286,-26.940318415230998],[-48.69511816051712,-26.940159526844802],[-48.695065735630294,-26.94009801294179],[-48.69505688619559,-26.939844782595017],[-48.69505807740376,-26.939786236826723],[-48.69514843150118,-26.939440714241734],[-48.695098948759316,-26.939383221860382],[-48.69513665861216,-26.939365013399122],[-48.69517099166927,-26.939322885782005],[-48.69524529234381,-26.939092227814413],[-48.69545577312122,-26.938782690696655],[-48.69546667959637,-26.938702804977677],[-48.69549854198748,-26.93867629141162],[-48.69560318583706,-26.93843676985576],[-48.695709468486456,-26.938287736766856],[-48.69577231142332,-26.93816398937795],[-48.6958049600064,-26.938041827850384],[-48.695869974786675,-26.9379253940178],[-48.695979406252874,-26.93762148311302],[-48.69599878248613,-26.937239157594227],[-48.69603752378954,-26.93706744627775],[-48.69601288173425,-26.93701684491418],[-48.69602774766795,-26.936955768253704],[-48.69601955357664,-26.936788228313326],[-48.695939192615455,-26.936404273434917],[-48.69595205807421,-26.936342096515837],[-48.69594288868502,-26.93627955872721],[-48.69588712227912,-26.936169470291674],[-48.695904164839156,-26.936073048352327],[-48.69585710494967,-26.935991175972433],[-48.69588380816559,-26.93581900719665],[-48.6958193346541,-26.93568070176453],[-48.69584356776257,-26.93557295894056],[-48.69581889904407,-26.935530964537293],[-48.69584864220108,-26.93549453816728],[-48.69578288255348,-26.935362450241982],[-48.69581578064602,-26.935285003822937],[-48.69572950224784,-26.935192092855676],[-48.69574418031918,-26.93515490057778],[-48.69577464958277,-26.935139800679668],[-48.69575139513694,-26.935085352314523],[-48.69580636595892,-26.935063374556837],[-48.69580270743123,-26.93495839324631],[-48.695731672959575,-26.93480012794808],[-48.69561718774193,-26.934611095350892],[-48.69562388848763,-26.93445662051405],[-48.69547940684154,-26.934331899757368],[-48.69538143426389,-26.934215260251978],[-48.695326381959305,-26.93416834469065],[-48.6952519889998,-26.934134562058965],[-48.69521614887816,-26.934080786938136],[-48.69522035540842,-26.934062523623652],[-48.69501628633437,-26.934150122684162],[-48.69506915312307,-26.934181819189057],[-48.69507797405034,-26.934207062740995],[-48.69522358212908,-26.93427637387163],[-48.69533775657129,-26.934399553744683],[-48.695393470766,-26.934528680159204],[-48.69552638861588,-26.934763022094685],[-48.695644694248394,-26.93491262394272],[-48.69570037925096,-26.935043213528008],[-48.69567387607081,-26.93518920863416],[-48.69571625423251,-26.935273083782683],[-48.69574001016536,-26.935504227073256],[-48.695707646322575,-26.93558228050949],[-48.69572210678765,-26.935669858867964],[-48.69571923076829,-26.93603945710659],[-48.695805579522855,-26.936525800832243],[-48.69576330919534,-26.9369978161342],[-48.69573734321807,-26.93712707260342],[-48.69580373041701,-26.937273940059217],[-48.69573351785574,-26.937513329544444],[-48.695749885627045,-26.93762654472144],[-48.69569193873868,-26.937721811880824],[-48.69559809180646,-26.93797587492388],[-48.69556250201325,-26.93800457558387],[-48.69546136679447,-26.93827274267539],[-48.69530017558879,-26.938625056649965],[-48.694975821864844,-26.939197042618098],[-48.6949165019535,-26.93947446752966],[-48.694909410485586,-26.939593573933102],[-48.69493532105589,-26.939696486825536],[-48.69491447065859,-26.93980365565216],[-48.69494127472513,-26.93986265899648],[-48.694941523191005,-26.93996515244246],[-48.69497303625502,-26.940022140908997],[-48.695002762443835,-26.940166949368518],[-48.694999110352114,-26.94023172953086],[-48.69505203524402,-26.940248529728645],[-48.69509216614976,-26.9403480914535],[-48.695175911932886,-26.94042038062208],[-48.69520572979935,-26.940554562586435],[-48.69523564247223,-26.94070259664653],[-48.69520826056144,-26.941123707459],[-48.6952321855001,-26.941334877176395],[-48.69530903355313,-26.94148789356357],[-48.69550633463896,-26.94173140529214],[-48.69590256630325,-26.942084040748426],[-48.696231853560946,-26.94220795615496],[-48.69637628043846,-26.942180161605215],[-48.696563090238214,-26.942179053815032],[-48.696768332387094,-26.94212729720836],[-48.69692377343314,-26.94211288549072],[-48.69710655405403,-26.942145379184783],[-48.69728377635683,-26.94221993819692],[-48.697476904039874,-26.942206229696705],[-48.69760535331095,-26.942111939722963],[-48.69782063509648,-26.941751569390146],[-48.6981437276983,-26.94144620932042],[-48.698230035553586,-26.941341115441986],[-48.698208068534434,-26.941176917166853],[-48.6981442960725,-26.941074702489225],[-48.698155412116904,-26.9409905721652],[-48.69802623947519,-26.94086621176668],[-48.697741137010986,-26.9405453896973],[-48.69771019327318,-26.940447926055533],[-48.6975944414628,-26.940357509286184],[-48.69752160830327,-26.940238283545717],[-48.697466382678265,-26.940178363568634],[-48.69746886669496,-26.940056152221086],[-48.69737629258993,-26.939751119517698],[-48.69732098259857,-26.93969541429154],[-48.697326969129016,-26.939632277548657],[-48.69728030222602,-26.939382796494343],[-48.69715695642117,-26.938971871316554],[-48.697227788026595,-26.938907261165138],[-48.697273914349104,-26.938771433548354],[-48.69739386138652,-26.938655355322982],[-48.6976788883434,-26.938516678542197],[-48.697822686113035,-26.938384127276628],[-48.697898431115675,-26.938360070255182],[-48.69837212557315,-26.938426820028948],[-48.698447442441505,-26.93842383389722],[-48.69885445449731,-26.93853164930056],[-48.699017567916016,-26.93860597483788],[-48.69907869255939,-26.938606972096302],[-48.6991766626383,-26.938646510625116],[-48.69920660133016,-26.938673329405784],[-48.69930988340776,-26.93870366664173],[-48.699347166993476,-26.938704274856736],[-48.699379562191375,-26.938683313624104],[-48.699506569943416,-26.93872597606834],[-48.69980126066884,-26.938776149080677],[-48.699883091985335,-26.938813299579813],[-48.700262278035865,-26.938900664649147],[-48.70043146173195,-26.938965503731286],[-48.70055910008613,-26.93897713535778],[-48.70072847786183,-26.939032426781193],[-48.70094361299671,-26.939064586394935],[-48.701115557606,-26.93912469400017],[-48.70145208696217,-26.939213748458442],[-48.701521328899176,-26.93921487697066],[-48.70193450993671,-26.939333831894874],[-48.70252620776134,-26.93945163478438],[-48.70265559067012,-26.939508660255267],[-48.70268396204961,-26.939554727051487],[-48.70268033060421,-26.93960242213101],[-48.702587312793135,-26.939722679836887],[-48.702586054216674,-26.939784739745413],[-48.70251589212192,-26.939828963133355],[-48.70250950042098,-26.93988138802689],[-48.7025319690258,-26.93995577280447],[-48.702507176808716,-26.93999595960128],[-48.70250635384413,-26.940036537785158],[-48.7025247059505,-26.940051162940392],[-48.70265031179636,-26.940031719419316],[-48.70258392431301,-26.939889763996486],[-48.702587701046895,-26.93983490774942],[-48.70277930438244,-26.939582544635986],[-48.702824530012506,-26.93958566915987],[-48.70290084271677,-26.939632278570325],[-48.703025142330276,-26.9396772816836],[-48.703081069845716,-26.93967819258484],[-48.70309913059735,-26.93970713910378],[-48.70317539611369,-26.939756135452875],[-48.70332162996002,-26.939770455327178],[-48.703437504320945,-26.93983681060996],[-48.70347759692405,-26.939830299949275],[-48.70350219522583,-26.93979966029414],[-48.7034107255926,-26.93971221366388],[-48.70343028648934,-26.93966716580359],[-48.7034893128521,-26.93964663817954],[-48.70365966101315,-26.939654186831074],[-48.7036942839504,-26.93978607410946],[-48.70370203665547,-26.940060786623],[-48.70366117102798,-26.940236811130102],[-48.70366430227384,-26.940476587242077],[-48.70368657820519,-26.94056051922283],[-48.703746719093694,-26.94061641628065],[-48.703781776506965,-26.940595497374755],[-48.70378279254251,-26.94054537272164],[-48.7037438125364,-26.940496983779358],[-48.7037238612753,-26.940429802788056],[-48.70372192138805,-26.940262632675893],[-48.70368829142946,-26.940213136911282],[-48.70370325235175,-26.940132198199212],[-48.70376862170271,-26.940061631647666],[-48.703808424067745,-26.940069443258587],[-48.70400453639103,-26.94025171400835],[-48.70406525783204,-26.940278967106625],[-48.7042173542234,-26.940398440543202],[-48.704439712649204,-26.94060023898615],[-48.704528182838295,-26.94070435022514],[-48.704626444818786,-26.940851121970784],[-48.70480847002916,-26.941071366194226],[-48.70485142336079,-26.94118667478958],[-48.70496134464223,-26.941283971358214],[-48.705299638731844,-26.941943946549102],[-48.70548108455147,-26.942587519341235],[-48.70549429591253,-26.94298743640065],[-48.70546004015663,-26.943546389172056],[-48.705524259909836,-26.943729166017786],[-48.7055817815223,-26.944189070671143],[-48.705577307545205,-26.944409925312687],[-48.7056091012389,-26.944741832879163],[-48.70559454981591,-26.945079889986946],[-48.70560575649442,-26.945287191562716],[-48.70564945715972,-26.945791891141212],[-48.705685725222786,-26.945902944967617],[-48.7056812511356,-26.946123798669515],[-48.70572984569371,-26.94638694041461],[-48.70578279645314,-26.947195565143705],[-48.7058101059334,-26.947368608668924],[-48.70581235381533,-26.9476378999184],[-48.70574669002557,-26.947837046129067],[-48.70565148035771,-26.947973576042724],[-48.705549267838734,-26.94807547281556],[-48.705409529183534,-26.94812842971813],[-48.70526937082807,-26.948202092369577],[-48.704935563682405,-26.948327834732286],[-48.70474835873129,-26.94844215466665],[-48.70463233777501,-26.948553122823153],[-48.70449646186041,-26.94872878003175],[-48.70443295532116,-26.94883973752075],[-48.704409396817574,-26.948914015212925],[-48.704382522627334,-26.949091446929632],[-48.704397821569636,-26.94948500476783],[-48.704411674337244,-26.94974599554748],[-48.70443829295405,-26.949849362608685],[-48.70443708940464,-26.950097584230615],[-48.704471504241546,-26.950288571204027],[-48.7044673307007,-26.950400014569464],[-48.704494682048264,-26.950561722505885],[-48.70450535285137,-26.95145175589921],[-48.70453683075003,-26.951598777083863],[-48.70453519804113,-26.951773737342524],[-48.70456324644844,-26.95199550108531],[-48.704557334350746,-26.952192694463022],[-48.70459911806253,-26.952775634518414],[-48.704580592309725,-26.95293402262006],[-48.70459190203037,-26.953037139495006],[-48.7045843916994,-26.953407578107807],[-48.704615123613124,-26.953496944039706],[-48.7046730653184,-26.953943932549368],[-48.70469944704436,-26.95396460552176],[-48.70468236544504,-26.954146176333037],[-48.70470780146488,-26.954213497957703],[-48.70472596752212,-26.95435618454861],[-48.704720053889226,-26.954459021889704],[-48.70474403663581,-26.95459802919488],[-48.704717980088354,-26.9549390008876],[-48.70473607699971,-26.955179473369633],[-48.70470895265974,-26.95557309559027],[-48.70462130567214,-26.95583586462375],[-48.70460554255519,-26.956046792305617],[-48.704561491662936,-26.95614214649819],[-48.704524785928314,-26.95644177102815],[-48.704449036570736,-26.956589791321363],[-48.704426949849584,-26.956734910552473],[-48.704371589811515,-26.956821502846022],[-48.70437270365855,-26.956860979067248],[-48.70430046830037,-26.95702449624115],[-48.70426275013263,-26.95718514354868],[-48.70419315856114,-26.957312677584394],[-48.70413236767462,-26.957572623932222],[-48.70407676449765,-26.95767121991316],[-48.704072798428626,-26.957772373342173],[-48.70390385951929,-26.958172948757646],[-48.703890706973866,-26.95825508171206],[-48.70377292129288,-26.958587696596357],[-48.70372605092927,-26.95863325325454],[-48.70372698389467,-26.958776002066745],[-48.70366441955161,-26.958934529733575],[-48.703612954927685,-26.959017754030345],[-48.70355790629772,-26.959183266185665],[-48.703508286708974,-26.959269950645858],[-48.70342231061009,-26.959638766507183],[-48.70335929288661,-26.959819589362223],[-48.70331962367911,-26.959887565043758],[-48.70328603076618,-26.960033526139622],[-48.703225761628374,-26.960173219212912],[-48.70319134613953,-26.96035965459245],[-48.70316392621651,-26.96039008729295],[-48.70314496168219,-26.960475556468204],[-48.70314913703402,-26.960552824165738],[-48.703126796247474,-26.96061593555334],[-48.703106402732686,-26.960877962582316],[-48.70304876860632,-26.961138377413057],[-48.70303734882204,-26.961516820279623],[-48.70305080474049,-26.96177504282516],[-48.70309672048713,-26.961907808191313],[-48.70315692455817,-26.9622642960443],[-48.70331200689243,-26.96285926946965],[-48.70351269539451,-26.963072491782338],[-48.70391673609988,-26.963367758746834],[-48.704059401922095,-26.963553791410348],[-48.70440435647823,-26.963874339180748],[-48.70488878965814,-26.96453833022369],[-48.70517678792364,-26.964779216775174],[-48.705580839079126,-26.96507448046154],[-48.70578366332524,-26.965182757983392],[-48.7060147027371,-26.965343982811582],[-48.70613902565284,-26.965399197656797],[-48.706230944571146,-26.965461711837598],[-48.706433607552086,-26.965542087071192],[-48.70671503433504,-26.965803587296904],[-48.7069446702929,-26.965967899467035],[-48.70712727404078,-26.966153926690673],[-48.70727528432743,-26.9662783718604],[-48.707718934005115,-26.9668476037245],[-48.70776890508087,-26.967034684612603],[-48.7080136703247,-26.96751397019363],[-48.708091395660546,-26.96774646260951],[-48.70809850367278,-26.967926423683252],[-48.70801815973828,-26.968274247656257],[-48.707073684150224,-26.968490529872245],[-48.704367591821736,-26.968610715564306],[-48.702268691594966,-26.96816590935679],[-48.70104101559161,-26.967694226903618],[-48.700639577535014,-26.96715389677972],[-48.700204848596215,-26.965997122876768],[-48.69976094979002,-26.96529185768172],[-48.698089432308194,-26.96411488620741],[-48.69721992480719,-26.964059622522246],[-48.696437857152084,-26.964211083140075],[-48.69562000845466,-26.963869234034043],[-48.69477809666007,-26.96245942710843],[-48.69282430813392,-26.9616473201663],[-48.69133446878691,-26.960555367736244],[-48.689534075508355,-26.958965592294465],[-48.68868640736176,-26.957843078268926],[-48.688573299271546,-26.9566504870427],[-48.68900397108482,-26.955754230500986],[-48.69003343131817,-26.954703544701854],[-48.691433481185186,-26.953453619094635],[-48.69251790166514,-26.95195215395131],[-48.69300017925814,-26.950769306076893],[-48.693164343192315,-26.949458072207293],[-48.69267725498609,-26.94862890162223],[-48.69224015629514,-26.947595248193608],[-48.69133334832729,-26.947128743629854],[-48.688965967603146,-26.94639194317243],[-48.68722389085272,-26.94644550005894],[-48.68548349288405,-26.94641694359082],[-48.68442505893059,-26.946645925230367],[-48.68237962100043,-26.948090474199358],[-48.68066230543643,-26.94917085025425],[-48.67891345924442,-26.94955266850954],[-48.67726041530336,-26.949730744505363],[-48.676192672086664,-26.950411166112676],[-48.674177418514,-26.9503779356229],[-48.67270672036802,-26.950600024549782],[-48.670400617103134,-26.9513420724397],[-48.66948796881698,-26.951162750781783],[-48.66908927589878,-26.950499205947022],[-48.66885164872934,-26.948688655719213],[-48.669161088082426,-26.94701032761322],[-48.6702771678025,-26.946207580117665],[-48.672111675138126,-26.9461146989566],[-48.675048315795664,-26.945896262167803],[-48.67812529354511,-26.94553636485613],[-48.67877153203237,-26.94530064577195],[-48.67993164889303,-26.94458066240066],[-48.681053515238,-26.943490500837253],[-48.682498467716066,-26.942282459496578],[-48.68430809289638,-26.941162509658078],[-48.68527152403025,-26.94109620651953],[-48.687105112305495,-26.94104417082207],[-48.6890252726226,-26.941239889082627],[-48.68976390044575,-26.94096457140921],[-48.69041762383577,-26.940359379426372],[-48.69106715721829,-26.939959415138798],[-48.69154269638471,-26.939104938547963],[-48.69200819443559,-26.93874301751521],[-48.69297829142667,-26.938348289295167],[-48.69371939759362,-26.937949808712567],[-48.69405501303837,-26.93721621521204],[-48.69371119983657,-26.936101971036205],[-48.692583853691886,-26.935221271697905],[-48.69117171704862,-26.934828622699403],[-48.69061966160717,-26.934942764980793],[-48.68918326155028,-26.935740439239478],[-48.687690992676416,-26.937029902074944],[-48.68708055960162,-26.93775897181781],[-48.685790712656946,-26.93810735256261],[-48.68461258443164,-26.937472117155018],[-48.68408148719527,-26.9365600792321],[-48.68405666675277,-26.935533173876102],[-48.68462131021235,-26.934803364832998],[-48.685093517325534,-26.934113096639855],[-48.68503043806208,-26.932716022916534],[-48.6848274617133,-26.931439833825745],[-48.684495494939036,-26.929750926584386],[-48.68348084405594,-26.927845510464323],[-48.68232213636338,-26.926266200866745],[-48.68159954345818,-26.925761609031852],[-48.680642122408564,-26.925540572696644],[-48.68023000095997,-26.925533796669793],[-48.679758644621906,-26.92618300390103],[-48.67886170802897,-26.92748216500418],[-48.67810044617141,-26.928865672537132],[-48.67739841664075,-26.92959319334165],[-48.67701272334309,-26.930531217794133],[-48.67712318056274,-26.93184695182535],[-48.676455136987755,-26.93314986249147],[-48.675697170022076,-26.934369168173838],[-48.67476948375181,-26.934928714335655],[-48.673348998346455,-26.934946349493625],[-48.67211253627698,-26.934925947329116],[-48.671523107460935,-26.934628800635192],[-48.670940431386725,-26.93400328397319],[-48.67060360842842,-26.932560632261623],[-48.67076545560098,-26.93137257374625],[-48.67042357671801,-26.93017619667162],[-48.669847679274305,-26.929222311111342],[-48.66967632485835,-26.928644644643754],[-48.66978478653902,-26.927825242807717],[-48.67021041359279,-26.927175316931407],[-48.67099646192712,-26.926818758379873],[-48.67255421866145,-26.926803406911123],[-48.67321046761196,-26.92607515651846],[-48.67385881882239,-26.92349908136681],[-48.67356524020781,-26.922180327169396],[-48.67250926150602,-26.920068861318175],[-48.67170950462472,-26.918864932949656],[-48.67077577396905,-26.917494550247604],[-48.670054976809496,-26.916907813474733],[-48.66918248270542,-26.917016583659013],[-48.66816756115999,-26.917369353425386],[-48.66725603045309,-26.917148988822426],[-48.66599510153023,-26.916101645380767],[-48.66211157537525,-26.91340954126727],[-48.66041665425169,-26.913422512017902],[-48.659312712776696,-26.91365056354505],[-48.65635273430919,-26.91503852110338],[-48.654328798916104,-26.91545654688409],[-48.65257872153322,-26.915920159860484],[-48.65054269127769,-26.918045142270035],[-48.65051871664762,-26.91792580153055],[-48.65076222421519,-26.91765902730939],[-48.65080163350027,-26.91754804875922],[-48.65064954078177,-26.917467609776082],[-48.65061513893039,-26.917434076128544],[-48.6505180016816,-26.91724218639011],[-48.65041815198298,-26.91714089311514],[-48.65032390203797,-26.916982979592586],[-48.650336324782714,-26.916946667357546],[-48.650550920997546,-26.9170852957571],[-48.650652682580805,-26.91719498800506],[-48.65076359865162,-26.91726125928693],[-48.65078768632418,-26.917315920982418],[-48.65092411464879,-26.91740401235059],[-48.6509720532495,-26.91742953128946],[-48.65103774483452,-26.917419562114663],[-48.65110787041188,-26.917443337790317],[-48.65108406245868,-26.917375115630332],[-48.65130453576667,-26.91720243750057],[-48.65154714403927,-26.91693517209383],[-48.65160971163679,-26.91683673517862],[-48.65166854699756,-26.916674931378054],[-48.65173073989954,-26.916594575356086],[-48.65186553852458,-26.916659131560422],[-48.65173746747493,-26.916513296277536],[-48.651799379422776,-26.91644650071493],[-48.65186222730716,-26.91633450314872],[-48.65191881664281,-26.91628118412633],[-48.65199716562231,-26.91615135722774],[-48.65218346170155,-26.915923848110477],[-48.652298884526,-26.915708725660643],[-48.65239020722484,-26.915683114641446],[-48.652470416342204,-26.915707057361622],[-48.65252663078345,-26.91567181903122],[-48.652518978398504,-26.915554126243393],[-48.65254643516075,-26.91544606157002],[-48.65263944278597,-26.91533908732561],[-48.65268697523538,-26.915235877691206],[-48.65274413363275,-26.914911263227953],[-48.652760299095796,-26.914617620153958],[-48.65282389335377,-26.91446946003332],[-48.652851724707936,-26.9143433142794],[-48.65287124834845,-26.914131117208598],[-48.65289804947153,-26.91405469390652],[-48.65289487792549,-26.913964205997406],[-48.652957256452275,-26.913874809226623],[-48.65297938908863,-26.91378022104204],[-48.65313243257877,-26.91369685318963],[-48.65308789460651,-26.91365541693511],[-48.65308406911054,-26.91359657054344],[-48.65311302134618,-26.913416182598887],[-48.65318390171837,-26.91315962191974],[-48.65323162789278,-26.912803198701184],[-48.6532690745832,-26.912699821041297],[-48.65329326427872,-26.91250578863031],[-48.653346959539505,-26.912348420378144],[-48.65338665049287,-26.91213655847328],[-48.65338011940299,-26.9119646244407],[-48.6534016910705,-26.91189715718543],[-48.65341038084693,-26.911720953304776],[-48.65344960276205,-26.91153169280404],[-48.65345278235659,-26.9113780065418],[-48.65351338945855,-26.911130317880925],[-48.65356078546359,-26.911090203685518],[-48.65347623156164,-26.910975960920364],[-48.65349643634234,-26.910922974613523],[-48.65348836187284,-26.910876234829797],[-48.6535523385783,-26.91071044361061],[-48.65348969018688,-26.91056922802858],[-48.65337001862633,-26.910587541802208],[-48.653239805695364,-26.910544849797056],[-48.65268543368111,-26.910464709103884],[-48.652603594754076,-26.91049118848465],[-48.65242496063473,-26.910836391773078],[-48.65233317313854,-26.910884603627405],[-48.65207134873292,-26.911106334917875],[-48.65197974902641,-26.91114550649238],[-48.651738103223295,-26.911123398653345],[-48.65147684942135,-26.911073834646878],[-48.65132054455753,-26.91107123345899],[-48.65122577434273,-26.91101991664149],[-48.65113735712575,-26.910905401635965],[-48.6510615387974,-26.910913183783617],[-48.65090131519246,-26.91085625620936],[-48.650371443771895,-26.91062587058749],[-48.650151933706084,-26.91050917241382],[-48.65042916713377,-26.910274136150395],[-48.650767279301824,-26.910022025463476],[-48.65108662562854,-26.909701775658387],[-48.65131490606279,-26.909509374229305],[-48.6515010017279,-26.909236964822924],[-48.651008360086884,-26.9089111197807],[-48.65091619872536,-26.908988762394888],[-48.65084370383389,-26.908928527544635],[-48.65103887907148,-26.908731800636087],[-48.65111256072262,-26.908792667880615],[-48.651041429097084,-26.90887810013169],[-48.65151115453256,-26.9092068584663],[-48.651700514026956,-26.909062403105132],[-48.651969760552014,-26.90879224641225],[-48.65232553443229,-26.90833693762795],[-48.65274731969942,-26.907866001054753],[-48.6524375652172,-26.90778477515788],[-48.65234850144904,-26.9078418229442],[-48.65222480248447,-26.90799509179684],[-48.65210395446569,-26.90809950306228],[-48.651948529796854,-26.907974140369152],[-48.65183902968979,-26.907920374388077],[-48.65233269029037,-26.907354839247745],[-48.652760213800946,-26.907439865774947],[-48.65299241262417,-26.907453397526226],[-48.65297407237222,-26.907438766610884],[-48.65301397328867,-26.907353142413296],[-48.65304409401124,-26.907353643279365],[-48.653033453054505,-26.907261170307724],[-48.65314036626022,-26.907190912304713],[-48.653189780333086,-26.907108442264967],[-48.65324853624207,-26.907059895231978],[-48.65328700982496,-26.906987927009222],[-48.65325235102108,-26.906989737649944],[-48.65332602675338,-26.90695538105821],[-48.653373209319305,-26.906859367298264],[-48.653234367958284,-26.90677376717623],[-48.653320585848206,-26.906601442164188],[-48.65304349243974,-26.906604496428606],[-48.65302570907793,-26.906664495095026],[-48.65290765765247,-26.906805292369302],[-48.652803472556144,-26.906749254813842],[-48.65286627096003,-26.906641688234686],[-48.65299664567496,-26.906450246272414],[-48.65312277092184,-26.906464148961124],[-48.65334762141294,-26.90654344273139],[-48.65373343913144,-26.905949438757013],[-48.653520131718786,-26.90584270268535],[-48.65338742026961,-26.906019940160892],[-48.653309219734965,-26.90598086194726],[-48.653578692316565,-26.905557982183836],[-48.65373868880385,-26.905629166352487],[-48.65365605907245,-26.905764684725725],[-48.65375916987868,-26.90587264806616],[-48.65384502434197,-26.905923657837228],[-48.65388554339889,-26.905846582308616],[-48.65376175699444,-26.905747552266362],[-48.65379466734961,-26.9056843495514],[-48.65386545712723,-26.905699693353284],[-48.65394609474904,-26.90574825561015],[-48.65403601964446,-26.905669256049194],[-48.65405815742449,-26.905629033966754],[-48.65415205937462,-26.905622943007188],[-48.65419282566454,-26.9055943558974],[-48.65444179330396,-26.905211301181055],[-48.654642648877136,-26.90484770587434],[-48.65458171157796,-26.904812016851025],[-48.6545960459572,-26.904755588348344],[-48.65437285701837,-26.90459604664103],[-48.6541467841687,-26.904830760896605],[-48.65407438649554,-26.904765807869815],[-48.65455662001479,-26.904272241204644],[-48.65462824839895,-26.904329709147973],[-48.65443194685046,-26.904540361891797],[-48.65463695090389,-26.904687795859196],[-48.65475225782452,-26.904646926124865],[-48.65485758595156,-26.904653178323187],[-48.655486307095124,-26.90424041287223],[-48.65612576106554,-26.90379405483902],[-48.656372486222224,-26.903640572261303],[-48.656380985634115,-26.903616154844254],[-48.656196522702125,-26.903405765815176],[-48.65626504929412,-26.903358761194227],[-48.65629230517348,-26.903380955821167],[-48.65625471456208,-26.903407511742383],[-48.65637747275654,-26.90353487485259],[-48.65640704046444,-26.90348691197854],[-48.656443933398386,-26.903503830387187],[-48.65646916953205,-26.903498037095513],[-48.65657082146116,-26.903440710796275],[-48.656607922205595,-26.90340560792917],[-48.65657324194718,-26.903365430249636],[-48.65688434144153,-26.90317183242444],[-48.656956063391405,-26.903224798579032],[-48.657010471556255,-26.903163032916236],[-48.65690946039077,-26.903021586237053],[-48.65685909442707,-26.90301361021847],[-48.65678647347405,-26.902925958003657],[-48.65708494483624,-26.902747297195642],[-48.65714874432032,-26.902842468032922],[-48.6569664420819,-26.902975960728877],[-48.657090606794625,-26.90310693281638],[-48.65724596738444,-26.90304726947315],[-48.65742389764384,-26.902942168087222],[-48.65779027455018,-26.90264687992108],[-48.65767689795007,-26.902507649783335],[-48.657190468872265,-26.902776453423478],[-48.65713093785487,-26.902710251749845],[-48.65756239337777,-26.90245958893017],[-48.65788633377373,-26.902312774031333],[-48.65794126938619,-26.90239710645268],[-48.657766661444164,-26.902479661591297],[-48.65791292516678,-26.902605861267716],[-48.65823069189844,-26.902389430350716],[-48.6581534605592,-26.90226543030097],[-48.65803428343436,-26.90232198247868],[-48.65797130199089,-26.90231774657007],[-48.6579370743308,-26.902254998085],[-48.65831266219555,-26.902088335649477],[-48.658356723604996,-26.902166414217042],[-48.658206634614935,-26.902243800593702],[-48.65828163373492,-26.90236232648301],[-48.65859578294603,-26.902222167081554],[-48.65853762746832,-26.902089034354685],[-48.658411398978444,-26.902140021974752],[-48.65837363184623,-26.902084797938734],[-48.65879518844609,-26.901903730559454],[-48.65883270548458,-26.901971083432954],[-48.65859176128961,-26.902105857353426],[-48.658661326048204,-26.90221923122211],[-48.65889129777169,-26.90208276726564],[-48.65885810090041,-26.901969988545993],[-48.658890552815016,-26.901953494407042],[-48.65894932352988,-26.902057947346524],[-48.65920453343253,-26.901947445416695],[-48.659462454715644,-26.901859426733758],[-48.6594474130965,-26.901809650487202],[-48.6592498027849,-26.901822133755868],[-48.65923362532942,-26.90175433168514],[-48.65950632733755,-26.90168006367538],[-48.659637357136994,-26.90165747360277],[-48.659697042995425,-26.90180703737996],[-48.660215166039436,-26.90176385067849],[-48.66086074210874,-26.901749787277684],[-48.6616524993192,-26.901708877746856],[-48.661765495007074,-26.901708497932894],[-48.66181304562976,-26.901772448105856],[-48.66189299594721,-26.90176971326889],[-48.661891833630555,-26.901696870111582],[-48.662257534436684,-26.90167705704994],[-48.662220002309915,-26.90149108454696],[-48.66195088105046,-26.901541779101038],[-48.661932509851994,-26.901445346682692],[-48.66234372184718,-26.901380364528595],[-48.66236274391407,-26.90144517136259],[-48.662301895795295,-26.90150013664102],[-48.66236124197566,-26.90167559343917],[-48.66239232742342,-26.901656170025966],[-48.66243317984547,-26.901592355601085],[-48.662396732345954,-26.901794374511894],[-48.665514078791915,-26.901640663488042],[-48.66770736074094,-26.901882216812623],[-48.66864684285197,-26.902965290779694],[-48.66962032259567,-26.90462375799407],[-48.670737078470445,-26.905997165189305],[-48.67218782184863,-26.906719116232445],[-48.6729610895641,-26.9069782257595],[-48.67438963811121,-26.90655011244165],[-48.67513899637336,-26.9057412590326],[-48.675838357971884,-26.90513687706448],[-48.67722277135985,-26.904625886278637],[-48.677856169628946,-26.905005847117636],[-48.67839128698193,-26.905712669197367],[-48.67901125931748,-26.906749364405613],[-48.67987275604108,-26.907174128282733],[-48.68088084126219,-26.907149635083165],[-48.681764156263945,-26.906507185354606],[-48.68205563169877,-26.90569077155956],[-48.68197832148902,-26.904991481302464],[-48.6821349577998,-26.904049673207663],[-48.682379801362444,-26.90327355214187],[-48.68225335397756,-26.902737695118212],[-48.68185808545107,-26.90191000427701],[-48.681182261590706,-26.901365123665563],[-48.68073451275548,-26.900865048075737],[-48.68102430009092,-26.90013072826331],[-48.68158373612789,-26.899647195911243]],[[-48.685020821680226,-26.92071216727777],[-48.684920752394675,-26.920683456933556],[-48.684749741217885,-26.920678394803648],[-48.68450847985431,-26.92066315710347],[-48.68410571657957,-26.920670081493867],[-48.683349082218626,-26.921000529997762],[-48.68296718759143,-26.921217574656282],[-48.68281244799929,-26.92127819367451],[-48.68248155407023,-26.92146223876086],[-48.682448206272745,-26.921493271567428],[-48.68192735407308,-26.921737355138355],[-48.68151635322309,-26.922023844916282],[-48.68089542637187,-26.922239211508504],[-48.6805271631977,-26.922404592455415],[-48.680371451939294,-26.922512562121007],[-48.680241889487874,-26.922695400275238],[-48.680194486256056,-26.92279838405523],[-48.68006787748708,-26.922836905272685],[-48.67975709875115,-26.923021274254115],[-48.67971853418701,-26.92306124305],[-48.67960413270029,-26.92311800956929],[-48.67939935507184,-26.923164267906845],[-48.67926203644079,-26.92323419182439],[-48.679046918538326,-26.92329381327589],[-48.67897126611062,-26.923301591205867],[-48.67887232634834,-26.923340566487678],[-48.6788364158866,-26.92337381136839],[-48.678843085628856,-26.92341677927287],[-48.678918691960604,-26.923411256730887],[-48.678961773544735,-26.923380561850877],[-48.67928789932071,-26.923301721901577],[-48.6794390965122,-26.923216176866763],[-48.679658198025734,-26.923150885374238],[-48.68024124957036,-26.92282748202727],[-48.68043935713069,-26.922536021799235],[-48.680508826150415,-26.922479752194867],[-48.680680894265436,-26.92241751297716],[-48.68121969116477,-26.922169927293908],[-48.68153339818448,-26.9220717399482],[-48.68169336306716,-26.921974853870633],[-48.681862568991775,-26.921843671848315],[-48.68239810959182,-26.921546269653376],[-48.683338861485865,-26.92106031790818],[-48.683739886367114,-26.920867871562134],[-48.68392436384511,-26.92082496974942],[-48.68403635840834,-26.920777050739144],[-48.6840972093734,-26.920724464969425],[-48.68420849940766,-26.92071098096676],[-48.68456230508778,-26.92073975263224],[-48.684916658922546,-26.920741740111136],[-48.68505579608083,-26.920828228029496],[-48.68511539770512,-26.920836860332972],[-48.685339980553515,-26.920920922623356],[-48.68550605757625,-26.920942784010055],[-48.68561758204781,-26.920917821097955],[-48.685725541334776,-26.920858351976882],[-48.685780952073664,-26.920863088046467],[-48.68590278254084,-26.92096077384761],[-48.68597495523304,-26.920981095423038],[-48.68604906203051,-26.92103258259582],[-48.68608832792118,-26.920974979062844],[-48.685910987139394,-26.92086662409657],[-48.68588391502732,-26.920836855548153],[-48.68579898409219,-26.920806138018573],[-48.68573358040433,-26.92080506616813],[-48.68567609082264,-26.920786077261614],[-48.68554115542321,-26.920862814073576],[-48.68547575072665,-26.920861741182954],[-48.68534572496874,-26.920821261121958],[-48.68526024276863,-26.920817602679286],[-48.685020821680226,-26.92071216727777]]],[[[-48.74296291070009,-26.930699027443723],[-48.73961419555225,-26.934564385006738],[-48.73958495939667,-26.934575786413074],[-48.739388221794016,-26.934699872637406],[-48.739171013831864,-26.93480787997979],[-48.738867551727566,-26.935070314135483],[-48.73832718478881,-26.935837090742794],[-48.73821450275039,-26.935856350612603],[-48.73802537159103,-26.935786349457505],[-48.73756075189497,-26.935480888597063],[-48.73715929031422,-26.93519318183299],[-48.73696362738479,-26.9350761967823],[-48.736812301151204,-26.935023282987547],[-48.73666281480929,-26.935041987186825],[-48.73648138454683,-26.935088315166297],[-48.736077609621965,-26.935264723400948],[-48.735981776438884,-26.93534759485637],[-48.73591606159269,-26.935494258334828],[-48.73589826286475,-26.93559948519762],[-48.73590343917134,-26.935733217426222],[-48.735821469799546,-26.93590775557407],[-48.73585816876049,-26.93603496013876],[-48.73582929283035,-26.936301794844688],[-48.73575643370272,-26.93641317145322],[-48.735326023432634,-26.93674390158915],[-48.73525344461217,-26.936841215021683],[-48.73523353653803,-26.937051920399874],[-48.73526267009488,-26.93716493442665],[-48.735324030616326,-26.937236261997207],[-48.73532976740923,-26.937341865737043],[-48.73538342246733,-26.93740603496906],[-48.73562509335678,-26.937487291193726],[-48.73575048341093,-26.937496338875437],[-48.73583608358528,-26.93753288333765],[-48.735992997924185,-26.937535402289928],[-48.73603965037503,-26.937557254041643],[-48.73630654466095,-26.93755450342732],[-48.73671648822473,-26.93746260364273],[-48.73685197201925,-26.937359265139133],[-48.736930990450496,-26.937332396500157],[-48.73700888622829,-26.93736178294679],[-48.737039004797154,-26.937425573941784],[-48.737032965290645,-26.937727946539773],[-48.73700802317096,-26.937797887764315],[-48.7370340686041,-26.9380656048981],[-48.736936127594234,-26.93825395566123],[-48.73684015282182,-26.938343859904343],[-48.736768978874224,-26.938370854338505],[-48.73670607255516,-26.938376879439424],[-48.73650208260545,-26.93837360570891],[-48.73618853253752,-26.938354504848846],[-48.736095507969964,-26.938296738523526],[-48.73571958430623,-26.938299193910645],[-48.735577690191406,-26.938275999707773],[-48.73549441344184,-26.938239104322108],[-48.73524790722342,-26.938195614355923],[-48.734967371518984,-26.938103259449502],[-48.734847269206185,-26.938040672467373],[-48.7347451200718,-26.93801393202688],[-48.734519038787276,-26.937882709745608],[-48.73442630538207,-26.937851937479667],[-48.73397273165084,-26.937543452191164],[-48.73391544454148,-26.937490659023375],[-48.733783896534,-26.937300296428223],[-48.73371270441933,-26.93724267817507],[-48.73370170861907,-26.9372090341909],[-48.73358532049295,-26.93707748212355],[-48.733572327168524,-26.937027072835274],[-48.73348355827799,-26.93691478959019],[-48.73345602303969,-26.936891338273288],[-48.733300996253995,-26.936842992574476],[-48.73325531487562,-26.93680863047908],[-48.733109375873426,-26.93683765944079],[-48.73295431313656,-26.93688955041213],[-48.732829348723655,-26.936953428535812],[-48.732769895040256,-26.9370089471186],[-48.73265913405682,-26.93702836868912],[-48.73227593152935,-26.937369467044512],[-48.73203976651069,-26.937554181899426],[-48.731971382115645,-26.93765229912604],[-48.73187099150111,-26.937690371640443],[-48.731716062338315,-26.93768788001476],[-48.731672789623445,-26.937637575612676],[-48.73160718608125,-26.937596833547893],[-48.7315532444833,-26.937526514501567],[-48.73149002316506,-26.937366750801843],[-48.73140379788758,-26.937260837012282],[-48.731391175446724,-26.937211866620174],[-48.73132486100667,-26.937149068918497],[-48.73131899287791,-26.93709250026581],[-48.73120798598939,-26.93692547468953],[-48.731207243899625,-26.936845979691505],[-48.73118458390748,-26.93681214881541],[-48.73111385411584,-26.936731527957082],[-48.73093038859327,-26.936686743518433],[-48.73090068827088,-26.936654891208914],[-48.73086127933517,-26.936641706846345],[-48.73078862347834,-26.936657271079252],[-48.730745500341236,-26.93671305241479],[-48.730684382733706,-26.93673507694993],[-48.73056231597165,-26.936770762961725],[-48.730454748916685,-26.936781581520314],[-48.73041233662274,-26.936801815957896],[-48.730309674727486,-26.936917296130016],[-48.73018435290569,-26.9369989451928],[-48.730150643908246,-26.937050694085688],[-48.73006994181767,-26.93711841982605],[-48.73006218915435,-26.937155945141207],[-48.72998356777279,-26.937236253740743],[-48.7299390734072,-26.93724390418196],[-48.729858706225606,-26.937294902007014],[-48.729746431343266,-26.937307736092297],[-48.72967290723075,-26.93725007835366],[-48.729586937373455,-26.93711482909754],[-48.72957590092781,-26.937083276065554],[-48.72958175382423,-26.936907672004278],[-48.7295546793598,-26.936861219496596],[-48.729511236187165,-26.936583586279045],[-48.729388245817475,-26.936315966574355],[-48.7292745322566,-26.93616772018975],[-48.7290612579196,-26.935980221548505],[-48.728976196891054,-26.9359161021218],[-48.728870991254105,-26.935887409602543],[-48.72885418645919,-26.93583256354014],[-48.728400398595824,-26.93576878060515],[-48.72808566380657,-26.935753253695378],[-48.727865866106384,-26.9357748127893],[-48.72774468029969,-26.93576658579146],[-48.72741952366302,-26.93580527180666],[-48.727367527983844,-26.935837900323282],[-48.72721817942169,-26.93583758565908],[-48.72711960924687,-26.93586527982758],[-48.72697120957162,-26.935934004675765],[-48.72692617026351,-26.935968836997713],[-48.72676328841281,-26.936172414440225],[-48.72676572923344,-26.936287279190278],[-48.72681526143545,-26.93641991403131],[-48.726916801673426,-26.93656189260825],[-48.72708230823214,-26.93659007655864],[-48.727204697670764,-26.936638828947405],[-48.72740170301765,-26.936752576559577],[-48.727689173563775,-26.936850769427675],[-48.727759472136434,-26.936894429777258],[-48.72796832104097,-26.937127445229436],[-48.72799368181287,-26.937519110235723],[-48.727953006287684,-26.93765454476461],[-48.72787412752447,-26.937802121698837],[-48.727738721719234,-26.93816567994721],[-48.72768129929159,-26.93842630168593],[-48.72756268115649,-26.938662546864506],[-48.72733013307724,-26.938901208356754],[-48.727253581441694,-26.938958895427344],[-48.72718659697691,-26.938924348749442],[-48.72715080447968,-26.938963513834384],[-48.72709952137951,-26.938960595486204],[-48.72700020935077,-26.93890879547576],[-48.72684390004578,-26.938906276171533],[-48.726790492518546,-26.938892865931038],[-48.726669068233235,-26.938780051401903],[-48.72631296208812,-26.9387324779567],[-48.72600719103685,-26.938618781758755],[-48.7258516797197,-26.938576533255254],[-48.72576077708181,-26.938570884596935],[-48.72534095277687,-26.93844237964886],[-48.72478630057877,-26.93817135022821],[-48.72457261739186,-26.938120631902787],[-48.72450117686619,-26.93807555458052],[-48.72439581554252,-26.938092679611596],[-48.724041099117024,-26.937976098598522],[-48.72388033505331,-26.937963045746336],[-48.72362225869715,-26.93791495582737],[-48.723263171489705,-26.93778366110989],[-48.72316298098052,-26.93777576900903],[-48.7230751268404,-26.937734609753186],[-48.72255073736466,-26.937583911381992],[-48.72233354193586,-26.937475821518813],[-48.72212662458186,-26.93743692167332],[-48.72202401725467,-26.937433172573662],[-48.72194545354968,-26.9373942545627],[-48.72181035280962,-26.93738161391009],[-48.721768780866675,-26.937360026446147],[-48.7216175180824,-26.93733875798182],[-48.72154120369511,-26.937304058917952],[-48.721431596976394,-26.9373001963178],[-48.72134820002588,-26.937269565555717],[-48.72118205715788,-26.937291981769356],[-48.721079575211135,-26.937281959323776],[-48.72087312146095,-26.93722005736285],[-48.72080313394942,-26.93721892637013],[-48.72067402259731,-26.937256580754905],[-48.72053845950942,-26.93726693921971],[-48.7203149185527,-26.937242410227977],[-48.720254135564915,-26.937247702428955],[-48.72017439557274,-26.937267330314448],[-48.72004694394419,-26.937338477146834],[-48.719932503630744,-26.93734290269586],[-48.71978464426727,-26.93738443597888],[-48.719669993485574,-26.93739931632248],[-48.719552084614385,-26.937460158561084],[-48.719467888449316,-26.93746925556809],[-48.71935443329612,-26.93754062896203],[-48.71922336785101,-26.93755942541639],[-48.71915634075223,-26.937643052884304],[-48.71896116613237,-26.937832327873014],[-48.71862672620393,-26.938099877543667],[-48.71852320852309,-26.938257167370544],[-48.71845242040593,-26.938295763995438],[-48.718148495121305,-26.93855439356469],[-48.71805042191847,-26.938673076149726],[-48.71795537668201,-26.93875729554826],[-48.71785409085241,-26.938803763998717],[-48.71780358202576,-26.93887824554964],[-48.71772528816024,-26.938941819943004],[-48.71762187949292,-26.938977795457266],[-48.71759333627455,-26.939004525011434],[-48.717480189506446,-26.939176300236902],[-48.71715199816945,-26.939596636713194],[-48.71710310541548,-26.939706702143898],[-48.71706970043354,-26.93985885095876],[-48.716940559427826,-26.94001363366667],[-48.71690141962723,-26.940102940095688],[-48.716832203501674,-26.94017921023495],[-48.71674253799807,-26.940227957784423],[-48.716632213433556,-26.94025963770909],[-48.71659042983909,-26.94024850368958],[-48.71648950640958,-26.940161112345848],[-48.71647940072197,-26.94008355802584],[-48.71638976333754,-26.94001517429528],[-48.71636116246554,-26.939928953946342],[-48.71636898919757,-26.939772207448474],[-48.716425035916735,-26.93953885105194],[-48.71642405144059,-26.939471902815573],[-48.71637373894548,-26.93930501269639],[-48.71633968511428,-26.939026272793814],[-48.716243314162185,-26.938713058538113],[-48.71622106608943,-26.938543275667794],[-48.71616163318333,-26.93836577849945],[-48.71612888414183,-26.937675007481797],[-48.716144175902365,-26.9373794978568],[-48.716126060421665,-26.93735201303189],[-48.71610755068882,-26.937228306181552],[-48.71614181382993,-26.937149379355255],[-48.71612275614759,-26.93705285510693],[-48.7161475179471,-26.93698214005238],[-48.71610971362125,-26.93688949595479],[-48.71612522800237,-26.936814448336705],[-48.716092089068894,-26.936721879783434],[-48.71609385935211,-26.93663405934359],[-48.716028510223666,-26.93651858862515],[-48.716018010743824,-26.936344812245686],[-48.71589719057453,-26.936202716367607],[-48.7158591749128,-26.936120526289532],[-48.71575596450709,-26.936031006580478],[-48.715735811241125,-26.935988847496446],[-48.71559519039464,-26.93590290370415],[-48.71555170874001,-26.935860366755026],[-48.7154827053577,-26.93592618229903],[-48.715390963683205,-26.935962345257323],[-48.715255627029464,-26.936077284509334],[-48.71498006288483,-26.936202502104035],[-48.714920601442266,-26.93625801353987],[-48.714886675159555,-26.9363202124382],[-48.71475102875001,-26.93633474772633],[-48.71462191783904,-26.936372397426286],[-48.71445892182266,-26.936354486887485],[-48.71434893806702,-26.93636943764068],[-48.7142580383473,-26.936363781708916],[-48.71415152569892,-26.9363223146929],[-48.71409786914908,-26.93632144507027],[-48.714056425800784,-26.93629358192106],[-48.71381235568697,-26.9362457013862],[-48.71369180425227,-26.936206097429828],[-48.71357197020903,-26.936130947926166],[-48.71341451357848,-26.936069829591645],[-48.71323253594487,-26.93595183967362],[-48.71281871391985,-26.93552722012693],[-48.71269640983146,-26.935343265012037],[-48.71252740636843,-26.93516064339497],[-48.712532790240516,-26.935125172741923],[-48.71240250640036,-26.934874154866247],[-48.71231283655852,-26.93480765076986],[-48.712261122766556,-26.93471059647667],[-48.71225513761082,-26.934660300234707],[-48.71217406642788,-26.934514662434953],[-48.71213468180624,-26.934269302452446],[-48.711801181807445,-26.933912288151323],[-48.71162480349544,-26.93374837085682],[-48.71151426157833,-26.933675462376307],[-48.711390695567104,-26.933554234295194],[-48.711336606745405,-26.93345923303277],[-48.711025072573534,-26.933285801377146],[-48.71084217265082,-26.933213809119554],[-48.71081718756238,-26.933179937533446],[-48.710751993915686,-26.933172604798443],[-48.710664022634376,-26.933137710014908],[-48.710159444507035,-26.93304794621909],[-48.70983539164342,-26.93303222679655],[-48.70959252278683,-26.933040833528484],[-48.70945879048002,-26.93307631170517],[-48.70939135050339,-26.933064758158004],[-48.70933231095949,-26.933099357306027],[-48.709264700905315,-26.93309616745469],[-48.70910152099385,-26.932972202295257],[-48.709036151469896,-26.932858193041497],[-48.70904467151617,-26.932783031857863],[-48.70910417594356,-26.932725432676044],[-48.709119610576316,-26.932654568398846],[-48.70914348779825,-26.932627764780943],[-48.709302412324384,-26.932500454925304],[-48.70938732360176,-26.932455818440065],[-48.70957876684356,-26.93222048001686],[-48.70958181833662,-26.932184972530806],[-48.70967423559092,-26.932115357269108],[-48.7097517079355,-26.931861435818448],[-48.70980913199702,-26.93179125228126],[-48.70983198674511,-26.93169959160778],[-48.70989379689096,-26.931643283866023],[-48.709924114466126,-26.9315287366212],[-48.709967077163995,-26.931481326836703],[-48.70999463904987,-26.931387650687],[-48.710059991372354,-26.931271579407653],[-48.710069186531065,-26.931162963879483],[-48.71005322823847,-26.931028840441336],[-48.71006560968637,-26.930993483490116],[-48.71002632405607,-26.930858981355122],[-48.70993457598708,-26.9307801013186],[-48.709839945708445,-26.930728365859125],[-48.70977360469152,-26.930662447548674],[-48.70943797911318,-26.930642356827843],[-48.70921547671453,-26.930682668089894],[-48.70879249037671,-26.930828487476592],[-48.70861915306454,-26.930976270124894],[-48.7085270321649,-26.93103124744734],[-48.70851736278876,-26.93104782340642],[-48.70856809270101,-26.93107793076081],[-48.7085628981447,-26.931103991859786],[-48.708461489247284,-26.931156726397656],[-48.708243665469496,-26.93142719172599],[-48.70810480454533,-26.93148559306216],[-48.707992878791586,-26.93159672286832],[-48.707914796661235,-26.931649836908544],[-48.70787259535344,-26.931659608625413],[-48.70776157853013,-26.931725782641568],[-48.70762326687749,-26.931757001001014],[-48.70748160589807,-26.931838364770375],[-48.70740674475053,-26.931847606436648],[-48.70734991148193,-26.931888515277493],[-48.707226272724775,-26.931886505665645],[-48.70715336385218,-26.931914602903674],[-48.707070361189736,-26.931980185778823],[-48.70701437390606,-26.93197927566741],[-48.706899135453625,-26.93202341858211],[-48.706724217725146,-26.932018483032603],[-48.706525082804525,-26.932057078818495],[-48.706298630271284,-26.932061763167308],[-48.70612040604473,-26.932104880298215],[-48.70584908113326,-26.932136025559977],[-48.70555094684275,-26.93210816865722],[-48.70549699625999,-26.932121932230253],[-48.70537658298586,-26.932191089203616],[-48.705289866707226,-26.932209549301444],[-48.70523485750779,-26.932275586432752],[-48.705220906766705,-26.932388306842775],[-48.70523079269141,-26.932476316430385],[-48.70519703292496,-26.93253014993135],[-48.70519792531705,-26.932601280193197],[-48.70509460811946,-26.93274810451445],[-48.70510676658749,-26.932954328064305],[-48.70528046286791,-26.93313494241695],[-48.70528585207269,-26.93321451233764],[-48.705338236585575,-26.933278112888253],[-48.705365239801054,-26.93344274540245],[-48.70544523836716,-26.933525620911258],[-48.70544451859983,-26.933561166171167],[-48.70549944812022,-26.933614350617887],[-48.705544114892945,-26.933713384330463],[-48.70551162846906,-26.933819528580592],[-48.705519393267714,-26.933897045287775],[-48.7054998881372,-26.934053600629458],[-48.705158025152095,-26.93422582738449],[-48.7049967620525,-26.934237844698544],[-48.70478973141015,-26.93420519361829],[-48.70469259849853,-26.934161780472984],[-48.70454346588897,-26.93415098701944],[-48.704504188519984,-26.93413152294892],[-48.70433617822756,-26.934015840343534],[-48.70424057174572,-26.93389715324227],[-48.70413911206918,-26.933836936311735],[-48.703987889739324,-26.93369893766409],[-48.703816404562566,-26.933639671566624],[-48.70374370202298,-26.933542272815583],[-48.703628077985016,-26.933490191447714],[-48.70351100986327,-26.933394162136395],[-48.70330779768568,-26.93328836450663],[-48.70318374032143,-26.933191802408647],[-48.70291180209253,-26.933076927424814],[-48.7033129394689,-26.93250163643231],[-48.704999794615844,-26.930640317899517],[-48.706637777685025,-26.92666357410671],[-48.70840595809309,-26.923037932161648],[-48.70917925766952,-26.92103852898856],[-48.70986509496907,-26.918832399378914],[-48.71119857141775,-26.916308285339742],[-48.71240621306856,-26.913207269127582],[-48.71323094320921,-26.910921245674267],[-48.713584544348244,-26.909284552221457],[-48.713465942697354,-26.908885234267295],[-48.713743960593845,-26.908902383089984],[-48.71399609713857,-26.9090783836254],[-48.71442280510363,-26.909314515154946],[-48.71471744722958,-26.90949597764651],[-48.7150242645498,-26.909710719385668],[-48.71526501593644,-26.909822046609246],[-48.715435527467655,-26.909950141885414],[-48.71594493898653,-26.910274707230926],[-48.716571515050056,-26.910528575682747],[-48.71736045869415,-26.91100636885751],[-48.71739941228952,-26.911175516969273],[-48.718017976918205,-26.911578785858662],[-48.718587926821776,-26.91190212368157],[-48.71950964484727,-26.91236683848214],[-48.71957886356851,-26.912437783723124],[-48.719972251639085,-26.91269259580221],[-48.7209564620219,-26.91326114322262],[-48.72118244509585,-26.91340554343545],[-48.7212960069767,-26.913433359485424],[-48.72162068811835,-26.913663473308894],[-48.722562599934164,-26.9142251536682],[-48.72267684658911,-26.91421887804988],[-48.72283738401818,-26.91436848171651],[-48.72346720929404,-26.914731788959326],[-48.723621061782886,-26.914885772735346],[-48.72382452710662,-26.91497951327991],[-48.724002975852045,-26.91511392675706],[-48.72439314596835,-26.91529910303791],[-48.724919418548296,-26.915604352098384],[-48.72497003542821,-26.915668652609885],[-48.72632858768455,-26.916471463571785],[-48.7267277247231,-26.916724904027955],[-48.726834952381104,-26.91674884966594],[-48.72698543549178,-26.91688170092385],[-48.72759303427993,-26.917238329249063],[-48.72832109010332,-26.917693667538263],[-48.72894113046473,-26.918044918086846],[-48.72941309370661,-26.91838125739572],[-48.730717763975505,-26.91911977454619],[-48.731578420282325,-26.919673098549367],[-48.73239670335763,-26.920157074691975],[-48.73298612757394,-26.920594864113838],[-48.734706460435554,-26.921570680715877],[-48.73528262195406,-26.9219428567013],[-48.73615328298168,-26.922545358870217],[-48.73719832656478,-26.923183349617407],[-48.737900303284924,-26.923547277921358],[-48.73907207778072,-26.92433486629087],[-48.739530739461706,-26.924564549177553],[-48.740372662929666,-26.92514694909969],[-48.74135680849296,-26.92573162134049],[-48.74151230298246,-26.92579950327028],[-48.74183690356035,-26.925984528295864],[-48.74249952101529,-26.92641364437947],[-48.74451826722536,-26.927616457104225],[-48.744975327358496,-26.927927838315313],[-48.74525663613868,-26.9280892768056],[-48.745554878031776,-26.92831637716881],[-48.74600159039989,-26.92859816360462],[-48.746688003395036,-26.928932822440906],[-48.74701496900901,-26.929183265868854],[-48.74909351266982,-26.93013521160559],[-48.75002765660054,-26.930486885162658],[-48.75028904635727,-26.93054990770646],[-48.750740623815865,-26.93076035891455],[-48.75094800447867,-26.930813163334644],[-48.75201335971763,-26.930988529526335],[-48.75200620754926,-26.93104150160632],[-48.75186955796527,-26.931326885958708],[-48.75183495090721,-26.93146864174292],[-48.751833180631145,-26.931649591081516],[-48.751813249728706,-26.931737316095997],[-48.751727771328255,-26.931857519909496],[-48.751723107430585,-26.931964715052274],[-48.751551506896575,-26.932179983343005],[-48.751581009452735,-26.93224966111328],[-48.75142680093675,-26.93262784153179],[-48.75136285468974,-26.93273755342465],[-48.751172797019144,-26.932976747908437],[-48.75102276910933,-26.933106611659138],[-48.750784169483595,-26.933168010504],[-48.750630660738246,-26.93318615302491],[-48.75027291772591,-26.93307749564904],[-48.74980255670396,-26.932877430740167],[-48.74965770506103,-26.9328349390148],[-48.749519990641595,-26.93280930245299],[-48.749370074359796,-26.932833698085087],[-48.749096812726826,-26.93300428126884],[-48.74891101336074,-26.93325790115982],[-48.74878535855867,-26.933508286075398],[-48.748585554512786,-26.933694389532462],[-48.748383587961676,-26.933736236053644],[-48.74820307194014,-26.933710819180117],[-48.74806366563625,-26.933640988954828],[-48.7479061218633,-26.93347171639147],[-48.747827174453434,-26.933187707113298],[-48.74781379817113,-26.933058940769946],[-48.747831963916894,-26.932969873430025],[-48.747995954971536,-26.932833428954368],[-48.74823615483792,-26.932745284599623],[-48.748449597869204,-26.932691673803145],[-48.74858288870181,-26.932563098881445],[-48.74853808201549,-26.93228745911698],[-48.74827560456594,-26.932084963183282],[-48.74775264875993,-26.932085627930988],[-48.747349974801075,-26.932106239970516],[-48.746628827369655,-26.93221190253864],[-48.746181092962274,-26.93222277765817],[-48.745718022022544,-26.932005242585365],[-48.74546959872748,-26.931723352750424],[-48.74539390413234,-26.931584858112778],[-48.74528079733481,-26.931449112644707],[-48.74500236672247,-26.93117343953871],[-48.74449546199371,-26.930740085874515],[-48.74435441293956,-26.930506789013425],[-48.74428391712359,-26.93010719896504],[-48.744162939969826,-26.929803906478543],[-48.74404910341758,-26.92970498118875],[-48.74393040018465,-26.92966290200711],[-48.74377288485831,-26.929693867396303],[-48.74362821973325,-26.92983597847638],[-48.7434957292442,-26.92993321023139],[-48.74333456681084,-26.929991021588638],[-48.743131533650725,-26.930036839806387],[-48.742683796756396,-26.929927927951788],[-48.74247432458286,-26.929841381464733],[-48.74210456560301,-26.929801495292953],[-48.74183345055393,-26.929868414099495],[-48.74176015765244,-26.929904255790184],[-48.7416882773504,-26.929983547853965],[-48.74161438534405,-26.930099368708902],[-48.74157830276823,-26.93021956980225],[-48.741656178358724,-26.930326498204828],[-48.74182531042872,-26.93050282494659],[-48.74207529900755,-26.930711414308895],[-48.74231196032769,-26.93080501157785],[-48.742552505336064,-26.93077866702173],[-48.74284992599209,-26.930706374093916],[-48.74296291070009,-26.930699027443723]]],[[[-48.74296291070009,-26.930699027443723],[-48.74346744450998,-26.930116622599602],[-48.7437252712333,-26.929900414614487],[-48.743829422952764,-26.929875533876913],[-48.74389277894728,-26.929916366092336],[-48.743954902367754,-26.930019120229694],[-48.74419511587301,-26.930598128410438],[-48.74432888077557,-26.93082148483793],[-48.74443990913372,-26.930947142634132],[-48.74480806739158,-26.93129812882504],[-48.745191286311716,-26.931844438191124],[-48.745454967015405,-26.932098281348683],[-48.745677719904585,-26.93224556888136],[-48.745984166701234,-26.93236702603864],[-48.74642099490493,-26.932388129044984],[-48.7471483125457,-26.932264638904428],[-48.74745919106587,-26.93226960365544],[-48.748126854429614,-26.93220504982479],[-48.74826969356511,-26.93222060336248],[-48.748342570034445,-26.932279282804],[-48.74841529228619,-26.932393666448366],[-48.74841664858516,-26.932578473735845],[-48.74821818966841,-26.932696993563088],[-48.74774815768384,-26.932880355621723],[-48.74759818600574,-26.932975296894558],[-48.74759022973749,-26.93317371963645],[-48.747669147134964,-26.93350398832816],[-48.747838875579944,-26.933779949770624],[-48.74809154254628,-26.933914072595677],[-48.74838854387227,-26.933966987855534],[-48.74867393566242,-26.933866436253375],[-48.74889878547235,-26.933616016494362],[-48.74898616032954,-26.93342661670928],[-48.74919763228114,-26.933217621244665],[-48.74947237444099,-26.933053879552745],[-48.74976766207242,-26.933098409566412],[-48.75045781014375,-26.933351845132066],[-48.75068206500408,-26.933377318566748],[-48.75119720138753,-26.933271665885247],[-48.75131634107074,-26.93317721733024],[-48.75151789060496,-26.932869489282965],[-48.751759387313925,-26.932368120577316],[-48.75196959419602,-26.932000843104092],[-48.7519751223366,-26.931915138355965],[-48.7520348483031,-26.93179941168685],[-48.75210078366936,-26.931563672493276],[-48.752218940960404,-26.93139740077944],[-48.752275655083864,-26.931240445118977],[-48.752290195211856,-26.931066556973068],[-48.75246257310531,-26.931054553830947],[-48.752849839058726,-26.931153195560544],[-48.753493840652055,-26.931388053814693],[-48.754001155012425,-26.931633587522963],[-48.75396908245627,-26.931761587546724],[-48.75405903831676,-26.931859107992093],[-48.75414399018529,-26.93182271171565],[-48.75420277955693,-26.931731170285346],[-48.75492997139356,-26.932149788234927],[-48.75487345088454,-26.93230103923654],[-48.75494078274454,-26.93238104066411],[-48.75505533505196,-26.93239659109194],[-48.75531022720953,-26.93239033151421],[-48.75620021330212,-26.933063723610854],[-48.75749465579949,-26.93426017561114],[-48.758044719748696,-26.93466091304882],[-48.758444292661,-26.935045740844508],[-48.758526478491916,-26.93537563267994],[-48.75861610180629,-26.935490304529463],[-48.758780349521984,-26.935510072938204],[-48.75870842638595,-26.935855536099197],[-48.75863681447219,-26.935991667351736],[-48.758816577377,-26.936001387066245],[-48.75862501981856,-26.936200815800213],[-48.75864504383198,-26.936333048945855],[-48.75864049960592,-26.936562765903723],[-48.75871213953632,-26.936753142482306],[-48.758745177157174,-26.936901083926525],[-48.75875204647414,-26.937134551470557],[-48.758887195277794,-26.937270537101146],[-48.75892119731203,-26.937487276447886],[-48.75893106607798,-26.93776265845756],[-48.75889186648778,-26.938002258046435],[-48.75898647674391,-26.938191631389746],[-48.75880254737864,-26.938282002963952],[-48.758605747794014,-26.938319427428972],[-48.75825835437538,-26.938283887683472],[-48.75816670839635,-26.93845733890608],[-48.75843776568453,-26.93842489375308],[-48.75867845785586,-26.938455753011876],[-48.75882576427912,-26.93844046981357],[-48.75908846939635,-26.93831358024877],[-48.75925282025747,-26.939154247910427],[-48.75956419970283,-26.940186488432587],[-48.75963290446455,-26.940525505106198],[-48.759747908481906,-26.94081119009932],[-48.76006036573061,-26.941789378819482],[-48.76029011142528,-26.942374260100532],[-48.76067410613572,-26.94278586851226],[-48.760999663967056,-26.943101929995247],[-48.761283056208526,-26.94332854482801],[-48.76139297991845,-26.943385197200552],[-48.761513168045056,-26.943503784767493],[-48.76169073731452,-26.943734082311614],[-48.76188966904437,-26.943909790604113],[-48.76195207829699,-26.943999268915313],[-48.76195033040409,-26.94408772898617],[-48.76179965370067,-26.944218068337516],[-48.761653038128,-26.944392716773535],[-48.76159075694327,-26.944546581802527],[-48.76158223852258,-26.94472784601599],[-48.761685739568314,-26.944907690956075],[-48.761436741649455,-26.95154402319591],[-48.75858194135185,-26.94993834586971],[-48.75538951815982,-26.949189522057647],[-48.752062179061916,-26.94831529366335],[-48.74914303955701,-26.947652810950053],[-48.74612824836682,-26.947194044494907],[-48.74421518675006,-26.94662966139838],[-48.74298589803154,-26.946240442824216],[-48.7417034509483,-26.946219909648704],[-48.740234522869095,-26.946360619559254],[-48.73777107370378,-26.945828390805865],[-48.735487573233826,-26.94546325187226],[-48.734164266904386,-26.9451956305895],[-48.732337981463196,-26.944878848074346],[-48.72977478390163,-26.94475548502366],[-48.727950167997555,-26.944356551695805],[-48.72630135258556,-26.944329976650344],[-48.72443013459977,-26.943971308349358],[-48.720995124008326,-26.943915835986417],[-48.719438748919124,-26.94384961373241],[-48.71687974392758,-26.943520782632422],[-48.71547402558858,-26.94279998985066],[-48.714263118026764,-26.941507494978755],[-48.712815786929056,-26.94058070051005],[-48.711452614645815,-26.940024801565116],[-48.709826284800045,-26.938889772046288],[-48.708016799634116,-26.937751748745384],[-48.70615906236845,-26.936736099079063],[-48.704304686255206,-26.93555624101397],[-48.703093983731115,-26.934263661883815],[-48.70274675895924,-26.933313621839037],[-48.70309175915049,-26.93352617734776],[-48.703293782661184,-26.933575483213055],[-48.70342531341723,-26.933648739639608],[-48.70348753785108,-26.93368740245863],[-48.703562826583656,-26.93377229324212],[-48.70367208820321,-26.93379289694809],[-48.70384908136832,-26.933925877361983],[-48.70395189854714,-26.93403422464273],[-48.703977306350886,-26.934047187538145],[-48.70403104616854,-26.934043879521642],[-48.70406086495563,-26.934069464404512],[-48.704066931175625,-26.93411557844471],[-48.704126441705675,-26.93417302167525],[-48.70426026445474,-26.934248406532447],[-48.70438640183409,-26.934357550919806],[-48.704634661948326,-26.934428523271617],[-48.70490718216602,-26.934453873746477],[-48.70502539602261,-26.93449344696822],[-48.705276323637406,-26.93443268942129],[-48.705568053901985,-26.93431612057982],[-48.70566280735237,-26.93424654616998],[-48.70573854631532,-26.933848276841907],[-48.70569593260911,-26.933647832584306],[-48.705551202650604,-26.933419582701813],[-48.70549411047229,-26.933357996591678],[-48.705367129200404,-26.93305996544979],[-48.70535210793099,-26.93287984077165],[-48.70540605551491,-26.932751037097546],[-48.705378078501234,-26.93263449682488],[-48.70538605051336,-26.932586518427524],[-48.70541476403767,-26.93255142765226],[-48.70541310940091,-26.93251793471248],[-48.705474905118834,-26.932462466268703],[-48.70554836610171,-26.932407186645218],[-48.70561898491228,-26.932376961171443],[-48.70601237940602,-26.932310152837072],[-48.70616023492606,-26.932268632956976],[-48.70636781380612,-26.93227409941507],[-48.706413025618915,-26.93223091108048],[-48.70689388078055,-26.932224087014962],[-48.707079908012744,-26.93214135413392],[-48.70734747716344,-26.93206517599716],[-48.70761447498885,-26.932017224469725],[-48.70773060140164,-26.931929170959968],[-48.70793478253279,-26.93187183145357],[-48.70796811791535,-26.931838907065167],[-48.70804581955576,-26.931804611704887],[-48.708107656956834,-26.93174705084451],[-48.70818056553858,-26.931718952188323],[-48.70830589555214,-26.93163732326499],[-48.70841351434323,-26.931508345168773],[-48.70846495559419,-26.931387865907464],[-48.70851979341994,-26.931330191132016],[-48.708594562869976,-26.931210090773515],[-48.70864935827755,-26.93115450620294],[-48.7087056834226,-26.93113868809659],[-48.70879604199905,-26.931055444692923],[-48.7091112566609,-26.93093088281325],[-48.70921690850664,-26.930899132537114],[-48.709390125757395,-26.930872663071707],[-48.70947872982978,-26.93087619280015],[-48.709680161619694,-26.93095476219209],[-48.70979311624132,-26.93102352922117],[-48.7098248451802,-26.931070059783913],[-48.709825614788556,-26.931147462837504],[-48.70981578555674,-26.931287443179855],[-48.70976129436218,-26.93144343052791],[-48.7097106583225,-26.93152418264731],[-48.70968539440644,-26.931619569162745],[-48.709651848261096,-26.93166294894025],[-48.70950745031195,-26.93199526600136],[-48.70942780478468,-26.932125745146294],[-48.70927971360332,-26.932294436514965],[-48.709240781410976,-26.932373285734947],[-48.70920032118959,-26.932412370287654],[-48.709075329025964,-26.93247727243993],[-48.708994575483054,-26.93254707581504],[-48.70878858345587,-26.932809367531657],[-48.70873552843876,-26.93289426274015],[-48.70874162190814,-26.93293912272348],[-48.70877131472006,-26.932970980166406],[-48.708769454498245,-26.933062981635416],[-48.70883928188411,-26.933126160409195],[-48.70892488012109,-26.933131041425987],[-48.70896290347778,-26.93317704812816],[-48.709020679027425,-26.933209408583],[-48.70923351009926,-26.933279201792327],[-48.70970156955665,-26.93324839748002],[-48.70989704742228,-26.933213165344796],[-48.71016559466274,-26.93322450828416],[-48.71018216407076,-26.933250324446465],[-48.71025397468884,-26.93327658976157],[-48.71029350639742,-26.933283506156794],[-48.71037782647192,-26.933268141867085],[-48.71053807419998,-26.933306300951102],[-48.71063928371576,-26.93337905958613],[-48.7107463825765,-26.933391255315577],[-48.71091278512567,-26.9334713464986],[-48.711237534828506,-26.933683688599793],[-48.711468929552254,-26.933896606299307],[-48.71149603794467,-26.933940970616188],[-48.71170969555613,-26.934107794100033],[-48.71172841134573,-26.934221045383293],[-48.71180756986911,-26.934345736515294],[-48.71189558572011,-26.934378538603028],[-48.711903692705945,-26.934439327658094],[-48.711987897792255,-26.93454527565782],[-48.712011827990004,-26.934631420965918],[-48.71208134419969,-26.934771433310726],[-48.71218603817181,-26.934902812236327],[-48.71233338034634,-26.93523358942684],[-48.71241292114588,-26.935339460653783],[-48.712461331261395,-26.935484568628585],[-48.712705484473744,-26.935759395839913],[-48.7129435900848,-26.935987061420985],[-48.712995895863365,-26.936054841801507],[-48.713081200417705,-26.936106424170898],[-48.7131728704503,-26.936189484861877],[-48.7133480703589,-26.936296488765933],[-48.71351265129226,-26.93635144801058],[-48.71355867644476,-26.936383568405105],[-48.71366552642803,-26.936408309171796],[-48.713801227824085,-26.936506723548078],[-48.71396694839735,-26.936505226896426],[-48.71421967586416,-26.936586712724264],[-48.714422554432204,-26.936594184275688],[-48.71446187672839,-26.93661155456207],[-48.71456036562472,-26.936588050933135],[-48.714678922075585,-26.93661088788155],[-48.714934474790944,-26.93655227991098],[-48.71503813592692,-26.936503759230906],[-48.71530525456198,-26.936334481112723],[-48.71546421517307,-26.93620528236678],[-48.71553220691924,-26.936189650582474],[-48.71561768147566,-26.9362328676888],[-48.7157048147644,-26.936309577761467],[-48.71577744538586,-26.93641115161879],[-48.71583977288863,-26.936560668658306],[-48.715837791639395,-26.936658944067737],[-48.71587547022531,-26.93675786086825],[-48.71588002481425,-26.93687924987804],[-48.71592489589917,-26.936968662218522],[-48.715914257470175,-26.937033330373442],[-48.71594726987205,-26.937132171591117],[-48.71590635999361,-26.937309299114514],[-48.71591230467278,-26.937361686472236],[-48.71588546238276,-26.937419817520638],[-48.71588411343444,-26.937486727971184],[-48.71590516690368,-26.93760001763679],[-48.71596329346333,-26.937726457047592],[-48.71593050321709,-26.937848077815016],[-48.715966497956884,-26.938377845323174],[-48.71602608761817,-26.9386632726064],[-48.71603833752016,-26.93886594189057],[-48.716058449171754,-26.93891019213178],[-48.716138290998195,-26.939001425152814],[-48.716162773071844,-26.93906038736931],[-48.71620517501801,-26.939272329287093],[-48.71619903424358,-26.93934543771539],[-48.716240603704904,-26.939482903879096],[-48.716240154896774,-26.939620944910835],[-48.71621192109996,-26.93974807760282],[-48.7162525677277,-26.940162879798496],[-48.716296736263054,-26.94028721148875],[-48.71639910773417,-26.940418550052424],[-48.71660684379071,-26.94053277055185],[-48.71667687527533,-26.940531813479055],[-48.716808618746214,-26.94047956350872],[-48.716870709938284,-26.94040945272255],[-48.71696508316857,-26.940358689448587],[-48.7171338551643,-26.9399744689052],[-48.71729646479309,-26.939664400369903],[-48.71738272709785,-26.939552847847533],[-48.71742426273277,-26.939460442237866],[-48.717514979543125,-26.939359420116496],[-48.717671778611816,-26.93922181838242],[-48.717717494885136,-26.939153534016636],[-48.71785550335224,-26.93902190174241],[-48.71795454140251,-26.93897121410953],[-48.71800925231011,-26.938919808262856],[-48.71807432688434,-26.938817324888525],[-48.71833915709012,-26.93864591131103],[-48.71838474637275,-26.938583900224987],[-48.71854383442523,-26.938448425397418],[-48.7185894235311,-26.93838641332935],[-48.71867463092918,-26.93832713396626],[-48.718788865177956,-26.938217078847043],[-48.71881820785025,-26.938150621085885],[-48.718923047836824,-26.938043551685436],[-48.719309737213926,-26.937730829735095],[-48.719470061835686,-26.93764975675757],[-48.71993696889563,-26.937525531927815],[-48.720065658980374,-26.937508787363655],[-48.720150571440065,-26.937464144408654],[-48.7204053247303,-26.937445253543817],[-48.72065486571029,-26.937453470403515],[-48.72080705379819,-26.937428738355038],[-48.72102347052897,-26.93745942706171],[-48.72115682683586,-26.937442756888757],[-48.7211915262762,-26.937457958795843],[-48.721296592901965,-26.937455473545207],[-48.721791492165316,-26.937563867337087],[-48.721988531283166,-26.937629798764775],[-48.72223706409495,-26.937688195912703],[-48.72264947094708,-26.93783708727907],[-48.72353561877037,-26.9381023902957],[-48.72392137782165,-26.93818391543525],[-48.72420057784799,-26.93822607100361],[-48.72449484768439,-26.938331217964304],[-48.72470384899693,-26.938382697457413],[-48.724793777141656,-26.938436858239037],[-48.725023313905226,-26.938511676391734],[-48.72521997898159,-26.938596423325766],[-48.725658685751014,-26.938714355986335],[-48.72623310201632,-26.938931109187838],[-48.72636253181857,-26.938993853709103],[-48.72664131554144,-26.939056912933626],[-48.72671525765127,-26.93909366298304],[-48.7267817395773,-26.93915330150139],[-48.72683514621713,-26.93916671173612],[-48.72686474943251,-26.939203374243764],[-48.72693652629504,-26.93923172271126],[-48.72697085057358,-26.93926574222144],[-48.72719412003831,-26.93918776575339],[-48.72729794588993,-26.939130872909118],[-48.72734927203493,-26.93913170001305],[-48.72747458256547,-26.939167185574046],[-48.72755915720176,-26.93913926578813],[-48.7277012752012,-26.93903488114054],[-48.72780175055966,-26.938795960200817],[-48.72789792127212,-26.938655277774487],[-48.72799052566739,-26.938226935459607],[-48.72825802011658,-26.937456288544656],[-48.728277076718484,-26.93732063834587],[-48.72824711918984,-26.937185244597767],[-48.72818889389474,-26.937062990873134],[-48.727944762329045,-26.936785052121564],[-48.72778836510077,-26.936670630156122],[-48.727672850190274,-26.936612294039183],[-48.72758211769526,-26.93659828278788],[-48.72755638713142,-26.936555252907866],[-48.72735810433172,-26.93647171868304],[-48.72722418951225,-26.936444841002828],[-48.72710283299032,-26.936393444874017],[-48.727028312059325,-26.936327354465366],[-48.72700826514341,-26.936209612344506],[-48.727222234477054,-26.936112636252375],[-48.727430103494896,-26.936061911159435],[-48.727873070031094,-26.93600066767001],[-48.72796143999871,-26.936009305393675],[-48.728154852058175,-26.93599799259665],[-48.728250307080785,-26.936033864583308],[-48.72847599921662,-26.936039237698903],[-48.72857169370485,-26.93608406560048],[-48.72865245021856,-26.936070936907182],[-48.72876409289979,-26.936123236572136],[-48.72889081840857,-26.93622628174384],[-48.72892286023655,-26.936234011848068],[-48.7289934020917,-26.936328937186747],[-48.729113092559565,-26.93638136617521],[-48.729127740769115,-26.936453747225727],[-48.7291739982542,-26.9365554965474],[-48.72928332897631,-26.936723191476947],[-48.72928144989767,-26.93681695071167],[-48.729380031193415,-26.937022997967837],[-48.72936871354606,-26.937073606368735],[-48.72938561348932,-26.937258571394533],[-48.72953558150894,-26.93748723451643],[-48.72969375101745,-26.937563657693058],[-48.72976548199216,-26.937583280918126],[-48.72983270982662,-26.93757051139156],[-48.73016122949005,-26.937372636452825],[-48.73034610240371,-26.93714474581744],[-48.73055506102915,-26.93700035423852],[-48.73073888873193,-26.936953474413937],[-48.730838853317174,-26.936942890699306],[-48.7309019861644,-26.9369601622026],[-48.7309825992555,-26.937010225565082],[-48.73108465668781,-26.937121593283287],[-48.73111904670557,-26.937215617506396],[-48.73114977677511,-26.937492458394832],[-48.73128002559934,-26.93763610611473],[-48.73129089410031,-26.93767602202157],[-48.73139898863698,-26.93769969566755],[-48.73153600214383,-26.937849988411163],[-48.731642649168506,-26.937885170071883],[-48.731683930344495,-26.937921392249553],[-48.731894274541524,-26.937905950049],[-48.73195551817673,-26.93787765231831],[-48.732018384719915,-26.93791122990748],[-48.73224371237282,-26.937773551529002],[-48.73229023298664,-26.93776598708885],[-48.732312641189196,-26.937727558374817],[-48.732460489697104,-26.93759971679495],[-48.732637534916854,-26.937403077930835],[-48.73269697120794,-26.937368014927657],[-48.73286892153571,-26.93718069914055],[-48.73296576860398,-26.937111305408052],[-48.73305623415883,-26.937069980755453],[-48.733187076279904,-26.93704704170381],[-48.73321952856694,-26.93705225149812],[-48.733305002517604,-26.93710626681692],[-48.733435058537026,-26.93724965867636],[-48.73344973350551,-26.93728868354092],[-48.73350491580067,-26.937311735365647],[-48.73358271384355,-26.93744043382299],[-48.733900876781966,-26.93776139772072],[-48.73410181808215,-26.93791582691],[-48.734699892495115,-26.93822790353792],[-48.735316332549694,-26.938406623617237],[-48.735934039493166,-26.938522053718817],[-48.736325906825975,-26.938549445909324],[-48.73669475140095,-26.93860659040747],[-48.73683964679811,-26.93859636524234],[-48.73688926633505,-26.93856578691842],[-48.73696642224989,-26.93855865837447],[-48.73713877706968,-26.93845893268526],[-48.73724414302372,-26.938324664679136],[-48.73727334989589,-26.93826447602446],[-48.73731289731675,-26.938037119251675],[-48.737325142201456,-26.93765768041125],[-48.7374470577681,-26.93727895409331],[-48.73751528270001,-26.937134678327432],[-48.737414099155835,-26.936942714965696],[-48.737296328708425,-26.936880167466974],[-48.737226591176324,-26.936866498284925],[-48.73718209825823,-26.93687415197113],[-48.73712701968802,-26.93694438403217],[-48.73701590932657,-26.937015809828914],[-48.7369869950437,-26.937061361800374],[-48.736762397810224,-26.937206265897053],[-48.73652013890796,-26.937300685609205],[-48.73633933090146,-26.93735635092512],[-48.7362246395278,-26.937373334276625],[-48.735953932394644,-26.937373172712054],[-48.73561923869939,-26.937305049589085],[-48.735510759034355,-26.937244741667815],[-48.73544898141073,-26.937183092558694],[-48.73537683448439,-26.937056434164248],[-48.73537117329544,-26.936989410427508],[-48.7354005479264,-26.93692085736838],[-48.73545075114321,-26.93686100533241],[-48.73551037068235,-26.936797121609338],[-48.735703804204846,-26.93669355226614],[-48.73576325636808,-26.936638032343218],[-48.73579473402804,-26.9365810173675],[-48.73587026574517,-26.93653830498471],[-48.73592259382172,-26.936488945352945],[-48.735956487118244,-26.936427785356656],[-48.73603403332001,-26.936369457646165],[-48.73611555227179,-26.93624246040631],[-48.73615082941077,-26.93571210573361],[-48.73622424482984,-26.93549649135112],[-48.7363507932015,-26.935339246372905],[-48.736525627803,-26.935235868168316],[-48.73676240356411,-26.93524409150026],[-48.736992566924314,-26.93533627154006],[-48.737392352836004,-26.935586023733837],[-48.738058871234884,-26.936074543571568],[-48.73824550716205,-26.936121780091938],[-48.738439108890255,-26.93606736777848],[-48.73862936424288,-26.935933263906932],[-48.739073688395145,-26.935188247848455],[-48.73961419555225,-26.934564385006738],[-48.73975815493554,-26.93450824473366],[-48.74001311052033,-26.93446210413706],[-48.74063799447342,-26.934411843071853],[-48.74096290764887,-26.934417047236494],[-48.74143080261095,-26.934370965302154],[-48.742276162676156,-26.934130018593663],[-48.742550124465126,-26.9340674352458],[-48.74281106289443,-26.934092416332174],[-48.74299220944704,-26.934060143781934],[-48.743113913633515,-26.93391186897679],[-48.743158932711026,-26.933886317107476],[-48.7430601817656,-26.93379630124328],[-48.74291865713012,-26.9338127706679],[-48.742420176073786,-26.933731316450153],[-48.74173067017381,-26.933900960658857],[-48.741511519258985,-26.933864606192177],[-48.74130545247419,-26.93378466584071],[-48.741109435573854,-26.933629055855775],[-48.741097529504884,-26.933438942465216],[-48.74116281590533,-26.93331337223128],[-48.74130150253252,-26.933173509317935],[-48.741517109744635,-26.933039676216197],[-48.741885158878354,-26.9329028865885],[-48.742241424816676,-26.93274680334542],[-48.742559162929076,-26.932554931296686],[-48.74282394387047,-26.93232394077888],[-48.74326161965681,-26.93210659947904],[-48.743668448402815,-26.932019768752358],[-48.74392736462376,-26.93169199880212],[-48.74394196669791,-26.93152146301711],[-48.74362338149224,-26.930919528451973],[-48.74311011652939,-26.930689455882312],[-48.74296291070009,-26.930699027443723]]],[[[-48.67121822045696,-26.88237179371074],[-48.671167641092644,-26.882307270641725],[-48.671052225125116,-26.882207383325873],[-48.6711026721543,-26.882204055896057],[-48.67101908469211,-26.882091705619143],[-48.671211828676775,-26.882069056344214],[-48.67172515834962,-26.88209551960796],[-48.67173583256181,-26.88216229498428],[-48.67177894618582,-26.882213405590722],[-48.67190527878565,-26.882289195997195],[-48.67196896593781,-26.882299796243053],[-48.67203017527863,-26.882341087006598],[-48.67222295814989,-26.88239815596533],[-48.672411724039684,-26.882393050442214],[-48.67250647326156,-26.88244714065924],[-48.672557047455584,-26.882447974113457],[-48.67262441389577,-26.882488340937147],[-48.67278261508528,-26.882485119072193],[-48.673039537520275,-26.88255143248907],[-48.67311096632302,-26.8825740980501],[-48.673199488092884,-26.882636416468525],[-48.673279240146464,-26.882670308153706],[-48.67328138126083,-26.88260421504953],[-48.6733786331204,-26.88261236795079],[-48.67426715287198,-26.882889908024676],[-48.674198051845075,-26.88306269125003],[-48.67429800921894,-26.883067606851228],[-48.674337399158844,-26.883094519880213],[-48.674414298187116,-26.88311011228567],[-48.6744749819859,-26.883137375917716],[-48.6745138832011,-26.883188158299724],[-48.67491830656483,-26.883333302417334],[-48.675169347209945,-26.883522061038928],[-48.67532077088342,-26.88359804139417],[-48.67546593206548,-26.88363719674456],[-48.6755475204949,-26.88368390580204],[-48.67555995002433,-26.883727088716636],[-48.6756360461738,-26.883676718416886],[-48.675739893944225,-26.88354125060134],[-48.675964390709815,-26.883675542407126],[-48.67603642866999,-26.883734748839814],[-48.67607566264266,-26.88368640319534],[-48.676540950003336,-26.883947830120576],[-48.67657676068643,-26.883998569262033],[-48.6774674762927,-26.884575847575146],[-48.67772002539145,-26.884720326331305],[-48.677769687235944,-26.884758841199282],[-48.6777918390019,-26.884806328701547],[-48.67821886357628,-26.885099857940936],[-48.6784118725359,-26.885263176796613],[-48.67884469549628,-26.885539908759817],[-48.6790416923808,-26.885724255898293],[-48.678980160605526,-26.885794283259063],[-48.67907710516019,-26.885790653275826],[-48.67912043197836,-26.885739241686217],[-48.67915780486832,-26.88575051182034],[-48.679977863822565,-26.886355852156004],[-48.67994354890443,-26.886389217201504],[-48.67995145410084,-26.886413851759237],[-48.68006392794805,-26.886464707100863],[-48.680229576798595,-26.886588063843835],[-48.6802961514001,-26.886930898286113],[-48.68040286734673,-26.886954701300624],[-48.680451430250784,-26.88694418878004],[-48.6804240476257,-26.886925227377592],[-48.680427979758726,-26.88686650111112],[-48.680485579229035,-26.886855199379667],[-48.680499033588944,-26.886865218997414],[-48.68050824035658,-26.886941920974532],[-48.68057409875529,-26.886935040520857],[-48.68060363896383,-26.886960022274025],[-48.680661839744005,-26.88691933446698],[-48.68092935085359,-26.887063355128262],[-48.681238579806305,-26.887295728189248],[-48.68154141101197,-26.887461869724156],[-48.681609402952795,-26.887522678415397],[-48.68176973380775,-26.887625593578],[-48.68188190752332,-26.887739656345698],[-48.68215713969008,-26.88792482894841],[-48.68227727403919,-26.88804021601585],[-48.68239176871376,-26.88817103049782],[-48.68251598640679,-26.888347370748708],[-48.68260231989334,-26.888422806163806],[-48.68265656491522,-26.888504878468584],[-48.68272465551724,-26.888560912608252],[-48.68289092731247,-26.888764204423307],[-48.68293275797201,-26.888854432178533],[-48.682926555813,-26.888897311560537],[-48.68310649929389,-26.88914886227859],[-48.6832078241688,-26.88921716864126],[-48.68331223962289,-26.88932987940113],[-48.68367716122664,-26.8896458937898],[-48.68377692032683,-26.88977766579223],[-48.683952816255314,-26.889942626424606],[-48.684292576644495,-26.890164290420795],[-48.684351849879974,-26.890261706594657],[-48.685119591385394,-26.890861320904616],[-48.68547907433245,-26.891071183176805],[-48.68606240468111,-26.891522676295846],[-48.68683904880642,-26.892180427419763],[-48.687150255407076,-26.89253900769481],[-48.687484675537924,-26.892818471985866],[-48.68777161421341,-26.8932385949675],[-48.68793459201965,-26.893428609552057],[-48.68818034092055,-26.89375665228331],[-48.68838909708218,-26.894074558362952],[-48.68841777156079,-26.89423227279592],[-48.688504593219434,-26.894405232882338],[-48.688608081032044,-26.894542729297168],[-48.688704462181256,-26.894768261070414],[-48.688674432853745,-26.895199000351987],[-48.688472907328894,-26.89556975176163],[-48.68819074287021,-26.89572475825128],[-48.68806502228272,-26.895765584248693],[-48.68778630172687,-26.895751490125914],[-48.68765479569763,-26.89568500984591],[-48.68730900041084,-26.895572133891932],[-48.68679828484956,-26.8953374309736],[-48.68657014723342,-26.895188361183937],[-48.68637817813371,-26.895089915655447],[-48.6861056118007,-26.89490437977131],[-48.685770281473886,-26.894539128901222],[-48.68558550588146,-26.894478920033507],[-48.68543378670174,-26.894231037409554],[-48.68511143488883,-26.89401132870882],[-48.68480817917561,-26.893637071045376],[-48.68450141059683,-26.893174603575467],[-48.684467090304466,-26.893033473903394],[-48.684332316730874,-26.892866872497077],[-48.68427352209695,-26.89262289430657],[-48.68411837446603,-26.892413073074994],[-48.684010975539344,-26.89233745444123],[-48.683688545713615,-26.89222529819609],[-48.684216709346295,-26.89180686908753],[-48.68437329935012,-26.890865053619837],[-48.68402047779903,-26.890202305428257],[-48.683566893333754,-26.889989564900027],[-48.6830100292508,-26.890349969160443],[-48.68235155072924,-26.89120142590477],[-48.68183039583588,-26.892055132750194],[-48.6806767246598,-26.892487847792623],[-48.67990185427624,-26.892310877313314],[-48.67919122564741,-26.891231637808023],[-48.67948686513898,-26.890209995387874],[-48.68046076322165,-26.889610095024988],[-48.68121163681843,-26.88871910549927],[-48.68118262592579,-26.887897426864214],[-48.68055769134413,-26.887107022188854],[-48.67932593872936,-26.886881485431854],[-48.678734210958126,-26.886707519887644],[-48.675951982595436,-26.886169039346797],[-48.674843290096504,-26.886643509582616],[-48.67317855062386,-26.887437289092052],[-48.67228104238847,-26.888777476440463],[-48.67202270449988,-26.89021031542868],[-48.672311161007215,-26.89177534841303],[-48.67277179698833,-26.893876997409727],[-48.67241852329945,-26.895472511519554],[-48.67124204721703,-26.897013387023566],[-48.66969761204468,-26.898630297674405],[-48.66984338039612,-26.898222105086464],[-48.67016890502197,-26.897651363559234],[-48.670749198235384,-26.896907961185768],[-48.670796626663915,-26.89693262014608],[-48.67078571263682,-26.896875855976386],[-48.67090007295806,-26.89668639611872],[-48.671091253323716,-26.896423915411756],[-48.671161206924324,-26.896440827562774],[-48.6711960969423,-26.896412726589173],[-48.67105302841865,-26.896376938794276],[-48.67103395264635,-26.89639811276037],[-48.67099411937372,-26.89639268089983],[-48.671066223429506,-26.89625299663685],[-48.67110842606165,-26.89627279452611],[-48.671091522808126,-26.896317881714268],[-48.67121043685334,-26.896362821449436],[-48.67128170806185,-26.896263714595246],[-48.67129609588207,-26.89621142240544],[-48.67126295849543,-26.896139245493448],[-48.671263791046904,-26.89609866885713],[-48.671317896304366,-26.895927647592746],[-48.671225163578285,-26.895904629372097],[-48.671214074738444,-26.89592593511137],[-48.671184840719754,-26.89592306597248],[-48.6711882611076,-26.8958861128628],[-48.67121625408355,-26.895819719931257],[-48.671248150328154,-26.895822633877113],[-48.67123942892324,-26.895858304734887],[-48.67132683806133,-26.89588123603977],[-48.67137872255983,-26.895688689459693],[-48.671366930325924,-26.89561447679968],[-48.67139448139475,-26.895569565183614],[-48.67134197371005,-26.8955328835244],[-48.67141783522925,-26.895469666990437],[-48.67142960955078,-26.895414944743404],[-48.67139505115185,-26.89541198693598],[-48.6713840603257,-26.895428519556045],[-48.671354924374064,-26.895420876419074],[-48.671363448836516,-26.89539475180909],[-48.67138484383554,-26.895390329932766],[-48.67138814270319,-26.89535934437862],[-48.67140638575008,-26.895378746991135],[-48.67144621869954,-26.89538417871433],[-48.671468379191914,-26.895212631385586],[-48.67155377495664,-26.89494423138151],[-48.67156943550783,-26.894829881098104],[-48.67159117316367,-26.894808750034734],[-48.67161566537517,-26.89466957967458],[-48.67142203991258,-26.894567045125378],[-48.67143564830912,-26.894065211887504],[-48.67142349616931,-26.894011538001244],[-48.67145030411908,-26.893795198482213],[-48.671433001547086,-26.893470571780494],[-48.6714702802056,-26.893462865280366],[-48.67151953103596,-26.893474772888958],[-48.6715858691269,-26.893509523916624],[-48.6716273171293,-26.893436189246454],[-48.671626613325024,-26.89334067079123],[-48.67152731588017,-26.893248301169415],[-48.67159514008521,-26.89318733972673],[-48.67155595059083,-26.893020749248365],[-48.67153538837468,-26.89298459542128],[-48.67148026853301,-26.89294548295047],[-48.67143418980166,-26.89296024120824],[-48.671360826307094,-26.892917426559535],[-48.671376088812764,-26.89283154406654],[-48.67130243263638,-26.89278735106678],[-48.67124247924857,-26.89272428230673],[-48.671224665125166,-26.892618400609344],[-48.67108330703151,-26.892421914035978],[-48.67097292928527,-26.892223165197322],[-48.670955761556876,-26.892162268523627],[-48.671024221967905,-26.892070277854884],[-48.67089783327441,-26.891998316141287],[-48.670836092080926,-26.892078133714623],[-48.67081151268526,-26.892077728253266],[-48.67045458074538,-26.891498635568688],[-48.67053523794412,-26.891428927905356],[-48.67054518939692,-26.891343356761098],[-48.67052434673798,-26.891294020906127],[-48.67045327199894,-26.8913445539155],[-48.670540709207955,-26.891236163555902],[-48.670480315186815,-26.891194576805205],[-48.670384843493366,-26.891305222396213],[-48.67036896949844,-26.89130018483694],[-48.670464593038794,-26.89118214003515],[-48.67039365042406,-26.891135603560148],[-48.670314443556215,-26.891232191381704],[-48.67029319727417,-26.891229453004158],[-48.67037531021529,-26.89112097490175],[-48.67031220620022,-26.8910817302988],[-48.670210969258804,-26.89121377020045],[-48.67019524223393,-26.891201572464986],[-48.67029376803782,-26.89107187567138],[-48.670222775571304,-26.891027726122264],[-48.67014347167475,-26.8911290879012],[-48.670122224411905,-26.89112634948276],[-48.67021227490268,-26.89102039028015],[-48.670149122013605,-26.89098353263099],[-48.67006971909988,-26.891089668389906],[-48.670048619828364,-26.891079768918182],[-48.67013334605464,-26.890973721008624],[-48.67006772699312,-26.890927273124188],[-48.66998033861046,-26.891033276161554],[-48.6699593363203,-26.891018603523744],[-48.67004667571772,-26.890914987519576],[-48.669983571936996,-26.890875742783294],[-48.66990421795393,-26.890979491425842],[-48.66987779439367,-26.89096950497077],[-48.669962520680826,-26.89086345716727],[-48.6699046922649,-26.89082668727799],[-48.669820063930636,-26.890927961908787],[-48.66980152786538,-26.890922880357955],[-48.66987839510826,-26.890810495098837],[-48.669654184355466,-26.89070651250509],[-48.66951210348366,-26.890622985940688],[-48.66931800705314,-26.890478909503543],[-48.66928723945839,-26.890421097397457],[-48.669212753601215,-26.890417480073026],[-48.66915245954855,-26.890371118788508],[-48.66903626369708,-26.89032383466884],[-48.66902078196475,-26.890299702627733],[-48.66886045926112,-26.890196772596283],[-48.66876541272178,-26.890157000902615],[-48.66873129715555,-26.89013256119169],[-48.66863274497351,-26.89000414820406],[-48.66846562920548,-26.889972736797237],[-48.66838724107782,-26.889899811248856],[-48.66809218989392,-26.889744515805024],[-48.667938807189216,-26.889563144786806],[-48.667762711990896,-26.889450403604794],[-48.66762566314592,-26.88938128533711],[-48.66743604923671,-26.88941887624949],[-48.66725319196775,-26.889285495220054],[-48.667316961613146,-26.889242475882376],[-48.66713396027116,-26.88907709041605],[-48.66709693806226,-26.889064540544982],[-48.66705617573123,-26.889104457429337],[-48.66702166849273,-26.889099111664173],[-48.666765066079044,-26.888887143742245],[-48.66663610197361,-26.888813382505585],[-48.66648288785743,-26.888753546469392],[-48.6664544408308,-26.888712486047194],[-48.666251874944365,-26.888639333762182],[-48.66612090412425,-26.88854009134436],[-48.665976981123364,-26.888318594861293],[-48.66582583374725,-26.887997127871465],[-48.665672178804336,-26.887731972321646],[-48.66553856811583,-26.887415672594074],[-48.66552340056781,-26.887017571987915],[-48.66553114732138,-26.88664079011255],[-48.66561064814598,-26.88618143729507],[-48.66573597456673,-26.88576471994228],[-48.66593477341982,-26.885181700781803],[-48.66603202025575,-26.884994852970642],[-48.66622479409185,-26.884704886678456],[-48.66660818705866,-26.8842296146157],[-48.666937316652636,-26.883944255394688],[-48.666999911302156,-26.883878433901238],[-48.6670386971696,-26.883805056493298],[-48.667079219706196,-26.883806251106794],[-48.66713596148274,-26.88378018864047],[-48.6673479798527,-26.8836216902631],[-48.667281552193835,-26.88358061544583],[-48.66720416887648,-26.883491151869595],[-48.66760176872349,-26.883152326697935],[-48.66778632177435,-26.883292329874912],[-48.66782087886485,-26.883271300893043],[-48.66779332898704,-26.883233731730336],[-48.66782107509014,-26.8831792734814],[-48.6679709694437,-26.883141158312384],[-48.66821139812334,-26.882973214441254],[-48.66829223214863,-26.882926795175365],[-48.66846129781357,-26.882862731665252],[-48.66857212275467,-26.8827821856252],[-48.66885967804041,-26.882653222886493],[-48.66966727280462,-26.882338862956406],[-48.66968164954493,-26.88243279408557],[-48.669758449330025,-26.882453163003742],[-48.66977530161437,-26.88241046281746],[-48.669796841121354,-26.882398879051784],[-48.67008883668139,-26.882312964290055],[-48.67034273517155,-26.882267011807603],[-48.670774630391456,-26.882240707541513],[-48.67071784231292,-26.8821283812523],[-48.67087940568004,-26.882128374557897],[-48.67120468579409,-26.882498949540913],[-48.6712830891221,-26.882460473109393],[-48.67121822045696,-26.88237179371074]]],[[[-48.72197518614288,-26.892076949925602],[-48.72238870219187,-26.892061359095642],[-48.7229780216777,-26.89200662657638],[-48.723242152094166,-26.89199736163923],[-48.72360918461589,-26.892121611190003],[-48.724076434021796,-26.89232523657836],[-48.72426409436016,-26.892391504936022],[-48.725080211882876,-26.892438103630244],[-48.72550654856159,-26.892432024439675],[-48.72561678214585,-26.892417674204594],[-48.7257884730068,-26.89235456618206],[-48.72613821499968,-26.8922555407599],[-48.72626630845372,-26.89222847240332],[-48.726422882647306,-26.892221283257445],[-48.726558962623216,-26.8922536585948],[-48.726686108538146,-26.89230641981461],[-48.72687995428042,-26.892417729996286],[-48.72705341620242,-26.892417140916493],[-48.7278271203739,-26.892192928396305],[-48.72795164781285,-26.89218817105882],[-48.72806789207028,-26.892220469441327],[-48.72825244766541,-26.89232733535145],[-48.7283805353441,-26.892424973791726],[-48.72846314454172,-26.89253270810648],[-48.7286912186159,-26.892727493691385],[-48.72938350019593,-26.892992197045633],[-48.72989249333379,-26.893143496639063],[-48.72994664665345,-26.893143288855843],[-48.73016455605933,-26.89307773916626],[-48.73060379833248,-26.89306252888842],[-48.73102507410344,-26.893016583398385],[-48.7316622265788,-26.89298689982936],[-48.7326146645367,-26.89300308014782],[-48.733346700838275,-26.89297182979768],[-48.7337605281692,-26.892863794960316],[-48.73472744971124,-26.892678625017336],[-48.734951555273575,-26.892664301984183],[-48.73544463902647,-26.892790472113575],[-48.73626649555603,-26.89306525775402],[-48.736774065913885,-26.89326691219112],[-48.736915618767156,-26.893383858627644],[-48.73702913288098,-26.89350393829844],[-48.73713030355768,-26.893641739198614],[-48.73747640691573,-26.894324598399702],[-48.73785105441555,-26.894979244149678],[-48.73801116148939,-26.895168159822717],[-48.738259386186996,-26.895347735995696],[-48.738964613458286,-26.895918805168705],[-48.73798889150405,-26.895881288026214],[-48.73593856372193,-26.89535569254886],[-48.733663451076175,-26.894621155685527],[-48.73141692350101,-26.89474932215606],[-48.729440150487356,-26.89512815559975],[-48.7270431193116,-26.89591080515237],[-48.724795744004915,-26.89607991140054],[-48.72133700352948,-26.89499761378851],[-48.720663486440145,-26.894329769968895],[-48.720726574964665,-26.89346851270622],[-48.72125011335605,-26.892119298778812],[-48.72138481308325,-26.892106019033026],[-48.721569311819614,-26.892119138885686],[-48.721780875248484,-26.892098885841317],[-48.72197518614288,-26.892076949925602]]],[[[-48.64938422757207,-26.921526381682874],[-48.64922157552877,-26.921500609529016],[-48.64923841831805,-26.9213985766864],[-48.649372913974936,-26.920775304464087],[-48.64942412111364,-26.920444818428496],[-48.64937461136877,-26.920334805488867],[-48.6493827948553,-26.92026449453415],[-48.64934620623341,-26.920106602463672],[-48.64937698109129,-26.91968366705627],[-48.64940568279453,-26.919630306930678],[-48.64939919710063,-26.91955162350072],[-48.6493382654755,-26.919437110322985],[-48.6492675742547,-26.919368523742527],[-48.64930304470111,-26.919273560305633],[-48.64952546536872,-26.91904314401242],[-48.649523241118324,-26.919083132833435],[-48.64953899383646,-26.91909264684379],[-48.649442109039065,-26.919193758781567],[-48.649711730980506,-26.91944460685088],[-48.65019583319141,-26.920397035715503],[-48.65058581350434,-26.921471074278568],[-48.65046786655695,-26.922741951789046],[-48.65021509791058,-26.923887405110523],[-48.649690137304624,-26.924905145828042],[-48.65017510884516,-26.9258165306281],[-48.65038534343043,-26.92672333840172],[-48.650017403433154,-26.92720907346362],[-48.64961809757451,-26.926800575376248],[-48.64917267581759,-26.92643894101951],[-48.64894934214653,-26.92630472781078],[-48.64851484747713,-26.925934562616693],[-48.64817654032509,-26.925678697243598],[-48.64808300765465,-26.92556491874351],[-48.64795988890601,-26.925464972800135],[-48.64782793983539,-26.92531842308897],[-48.64758199970728,-26.925104744918485],[-48.64725765336463,-26.924765993197756],[-48.647132253750335,-26.924598880462042],[-48.647083736982665,-26.924452852544853],[-48.64712451268381,-26.924395669614235],[-48.64721224525947,-26.924328839643678],[-48.64728711520525,-26.924233464625118],[-48.64741864660544,-26.924172931026696],[-48.64759665005338,-26.92403931384846],[-48.6476745251867,-26.923957977978528],[-48.647937409319816,-26.92376904600336],[-48.64817555332779,-26.923471026536998],[-48.6483998822549,-26.923306444240357],[-48.64856246145218,-26.92310122616915],[-48.64878475107334,-26.922857398568432],[-48.649089791763686,-26.9223515751547],[-48.64909974716857,-26.922250646753763],[-48.649076344914135,-26.922146619503682],[-48.649083340580994,-26.92190577780724],[-48.64920049418387,-26.921619356723166],[-48.649222118699946,-26.9215269457277],[-48.64928827731961,-26.921534968667803],[-48.64940225201604,-26.92159652644396],[-48.64947331961064,-26.921613716632223],[-48.64953552524795,-26.92158856116798],[-48.64951374253695,-26.921543089997282],[-48.649445015740795,-26.921569591508504],[-48.64938422757207,-26.921526381682874]]],[[[-48.68854929413027,-26.92708445346516],[-48.68887152982079,-26.926834988774328],[-48.68923328205091,-26.926667393120134],[-48.689443162709615,-26.92651976620987],[-48.68945666697916,-26.926810151168695],[-48.68948424519745,-26.92688909015255],[-48.68948157954438,-26.92701985866083],[-48.68955212515184,-26.92713874545979],[-48.68957943693352,-26.927230761733227],[-48.68958522984751,-26.927662537202593],[-48.68970790233151,-26.928059339000026],[-48.68992188057832,-26.929017250834452],[-48.68998297534345,-26.929227550763283],[-48.69004082926678,-26.92959686673726],[-48.69013569125464,-26.929983531531764],[-48.690151124266265,-26.930142852474454],[-48.69019388703432,-26.93033610840798],[-48.6902819704649,-26.93059708318181],[-48.69010593752572,-26.93073543503807],[-48.68938157857663,-26.931111225846486],[-48.68906347137716,-26.93115770149357],[-48.68863518889949,-26.930951319902846],[-48.68823201459145,-26.930523832178007],[-48.68773305660807,-26.929744039581298],[-48.68737289601833,-26.929025592374455],[-48.687109826599446,-26.928393649731245],[-48.68702378630042,-26.927967666476412],[-48.687096670368376,-26.927625511382196],[-48.68729822335751,-26.927436835097332],[-48.68761461251391,-26.92727219198324],[-48.68783253659885,-26.92729053224425],[-48.68801106891699,-26.927422675769563],[-48.68827646721571,-26.927334727010724],[-48.68854929413027,-26.92708445346516]]],[[[-48.649158225669694,-26.92085624262108],[-48.64923693741703,-26.920773038996625],[-48.64924202562063,-26.92081288432175],[-48.64920468559163,-26.92090238579727],[-48.649114538299884,-26.92139948246861],[-48.6490846153473,-26.92162244246571],[-48.64909059319739,-26.92169861321381],[-48.64905325268485,-26.921788115514353],[-48.64904652610846,-26.922004036906426],[-48.64900033511723,-26.922176371753253],[-48.64902996089846,-26.922289084712805],[-48.64897794531258,-26.922458776760912],[-48.64866594203467,-26.922849533864085],[-48.648499115287464,-26.923015622846222],[-48.64831052519669,-26.92329247976762],[-48.64819467927708,-26.923367948158784],[-48.64815378759758,-26.923437268838175],[-48.648083297630514,-26.92347308384725],[-48.647997704514,-26.923642392527075],[-48.64791036894678,-26.923743605447726],[-48.647742938979526,-26.923843019965787],[-48.647064081908304,-26.924349089691407],[-48.64704178890087,-26.924396471087334],[-48.64704175167259,-26.924526597200146],[-48.64706196389477,-26.924579462197116],[-48.647209430010754,-26.924789647181715],[-48.64736661819288,-26.92491642672601],[-48.648126126034896,-26.925669261262655],[-48.648485527511745,-26.92593550693234],[-48.64882811242798,-26.926242060423444],[-48.64891494375285,-26.92629364859181],[-48.649105664141224,-26.92647351312959],[-48.64954304851592,-26.926832979728122],[-48.649656135070245,-26.92690868527072],[-48.6500045051635,-26.927226101097332],[-48.649678905649914,-26.92765593626759],[-48.64872495449087,-26.927270505681175],[-48.64759551291872,-26.926512608297973],[-48.64697063322775,-26.925722060139],[-48.646717194277194,-26.924691349787878],[-48.64718872422453,-26.924042264735924],[-48.64798417979771,-26.923234341112746],[-48.64813942999123,-26.922374682698607],[-48.648176356901836,-26.921892577861964],[-48.64822924779106,-26.921982537159458],[-48.64844836905789,-26.92207692038743],[-48.64852262656023,-26.922092483927397],[-48.64852406228478,-26.922023265332875],[-48.64839926238666,-26.922004471583246],[-48.64828028433924,-26.921961898596738],[-48.64823413872649,-26.92187517411795],[-48.6482594647418,-26.92158893332649],[-48.64824798879243,-26.921493448522035],[-48.64825314939733,-26.921087088248374],[-48.64828949687011,-26.921004126588397],[-48.64837934511453,-26.920910117652614],[-48.64844117990072,-26.920882496490414],[-48.64859938540394,-26.920859430525983],[-48.648775931876486,-26.92092389053874],[-48.64896192095093,-26.920946090420895],[-48.64903687174591,-26.9209282378373],[-48.649158225669694,-26.92085624262108]]],[[[-48.64870021413868,-26.920850282763347],[-48.64867647150826,-26.92084171840107],[-48.64876958782633,-26.920701751161122],[-48.649176914794204,-26.91961124290423],[-48.649242746022786,-26.919738180153516],[-48.64925881519924,-26.919824298548622],[-48.64923104293354,-26.919911142112884],[-48.64923465027124,-26.92002677944691],[-48.64921738379167,-26.920100222959796],[-48.64924706285336,-26.920234586691752],[-48.64927403471457,-26.920280837405873],[-48.64928240948142,-26.920390809370137],[-48.649312925994685,-26.92046055945151],[-48.649230739817554,-26.92050150275207],[-48.649220223596465,-26.920580848640387],[-48.6492561787953,-26.920700730248118],[-48.64920521329767,-26.9207343399429],[-48.64915656752003,-26.92080774610924],[-48.64908092393236,-26.92085901369122],[-48.64898713752436,-26.92088610273561],[-48.64890424881231,-26.92090143522119],[-48.648791360785104,-26.920870581919928],[-48.64873699652263,-26.920874771916242],[-48.64870021413868,-26.920850282763347]]],[[[-48.67085677134619,-26.896441177600686],[-48.670918545338,-26.89649864094565],[-48.67047502307852,-26.89711464279938],[-48.670840981775335,-26.896472992148738],[-48.67085677134619,-26.896441177600686]]],[[[-48.65011759932463,-26.918435490600753],[-48.650201467603694,-26.918401261621614],[-48.650048800138116,-26.918560593200247],[-48.65005942851916,-26.91851557436761],[-48.65011759932463,-26.918435490600753]]],[[[-48.68252464009187,-26.893445949958252],[-48.6825233240641,-26.893496458338348],[-48.68249118563853,-26.893570093744625],[-48.68242906075304,-26.893593769122315],[-48.68252464009187,-26.893445949958252]]],[[[-48.64974054176574,-26.918850686152197],[-48.649800636320556,-26.918786844729418],[-48.649875506094375,-26.918741450254867],[-48.64970364686006,-26.918920809487602],[-48.64970994810552,-26.918908940254727],[-48.64974054176574,-26.918850686152197]]],[[[-48.648200645246185,-26.92157546793213],[-48.64819840683615,-26.921671628357263],[-48.648192183360834,-26.921685944352138],[-48.648200645246185,-26.92157546793213]]]]}}]}
