{"type":"FeatureCollection","features":[{"type":"Feature","id":4,"properties":{"nome":"R. Augusto de Jesus"},"geometry":{"type":"LineString","coordinates":[[-48.6743938388971,-26.88620569924352],[-48.67379444614567,-26.88679263465887]]}},{"type":"Feature","id":5,"properties":{"nome":"R. Henrique Pinotti"},"geometry":{"type":"LineString","coordinates":[[-48.67402132208091,-26.885897264870895],[-48.67342717163339,-26.886482726578308]]}},{"type":"Feature","id":6,"properties":{"nome":"R.Ver.Nelson Augusto de Souza Schiefler"},"geometry":{"type":"LineString","coordinates":[[-48.67305816266887,-26.88617278904547],[-48.673657428796425,-26.88559208775188]]}},{"type":"Feature","id":7,"properties":{"nome":"R.Ver.Nelson Augusto de Souza Schiefler"},"geometry":{"type":"LineString","coordinates":[[-48.673657428796425,-26.88559208775188],[-48.674019216246336,-26.88523653391029]]}},{"type":"Feature","id":8,"properties":{"nome":"R.Ver.Nelson Augusto de Souza Schiefler"},"geometry":{"type":"LineString","coordinates":[[-48.674019216246336,-26.88523653391029],[-48.67456015666724,-26.88470317386474]]}},{"type":"Feature","id":10,"properties":{"nome":"R. Newton Prado Baião"},"geometry":{"type":"LineString","coordinates":[[-48.673257376036304,-26.885270731740977],[-48.67416538024162,-26.884378790307633]]}},{"type":"Feature","id":13,"properties":{"nome":"R. Newton Prado Baião"},"geometry":{"type":"LineString","coordinates":[[-48.67244795534651,-26.88609395687551],[-48.673257376036304,-26.885270731740977]]}},{"type":"Feature","id":14,"properties":{"nome":"R. Wilson Manoel da Rosa"},"geometry":{"type":"LineString","coordinates":[[-48.67285291858707,-26.884952418202264],[-48.67203702242654,-26.885758607373457]]}},{"type":"Feature","id":15,"properties":{"nome":"R. Mauricio Pacheco"},"geometry":{"type":"LineString","coordinates":[[-48.67244795534651,-26.88609395687551],[-48.67203702242654,-26.885758607373457]]}},{"type":"Feature","id":19,"properties":{"nome":"R. Carlos Alberto Mayr"},"geometry":{"type":"LineString","coordinates":[[-48.67475619006385,-26.8865015000433],[-48.6743938388971,-26.88620569924352]]}},{"type":"Feature","id":20,"properties":{"nome":"R. Carlos Alberto Mayr"},"geometry":{"type":"LineString","coordinates":[[-48.6743938388971,-26.88620569924352],[-48.67402132208091,-26.885897264870895]]}},{"type":"Feature","id":21,"properties":{"nome":"R. Carlos Alberto Mayr"},"geometry":{"type":"LineString","coordinates":[[-48.67402132208091,-26.885897264870895],[-48.673657428796425,-26.88559208775188]]}},{"type":"Feature","id":24,"properties":{"nome":"Trav. Pedro Rita dos Passos"},"geometry":{"type":"LineString","coordinates":[[-48.67246422615853,-26.88462813123865],[-48.67161854261684,-26.885446292325682]]}},{"type":"Feature","id":46,"properties":{"nome":"R. Carlos Alberto Mayr"},"geometry":{"type":"LineString","coordinates":[[-48.67285291858707,-26.884952418202264],[-48.67246422615853,-26.88462813123865]]}},{"type":"Feature","id":52,"properties":{"nome":"R. Bernardino Ramos"},"geometry":{"type":"LineString","coordinates":[[-48.675123285530944,-26.886141356182154],[-48.674019216246336,-26.88523653391029]]}},{"type":"Feature","id":90,"properties":{"nome":"R. Curt Hering"},"geometry":{"type":"LineString","coordinates":[[-48.68025942127261,-26.887384929297628],[-48.681327472314045,-26.889611583494478]]}},{"type":"Feature","id":122,"properties":{"nome":"R. Constantino D´Ivanenko"},"geometry":{"type":"LineString","coordinates":[[-48.670234274392975,-26.88901966438321],[-48.668486416203635,-26.88785755984432]]}},{"type":"Feature","id":123,"properties":{"nome":"R. Constantino D´Ivanenko"},"geometry":{"type":"LineString","coordinates":[[-48.668486416203635,-26.88785755984432],[-48.66740758961504,-26.887154924541218]]}},{"type":"Feature","id":125,"properties":{"nome":"R.Dr.Felipe Alencastro"},"geometry":{"type":"LineString","coordinates":[[-48.67231434613637,-26.88986393352923],[-48.670527839453044,-26.888694263378174]]}},{"type":"Feature","id":126,"properties":{"nome":"R.Dr.Felipe Alencastro"},"geometry":{"type":"LineString","coordinates":[[-48.670527839453044,-26.888694263378174],[-48.66876878359828,-26.88751112163072]]}},{"type":"Feature","id":127,"properties":{"nome":"R.Dr.Felipe Alencastro"},"geometry":{"type":"LineString","coordinates":[[-48.66876878359828,-26.88751112163072],[-48.66782861795383,-26.88685249246784]]}},{"type":"Feature","id":129,"properties":{"nome":"R. Zacarias Souza"},"geometry":{"type":"LineString","coordinates":[[-48.67258479658161,-26.889531194734072],[-48.670825990117905,-26.888334175701992]]}},{"type":"Feature","id":130,"properties":{"nome":"R. Zacarias Souza"},"geometry":{"type":"LineString","coordinates":[[-48.670825990117905,-26.888334175701992],[-48.66906263271898,-26.887171823691023]]}},{"type":"Feature","id":131,"properties":{"nome":"R. Zacarias Souza"},"geometry":{"type":"LineString","coordinates":[[-48.66906263271898,-26.887171823691023],[-48.66816015194544,-26.88656596295516]]}},{"type":"Feature","id":133,"properties":{"nome":"R. Avelino Werner"},"geometry":{"type":"LineString","coordinates":[[-48.672886391549625,-26.889192017177155],[-48.671100315087166,-26.888001504539968]]}},{"type":"Feature","id":134,"properties":{"nome":"R. Avelino Werner"},"geometry":{"type":"LineString","coordinates":[[-48.671100315087166,-26.888001504539968],[-48.669325832712154,-26.886814638404758]]}},{"type":"Feature","id":135,"properties":{"nome":"R. Avelino Werner"},"geometry":{"type":"LineString","coordinates":[[-48.669325832712154,-26.886814638404758],[-48.66847725319662,-26.88622705101742],[-48.667545585582076,-26.88572151526028]]}},{"type":"Feature","id":140,"properties":{"nome":"R. Pedro Teixeira de Mello"},"geometry":{"type":"LineString","coordinates":[[-48.67334295052033,-26.88895272665761],[-48.67315733617449,-26.888834952098996]]}},{"type":"Feature","id":141,"properties":{"nome":"R. Pedro Teixeira de Mello"},"geometry":{"type":"LineString","coordinates":[[-48.67315733617449,-26.888834952098996],[-48.67138249713737,-26.887663748076484]]}},{"type":"Feature","id":142,"properties":{"nome":"R. Pedro Teixeira de Mello"},"geometry":{"type":"LineString","coordinates":[[-48.67138249713737,-26.887663748076484],[-48.669611535284744,-26.886494324451977]]}},{"type":"Feature","id":143,"properties":{"nome":"R. Pedro Teixeira de Mello"},"geometry":{"type":"LineString","coordinates":[[-48.669611535284744,-26.886494324451977],[-48.66825021321199,-26.885578458897164]]}},{"type":"Feature","id":144,"properties":{"nome":"Trav. Cambé"},"geometry":{"type":"LineString","coordinates":[[-48.671628907114396,-26.887368854065024],[-48.67138249713737,-26.887663748076484]]}},{"type":"Feature","id":145,"properties":{"nome":"Trav. Cambé"},"geometry":{"type":"LineString","coordinates":[[-48.67138249713737,-26.887663748076484],[-48.671100315087166,-26.888001504539968]]}},{"type":"Feature","id":146,"properties":{"nome":"Trav. Cambé"},"geometry":{"type":"LineString","coordinates":[[-48.671100315087166,-26.888001504539968],[-48.670825990117905,-26.888334175701992]]}},{"type":"Feature","id":147,"properties":{"nome":"Trav. Cambé"},"geometry":{"type":"LineString","coordinates":[[-48.670825990117905,-26.888334175701992],[-48.670527839453044,-26.888694263378174]]}},{"type":"Feature","id":148,"properties":{"nome":"Trav. Cambé"},"geometry":{"type":"LineString","coordinates":[[-48.670527839453044,-26.888694263378174],[-48.670234274392975,-26.88901966438321]]}},{"type":"Feature","id":177,"properties":{"nome":"R. José Luiz Marcelino"},"geometry":{"type":"LineString","coordinates":[[-48.69459462480079,-26.878684718477746],[-48.69456092416707,-26.87814870109867]]}},{"type":"Feature","id":178,"properties":{"nome":"R. José Luiz Marcelino"},"geometry":{"type":"LineString","coordinates":[[-48.69456092416707,-26.87814870109867],[-48.6945306253299,-26.8776360736107]]}},{"type":"Feature","id":179,"properties":{"nome":"R. José Luiz Marcelino"},"geometry":{"type":"LineString","coordinates":[[-48.6945306253299,-26.8776360736107],[-48.69450679465799,-26.877186744140854]]}},{"type":"Feature","id":181,"properties":{"nome":"R. José Luiz Marcelino"},"geometry":{"type":"LineString","coordinates":[[-48.69499635028895,-26.876558573752998],[-48.695190782742365,-26.87633752602927]]}},{"type":"Feature","id":196,"properties":{"nome":"R. F Lot Polar"},"geometry":{"type":"LineString","coordinates":[[-48.71014918643467,-26.87575822383726],[-48.709520266716005,-26.875035383822297]]}},{"type":"Feature","id":197,"properties":{"nome":"R. F Lot Polar"},"geometry":{"type":"LineString","coordinates":[[-48.709520266716005,-26.875035383822297],[-48.70924347532836,-26.874728456976968]]}},{"type":"Feature","id":200,"properties":{"nome":"R. B Lot Polar"},"geometry":{"type":"LineString","coordinates":[[-48.708389085517126,-26.87519085319832],[-48.70878990497076,-26.874970091169974]]}},{"type":"Feature","id":201,"properties":{"nome":"R. B Lot Polar"},"geometry":{"type":"LineString","coordinates":[[-48.70878990497076,-26.874970091169974],[-48.70924347532836,-26.874728456976968]]}},{"type":"Feature","id":216,"properties":{"nome":"R. Santo Rampelotti"},"geometry":{"type":"LineString","coordinates":[[-48.70314287531196,-26.875019609288298],[-48.70322348648428,-26.876401010744996]]}},{"type":"Feature","id":217,"properties":{"nome":"R. Dorval José de Aragão"},"geometry":{"type":"LineString","coordinates":[[-48.69969614241266,-26.87514429146864],[-48.699952113356446,-26.87513803090661]]}},{"type":"Feature","id":218,"properties":{"nome":"R. Dorval José de Aragão"},"geometry":{"type":"LineString","coordinates":[[-48.699952113356446,-26.87513803090661],[-48.70043728158934,-26.875107690591378]]}},{"type":"Feature","id":219,"properties":{"nome":"R. Dorval José de Aragão"},"geometry":{"type":"LineString","coordinates":[[-48.70043728158934,-26.875107690591378],[-48.700933864893145,-26.875087963008973]]}},{"type":"Feature","id":220,"properties":{"nome":"R. Dorval José de Aragão"},"geometry":{"type":"LineString","coordinates":[[-48.700933864893145,-26.875087963008973],[-48.70119385151814,-26.875074813119753]]}},{"type":"Feature","id":221,"properties":{"nome":"R. Dorval José de Aragão"},"geometry":{"type":"LineString","coordinates":[[-48.70282676858965,-26.87502837486393],[-48.70314287531196,-26.875019609288298]]}},{"type":"Feature","id":222,"properties":{"nome":"R. Dorval José de Aragão"},"geometry":{"type":"LineString","coordinates":[[-48.70314287531196,-26.875019609288298],[-48.70345905227342,-26.875007368832517]]}},{"type":"Feature","id":223,"properties":{"nome":"R. Antônia Gums Baumgartner"},"geometry":{"type":"LineString","coordinates":[[-48.70073736562332,-26.871389462184965],[-48.70084068663973,-26.87298806730592]]}},{"type":"Feature","id":225,"properties":{"nome":"R. Antônia Gums Baumgartner"},"geometry":{"type":"LineString","coordinates":[[-48.700933864893145,-26.875087963008973],[-48.70104061084673,-26.877092046582696]]}},{"type":"Feature","id":226,"properties":{"nome":"R. Antônia Gums Baumgartner"},"geometry":{"type":"LineString","coordinates":[[-48.70104061084673,-26.877092046582696],[-48.70110286715274,-26.878229809007795]]}},{"type":"Feature","id":227,"properties":{"nome":"R. Antônia Gums Baumgartner"},"geometry":{"type":"LineString","coordinates":[[-48.70110286715274,-26.878229809007795],[-48.70118919266866,-26.878561461926953],[-48.701330544892144,-26.878855771133342],[-48.70136190620619,-26.879030095556832]]}},{"type":"Feature","id":228,"properties":{"nome":"R. Antônia Gums Baumgartner"},"geometry":{"type":"LineString","coordinates":[[-48.70136190620619,-26.879030095556832],[-48.70141513300166,-26.87934513269806]]}},{"type":"Feature","id":234,"properties":{"nome":"R. Alberto Buchele"},"geometry":{"type":"LineString","coordinates":[[-48.70043728158934,-26.875107690591378],[-48.700545851787645,-26.877117018131766]]}},{"type":"Feature","id":235,"properties":{"nome":"R. Alberto Buchele"},"geometry":{"type":"LineString","coordinates":[[-48.700545851787645,-26.877117018131766],[-48.700604131107774,-26.87852282419368]]}},{"type":"Feature","id":236,"properties":{"nome":"R. Itamar Bruno de Carvalho"},"geometry":{"type":"LineString","coordinates":[[-48.700604131107774,-26.87852282419368],[-48.70013265204266,-26.878546434863285]]}},{"type":"Feature","id":237,"properties":{"nome":"R. Lídia Puel Peixer"},"geometry":{"type":"LineString","coordinates":[[-48.69983845905161,-26.873284619177777],[-48.699952113356446,-26.87513803090661]]}},{"type":"Feature","id":238,"properties":{"nome":"R. Lídia Puel Peixer"},"geometry":{"type":"LineString","coordinates":[[-48.699952113356446,-26.87513803090661],[-48.70008596979486,-26.877142555817684]]}},{"type":"Feature","id":239,"properties":{"nome":"R. Lídia Puel Peixer"},"geometry":{"type":"LineString","coordinates":[[-48.70008596979486,-26.877142555817684],[-48.70013265204266,-26.878546434863285]]}},{"type":"Feature","id":242,"properties":{"nome":"R.Ver.Telêmaco de Oliveira"},"geometry":{"type":"LineString","coordinates":[[-48.70025111422994,-26.879875439099973],[-48.70151629099497,-26.879662252049226]]}},{"type":"Feature","id":243,"properties":{"nome":"R. Hamilton Pimentel"},"geometry":{"type":"LineString","coordinates":[[-48.701813392885676,-26.88566977735077],[-48.7017027536801,-26.883474436104958],[-48.701750591527805,-26.883313566426228]]}},{"type":"Feature","id":244,"properties":{"nome":"R. Hamilton Pimentel"},"geometry":{"type":"LineString","coordinates":[[-48.701750591527805,-26.883313566426228],[-48.701606586869616,-26.881042941443155]]}},{"type":"Feature","id":245,"properties":{"nome":"R. Hamilton Pimentel"},"geometry":{"type":"LineString","coordinates":[[-48.701606586869616,-26.881042941443155],[-48.70151629099497,-26.879662252049226]]}},{"type":"Feature","id":246,"properties":{"nome":"R. Hamilton Pimentel"},"geometry":{"type":"LineString","coordinates":[[-48.70151629099497,-26.879662252049226],[-48.70141513300166,-26.87934513269806]]}},{"type":"Feature","id":247,"properties":{"nome":"R. Eurípedes Amorim Leal"},"geometry":{"type":"LineString","coordinates":[[-48.69332685712556,-26.881387688178904],[-48.69399813893585,-26.881356934682504]]}},{"type":"Feature","id":248,"properties":{"nome":"R. Eurípedes Amorim Leal"},"geometry":{"type":"LineString","coordinates":[[-48.69399813893585,-26.881356934682504],[-48.69460928264183,-26.881328672555828]]}},{"type":"Feature","id":249,"properties":{"nome":"R. Eurípedes Amorim Leal"},"geometry":{"type":"LineString","coordinates":[[-48.69460928264183,-26.881328672555828],[-48.695140487823124,-26.881323437556503]]}},{"type":"Feature","id":250,"properties":{"nome":"R. Eurípedes Amorim Leal"},"geometry":{"type":"LineString","coordinates":[[-48.695140487823124,-26.881323437556503],[-48.69571368839832,-26.881350171511613]]}},{"type":"Feature","id":251,"properties":{"nome":"R. Eurípedes Amorim Leal"},"geometry":{"type":"LineString","coordinates":[[-48.69571368839832,-26.881350171511613],[-48.69633430891493,-26.8813324850989]]}},{"type":"Feature","id":252,"properties":{"nome":"R. Eurípedes Amorim Leal"},"geometry":{"type":"LineString","coordinates":[[-48.69633430891493,-26.8813324850989],[-48.69692410253706,-26.881305602766812]]}},{"type":"Feature","id":253,"properties":{"nome":"R. Eurípedes Amorim Leal"},"geometry":{"type":"LineString","coordinates":[[-48.69692410253706,-26.881305602766812],[-48.69747475595973,-26.881297199888298]]}},{"type":"Feature","id":254,"properties":{"nome":"R. Eurípedes Amorim Leal"},"geometry":{"type":"LineString","coordinates":[[-48.69747475595973,-26.881297199888298],[-48.69800420019325,-26.881283233965235]]}},{"type":"Feature","id":255,"properties":{"nome":"R. Eurípedes Amorim Leal"},"geometry":{"type":"LineString","coordinates":[[-48.69800420019325,-26.881283233965235],[-48.69852638686804,-26.881244814359192]]}},{"type":"Feature","id":256,"properties":{"nome":"R. Eurípedes Amorim Leal"},"geometry":{"type":"LineString","coordinates":[[-48.69852638686804,-26.881244814359192],[-48.699091307840746,-26.881201874688095]]}},{"type":"Feature","id":257,"properties":{"nome":"R. Eurípedes Amorim Leal"},"geometry":{"type":"LineString","coordinates":[[-48.699091307840746,-26.881201874688095],[-48.699685187475474,-26.881164617785583]]}},{"type":"Feature","id":258,"properties":{"nome":"R. Eurípedes Amorim Leal"},"geometry":{"type":"LineString","coordinates":[[-48.699685187475474,-26.881164617785583],[-48.700316059825,-26.881119271081616]]}},{"type":"Feature","id":259,"properties":{"nome":"R. Eurípedes Amorim Leal"},"geometry":{"type":"LineString","coordinates":[[-48.700316059825,-26.881119271081616],[-48.701606586869616,-26.881042941443155]]}},{"type":"Feature","id":260,"properties":{"nome":"R. Eurípedes Amorim Leal"},"geometry":{"type":"LineString","coordinates":[[-48.701606586869616,-26.881042941443155],[-48.701930566242034,-26.881029094091012]]}},{"type":"Feature","id":261,"properties":{"nome":"R. Eurípedes Amorim Leal"},"geometry":{"type":"LineString","coordinates":[[-48.701930566242034,-26.881029094091012],[-48.70249700176853,-26.881007022557373]]}},{"type":"Feature","id":262,"properties":{"nome":"R. Eurípedes Amorim Leal"},"geometry":{"type":"LineString","coordinates":[[-48.70249700176853,-26.881007022557373],[-48.703117797403706,-26.88098061845877]]}},{"type":"Feature","id":263,"properties":{"nome":"R. Eurípedes Amorim Leal"},"geometry":{"type":"LineString","coordinates":[[-48.703117797403706,-26.88098061845877],[-48.70362976629747,-26.880968085214498]]}},{"type":"Feature","id":264,"properties":{"nome":"R. Eurípedes Amorim Leal"},"geometry":{"type":"LineString","coordinates":[[-48.70362976629747,-26.880968085214498],[-48.704225442853634,-26.880937791594977]]}},{"type":"Feature","id":265,"properties":{"nome":"R. Eurípedes Amorim Leal"},"geometry":{"type":"LineString","coordinates":[[-48.704225442853634,-26.880937791594977],[-48.70481143111932,-26.880907338004786]]}},{"type":"Feature","id":266,"properties":{"nome":"R. Eurípedes Amorim Leal"},"geometry":{"type":"LineString","coordinates":[[-48.70481143111932,-26.880907338004786],[-48.70526357805002,-26.880881659911488]]}},{"type":"Feature","id":267,"properties":{"nome":"R. Eurípedes Amorim Leal"},"geometry":{"type":"LineString","coordinates":[[-48.70526357805002,-26.880881659911488],[-48.70569634753995,-26.88085566559046]]}},{"type":"Feature","id":268,"properties":{"nome":"R.Ver.Horácio Ramos Gonzaga"},"geometry":{"type":"LineString","coordinates":[[-48.70610354047674,-26.887901824493277],[-48.70596957038868,-26.885497488109728]]}},{"type":"Feature","id":269,"properties":{"nome":"R.Ver.Horácio Ramos Gonzaga"},"geometry":{"type":"LineString","coordinates":[[-48.70596957038868,-26.885497488109728],[-48.70582363053629,-26.883126598943832]]}},{"type":"Feature","id":270,"properties":{"nome":"R.Ver.Horácio Ramos Gonzaga"},"geometry":{"type":"LineString","coordinates":[[-48.70582363053629,-26.883126598943832],[-48.70569634753995,-26.88085566559046]]}},{"type":"Feature","id":271,"properties":{"nome":"R.Ver.Horácio Ramos Gonzaga"},"geometry":{"type":"LineString","coordinates":[[-48.70569634753995,-26.88085566559046],[-48.70540701373341,-26.876116243481537]]}},{"type":"Feature","id":272,"properties":{"nome":"R. Gercino José Correa"},"geometry":{"type":"LineString","coordinates":[[-48.70567280062283,-26.887869571069462],[-48.70553236712273,-26.885518195165897]]}},{"type":"Feature","id":273,"properties":{"nome":"R. Gercino José Correa"},"geometry":{"type":"LineString","coordinates":[[-48.70553236712273,-26.885518195165897],[-48.70539418613453,-26.883147432042882]]}},{"type":"Feature","id":274,"properties":{"nome":"R. Gercino José Correa"},"geometry":{"type":"LineString","coordinates":[[-48.70539418613453,-26.883147432042882],[-48.70526357805002,-26.880881659911488]]}},{"type":"Feature","id":275,"properties":{"nome":"R. Gercino José Correa"},"geometry":{"type":"LineString","coordinates":[[-48.70526357805002,-26.880881659911488],[-48.704997814318446,-26.87641550992864]]}},{"type":"Feature","id":277,"properties":{"nome":"R. Sebastião Romeu Soares"},"geometry":{"type":"LineString","coordinates":[[-48.69480264616826,-26.883643557935134],[-48.69578814508072,-26.883635305974604]]}},{"type":"Feature","id":278,"properties":{"nome":"R. Sebastião Romeu Soares"},"geometry":{"type":"LineString","coordinates":[[-48.69578814508072,-26.883635305974604],[-48.6964221668802,-26.883594663754952]]}},{"type":"Feature","id":279,"properties":{"nome":"R. Sebastião Romeu Soares"},"geometry":{"type":"LineString","coordinates":[[-48.6964221668802,-26.883594663754952],[-48.69700390450338,-26.883583293153293]]}},{"type":"Feature","id":280,"properties":{"nome":"R. Sebastião Romeu Soares"},"geometry":{"type":"LineString","coordinates":[[-48.69700390450338,-26.883583293153293],[-48.69754186260324,-26.883564254010764]]}},{"type":"Feature","id":281,"properties":{"nome":"R. Sebastião Romeu Soares"},"geometry":{"type":"LineString","coordinates":[[-48.69754186260324,-26.883564254010764],[-48.6980875703581,-26.883545339119205]]}},{"type":"Feature","id":282,"properties":{"nome":"R. Sebastião Romeu Soares"},"geometry":{"type":"LineString","coordinates":[[-48.6980875703581,-26.883545339119205],[-48.69865690673732,-26.88350826738979]]}},{"type":"Feature","id":283,"properties":{"nome":"R. Sebastião Romeu Soares"},"geometry":{"type":"LineString","coordinates":[[-48.69865690673732,-26.88350826738979],[-48.69922126355328,-26.883461842343713]]}},{"type":"Feature","id":284,"properties":{"nome":"R. Sebastião Romeu Soares"},"geometry":{"type":"LineString","coordinates":[[-48.69922126355328,-26.883461842343713],[-48.69981159748367,-26.88340888479212]]}},{"type":"Feature","id":285,"properties":{"nome":"R. Sebastião Romeu Soares"},"geometry":{"type":"LineString","coordinates":[[-48.69981159748367,-26.88340888479212],[-48.70044824746704,-26.883365949666263]]}},{"type":"Feature","id":286,"properties":{"nome":"R. Sebastião Romeu Soares"},"geometry":{"type":"LineString","coordinates":[[-48.70044824746704,-26.883365949666263],[-48.701750591527805,-26.883313566426228]]}},{"type":"Feature","id":287,"properties":{"nome":"R. Sebastião Romeu Soares"},"geometry":{"type":"LineString","coordinates":[[-48.701750591527805,-26.883313566426228],[-48.702067519497774,-26.883297286848556]]}},{"type":"Feature","id":288,"properties":{"nome":"R. Sebastião Romeu Soares"},"geometry":{"type":"LineString","coordinates":[[-48.702067519497774,-26.883297286848556],[-48.70264437094578,-26.883271908528947]]}},{"type":"Feature","id":289,"properties":{"nome":"R. Sebastião Romeu Soares"},"geometry":{"type":"LineString","coordinates":[[-48.70264437094578,-26.883271908528947],[-48.703254950202236,-26.88324012391543]]}},{"type":"Feature","id":290,"properties":{"nome":"R. Sebastião Romeu Soares"},"geometry":{"type":"LineString","coordinates":[[-48.703254950202236,-26.88324012391543],[-48.70375927333902,-26.883222831399344]]}},{"type":"Feature","id":291,"properties":{"nome":"R. Sebastião Romeu Soares"},"geometry":{"type":"LineString","coordinates":[[-48.70375927333902,-26.883222831399344],[-48.70437229546764,-26.883198034058776]]}},{"type":"Feature","id":292,"properties":{"nome":"R. Sebastião Romeu Soares"},"geometry":{"type":"LineString","coordinates":[[-48.70437229546764,-26.883198034058776],[-48.70494411996953,-26.883165612143607]]}},{"type":"Feature","id":293,"properties":{"nome":"R. Sebastião Romeu Soares"},"geometry":{"type":"LineString","coordinates":[[-48.70494411996953,-26.883165612143607],[-48.70539418613453,-26.883147432042882]]}},{"type":"Feature","id":294,"properties":{"nome":"R. Sebastião Romeu Soares"},"geometry":{"type":"LineString","coordinates":[[-48.70539418613453,-26.883147432042882],[-48.70582363053629,-26.883126598943832]]}},{"type":"Feature","id":295,"properties":{"nome":"R. Sebastião Romeu Soares"},"geometry":{"type":"LineString","coordinates":[[-48.70582363053629,-26.883126598943832],[-48.70607212676391,-26.883107459668917]]}},{"type":"Feature","id":296,"properties":{"nome":"R. Eduvigens Theodoro da Cunha"},"geometry":{"type":"LineString","coordinates":[[-48.70056828524946,-26.885734099822184],[-48.701813392885676,-26.88566977735077]]}},{"type":"Feature","id":297,"properties":{"nome":"R. Eduvigens Theodoro da Cunha"},"geometry":{"type":"LineString","coordinates":[[-48.701813392885676,-26.88566977735077],[-48.702203468987975,-26.885647155462838]]}},{"type":"Feature","id":298,"properties":{"nome":"R. Eduvigens Theodoro da Cunha"},"geometry":{"type":"LineString","coordinates":[[-48.702203468987975,-26.885647155462838],[-48.702777655065475,-26.88562636964659]]}},{"type":"Feature","id":299,"properties":{"nome":"R. Eduvigens Theodoro da Cunha"},"geometry":{"type":"LineString","coordinates":[[-48.702777655065475,-26.88562636964659],[-48.70337791260559,-26.885594416302517]]}},{"type":"Feature","id":300,"properties":{"nome":"R. Eduvigens Theodoro da Cunha"},"geometry":{"type":"LineString","coordinates":[[-48.70337791260559,-26.885594416302517],[-48.7039002368504,-26.885582052370516]]}},{"type":"Feature","id":301,"properties":{"nome":"R. Eduvigens Theodoro da Cunha"},"geometry":{"type":"LineString","coordinates":[[-48.7039002368504,-26.885582052370516],[-48.704510688165726,-26.885557213237092]]}},{"type":"Feature","id":302,"properties":{"nome":"R. Eduvigens Theodoro da Cunha"},"geometry":{"type":"LineString","coordinates":[[-48.704510688165726,-26.885557213237092],[-48.705090042365285,-26.885536501060557]]}},{"type":"Feature","id":303,"properties":{"nome":"R. Eduvigens Theodoro da Cunha"},"geometry":{"type":"LineString","coordinates":[[-48.705090042365285,-26.885536501060557],[-48.70553236712273,-26.885518195165897]]}},{"type":"Feature","id":304,"properties":{"nome":"R. Eduvigens Theodoro da Cunha"},"geometry":{"type":"LineString","coordinates":[[-48.70553236712273,-26.885518195165897],[-48.70596957038868,-26.885497488109728]]}},{"type":"Feature","id":305,"properties":{"nome":"R. José Francisco Mateus"},"geometry":{"type":"LineString","coordinates":[[-48.70523489874673,-26.887898345887788],[-48.705090042365285,-26.885536501060557]]}},{"type":"Feature","id":306,"properties":{"nome":"R. José Francisco Mateus"},"geometry":{"type":"LineString","coordinates":[[-48.705090042365285,-26.885536501060557],[-48.70494411996953,-26.883165612143607]]}},{"type":"Feature","id":307,"properties":{"nome":"R. José Francisco Mateus"},"geometry":{"type":"LineString","coordinates":[[-48.70494411996953,-26.883165612143607],[-48.70481143111932,-26.880907338004786]]}},{"type":"Feature","id":308,"properties":{"nome":"R. José Francisco Mateus"},"geometry":{"type":"LineString","coordinates":[[-48.70481143111932,-26.880907338004786],[-48.70459713779442,-26.877060226549016]]}},{"type":"Feature","id":309,"properties":{"nome":"R. Américo Meinicke"},"geometry":{"type":"LineString","coordinates":[[-48.704643763883674,-26.88795387235523],[-48.704510688165726,-26.885557213237092]]}},{"type":"Feature","id":311,"properties":{"nome":"R. Américo Meinicke"},"geometry":{"type":"LineString","coordinates":[[-48.70437229546764,-26.883198034058776],[-48.704225442853634,-26.880937791594977]]}},{"type":"Feature","id":312,"properties":{"nome":"R. Américo Meinicke"},"geometry":{"type":"LineString","coordinates":[[-48.704225442853634,-26.880937791594977],[-48.70407129457873,-26.878015774625545]]}},{"type":"Feature","id":313,"properties":{"nome":"R. Henrique Bianchini"},"geometry":{"type":"LineString","coordinates":[[-48.70402465992694,-26.887999637388297],[-48.7039002368504,-26.885582052370516]]}},{"type":"Feature","id":314,"properties":{"nome":"R. Henrique Bianchini"},"geometry":{"type":"LineString","coordinates":[[-48.7039002368504,-26.885582052370516],[-48.70375927333902,-26.883222831399344]]}},{"type":"Feature","id":315,"properties":{"nome":"R. Henrique Bianchini"},"geometry":{"type":"LineString","coordinates":[[-48.70375927333902,-26.883222831399344],[-48.70362976629747,-26.880968085214498]]}},{"type":"Feature","id":316,"properties":{"nome":"R. Henrique Bianchini"},"geometry":{"type":"LineString","coordinates":[[-48.70362976629747,-26.880968085214498],[-48.70349580299691,-26.878358684351255]]}},{"type":"Feature","id":317,"properties":{"nome":"R. Abílio Corrêa Mello"},"geometry":{"type":"LineString","coordinates":[[-48.70350395528731,-26.888017755393793],[-48.70337791260559,-26.885594416302517]]}},{"type":"Feature","id":319,"properties":{"nome":"R. Abílio Corrêa Mello"},"geometry":{"type":"LineString","coordinates":[[-48.703254950202236,-26.88324012391543],[-48.703117797403706,-26.88098061845877]]}},{"type":"Feature","id":321,"properties":{"nome":"R. Francisca Machado"},"geometry":{"type":"LineString","coordinates":[[-48.702761735869345,-26.88679646284948],[-48.70275852593923,-26.886444145905816],[-48.7028063447584,-26.88638003276146],[-48.702777655065475,-26.88562636964659]]}},{"type":"Feature","id":322,"properties":{"nome":"R. Francisca Machado"},"geometry":{"type":"LineString","coordinates":[[-48.702777655065475,-26.88562636964659],[-48.70264437094578,-26.883271908528947]]}},{"type":"Feature","id":323,"properties":{"nome":"R. Francisca Machado"},"geometry":{"type":"LineString","coordinates":[[-48.70264437094578,-26.883271908528947],[-48.70249700176853,-26.881007022557373]]}},{"type":"Feature","id":324,"properties":{"nome":"R. Francisca Machado"},"geometry":{"type":"LineString","coordinates":[[-48.70249700176853,-26.881007022557373],[-48.702433704314615,-26.87950481265256]]}},{"type":"Feature","id":325,"properties":{"nome":"R. Francisca Machado"},"geometry":{"type":"LineString","coordinates":[[-48.702433704314615,-26.87950481265256],[-48.702414886406956,-26.878901948112322]]}},{"type":"Feature","id":326,"properties":{"nome":"R. Valmir Olívio dos Santos"},"geometry":{"type":"LineString","coordinates":[[-48.701856262721826,-26.879560308568692],[-48.702433704314615,-26.87950481265256]]}},{"type":"Feature","id":327,"properties":{"nome":"R.Profº.Cosme Buzarello"},"geometry":{"type":"LineString","coordinates":[[-48.70230497026255,-26.88792913005188],[-48.702203468987975,-26.885647155462838]]}},{"type":"Feature","id":328,"properties":{"nome":"R.Profº.Cosme Buzarello"},"geometry":{"type":"LineString","coordinates":[[-48.702203468987975,-26.885647155462838],[-48.702067519497774,-26.883297286848556]]}},{"type":"Feature","id":329,"properties":{"nome":"R.Profº.Cosme Buzarello"},"geometry":{"type":"LineString","coordinates":[[-48.702067519497774,-26.883297286848556],[-48.701930566242034,-26.881029094091012]]}},{"type":"Feature","id":331,"properties":{"nome":"R.Profº.Cosme Buzarello"},"geometry":{"type":"LineString","coordinates":[[-48.701856262721826,-26.879560308568692],[-48.7018354896546,-26.87930967719258]]}},{"type":"Feature","id":332,"properties":{"nome":"R.Ver.Telêmaco de Oliveira"},"geometry":{"type":"LineString","coordinates":[[-48.70067223123211,-26.887737725106078],[-48.70056828524946,-26.885734099822184]]}},{"type":"Feature","id":333,"properties":{"nome":"R.Ver.Telêmaco de Oliveira"},"geometry":{"type":"LineString","coordinates":[[-48.70056828524946,-26.885734099822184],[-48.70044824746704,-26.883365949666263]]}},{"type":"Feature","id":334,"properties":{"nome":"R.Ver.Telêmaco de Oliveira"},"geometry":{"type":"LineString","coordinates":[[-48.70044824746704,-26.883365949666263],[-48.700316059825,-26.881119271081616]]}},{"type":"Feature","id":335,"properties":{"nome":"R.Ver.Telêmaco de Oliveira"},"geometry":{"type":"LineString","coordinates":[[-48.700316059825,-26.881119271081616],[-48.70025111422994,-26.879875439099973]]}},{"type":"Feature","id":336,"properties":{"nome":"R. Christiane do Nascimento"},"geometry":{"type":"LineString","coordinates":[[-48.69882555501834,-26.886911414664947],[-48.69881075879576,-26.886437809981118]]}},{"type":"Feature","id":337,"properties":{"nome":"R. Christiane do Nascimento"},"geometry":{"type":"LineString","coordinates":[[-48.69881075879576,-26.886437809981118],[-48.69865690673732,-26.88350826738979]]}},{"type":"Feature","id":338,"properties":{"nome":"R. Christiane do Nascimento"},"geometry":{"type":"LineString","coordinates":[[-48.69865690673732,-26.88350826738979],[-48.69852638686804,-26.881244814359192]]}},{"type":"Feature","id":339,"properties":{"nome":"R. Christiane do Nascimento"},"geometry":{"type":"LineString","coordinates":[[-48.69852638686804,-26.881244814359192],[-48.698451959718994,-26.87946547901241]]}},{"type":"Feature","id":341,"properties":{"nome":"R. Maurício da Silva"},"geometry":{"type":"LineString","coordinates":[[-48.69922126355328,-26.883461842343713],[-48.699091307840746,-26.881201874688095]]}},{"type":"Feature","id":342,"properties":{"nome":"R. César Stamm"},"geometry":{"type":"LineString","coordinates":[[-48.698180236458775,-26.886422362189975],[-48.698196080883925,-26.88630438358684],[-48.6980875703581,-26.883545339119205]]}},{"type":"Feature","id":343,"properties":{"nome":"R. César Stamm"},"geometry":{"type":"LineString","coordinates":[[-48.6980875703581,-26.883545339119205],[-48.69800420019325,-26.881283233965235]]}},{"type":"Feature","id":344,"properties":{"nome":"R. César Stamm"},"geometry":{"type":"LineString","coordinates":[[-48.69800420019325,-26.881283233965235],[-48.69792835400426,-26.879430873529863]]}},{"type":"Feature","id":345,"properties":{"nome":"R. Luiz Leôncio Buchele"},"geometry":{"type":"LineString","coordinates":[[-48.69763485928951,-26.88604925304669],[-48.69764230277734,-26.885892107013593],[-48.69754186260324,-26.883564254010764]]}},{"type":"Feature","id":346,"properties":{"nome":"R. Luiz Leôncio Buchele"},"geometry":{"type":"LineString","coordinates":[[-48.69754186260324,-26.883564254010764],[-48.69747475595973,-26.881297199888298]]}},{"type":"Feature","id":347,"properties":{"nome":"R. Luiz Leôncio Buchele"},"geometry":{"type":"LineString","coordinates":[[-48.69747475595973,-26.881297199888298],[-48.69738757404552,-26.879143956017025]]}},{"type":"Feature","id":348,"properties":{"nome":"R. Luiz José Medeiros"},"geometry":{"type":"LineString","coordinates":[[-48.69706402441771,-26.885615909454938],[-48.69700390450338,-26.883583293153293]]}},{"type":"Feature","id":349,"properties":{"nome":"R. Luiz José Medeiros"},"geometry":{"type":"LineString","coordinates":[[-48.69700390450338,-26.883583293153293],[-48.69692410253706,-26.881305602766812]]}},{"type":"Feature","id":351,"properties":{"nome":"R. Luiz José Medeiros"},"geometry":{"type":"LineString","coordinates":[[-48.69681454833513,-26.87861366120184],[-48.69679611015918,-26.878106392710613]]}},{"type":"Feature","id":352,"properties":{"nome":"R. Zulmira Leopoldina Machado"},"geometry":{"type":"LineString","coordinates":[[-48.693234210756174,-26.87872497879107],[-48.69386869113214,-26.878711107994665]]}},{"type":"Feature","id":353,"properties":{"nome":"R. Zulmira Leopoldina Machado"},"geometry":{"type":"LineString","coordinates":[[-48.69386869113214,-26.878711107994665],[-48.694481617036224,-26.878689827233867]]}},{"type":"Feature","id":354,"properties":{"nome":"R. Zulmira Leopoldina Machado"},"geometry":{"type":"LineString","coordinates":[[-48.694481617036224,-26.878689827233867],[-48.69459462480079,-26.878684718477746]]}},{"type":"Feature","id":355,"properties":{"nome":"R. Zulmira Leopoldina Machado"},"geometry":{"type":"LineString","coordinates":[[-48.69459462480079,-26.878684718477746],[-48.69502845154378,-26.878677893879416]]}},{"type":"Feature","id":356,"properties":{"nome":"R. Zulmira Leopoldina Machado"},"geometry":{"type":"LineString","coordinates":[[-48.69502845154378,-26.878677893879416],[-48.695602624780946,-26.87865597582311]]}},{"type":"Feature","id":357,"properties":{"nome":"R. Zulmira Leopoldina Machado"},"geometry":{"type":"LineString","coordinates":[[-48.695602624780946,-26.87865597582311],[-48.69622785214767,-26.878634741938352]]}},{"type":"Feature","id":358,"properties":{"nome":"R. Zulmira Leopoldina Machado"},"geometry":{"type":"LineString","coordinates":[[-48.69622785214767,-26.878634741938352],[-48.69681454833513,-26.87861366120184]]}},{"type":"Feature","id":359,"properties":{"nome":"R. José Carlos Felício"},"geometry":{"type":"LineString","coordinates":[[-48.69556544059474,-26.877240520274047],[-48.69617511800024,-26.877187892939283]]}},{"type":"Feature","id":362,"properties":{"nome":"R. Carlos Juvenal Gomes"},"geometry":{"type":"LineString","coordinates":[[-48.69617317226949,-26.87677524089809],[-48.69643036200955,-26.87675684008537]]}},{"type":"Feature","id":363,"properties":{"nome":"R. João Emiliano da Silva"},"geometry":{"type":"LineString","coordinates":[[-48.6964221668802,-26.883594663754952],[-48.69633430891493,-26.8813324850989]]}},{"type":"Feature","id":364,"properties":{"nome":"R. João Emiliano da Silva"},"geometry":{"type":"LineString","coordinates":[[-48.69633430891493,-26.8813324850989],[-48.69622785214767,-26.878634741938352]]}},{"type":"Feature","id":365,"properties":{"nome":"R. João Emiliano da Silva"},"geometry":{"type":"LineString","coordinates":[[-48.69622785214767,-26.878634741938352],[-48.69617511800024,-26.877187892939283]]}},{"type":"Feature","id":366,"properties":{"nome":"R. João Emiliano da Silva"},"geometry":{"type":"LineString","coordinates":[[-48.69617511800024,-26.877187892939283],[-48.69617317226949,-26.87677524089809]]}},{"type":"Feature","id":368,"properties":{"nome":"R. Romualdo Manoel Fagundes"},"geometry":{"type":"LineString","coordinates":[[-48.69578814508072,-26.883635305974604],[-48.69571368839832,-26.881350171511613]]}},{"type":"Feature","id":369,"properties":{"nome":"R. Romualdo Manoel Fagundes"},"geometry":{"type":"LineString","coordinates":[[-48.69571368839832,-26.881350171511613],[-48.695602624780946,-26.87865597582311]]}},{"type":"Feature","id":372,"properties":{"nome":"R. Dário da Silva"},"geometry":{"type":"LineString","coordinates":[[-48.69450679465799,-26.877186744140854],[-48.69497732446817,-26.877185732785723]]}},{"type":"Feature","id":373,"properties":{"nome":"R. Gelásio Manoel Costa"},"geometry":{"type":"LineString","coordinates":[[-48.6945306253299,-26.8776360736107],[-48.695224652891945,-26.87760568444278]]}},{"type":"Feature","id":374,"properties":{"nome":"R. Clarinda Júlio Pereira"},"geometry":{"type":"LineString","coordinates":[[-48.69456092416707,-26.87814870109867],[-48.695245266004925,-26.878118153889837]]}},{"type":"Feature","id":376,"properties":{"nome":"R. Hercília Moser"},"geometry":{"type":"LineString","coordinates":[[-48.695140487823124,-26.881323437556503],[-48.69502845154378,-26.878677893879416]]}},{"type":"Feature","id":377,"properties":{"nome":"R. Silvestro Moser"},"geometry":{"type":"LineString","coordinates":[[-48.69480264616826,-26.883643557935134],[-48.69476065083176,-26.882895471075248],[-48.69469191846165,-26.882748345274766]]}},{"type":"Feature","id":378,"properties":{"nome":"R. Silvestro Moser"},"geometry":{"type":"LineString","coordinates":[[-48.69469191846165,-26.882748345274766],[-48.69460928264183,-26.881328672555828]]}},{"type":"Feature","id":383,"properties":{"nome":"R. Eugênio Pezzini"},"geometry":{"type":"LineString","coordinates":[[-48.693384023039116,-26.88253362225528],[-48.69332685712556,-26.881387688178904]]}},{"type":"Feature","id":384,"properties":{"nome":"R.PoetaBento Nascimento"},"geometry":{"type":"LineString","coordinates":[[-48.693384023039116,-26.88253362225528],[-48.69396861369394,-26.88250080179237],[-48.69401371122191,-26.882427667150154],[-48.69399813893585,-26.881356934682504]]}},{"type":"Feature","id":386,"properties":{"nome":"R.PoetaBento Nascimento"},"geometry":{"type":"LineString","coordinates":[[-48.69386869113214,-26.878711107994665],[-48.6938091082934,-26.8775586156703],[-48.693817482767614,-26.877265440487754]]}},{"type":"Feature","id":387,"properties":{"nome":"R. Eugênio Pezzini"},"geometry":{"type":"LineString","coordinates":[[-48.693234210756174,-26.87872497879107],[-48.693177909316184,-26.878217492912324]]}},{"type":"Feature","id":388,"properties":{"nome":"R. Eugênio Pezzini"},"geometry":{"type":"LineString","coordinates":[[-48.693177909316184,-26.878217492912324],[-48.69313882042085,-26.877756247560573]]}},{"type":"Feature","id":389,"properties":{"nome":"R. Eugênio Pezzini"},"geometry":{"type":"LineString","coordinates":[[-48.69313882042085,-26.877756247560573],[-48.69311358196755,-26.87661300656689]]}},{"type":"Feature","id":390,"properties":{"nome":"R. Eugênio Pezzini"},"geometry":{"type":"LineString","coordinates":[[-48.69311358196755,-26.87661300656689],[-48.69308981885552,-26.87611290241076]]}},{"type":"Feature","id":391,"properties":{"nome":"R. Eugênio Pezzini"},"geometry":{"type":"LineString","coordinates":[[-48.69308981885552,-26.87611290241076],[-48.693070723154996,-26.875621565853965]]}},{"type":"Feature","id":392,"properties":{"nome":"R. Eugênio Pezzini"},"geometry":{"type":"LineString","coordinates":[[-48.693070723154996,-26.875621565853965],[-48.693047305968335,-26.875112506974965]]}},{"type":"Feature","id":393,"properties":{"nome":"R. Eugênio Pezzini"},"geometry":{"type":"LineString","coordinates":[[-48.693047305968335,-26.875112506974965],[-48.693033656030835,-26.87461955459812]]}},{"type":"Feature","id":394,"properties":{"nome":"R. Eugênio Pezzini"},"geometry":{"type":"LineString","coordinates":[[-48.693033656030835,-26.87461955459812],[-48.69300702895052,-26.87350868274733]]}},{"type":"Feature","id":396,"properties":{"nome":"R. Eugênio Pezzini"},"geometry":{"type":"LineString","coordinates":[[-48.692967529553755,-26.872113178505767],[-48.69295002136445,-26.871543650484128]]}},{"type":"Feature","id":397,"properties":{"nome":"R. Eugênio Pezzini"},"geometry":{"type":"LineString","coordinates":[[-48.69295002136445,-26.871543650484128],[-48.69292869898253,-26.87098484430346]]}},{"type":"Feature","id":398,"properties":{"nome":"R. Eugênio Pezzini"},"geometry":{"type":"LineString","coordinates":[[-48.69292869898253,-26.87098484430346],[-48.69291653209076,-26.870418830911778]]}},{"type":"Feature","id":399,"properties":{"nome":"R. Eugênio Pezzini"},"geometry":{"type":"LineString","coordinates":[[-48.69291653209076,-26.870418830911778],[-48.69289461532766,-26.869944604305346]]}},{"type":"Feature","id":400,"properties":{"nome":"R. Eugênio Pezzini"},"geometry":{"type":"LineString","coordinates":[[-48.69289461532766,-26.869944604305346],[-48.69287047102011,-26.869495688143886]]}},{"type":"Feature","id":401,"properties":{"nome":"R. Eugênio Pezzini"},"geometry":{"type":"LineString","coordinates":[[-48.69287047102011,-26.869495688143886],[-48.69286097501456,-26.869008852382642]]}},{"type":"Feature","id":402,"properties":{"nome":"R. Eugênio Pezzini"},"geometry":{"type":"LineString","coordinates":[[-48.69286097501456,-26.869008852382642],[-48.692802106863546,-26.86737403608779],[-48.69265222841592,-26.867119557629522]]}},{"type":"Feature","id":403,"properties":{"nome":"R. Annanias Caetano da Silva"},"geometry":{"type":"LineString","coordinates":[[-48.69265222841592,-26.867119557629522],[-48.691000018379604,-26.869504238889785]]}},{"type":"Feature","id":404,"properties":{"nome":"R. Annanias Caetano da Silva"},"geometry":{"type":"LineString","coordinates":[[-48.691000018379604,-26.869504238889785],[-48.69096169890829,-26.86972088036615],[-48.69097486239358,-26.869980431385123]]}},{"type":"Feature","id":405,"properties":{"nome":"R. Annanias Caetano da Silva"},"geometry":{"type":"LineString","coordinates":[[-48.69097486239358,-26.869980431385123],[-48.69099679605806,-26.870453479597302]]}},{"type":"Feature","id":406,"properties":{"nome":"R. Annanias Caetano da Silva"},"geometry":{"type":"LineString","coordinates":[[-48.69099679605806,-26.870453479597302],[-48.690995621157086,-26.87102870422773]]}},{"type":"Feature","id":407,"properties":{"nome":"R. Annanias Caetano da Silva"},"geometry":{"type":"LineString","coordinates":[[-48.690995621157086,-26.87102870422773],[-48.69100314484586,-26.871563992753707]]}},{"type":"Feature","id":408,"properties":{"nome":"R. Annanias Caetano da Silva"},"geometry":{"type":"LineString","coordinates":[[-48.69100314484586,-26.871563992753707],[-48.69100949261068,-26.87213767797096]]}},{"type":"Feature","id":409,"properties":{"nome":"R. Serli Maria Melo Siqueira"},"geometry":{"type":"LineString","coordinates":[[-48.692967529553755,-26.872113178505767],[-48.69100949261068,-26.87213767797096]]}},{"type":"Feature","id":410,"properties":{"nome":"R.Ver.Airton Teixeira de Mello"},"geometry":{"type":"LineString","coordinates":[[-48.69295002136445,-26.871543650484128],[-48.69100314484586,-26.871563992753707]]}},{"type":"Feature","id":411,"properties":{"nome":"R. Paulo Roberto dos Santos"},"geometry":{"type":"LineString","coordinates":[[-48.69292869898253,-26.87098484430346],[-48.690995621157086,-26.87102870422773]]}},{"type":"Feature","id":412,"properties":{"nome":"R. Alex Ciro Vicente"},"geometry":{"type":"LineString","coordinates":[[-48.69291653209076,-26.870418830911778],[-48.69099679605806,-26.870453479597302]]}},{"type":"Feature","id":413,"properties":{"nome":"R. Agostinho Soares"},"geometry":{"type":"LineString","coordinates":[[-48.69287047102011,-26.869495688143886],[-48.691000018379604,-26.869504238889785]]}},{"type":"Feature","id":414,"properties":{"nome":"R. Luiz de Queiroz Gaudereto"},"geometry":{"type":"LineString","coordinates":[[-48.69286097501456,-26.869008852382642],[-48.69157766861424,-26.86903460298618]]}},{"type":"Feature","id":415,"properties":{"nome":"R. Paulo Bagatoli"},"geometry":{"type":"LineString","coordinates":[[-48.69289461532766,-26.869944604305346],[-48.69097486239358,-26.869980431385123]]}},{"type":"Feature","id":417,"properties":{"nome":"R. Luiz Felipe da Costa Zacharias"},"geometry":{"type":"LineString","coordinates":[[-48.691692303541934,-26.874649508167685],[-48.693033656030835,-26.87461955459812]]}},{"type":"Feature","id":418,"properties":{"nome":"R. Adolfo José Fontes Pfeilsticker"},"geometry":{"type":"LineString","coordinates":[[-48.69122692389548,-26.87516999570412],[-48.693047305968335,-26.875112506974965]]}},{"type":"Feature","id":420,"properties":{"nome":"R. Valdir Souza"},"geometry":{"type":"LineString","coordinates":[[-48.69176978826916,-26.876140749456493],[-48.69150858066909,-26.875669685179144]]}},{"type":"Feature","id":421,"properties":{"nome":"R. Valdir Souza"},"geometry":{"type":"LineString","coordinates":[[-48.69150858066909,-26.875669685179144],[-48.69122692389548,-26.87516999570412]]}},{"type":"Feature","id":422,"properties":{"nome":"R. Archimedes Lobo Johannsen"},"geometry":{"type":"LineString","coordinates":[[-48.69150858066909,-26.875669685179144],[-48.693070723154996,-26.875621565853965]]}},{"type":"Feature","id":424,"properties":{"nome":"R. Domingos Braz Sedrez"},"geometry":{"type":"LineString","coordinates":[[-48.697524688188786,-26.874411483971983],[-48.69737996634708,-26.872257952282688],[-48.6971899994274,-26.87194850751499]]}},{"type":"Feature","id":425,"properties":{"nome":"R. Domingos Braz Sedrez"},"geometry":{"type":"LineString","coordinates":[[-48.6971899994274,-26.87194850751499],[-48.697001178141576,-26.87158259106188],[-48.69690794945486,-26.86984727123745]]}},{"type":"Feature","id":426,"properties":{"nome":"R. Domingos Braz Sedrez"},"geometry":{"type":"LineString","coordinates":[[-48.69690794945486,-26.86984727123745],[-48.696880732647955,-26.869038589767325]]}},{"type":"Feature","id":427,"properties":{"nome":"R. Domingos Braz Sedrez"},"geometry":{"type":"LineString","coordinates":[[-48.696880732647955,-26.869038589767325],[-48.69681238367598,-26.86739058117836]]}},{"type":"Feature","id":428,"properties":{"nome":"R. Francisco José de Aviz"},"geometry":{"type":"LineString","coordinates":[[-48.70387288222239,-26.869497857959075],[-48.703509427965095,-26.869500641060053]]}},{"type":"Feature","id":429,"properties":{"nome":"R. Francisco José de Aviz"},"geometry":{"type":"LineString","coordinates":[[-48.703509427965095,-26.869500641060053],[-48.7030000472591,-26.869531468537907]]}},{"type":"Feature","id":430,"properties":{"nome":"R. Francisco José de Aviz"},"geometry":{"type":"LineString","coordinates":[[-48.7030000472591,-26.869531468537907],[-48.70245684909578,-26.869557398946593]]}},{"type":"Feature","id":431,"properties":{"nome":"R. Francisco José de Aviz"},"geometry":{"type":"LineString","coordinates":[[-48.70245684909578,-26.869557398946593],[-48.70192333803457,-26.869583484822943]]}},{"type":"Feature","id":432,"properties":{"nome":"R. Francisco José de Aviz"},"geometry":{"type":"LineString","coordinates":[[-48.70192333803457,-26.869583484822943],[-48.70163738333231,-26.869587523681513]]}},{"type":"Feature","id":433,"properties":{"nome":"R. Francisco José de Aviz"},"geometry":{"type":"LineString","coordinates":[[-48.69948334623034,-26.869721934723902],[-48.69924089784761,-26.869731022391786]]}},{"type":"Feature","id":434,"properties":{"nome":"R. Francisco José de Aviz"},"geometry":{"type":"LineString","coordinates":[[-48.69924089784761,-26.869731022391786],[-48.698736095813686,-26.869774945609723]]}},{"type":"Feature","id":435,"properties":{"nome":"R. Francisco José de Aviz"},"geometry":{"type":"LineString","coordinates":[[-48.698736095813686,-26.869774945609723],[-48.697933582260895,-26.869805324826125]]}},{"type":"Feature","id":436,"properties":{"nome":"R. Francisco José de Aviz"},"geometry":{"type":"LineString","coordinates":[[-48.697933582260895,-26.869805324826125],[-48.697707997829056,-26.869819029891637]]}},{"type":"Feature","id":437,"properties":{"nome":"R. Francisco José de Aviz"},"geometry":{"type":"LineString","coordinates":[[-48.69717941748452,-26.86984083279962],[-48.69690794945486,-26.86984727123745]]}},{"type":"Feature","id":438,"properties":{"nome":"R. Francisco José de Aviz"},"geometry":{"type":"LineString","coordinates":[[-48.69690794945486,-26.86984727123745],[-48.69645691249209,-26.86986816241988]]}},{"type":"Feature","id":439,"properties":{"nome":"R. Áurea da Silva Simas"},"geometry":{"type":"LineString","coordinates":[[-48.69523711156518,-26.867658205587624],[-48.695314861455465,-26.86908040759088],[-48.695852773816185,-26.869076145642534]]}},{"type":"Feature","id":440,"properties":{"nome":"R. Áurea da Silva Simas"},"geometry":{"type":"LineString","coordinates":[[-48.695852773816185,-26.869076145642534],[-48.696366642668,-26.86906279818864]]}},{"type":"Feature","id":441,"properties":{"nome":"R. Áurea da Silva Simas"},"geometry":{"type":"LineString","coordinates":[[-48.696366642668,-26.86906279818864],[-48.696880732647955,-26.869038589767325]]}},{"type":"Feature","id":442,"properties":{"nome":"R. Nilton Santos da Silva"},"geometry":{"type":"LineString","coordinates":[[-48.695786817062455,-26.86754984708134],[-48.695852773816185,-26.869076145642534]]}},{"type":"Feature","id":443,"properties":{"nome":"R.Pr.Anôr Nagel Júnior"},"geometry":{"type":"LineString","coordinates":[[-48.69630226506515,-26.867458308843744],[-48.696366642668,-26.86906279818864]]}},{"type":"Feature","id":444,"properties":{"nome":"R. Theodoro Lino Régis"},"geometry":{"type":"LineString","coordinates":[[-48.70406901870014,-26.872446125061803],[-48.70387288222239,-26.869497857959075]]}},{"type":"Feature","id":445,"properties":{"nome":"R. Theodoro Lino Régis"},"geometry":{"type":"LineString","coordinates":[[-48.70387288222239,-26.869497857959075],[-48.703782944910195,-26.868193869143113],[-48.70368879229139,-26.868057631903312],[-48.70341974314789,-26.86794462432246]]}},{"type":"Feature","id":454,"properties":{"nome":"R. Theodoro Lino Régis"},"geometry":{"type":"LineString","coordinates":[[-48.69681238367598,-26.86739058117836],[-48.696612387683,-26.8673970978664],[-48.69630226506515,-26.867458308843744]]}},{"type":"Feature","id":455,"properties":{"nome":"R. Theodoro Lino Régis"},"geometry":{"type":"LineString","coordinates":[[-48.69630226506515,-26.867458308843744],[-48.695786817062455,-26.86754984708134]]}},{"type":"Feature","id":456,"properties":{"nome":"R. Theodoro Lino Régis"},"geometry":{"type":"LineString","coordinates":[[-48.695786817062455,-26.86754984708134],[-48.69523711156518,-26.867658205587624]]}},{"type":"Feature","id":457,"properties":{"nome":"R. Valdecir Bastos"},"geometry":{"type":"LineString","coordinates":[[-48.6978069093287,-26.86750782013695],[-48.697933582260895,-26.869805324826125]]}},{"type":"Feature","id":458,"properties":{"nome":"R. Valdecir Bastos"},"geometry":{"type":"LineString","coordinates":[[-48.697933582260895,-26.869805324826125],[-48.698011451264996,-26.871043936668105]]}},{"type":"Feature","id":459,"properties":{"nome":"R. Orlandina Amália Pires Corrêa"},"geometry":{"type":"LineString","coordinates":[[-48.69895071917328,-26.87366993558033],[-48.69893507227472,-26.87328815701163]]}},{"type":"Feature","id":460,"properties":{"nome":"R. Orlandina Amália Pires Corrêa"},"geometry":{"type":"LineString","coordinates":[[-48.69893507227472,-26.87328815701163],[-48.69886696553269,-26.871866112502584]]}},{"type":"Feature","id":461,"properties":{"nome":"R. Orlandina Amália Pires Corrêa"},"geometry":{"type":"LineString","coordinates":[[-48.69886696553269,-26.871866112502584],[-48.698736095813686,-26.869774945609723]]}},{"type":"Feature","id":462,"properties":{"nome":"R. Orlandina Amália Pires Corrêa"},"geometry":{"type":"LineString","coordinates":[[-48.698736095813686,-26.869774945609723],[-48.698620987989074,-26.867503700816965]]}},{"type":"Feature","id":465,"properties":{"nome":"R. Pedro João de Souza"},"geometry":{"type":"LineString","coordinates":[[-48.69924089784761,-26.869731022391786],[-48.699132845913375,-26.86740992145494]]}},{"type":"Feature","id":466,"properties":{"nome":"R. Antônio Tironi"},"geometry":{"type":"LineString","coordinates":[[-48.699604080673495,-26.87183575029842],[-48.699356695112776,-26.871849102815897]]}},{"type":"Feature","id":467,"properties":{"nome":"R. Antônio Tironi"},"geometry":{"type":"LineString","coordinates":[[-48.699356695112776,-26.871849102815897],[-48.69886696553269,-26.871866112502584]]}},{"type":"Feature","id":468,"properties":{"nome":"R. Antônio Tironi"},"geometry":{"type":"LineString","coordinates":[[-48.69886696553269,-26.871866112502584],[-48.6971899994274,-26.87194850751499]]}},{"type":"Feature","id":469,"properties":{"nome":"R. Antônio Tironi"},"geometry":{"type":"LineString","coordinates":[[-48.6971899994274,-26.87194850751499],[-48.69657300983473,-26.871968866509864]]}},{"type":"Feature","id":470,"properties":{"nome":"R. Acylino José Felicio"},"geometry":{"type":"LineString","coordinates":[[-48.70050762199471,-26.86699342039623],[-48.7006948673419,-26.870849726775905]]}},{"type":"Feature","id":471,"properties":{"nome":"R. Germano Bastos"},"geometry":{"type":"LineString","coordinates":[[-48.702100220740284,-26.87281041230105],[-48.702039097728665,-26.87170591009836]]}},{"type":"Feature","id":472,"properties":{"nome":"R. Germano Bastos"},"geometry":{"type":"LineString","coordinates":[[-48.702039097728665,-26.87170591009836],[-48.70192333803457,-26.869583484822943]]}},{"type":"Feature","id":473,"properties":{"nome":"R. Germano Bastos"},"geometry":{"type":"LineString","coordinates":[[-48.70192333803457,-26.869583484822943],[-48.70179515323231,-26.867296818872806]]}},{"type":"Feature","id":474,"properties":{"nome":"R. Antônio Tironi"},"geometry":{"type":"LineString","coordinates":[[-48.70365912425413,-26.871623618086275],[-48.703108781692876,-26.871642916050583]]}},{"type":"Feature","id":475,"properties":{"nome":"R. Antônio Tironi"},"geometry":{"type":"LineString","coordinates":[[-48.703108781692876,-26.871642916050583],[-48.702577550327916,-26.87167555935568]]}},{"type":"Feature","id":476,"properties":{"nome":"R. Antônio Tironi"},"geometry":{"type":"LineString","coordinates":[[-48.70231450600535,-26.871699526063985],[-48.702039097728665,-26.87170591009836]]}},{"type":"Feature","id":477,"properties":{"nome":"R. Antônio Tironi"},"geometry":{"type":"LineString","coordinates":[[-48.702039097728665,-26.87170591009836],[-48.70174347198769,-26.87172364321161]]}},{"type":"Feature","id":478,"properties":{"nome":"R. Jovelino Generoso Leite"},"geometry":{"type":"LineString","coordinates":[[-48.70370146168074,-26.87260353669916],[-48.70365912425413,-26.871623618086275]]}},{"type":"Feature","id":479,"properties":{"nome":"R. Jovelino Generoso Leite"},"geometry":{"type":"LineString","coordinates":[[-48.70365912425413,-26.871623618086275],[-48.703509427965095,-26.869500641060053]]}},{"type":"Feature","id":480,"properties":{"nome":"R. Jovelino Generoso Leite"},"geometry":{"type":"LineString","coordinates":[[-48.703509427965095,-26.869500641060053],[-48.70341974314789,-26.86794462432246]]}},{"type":"Feature","id":481,"properties":{"nome":"R. Ismael Orlando Evaristo"},"geometry":{"type":"LineString","coordinates":[[-48.703108781692876,-26.871642916050583],[-48.7030000472591,-26.869531468537907]]}},{"type":"Feature","id":482,"properties":{"nome":"R. Ismael Orlando Evaristo"},"geometry":{"type":"LineString","coordinates":[[-48.7030000472591,-26.869531468537907],[-48.70288692712061,-26.867696966324218]]}},{"type":"Feature","id":483,"properties":{"nome":"R. Alexandre D´Ávila Baptista"},"geometry":{"type":"LineString","coordinates":[[-48.70264026221775,-26.872749669647586],[-48.702577550327916,-26.87167555935568]]}},{"type":"Feature","id":484,"properties":{"nome":"R. Alexandre D´Ávila Baptista"},"geometry":{"type":"LineString","coordinates":[[-48.702577550327916,-26.87167555935568],[-48.70245684909578,-26.869557398946593]]}},{"type":"Feature","id":485,"properties":{"nome":"R. Alexandre D´Ávila Baptista"},"geometry":{"type":"LineString","coordinates":[[-48.70245684909578,-26.869557398946593],[-48.702348480559635,-26.867488324072653]]}},{"type":"Feature","id":493,"properties":{"nome":"R. César Augusto Dalsóquio"},"geometry":{"type":"LineString","coordinates":[[-48.72693876437786,-26.873418882868535],[-48.727715577570685,-26.87188875559549]]}},{"type":"Feature","id":494,"properties":{"nome":"R. César Augusto Dalsóquio"},"geometry":{"type":"LineString","coordinates":[[-48.727715577570685,-26.87188875559549],[-48.72804104803139,-26.871120505568836],[-48.72812964746248,-26.870809059696793],[-48.72834763197401,-26.869600192534925]]}},{"type":"Feature","id":495,"properties":{"nome":"R. César Augusto Dalsóquio"},"geometry":{"type":"LineString","coordinates":[[-48.72834763197401,-26.869600192534925],[-48.728364112495484,-26.869018170937185],[-48.72847040512068,-26.868063887141933]]}},{"type":"Feature","id":496,"properties":{"nome":"R. César Augusto Dalsóquio"},"geometry":{"type":"LineString","coordinates":[[-48.72847040512068,-26.868063887141933],[-48.72850493721483,-26.867790680229188]]}},{"type":"Feature","id":497,"properties":{"nome":"R. César Augusto Dalsóquio"},"geometry":{"type":"LineString","coordinates":[[-48.72850493721483,-26.867790680229188],[-48.72858653649954,-26.867344413723597]]}},{"type":"Feature","id":498,"properties":{"nome":"R. César Augusto Dalsóquio"},"geometry":{"type":"LineString","coordinates":[[-48.72858653649954,-26.867344413723597],[-48.72863403686289,-26.86714963361043]]}},{"type":"Feature","id":499,"properties":{"nome":"R. César Augusto Dalsóquio"},"geometry":{"type":"LineString","coordinates":[[-48.72863403686289,-26.86714963361043],[-48.7288325535282,-26.865823124463933],[-48.72883160769534,-26.865143050400437],[-48.72875677539995,-26.864765968112366],[-48.728663384858095,-26.864468978108146],[-48.72850281142831,-26.863897145842213],[-48.7281789129698,-26.863133662292626],[-48.728035744171095,-26.86290322540873],[-48.727419429241856,-26.86210462038863],[-48.726459607432204,-26.861039761537675]]}},{"type":"Feature","id":500,"properties":{"nome":"R. César Augusto Dalsóquio"},"geometry":{"type":"LineString","coordinates":[[-48.726459607432204,-26.861039761537675],[-48.72519013760622,-26.85947018896859],[-48.724990075432096,-26.859177997369216],[-48.72451795298069,-26.8581970216377],[-48.72433839389068,-26.85748582716816]]}},{"type":"Feature","id":501,"properties":{"nome":"R. César Augusto Dalsóquio"},"geometry":{"type":"LineString","coordinates":[[-48.72433839389068,-26.85748582716816],[-48.724165766761985,-26.856670453910983],[-48.72402690521648,-26.856346656408796],[-48.723012348316914,-26.85475292625881],[-48.722540823330064,-26.854106552733995],[-48.722295420324244,-26.85378103698979],[-48.72214456077011,-26.8533310278446],[-48.72203732008924,-26.852638377796882],[-48.72208317316987,-26.851800450794624],[-48.72220259661633,-26.85115925284697]]}},{"type":"Feature","id":545,"properties":{"nome":"Av. Marginal Leste"},"geometry":{"type":"LineString","coordinates":[[-48.72356388255481,-26.848256713348395],[-48.72088275310223,-26.84611123241611],[-48.720460234758974,-26.845707538081697],[-48.72040483052617,-26.84557145356917],[-48.72041775865768,-26.84546350932935],[-48.72050433046467,-26.845333577572216]]}},{"type":"Feature","id":780,"properties":{"nome":"R. José Pereira Liberato"},"geometry":{"type":"LineString","coordinates":[[-48.68454662400587,-26.918854457762116],[-48.68479715865934,-26.919355748354317]]}},{"type":"Feature","id":781,"properties":{"nome":"R. José Pereira Liberato"},"geometry":{"type":"LineString","coordinates":[[-48.68479715865934,-26.919355748354317],[-48.68522347909253,-26.92020707642286],[-48.685275636933035,-26.92032132448944],[-48.685277569409685,-26.92041730276863],[-48.685211056320576,-26.92052960397211],[-48.68509063453777,-26.920661081742658]]}},{"type":"Feature","id":782,"properties":{"nome":"R. José Pereira Liberato"},"geometry":{"type":"LineString","coordinates":[[-48.68509063453777,-26.920661081742658],[-48.68493941633462,-26.920823455113922]]}},{"type":"Feature","id":783,"properties":{"nome":"R. José Pereira Liberato"},"geometry":{"type":"LineString","coordinates":[[-48.68493941633462,-26.920823455113922],[-48.68445749143411,-26.92136069957097]]}},{"type":"Feature","id":784,"properties":{"nome":"R. José Pereira Liberato"},"geometry":{"type":"LineString","coordinates":[[-48.68445749143411,-26.92136069957097],[-48.68264889803407,-26.923392992078604]]}},{"type":"Feature","id":1172,"properties":{"nome":"R. Pedro Camilo Vicente"},"geometry":{"type":"LineString","coordinates":[[-48.69001875786379,-26.891334158622588],[-48.69017623832465,-26.893676315119407]]}},{"type":"Feature","id":1373,"properties":{"nome":"R. José Natal Cugik"},"geometry":{"type":"LineString","coordinates":[[-48.7126785588494,-26.91109991223606],[-48.713056605602766,-26.91066139762377],[-48.71345234254419,-26.909786503882174],[-48.71360931690058,-26.9095019245049],[-48.713820403345956,-26.909401661220738],[-48.714076948161996,-26.909473609071743],[-48.714379756850576,-26.909677903707188],[-48.7147681793449,-26.90982775428724],[-48.71517010511629,-26.90996984754489],[-48.71572810023548,-26.91031385639439],[-48.717951785116,-26.911661820752446],[-48.719450603534234,-26.912559381411594],[-48.726438606510946,-26.91679155935101],[-48.72868153876086,-26.91807985826963],[-48.728634512182005,-26.918206712036984],[-48.7229707410684,-26.923782122684635],[-48.7134849205451,-26.93313363345255]]}},{"type":"Feature","id":1566,"properties":{"nome":"R. David Adão Schmidt"},"geometry":{"type":"LineString","coordinates":[[-48.68468515432795,-26.8923244765661],[-48.68508186108628,-26.892644686475524]]}},{"type":"Feature","id":1567,"properties":{"nome":"R. David Adão Schmidt"},"geometry":{"type":"LineString","coordinates":[[-48.68508186108628,-26.892644686475524],[-48.68547884106829,-26.89295160607035]]}},{"type":"Feature","id":1568,"properties":{"nome":"R. David Adão Schmidt"},"geometry":{"type":"LineString","coordinates":[[-48.68547884106829,-26.89295160607035],[-48.685858092916426,-26.893255576405224]]}},{"type":"Feature","id":1569,"properties":{"nome":"R. David Adão Schmidt"},"geometry":{"type":"LineString","coordinates":[[-48.685858092916426,-26.893255576405224],[-48.68624876979365,-26.8935810007227]]}},{"type":"Feature","id":1570,"properties":{"nome":"R. David Adão Schmidt"},"geometry":{"type":"LineString","coordinates":[[-48.68624876979365,-26.8935810007227],[-48.686645756269925,-26.893887917408204]]}},{"type":"Feature","id":1571,"properties":{"nome":"R. David Adão Schmidt"},"geometry":{"type":"LineString","coordinates":[[-48.686645756269925,-26.893887917408204],[-48.68702792538063,-26.894194591231635]]}},{"type":"Feature","id":1572,"properties":{"nome":"R. David Adão Schmidt"},"geometry":{"type":"LineString","coordinates":[[-48.68702792538063,-26.894194591231635],[-48.68742798854604,-26.89449624004749]]}},{"type":"Feature","id":1573,"properties":{"nome":"R. David Adão Schmidt"},"geometry":{"type":"LineString","coordinates":[[-48.68742798854604,-26.89449624004749],[-48.68783662141808,-26.894813978711817]]}},{"type":"Feature","id":1574,"properties":{"nome":"R. David Adão Schmidt"},"geometry":{"type":"LineString","coordinates":[[-48.68783662141808,-26.894813978711817],[-48.688203758756885,-26.895131036844766]]}},{"type":"Feature","id":1575,"properties":{"nome":"R. David Adão Schmidt"},"geometry":{"type":"LineString","coordinates":[[-48.688203758756885,-26.895131036844766],[-48.6883229586906,-26.89524730464589],[-48.688392093260475,-26.895346802100487]]}},{"type":"Feature","id":1576,"properties":{"nome":"R. David Adão Schmidt"},"geometry":{"type":"LineString","coordinates":[[-48.688392093260475,-26.895346802100487],[-48.688734306279265,-26.896014375768615]]}},{"type":"Feature","id":1597,"properties":{"nome":"Trav. Paulo Fuck"},"geometry":{"type":"LineString","coordinates":[[-48.68468515432795,-26.8923244765661],[-48.68556638399235,-26.891461133443496]]}},{"type":"Feature","id":1600,"properties":{"nome":"Trav. João Bento"},"geometry":{"type":"LineString","coordinates":[[-48.68508186108628,-26.892644686475524],[-48.68603516728384,-26.891678784431473]]}},{"type":"Feature","id":1602,"properties":{"nome":"Trav. Niculau Burgart"},"geometry":{"type":"LineString","coordinates":[[-48.68547884106829,-26.89295160607035],[-48.68633935862347,-26.89207308437129]]}},{"type":"Feature","id":1604,"properties":{"nome":"Trav. Paulo Malburg"},"geometry":{"type":"LineString","coordinates":[[-48.685858092916426,-26.893255576405224],[-48.68671334490632,-26.89239416474115]]}},{"type":"Feature","id":1605,"properties":{"nome":"Trav. Antônio Couto"},"geometry":{"type":"LineString","coordinates":[[-48.68556784641977,-26.894260730415105],[-48.68624876979365,-26.8935810007227]]}},{"type":"Feature","id":1606,"properties":{"nome":"Trav. Antônio Couto"},"geometry":{"type":"LineString","coordinates":[[-48.68624876979365,-26.8935810007227],[-48.6871213833214,-26.892720175212162]]}},{"type":"Feature","id":1608,"properties":{"nome":"Trav. Lisberto João Potter"},"geometry":{"type":"LineString","coordinates":[[-48.686645756269925,-26.893887917408204],[-48.687281475728476,-26.89324334414317]]}},{"type":"Feature","id":1612,"properties":{"nome":"Trav. João Santana"},"geometry":{"type":"LineString","coordinates":[[-48.68783662141808,-26.894813978711817],[-48.6883879374374,-26.89425006318606]]}},{"type":"Feature","id":1613,"properties":{"nome":"R. Roseli Maria Coelho"},"geometry":{"type":"LineString","coordinates":[[-48.68779583258536,-26.895535171754933],[-48.688203758756885,-26.895131036844766]]}},{"type":"Feature","id":1614,"properties":{"nome":"R. Roseli Maria Coelho"},"geometry":{"type":"LineString","coordinates":[[-48.688203758756885,-26.895131036844766],[-48.68841350648697,-26.894911007206698]]}},{"type":"Feature","id":1683,"properties":{"nome":"R. Antônio Perão"},"geometry":{"type":"LineString","coordinates":[[-48.68662339233885,-26.905178813334405],[-48.683435681469106,-26.90502734165079]]}},{"type":"Feature","id":1684,"properties":{"nome":"R. Idalino João de Oliveira"},"geometry":{"type":"LineString","coordinates":[[-48.68668561930816,-26.90473148851406],[-48.684457042403764,-26.90463940063301]]}},{"type":"Feature","id":1685,"properties":{"nome":"R. Manoel Bandeira"},"geometry":{"type":"LineString","coordinates":[[-48.6867581490684,-26.904212915613765],[-48.685290510985865,-26.904133309621695]]}},{"type":"Feature","id":2036,"properties":{"nome":"R. Otaviano Feller"},"geometry":{"type":"LineString","coordinates":[[-48.68754644091295,-26.899581721561056],[-48.686175999804895,-26.899610707811387]]}},{"type":"Feature","id":2051,"properties":{"nome":"R. Antônio Francisco de Oliveira"},"geometry":{"type":"LineString","coordinates":[[-48.6868187437628,-26.903702852813165],[-48.68597335660591,-26.90365684554027]]}},{"type":"Feature","id":2067,"properties":{"nome":"R.Ver.Sabino Anastácio Paulo"},"geometry":{"type":"LineString","coordinates":[[-48.68594847538553,-26.9098873592674],[-48.68508745729029,-26.909902174848494]]}},{"type":"Feature","id":2125,"properties":{"nome":"R. Caçador"},"geometry":{"type":"LineString","coordinates":[[-48.686315922350786,-26.89582557399888],[-48.686199298991035,-26.89574167653814],[-48.68593234694714,-26.895512242187166]]}},{"type":"Feature","id":2127,"properties":{"nome":"R. Caçador"},"geometry":{"type":"LineString","coordinates":[[-48.68555706839478,-26.895187792066785],[-48.68518514647672,-26.894874649430964]]}},{"type":"Feature","id":2128,"properties":{"nome":"R. Caçador"},"geometry":{"type":"LineString","coordinates":[[-48.68518514647672,-26.894874649430964],[-48.684824112435514,-26.894555254589786]]}},{"type":"Feature","id":2129,"properties":{"nome":"R. Caçador"},"geometry":{"type":"LineString","coordinates":[[-48.684824112435514,-26.894555254589786],[-48.684457572470734,-26.894242198456006]]}},{"type":"Feature","id":2130,"properties":{"nome":"R. Caçador"},"geometry":{"type":"LineString","coordinates":[[-48.684457572470734,-26.894242198456006],[-48.68409491450389,-26.89391473729961]]}},{"type":"Feature","id":2131,"properties":{"nome":"R. Caçador"},"geometry":{"type":"LineString","coordinates":[[-48.68409491450389,-26.89391473729961],[-48.68372313299309,-26.893595163606438]]}},{"type":"Feature","id":2132,"properties":{"nome":"R. Manoel Cipriano Furtado"},"geometry":{"type":"LineString","coordinates":[[-48.68372313299309,-26.893595163606438],[-48.68372485461634,-26.89351079438583],[-48.683546183468295,-26.89321689397139],[-48.68349280819594,-26.89319672693509],[-48.683347609211125,-26.893371176620832],[-48.68322479148532,-26.893591005893427],[-48.6831128019572,-26.893983022065285],[-48.683099253544945,-26.89416365022983]]}},{"type":"Feature","id":2134,"properties":{"nome":"R. Santa Cecília"},"geometry":{"type":"LineString","coordinates":[[-48.684457572470734,-26.894242198456006],[-48.68290026733518,-26.895655420800235]]}},{"type":"Feature","id":2135,"properties":{"nome":"R. Itapiranga"},"geometry":{"type":"LineString","coordinates":[[-48.684824112435514,-26.894555254589786],[-48.683430052538704,-26.895876312892955]]}},{"type":"Feature","id":2136,"properties":{"nome":"R. São Miguel"},"geometry":{"type":"LineString","coordinates":[[-48.68518514647672,-26.894874649430964],[-48.68415819943998,-26.89586575278141]]}},{"type":"Feature","id":2137,"properties":{"nome":"R. Bernardina da Rocha"},"geometry":{"type":"LineString","coordinates":[[-48.68555706839478,-26.895187792066785],[-48.684882959241015,-26.89584548813876]]}},{"type":"Feature","id":2563,"properties":{"nome":"R. Otto Hoier"},"geometry":{"type":"LineString","coordinates":[[-48.68613439985132,-26.916924526376885],[-48.68644930897051,-26.917115452937104],[-48.6867401793444,-26.917234537337414],[-48.687136395908155,-26.917346773902036],[-48.68760499906319,-26.917348737921177],[-48.68879537648972,-26.917288219652896]]}},{"type":"Feature","id":2599,"properties":{"nome":"R.P.Heribert José Schmith"},"geometry":{"type":"LineString","coordinates":[[-48.69024015218986,-26.920624175801223],[-48.69077336372476,-26.921524566179567]]}},{"type":"Feature","id":2600,"properties":{"nome":"R.P.Heribert José Schmith"},"geometry":{"type":"LineString","coordinates":[[-48.69077336372476,-26.921524566179567],[-48.69100106335417,-26.92192839768474],[-48.69145681729194,-26.922718918415214]]}},{"type":"Feature","id":2601,"properties":{"nome":"R.P.Heribert José Schmith"},"geometry":{"type":"LineString","coordinates":[[-48.69145681729194,-26.922718918415214],[-48.691696747083725,-26.92314867116545]]}},{"type":"Feature","id":2602,"properties":{"nome":"R.P.Heribert José Schmith"},"geometry":{"type":"LineString","coordinates":[[-48.691696747083725,-26.92314867116545],[-48.691889394659,-26.92355192797229]]}},{"type":"Feature","id":2603,"properties":{"nome":"R.P.Heribert José Schmith"},"geometry":{"type":"LineString","coordinates":[[-48.691889394659,-26.92355192797229],[-48.69207219177312,-26.923969312565468]]}},{"type":"Feature","id":2625,"properties":{"nome":"R. Arnaldo Lopes"},"geometry":{"type":"LineString","coordinates":[[-48.69165805861019,-26.927240541848143],[-48.69072186907389,-26.92593059435943]]}},{"type":"Feature","id":2626,"properties":{"nome":"R. Arnaldo Lopes"},"geometry":{"type":"LineString","coordinates":[[-48.69072186907389,-26.92593059435943],[-48.69052325515579,-26.925507233258298]]}},{"type":"Feature","id":2627,"properties":{"nome":"R. Nelson Manoel Simão"},"geometry":{"type":"LineString","coordinates":[[-48.69123250768439,-26.927470782621363],[-48.690739409674286,-26.926791107242064]]}},{"type":"Feature","id":2628,"properties":{"nome":"R. Nelson Manoel Simão"},"geometry":{"type":"LineString","coordinates":[[-48.690739409674286,-26.926791107242064],[-48.69025947235629,-26.92609164069102]]}},{"type":"Feature","id":2629,"properties":{"nome":"R. Acelino Alves dos Santos"},"geometry":{"type":"LineString","coordinates":[[-48.69025947235629,-26.92609164069102],[-48.690095002487034,-26.926183258430644],[-48.689928435282305,-26.926377725320243],[-48.68992344294072,-26.926466238142492],[-48.69030081920317,-26.927035421784097]]}},{"type":"Feature","id":2630,"properties":{"nome":"R. Acelino Alves dos Santos"},"geometry":{"type":"LineString","coordinates":[[-48.69030081920317,-26.927035421784097],[-48.69055802719797,-26.927399727029545],[-48.69089497834567,-26.927762479161753],[-48.69116419639089,-26.928006948253536],[-48.69124051690652,-26.92801677136993],[-48.691307915311036,-26.927995011255213]]}},{"type":"Feature","id":2631,"properties":{"nome":"R. Acelino Alves dos Santos"},"geometry":{"type":"LineString","coordinates":[[-48.691307915311036,-26.927995011255213],[-48.69191480615877,-26.927627700460132]]}},{"type":"Feature","id":2632,"properties":{"nome":"Serv. Sem denominação oficial"},"geometry":{"type":"LineString","coordinates":[[-48.691307915311036,-26.927995011255213],[-48.69153508925641,-26.928268800231468]]}},{"type":"Feature","id":2633,"properties":{"nome":"R. Aprígio José Pinto"},"geometry":{"type":"LineString","coordinates":[[-48.69030081920317,-26.927035421784097],[-48.690739409674286,-26.926791107242064]]}},{"type":"Feature","id":2634,"properties":{"nome":"R. José Domingos Machado"},"geometry":{"type":"LineString","coordinates":[[-48.69025947235629,-26.92609164069102],[-48.69018276031926,-26.925944631808893],[-48.69024177532635,-26.925708393433606],[-48.69034632802409,-26.92558435738583],[-48.69052325515579,-26.925507233258298]]}},{"type":"Feature","id":2635,"properties":{"nome":"R. José Domingos Machado"},"geometry":{"type":"LineString","coordinates":[[-48.69052325515579,-26.925507233258298],[-48.69118897344956,-26.925262698481617]]}},{"type":"Feature","id":2672,"properties":{"nome":"R. Raul Machado"},"geometry":{"type":"LineString","coordinates":[[-48.691232480264254,-26.92575033124819],[-48.69072186907389,-26.92593059435943]]}},{"type":"Feature","id":2835,"properties":{"nome":"R. Antônio Adão Dias"},"geometry":{"type":"LineString","coordinates":[[-48.68374429951246,-26.911103805421885],[-48.684447649956795,-26.911161073549568]]}},{"type":"Feature","id":2837,"properties":{"nome":"R.Bel.Clito César Rebello"},"geometry":{"type":"LineString","coordinates":[[-48.68383099217109,-26.910605098311265],[-48.684511857234455,-26.910670570067108]]}},{"type":"Feature","id":2917,"properties":{"nome":"R. Jorge Santos de Macedo"},"geometry":{"type":"LineString","coordinates":[[-48.681435446144924,-26.921162799640936],[-48.681452806256324,-26.922340532867736]]}},{"type":"Feature","id":2982,"properties":{"nome":"R. Paulo Hoier"},"geometry":{"type":"LineString","coordinates":[[-48.68362295148186,-26.926836621649247],[-48.687167619398274,-26.926560406915467]]}},{"type":"Feature","id":3012,"properties":{"nome":"R. José Gall"},"geometry":{"type":"LineString","coordinates":[[-48.684981601826216,-26.928610807090717],[-48.686240161293476,-26.92955026612038],[-48.686393249470676,-26.92970424474706],[-48.68646859602577,-26.93007414813587],[-48.68649603735527,-26.930291797206245]]}},{"type":"Feature","id":3037,"properties":{"nome":"R. Jacob Ardigó"},"geometry":{"type":"LineString","coordinates":[[-48.67265460274066,-26.91956571806657],[-48.67314799350778,-26.919525271463808]]}},{"type":"Feature","id":3038,"properties":{"nome":"R. Jacob Ardigó"},"geometry":{"type":"LineString","coordinates":[[-48.67314799350778,-26.919525271463808],[-48.67367424523704,-26.919398200311615]]}},{"type":"Feature","id":3039,"properties":{"nome":"R. Jacob Ardigó"},"geometry":{"type":"LineString","coordinates":[[-48.67367424523704,-26.919398200311615],[-48.67399990886334,-26.919316582398018]]}},{"type":"Feature","id":3040,"properties":{"nome":"R. Jacob Ardigó"},"geometry":{"type":"LineString","coordinates":[[-48.67399990886334,-26.919316582398018],[-48.67424533363189,-26.91926114805264],[-48.674538459021285,-26.9192309705737]]}},{"type":"Feature","id":3041,"properties":{"nome":"R. Jacob Ardigó"},"geometry":{"type":"LineString","coordinates":[[-48.674538459021285,-26.9192309705737],[-48.67508423784316,-26.91916208765821]]}},{"type":"Feature","id":3042,"properties":{"nome":"R. Jacob Ardigó"},"geometry":{"type":"LineString","coordinates":[[-48.67508423784316,-26.91916208765821],[-48.67562088575118,-26.91911091394711]]}},{"type":"Feature","id":3043,"properties":{"nome":"R. Jacob Ardigó"},"geometry":{"type":"LineString","coordinates":[[-48.67562088575118,-26.91911091394711],[-48.67616101224207,-26.919045505498477]]}},{"type":"Feature","id":3044,"properties":{"nome":"R. Jacob Ardigó"},"geometry":{"type":"LineString","coordinates":[[-48.67616101224207,-26.919045505498477],[-48.676707308663595,-26.918990199061657]]}},{"type":"Feature","id":3045,"properties":{"nome":"R. Jacob Ardigó"},"geometry":{"type":"LineString","coordinates":[[-48.676707308663595,-26.918990199061657],[-48.67727542285323,-26.91892024674902]]}},{"type":"Feature","id":3047,"properties":{"nome":"R. Jacob Ardigó"},"geometry":{"type":"LineString","coordinates":[[-48.67727542285323,-26.91892024674902],[-48.678102182698225,-26.91883025511123],[-48.6785635239968,-26.918797835871953],[-48.6799687676624,-26.918715206991912]]}},{"type":"Feature","id":3048,"properties":{"nome":"R. Jacob Ardigó"},"geometry":{"type":"LineString","coordinates":[[-48.6799687676624,-26.918715206991912],[-48.68154990924493,-26.918605445751293],[-48.68196680684694,-26.91856371191386],[-48.68394599196299,-26.918437598966914],[-48.68420927029527,-26.91842477305135]]}},{"type":"Feature","id":3052,"properties":{"nome":"R. Jacob Ardigó"},"geometry":{"type":"LineString","coordinates":[[-48.684427593680134,-26.918393703538687],[-48.686571972834535,-26.918252045911803],[-48.68715809174743,-26.9182759442831]]}},{"type":"Feature","id":3057,"properties":{"nome":"R. Jacob Ardigó"},"geometry":{"type":"LineString","coordinates":[[-48.68715809174743,-26.9182759442831],[-48.68657395517397,-26.918389257217573],[-48.684496368341385,-26.918551836360454]]}},{"type":"Feature","id":3061,"properties":{"nome":"R. Jacob Ardigó"},"geometry":{"type":"LineString","coordinates":[[-48.68429845502078,-26.918584849060682],[-48.68375454387934,-26.91860164271521],[-48.67997613595506,-26.918822498951613]]}},{"type":"Feature","id":3062,"properties":{"nome":"R. Jacob Ardigó"},"geometry":{"type":"LineString","coordinates":[[-48.67997613595506,-26.918822498951613],[-48.67814301264994,-26.91893809771009],[-48.67727951466879,-26.919031771329177]]}},{"type":"Feature","id":3063,"properties":{"nome":"R. Jacob Ardigó"},"geometry":{"type":"LineString","coordinates":[[-48.67727951466879,-26.919031771329177],[-48.67671145745079,-26.919098866576466]]}},{"type":"Feature","id":3064,"properties":{"nome":"R. Jacob Ardigó"},"geometry":{"type":"LineString","coordinates":[[-48.67671145745079,-26.919098866576466],[-48.6761763452608,-26.91915292865689]]}},{"type":"Feature","id":3065,"properties":{"nome":"R. Jacob Ardigó"},"geometry":{"type":"LineString","coordinates":[[-48.6761763452608,-26.91915292865689],[-48.67563952152811,-26.919212675564292]]}},{"type":"Feature","id":3066,"properties":{"nome":"R. Jacob Ardigó"},"geometry":{"type":"LineString","coordinates":[[-48.67563952152811,-26.919212675564292],[-48.67509467248478,-26.919275145252055]]}},{"type":"Feature","id":3067,"properties":{"nome":"R. Jacob Ardigó"},"geometry":{"type":"LineString","coordinates":[[-48.67509467248478,-26.919275145252055],[-48.67454741621699,-26.919338288754425]]}},{"type":"Feature","id":3068,"properties":{"nome":"R. Jacob Ardigó"},"geometry":{"type":"LineString","coordinates":[[-48.67454741621699,-26.919338288754425],[-48.67400707467999,-26.919433516206507]]}},{"type":"Feature","id":3069,"properties":{"nome":"R. Jacob Ardigó"},"geometry":{"type":"LineString","coordinates":[[-48.67400707467999,-26.919433516206507],[-48.673681724773004,-26.919499778166898]]}},{"type":"Feature","id":3070,"properties":{"nome":"R. Jacob Ardigó"},"geometry":{"type":"LineString","coordinates":[[-48.673681724773004,-26.919499778166898],[-48.6731633236721,-26.91963269476403]]}},{"type":"Feature","id":3140,"properties":{"nome":"R. Samuel Heusi"},"geometry":{"type":"LineString","coordinates":[[-48.66021804305883,-26.904491300952944],[-48.65865637449367,-26.903550889281604]]}},{"type":"Feature","id":3141,"properties":{"nome":"R. Samuel Heusi"},"geometry":{"type":"LineString","coordinates":[[-48.65865637449367,-26.903550889281604],[-48.6579923891354,-26.903134057891652]]}},{"type":"Feature","id":3142,"properties":{"nome":"R. Samuel Heusi"},"geometry":{"type":"LineString","coordinates":[[-48.6579923891354,-26.903134057891652],[-48.657595782948896,-26.90289027500478]]}},{"type":"Feature","id":3143,"properties":{"nome":"R.Dr.José Bonifácio Malburg"},"geometry":{"type":"LineString","coordinates":[[-48.65696869174059,-26.903311404380545],[-48.65728988410949,-26.903656820883608]]}},{"type":"Feature","id":3144,"properties":{"nome":"R.Dr.José Bonifácio Malburg"},"geometry":{"type":"LineString","coordinates":[[-48.65728988410949,-26.903656820883608],[-48.657542449243174,-26.903929651214895]]}},{"type":"Feature","id":3145,"properties":{"nome":"R.Dr.José Bonifácio Malburg"},"geometry":{"type":"LineString","coordinates":[[-48.657542449243174,-26.903929651214895],[-48.658291411236775,-26.9043993354681]]}},{"type":"Feature","id":3331,"properties":{"nome":"Av.Min.Victor Konder"},"geometry":{"type":"LineString","coordinates":[[-48.651200438860336,-26.917833442435274],[-48.65017369693701,-26.919073799667526],[-48.65008486600183,-26.919206638982725],[-48.65004962116358,-26.919368949406557],[-48.65010980827978,-26.919541422194026],[-48.65028182486074,-26.919855791980275]]}},{"type":"Feature","id":3446,"properties":{"nome":"R. Joaquim Geraldino de Bittencourt"},"geometry":{"type":"LineString","coordinates":[[-48.73180480226433,-26.845523592507966],[-48.73205996412668,-26.846255515575507],[-48.73217522870033,-26.8464402748274],[-48.732327050265155,-26.846496059098467],[-48.73335599048673,-26.846451590796615],[-48.73352297822217,-26.846599072081546],[-48.73368450146201,-26.84702083088761],[-48.734061391181086,-26.84814719681106],[-48.734676565550885,-26.8496813075623],[-48.73519134663127,-26.850710804440045],[-48.735796841964145,-26.85145214590545],[-48.73637094701712,-26.852063420005464],[-48.736845783472184,-26.852753126293162],[-48.73733465309562,-26.853164880158705],[-48.73775800163596,-26.853667038961053]]}},{"type":"Feature","id":3448,"properties":{"nome":"R. Bruno Vicente da Luz"},"geometry":{"type":"LineString","coordinates":[[-48.741790168442776,-26.857069636402144],[-48.74068328556291,-26.85632792486648],[-48.73946279741177,-26.855317644737966],[-48.73862139023231,-26.85447346640934],[-48.73794783174709,-26.853734857512237],[-48.73775800163596,-26.853667038961053]]}},{"type":"Feature","id":3449,"properties":{"nome":"R. Bruno Vicente da Luz"},"geometry":{"type":"LineString","coordinates":[[-48.74429604416407,-26.858393839131615],[-48.74391825006164,-26.858162981204575],[-48.742814994984094,-26.857665224140977],[-48.741790168442776,-26.857069636402144]]}},{"type":"Feature","id":3450,"properties":{"nome":"R. Bruno Vicente da Luz"},"geometry":{"type":"LineString","coordinates":[[-48.74449029785588,-26.858527824349395],[-48.74429604416407,-26.858393839131615]]}},{"type":"Feature","id":3451,"properties":{"nome":"R. Bruno Vicente da Luz"},"geometry":{"type":"LineString","coordinates":[[-48.760580183364105,-26.87202442582197],[-48.76043851328291,-26.871019977009283],[-48.76043143320166,-26.870516857648187],[-48.760661144959585,-26.86770061139047],[-48.76080681837605,-26.865698513459087],[-48.76084327861839,-26.86341650515571],[-48.760881746376576,-26.862757870252643],[-48.76108536790211,-26.861911318795716],[-48.761250488951475,-26.860862191147657],[-48.76129670863932,-26.85959397287245],[-48.76121242963406,-26.858479923095235],[-48.761113027973884,-26.857918180806422],[-48.76086753788397,-26.857655166194522],[-48.76028846555617,-26.85728778867793],[-48.75968391244608,-26.856920004125246],[-48.75944779191566,-26.856828615256827],[-48.759159278076275,-26.85680879837825],[-48.754754526018274,-26.857401944857585],[-48.752990584831586,-26.857655898766435],[-48.75183148350059,-26.85783180774347],[-48.75042287185742,-26.85816378290194],[-48.74978618074063,-26.858347990263738],[-48.748532875335954,-26.858560478035393],[-48.7479122413767,-26.858577264067584],[-48.74651928005586,-26.858547437930795],[-48.7457350598866,-26.858672113973316],[-48.74449029785588,-26.858527824349395]]}},{"type":"Feature","id":3453,"properties":{"nome":"R. Bruno Vicente da Luz"},"geometry":{"type":"LineString","coordinates":[[-48.75888384789059,-26.886500866288365],[-48.759777576908974,-26.88557381579931],[-48.760145974300215,-26.88521002530879],[-48.76031605129121,-26.884774497929975],[-48.760359231468556,-26.883662472693583],[-48.76020015345424,-26.882894008978766],[-48.76014018039118,-26.882271921692695],[-48.76013363067357,-26.881742137304062],[-48.76025741429704,-26.88085240702455],[-48.76046762759813,-26.88010504158578],[-48.76072723797739,-26.87943848300084],[-48.76085293370504,-26.87866691275718],[-48.760833892952334,-26.877908290577544],[-48.76064966197579,-26.876906977780852],[-48.760456079270924,-26.87616464213607],[-48.760287459806584,-26.87544937622259],[-48.760357544095555,-26.87426537318307],[-48.76055003040032,-26.87333862487598],[-48.7605998565851,-26.872535366060294],[-48.760580183364105,-26.87202442582197]]}},{"type":"Feature","id":3457,"properties":{"nome":"R. Pedro Sansão"},"geometry":{"type":"LineString","coordinates":[[-48.76283854135201,-26.893708542548744],[-48.76284228156819,-26.893087465751005]]}},{"type":"Feature","id":3458,"properties":{"nome":"R. Angela Cecilia Tolardo"},"geometry":{"type":"LineString","coordinates":[[-48.76284228156819,-26.893087465751005],[-48.76282167308286,-26.891761032591724]]}},{"type":"Feature","id":3459,"properties":{"nome":"R. Angela Cecilia Tolardo"},"geometry":{"type":"LineString","coordinates":[[-48.76221240133012,-26.893348041303643],[-48.762471105121186,-26.89294440083302],[-48.76284228156819,-26.893087465751005]]}},{"type":"Feature","id":3508,"properties":{"nome":"R. Waldemar da Silva"},"geometry":{"type":"LineString","coordinates":[[-48.749493472711364,-26.877528007341162],[-48.74931351131535,-26.87535117091185]]}},{"type":"Feature","id":3528,"properties":{"nome":"R. Luiz Castro"},"geometry":{"type":"LineString","coordinates":[[-48.75007114325693,-26.878317914187825],[-48.74981695389298,-26.875329182588324]]}},{"type":"Feature","id":3566,"properties":{"nome":"R. José Francisco Reis"},"geometry":{"type":"LineString","coordinates":[[-48.74826306716173,-26.87760160033801],[-48.74807065293287,-26.875446793428733]]}},{"type":"Feature","id":3568,"properties":{"nome":"R. José Francisco Reis"},"geometry":{"type":"LineString","coordinates":[[-48.74806376803165,-26.875365390046127],[-48.74783093032073,-26.872391921809847]]}},{"type":"Feature","id":3580,"properties":{"nome":"R.Arq.Luiz Augusto Trojan"},"geometry":{"type":"LineString","coordinates":[[-48.74757424998008,-26.87540839401547],[-48.747326102094675,-26.87242197931751]]}},{"type":"Feature","id":3582,"properties":{"nome":"R.Arq.Luiz Augusto Trojan"},"geometry":{"type":"LineString","coordinates":[[-48.74731625998096,-26.87234688026389],[-48.74717014206792,-26.87057260349288]]}},{"type":"Feature","id":3589,"properties":{"nome":"Av. Paulo Cantídio da Silva"},"geometry":{"type":"LineString","coordinates":[[-48.748793634111685,-26.877560518390645],[-48.74861127207089,-26.87539825156386]]}},{"type":"Feature","id":3590,"properties":{"nome":"Av. Paulo Cantídio da Silva"},"geometry":{"type":"LineString","coordinates":[[-48.74861127207089,-26.87539825156386],[-48.74860413512929,-26.875329546304435]]}},{"type":"Feature","id":3597,"properties":{"nome":"Av. Paulo Cantídio da Silva"},"geometry":{"type":"LineString","coordinates":[[-48.748784090383495,-26.875326062750595],[-48.74879416004022,-26.875389733889772]]}},{"type":"Feature","id":3598,"properties":{"nome":"Av. Paulo Cantídio da Silva"},"geometry":{"type":"LineString","coordinates":[[-48.74879416004022,-26.875389733889772],[-48.74896946920864,-26.877550618486477]]}},{"type":"Feature","id":3606,"properties":{"nome":"R. Mariângela Rocha Fabeni"},"geometry":{"type":"LineString","coordinates":[[-48.7470950039553,-26.87543335386386],[-48.7468529203578,-26.872451269976096]]}},{"type":"Feature","id":3608,"properties":{"nome":"R. Mariângela Rocha Fabeni"},"geometry":{"type":"LineString","coordinates":[[-48.746846862464515,-26.87237580710236],[-48.74670006849917,-26.870588394926322]]}},{"type":"Feature","id":3620,"properties":{"nome":"R.Ver.Pedro João de Souza Filho"},"geometry":{"type":"LineString","coordinates":[[-48.746443070754516,-26.87240577891655],[-48.74629909822126,-26.870619258135335]]}},{"type":"Feature","id":3623,"properties":{"nome":"R.Ver.Pedro João de Souza Filho"},"geometry":{"type":"LineString","coordinates":[[-48.74619558188989,-26.869268641727455],[-48.7460805836152,-26.86785433132212]]}},{"type":"Feature","id":3624,"properties":{"nome":"R.Ver.Pedro João de Souza Filho"},"geometry":{"type":"LineString","coordinates":[[-48.7460805836152,-26.86785433132212],[-48.745969621423605,-26.86630798293108]]}},{"type":"Feature","id":3625,"properties":{"nome":"R.Ver.Pedro João de Souza Filho"},"geometry":{"type":"LineString","coordinates":[[-48.745969621423605,-26.86630798293108],[-48.74596268771339,-26.866229119100314]]}},{"type":"Feature","id":3626,"properties":{"nome":"R.Ver.Pedro João de Souza Filho"},"geometry":{"type":"LineString","coordinates":[[-48.74596268771339,-26.866229119100314],[-48.74573541765837,-26.863263357671215]]}},{"type":"Feature","id":3628,"properties":{"nome":"R.Ver.Pedro João de Souza Filho"},"geometry":{"type":"LineString","coordinates":[[-48.745731215040934,-26.863189618240163],[-48.74549327947388,-26.860190660209312]]}},{"type":"Feature","id":3629,"properties":{"nome":"R.Ver.Pedro João de Souza Filho"},"geometry":{"type":"LineString","coordinates":[[-48.74549327947388,-26.860190660209312],[-48.745486446873464,-26.86010671708762]]}},{"type":"Feature","id":3640,"properties":{"nome":"R. Orlando Augusto da Silva"},"geometry":{"type":"LineString","coordinates":[[-48.74401618964039,-26.860188680740922],[-48.74429398543619,-26.860177872661748]]}},{"type":"Feature","id":3641,"properties":{"nome":"R. Orlando Augusto da Silva"},"geometry":{"type":"LineString","coordinates":[[-48.74429398543619,-26.860177872661748],[-48.744492547768346,-26.860163259007486]]}},{"type":"Feature","id":3642,"properties":{"nome":"R. Orlando Augusto da Silva"},"geometry":{"type":"LineString","coordinates":[[-48.744492547768346,-26.860163259007486],[-48.7449915583172,-26.86013819802742]]}},{"type":"Feature","id":3643,"properties":{"nome":"R. Orlando Augusto da Silva"},"geometry":{"type":"LineString","coordinates":[[-48.7449915583172,-26.86013819802742],[-48.745486446873464,-26.86010671708762]]}},{"type":"Feature","id":3644,"properties":{"nome":"R. Orlando Augusto da Silva"},"geometry":{"type":"LineString","coordinates":[[-48.745486446873464,-26.86010671708762],[-48.745728872641564,-26.860094072118912]]}},{"type":"Feature","id":3645,"properties":{"nome":"R. Orlando Augusto da Silva"},"geometry":{"type":"LineString","coordinates":[[-48.7457272610782,-26.860175340108636],[-48.74549327947388,-26.860190660209312]]}},{"type":"Feature","id":3646,"properties":{"nome":"R. Orlando Augusto da Silva"},"geometry":{"type":"LineString","coordinates":[[-48.74549327947388,-26.860190660209312],[-48.74500405370422,-26.860222230615108]]}},{"type":"Feature","id":3647,"properties":{"nome":"R. Orlando Augusto da Silva"},"geometry":{"type":"LineString","coordinates":[[-48.74500405370422,-26.860222230615108],[-48.744499077296396,-26.860262439865895]]}},{"type":"Feature","id":3648,"properties":{"nome":"R. Orlando Augusto da Silva"},"geometry":{"type":"LineString","coordinates":[[-48.744499077296396,-26.860262439865895],[-48.744308390540596,-26.86027273371083]]}},{"type":"Feature","id":3649,"properties":{"nome":"R. Orlando Augusto da Silva"},"geometry":{"type":"LineString","coordinates":[[-48.744308390540596,-26.86027273371083],[-48.74401725721444,-26.86027761270181]]}},{"type":"Feature","id":3670,"properties":{"nome":"R. Marcos Aurélio Seára"},"geometry":{"type":"LineString","coordinates":[[-48.744499077296396,-26.860262439865895],[-48.744492547768346,-26.860163259007486]]}},{"type":"Feature","id":3671,"properties":{"nome":"R. Marcos Aurélio Seára"},"geometry":{"type":"LineString","coordinates":[[-48.744492547768346,-26.860163259007486],[-48.74442232016808,-26.85931300112727],[-48.744425177087436,-26.858954847423178],[-48.74449029785588,-26.858527824349395]]}},{"type":"Feature","id":3672,"properties":{"nome":"R. Marcos Aurélio Seára"},"geometry":{"type":"LineString","coordinates":[[-48.74429604416407,-26.858393839131615],[-48.74422968047361,-26.859029209596937],[-48.74423675801307,-26.85938625207903],[-48.74429398543619,-26.860177872661748]]}},{"type":"Feature","id":3673,"properties":{"nome":"R. Marcos Aurélio Seára"},"geometry":{"type":"LineString","coordinates":[[-48.74429398543619,-26.860177872661748],[-48.744308390540596,-26.86027273371083]]}},{"type":"Feature","id":3674,"properties":{"nome":"R. Marcos Aurélio Seára"},"geometry":{"type":"LineString","coordinates":[[-48.744308390540596,-26.86027273371083],[-48.74454736719362,-26.86325329056937]]}},{"type":"Feature","id":3676,"properties":{"nome":"R. Marcos Aurélio Seára"},"geometry":{"type":"LineString","coordinates":[[-48.74454565377622,-26.863339637699422],[-48.74476516861745,-26.866302100944978]]}},{"type":"Feature","id":3678,"properties":{"nome":"R. Marcos Aurélio Seára"},"geometry":{"type":"LineString","coordinates":[[-48.74477184951039,-26.866393662885987],[-48.74499929478678,-26.86934926497869]]}},{"type":"Feature","id":3681,"properties":{"nome":"R. Marcos Aurélio Seára"},"geometry":{"type":"LineString","coordinates":[[-48.745108460478015,-26.87069997176184],[-48.74525143695841,-26.872488170895902]]}},{"type":"Feature","id":3683,"properties":{"nome":"R. Marcos Aurélio Seára"},"geometry":{"type":"LineString","coordinates":[[-48.745255538340864,-26.872566989492555],[-48.74548557712165,-26.87553533328981]]}},{"type":"Feature","id":3689,"properties":{"nome":"R. Marcos Aurélio Seára"},"geometry":{"type":"LineString","coordinates":[[-48.74599065272549,-26.881775046583424],[-48.74623972133631,-26.884960209230627]]}},{"type":"Feature","id":3693,"properties":{"nome":"R. Alberto Dagnoni"},"geometry":{"type":"LineString","coordinates":[[-48.74666880564379,-26.881649954459284],[-48.74647190062267,-26.879223251499013]]}},{"type":"Feature","id":3722,"properties":{"nome":"Av. José Sasdelli"},"geometry":{"type":"LineString","coordinates":[[-48.745209034043036,-26.875552512557896],[-48.74548557712165,-26.87553533328981]]}},{"type":"Feature","id":3723,"properties":{"nome":"Av. José Sasdelli"},"geometry":{"type":"LineString","coordinates":[[-48.74548557712165,-26.87553533328981],[-48.745679944223454,-26.875519381612367]]}},{"type":"Feature","id":3724,"properties":{"nome":"Av. José Sasdelli"},"geometry":{"type":"LineString","coordinates":[[-48.745679944223454,-26.875519381612367],[-48.74616774417726,-26.875491599407063]]}},{"type":"Feature","id":3725,"properties":{"nome":"Av. José Sasdelli"},"geometry":{"type":"LineString","coordinates":[[-48.74616774417726,-26.875491599407063],[-48.7466809346946,-26.87545723457909]]}},{"type":"Feature","id":3726,"properties":{"nome":"Av. José Sasdelli"},"geometry":{"type":"LineString","coordinates":[[-48.7466809346946,-26.87545723457909],[-48.7470950039553,-26.87543335386386]]}},{"type":"Feature","id":3727,"properties":{"nome":"Av. José Sasdelli"},"geometry":{"type":"LineString","coordinates":[[-48.7470950039553,-26.87543335386386],[-48.74757424998008,-26.87540839401547]]}},{"type":"Feature","id":3728,"properties":{"nome":"Av. José Sasdelli"},"geometry":{"type":"LineString","coordinates":[[-48.74757424998008,-26.87540839401547],[-48.74806376803165,-26.875365390046127]]}},{"type":"Feature","id":3729,"properties":{"nome":"Av. José Sasdelli"},"geometry":{"type":"LineString","coordinates":[[-48.74806376803165,-26.875365390046127],[-48.74860413512929,-26.875329546304435]]}},{"type":"Feature","id":3730,"properties":{"nome":"Av. José Sasdelli"},"geometry":{"type":"LineString","coordinates":[[-48.74860413512929,-26.875329546304435],[-48.748784090383495,-26.875326062750595]]}},{"type":"Feature","id":3731,"properties":{"nome":"Av. José Sasdelli"},"geometry":{"type":"LineString","coordinates":[[-48.748784090383495,-26.875326062750595],[-48.749309560018055,-26.875282516424036]]}},{"type":"Feature","id":3732,"properties":{"nome":"Av. José Sasdelli"},"geometry":{"type":"LineString","coordinates":[[-48.749309560018055,-26.875282516424036],[-48.74980992940451,-26.87525476295915]]}},{"type":"Feature","id":3733,"properties":{"nome":"Av. José Sasdelli"},"geometry":{"type":"LineString","coordinates":[[-48.74980992940451,-26.87525476295915],[-48.75027693130041,-26.875222189615254]]}},{"type":"Feature","id":3734,"properties":{"nome":"Av. José Sasdelli"},"geometry":{"type":"LineString","coordinates":[[-48.75027693130041,-26.875222189615254],[-48.75070608146783,-26.87518774134675]]}},{"type":"Feature","id":3735,"properties":{"nome":"Av. José Sasdelli"},"geometry":{"type":"LineString","coordinates":[[-48.75070608146783,-26.87518774134675],[-48.7512183543735,-26.875140007784125]]}},{"type":"Feature","id":3743,"properties":{"nome":"Av. José Sasdelli"},"geometry":{"type":"LineString","coordinates":[[-48.74879416004022,-26.875389733889772],[-48.74861127207089,-26.87539825156386]]}},{"type":"Feature","id":3744,"properties":{"nome":"Av. José Sasdelli"},"geometry":{"type":"LineString","coordinates":[[-48.74861127207089,-26.87539825156386],[-48.74807065293287,-26.875446793428733]]}},{"type":"Feature","id":3745,"properties":{"nome":"Av. José Sasdelli"},"geometry":{"type":"LineString","coordinates":[[-48.74807065293287,-26.875446793428733],[-48.74758148700232,-26.87547202004287]]}},{"type":"Feature","id":3746,"properties":{"nome":"Av. José Sasdelli"},"geometry":{"type":"LineString","coordinates":[[-48.74758148700232,-26.87547202004287],[-48.74709738614056,-26.87550367724306]]}},{"type":"Feature","id":3747,"properties":{"nome":"Av. José Sasdelli"},"geometry":{"type":"LineString","coordinates":[[-48.74709738614056,-26.87550367724306],[-48.74668697569749,-26.875533543672542]]}},{"type":"Feature","id":3748,"properties":{"nome":"Av. José Sasdelli"},"geometry":{"type":"LineString","coordinates":[[-48.74668697569749,-26.875533543672542],[-48.74618014046312,-26.87558071202407]]}},{"type":"Feature","id":3749,"properties":{"nome":"Av. José Sasdelli"},"geometry":{"type":"LineString","coordinates":[[-48.74618014046312,-26.87558071202407],[-48.74568249078671,-26.87560516131267]]}},{"type":"Feature","id":3750,"properties":{"nome":"Av. José Sasdelli"},"geometry":{"type":"LineString","coordinates":[[-48.74568249078671,-26.87560516131267],[-48.74549385145326,-26.87561802864686]]}},{"type":"Feature","id":3751,"properties":{"nome":"Av. José Sasdelli"},"geometry":{"type":"LineString","coordinates":[[-48.74549385145326,-26.87561802864686],[-48.74520749663147,-26.875629971364614]]}},{"type":"Feature","id":3758,"properties":{"nome":"R. Alberto Dagnoni"},"geometry":{"type":"LineString","coordinates":[[-48.74593706272631,-26.87244766822601],[-48.74578992891976,-26.870654322096424]]}},{"type":"Feature","id":3759,"properties":{"nome":"R. Maria Marques Rampelotti"},"geometry":{"type":"LineString","coordinates":[[-48.74481777008874,-26.870716925016033],[-48.745108460478015,-26.87069997176184]]}},{"type":"Feature","id":3760,"properties":{"nome":"R. Maria Marques Rampelotti"},"geometry":{"type":"LineString","coordinates":[[-48.745108460478015,-26.87069997176184],[-48.745293476968364,-26.870690857828144]]}},{"type":"Feature","id":3761,"properties":{"nome":"R. Maria Marques Rampelotti"},"geometry":{"type":"LineString","coordinates":[[-48.745293476968364,-26.870690857828144],[-48.74578992891976,-26.870654322096424]]}},{"type":"Feature","id":3762,"properties":{"nome":"R. Maria Marques Rampelotti"},"geometry":{"type":"LineString","coordinates":[[-48.74578992891976,-26.870654322096424],[-48.74629909822126,-26.870619258135335]]}},{"type":"Feature","id":3763,"properties":{"nome":"R. Maria Marques Rampelotti"},"geometry":{"type":"LineString","coordinates":[[-48.74629909822126,-26.870619258135335],[-48.74670006849917,-26.870588394926322]]}},{"type":"Feature","id":3764,"properties":{"nome":"R. Maria Marques Rampelotti"},"geometry":{"type":"LineString","coordinates":[[-48.74670006849917,-26.870588394926322],[-48.74717014206792,-26.87057260349288]]}},{"type":"Feature","id":3765,"properties":{"nome":"R. Maria Marques Rampelotti"},"geometry":{"type":"LineString","coordinates":[[-48.74717014206792,-26.87057260349288],[-48.747664037436216,-26.87052204844622]]}},{"type":"Feature","id":3766,"properties":{"nome":"R. Maria Marques Rampelotti"},"geometry":{"type":"LineString","coordinates":[[-48.747664037436216,-26.87052204844622],[-48.74819300472875,-26.870488563882756]]}},{"type":"Feature","id":3785,"properties":{"nome":"R. Alberto Dagnoni"},"geometry":{"type":"LineString","coordinates":[[-48.7452249864148,-26.863220918455987],[-48.74500405370422,-26.860222230615108]]}},{"type":"Feature","id":3786,"properties":{"nome":"R. Alberto Dagnoni"},"geometry":{"type":"LineString","coordinates":[[-48.74500405370422,-26.860222230615108],[-48.7449915583172,-26.86013819802742]]}},{"type":"Feature","id":3798,"properties":{"nome":"Av. Lauro José Pereira"},"geometry":{"type":"LineString","coordinates":[[-48.74525143695841,-26.872488170895902],[-48.745432182874175,-26.872480258517843]]}},{"type":"Feature","id":3799,"properties":{"nome":"Av. Lauro José Pereira"},"geometry":{"type":"LineString","coordinates":[[-48.745432182874175,-26.872480258517843],[-48.74593706272631,-26.87244766822601]]}},{"type":"Feature","id":3800,"properties":{"nome":"Av. Lauro José Pereira"},"geometry":{"type":"LineString","coordinates":[[-48.74593706272631,-26.87244766822601],[-48.746443070754516,-26.87240577891655]]}},{"type":"Feature","id":3801,"properties":{"nome":"Av. Lauro José Pereira"},"geometry":{"type":"LineString","coordinates":[[-48.746443070754516,-26.87240577891655],[-48.746846862464515,-26.87237580710236]]}},{"type":"Feature","id":3802,"properties":{"nome":"Av. Lauro José Pereira"},"geometry":{"type":"LineString","coordinates":[[-48.746846862464515,-26.87237580710236],[-48.74731625998096,-26.87234688026389]]}},{"type":"Feature","id":3817,"properties":{"nome":"Av. Lauro José Pereira"},"geometry":{"type":"LineString","coordinates":[[-48.747326102094675,-26.87242197931751],[-48.7468529203578,-26.872451269976096]]}},{"type":"Feature","id":3821,"properties":{"nome":"Av. Lauro José Pereira"},"geometry":{"type":"LineString","coordinates":[[-48.74543685402157,-26.872566072148313],[-48.745255538340864,-26.872566989492555]]}},{"type":"Feature","id":4115,"properties":{"nome":"R.Insp.Francisco Vechani"},"geometry":{"type":"LineString","coordinates":[[-48.76283854135201,-26.893708542548744],[-48.76389483774258,-26.89423595584074],[-48.76415415389568,-26.894448378201727],[-48.76427736271244,-26.89466626541155],[-48.7644908052177,-26.895337779884734],[-48.764609632527254,-26.895634351923476],[-48.76470870129138,-26.895783265731637]]}},{"type":"Feature","id":4126,"properties":{"nome":"R. Clarindo Sebastião da Cunha"},"geometry":{"type":"LineString","coordinates":[[-48.76661158711305,-26.89584132395074],[-48.76703178299703,-26.894501537269875]]}},{"type":"Feature","id":4128,"properties":{"nome":"Serv. Valdir dos Santos"},"geometry":{"type":"LineString","coordinates":[[-48.76703178299703,-26.894501537269875],[-48.7665419333907,-26.894341364067046]]}},{"type":"Feature","id":4129,"properties":{"nome":"R. Clarindo Sebastião da Cunha"},"geometry":{"type":"LineString","coordinates":[[-48.76703178299703,-26.894501537269875],[-48.76715703621721,-26.893751548787623],[-48.76726479882158,-26.893458561817162],[-48.767645423286304,-26.893121620561715],[-48.76806868163729,-26.8927777316527],[-48.7686779543643,-26.892195438042705]]}},{"type":"Feature","id":4159,"properties":{"nome":"R. Domingos Rampelotti"},"geometry":{"type":"LineString","coordinates":[[-48.73868695922045,-26.911618162859202],[-48.73909715269484,-26.911936247985672],[-48.73945291955065,-26.912116576138587],[-48.739673421609155,-26.91228672421109],[-48.74004452489666,-26.912434929193036],[-48.74030912890793,-26.912464492638698],[-48.74058087945034,-26.912464592994652],[-48.74074579249101,-26.912436748226302],[-48.74084854128434,-26.91236172690009],[-48.74086535820116,-26.91219188267715],[-48.740695956477296,-26.911591517308178],[-48.74059999469529,-26.911062407537948],[-48.74060839206157,-26.910640834357814],[-48.74079545804756,-26.910069697704998],[-48.741170603964264,-26.90951259437298],[-48.74145790017962,-26.909343016596498],[-48.74203173676816,-26.9089863800574],[-48.742704225527184,-26.908619086012205],[-48.74343931634367,-26.9081329208209],[-48.743932175768705,-26.90777734840699],[-48.74429788012884,-26.90762662817591],[-48.74467168099637,-26.907575395779496],[-48.74552248350971,-26.9074829331317],[-48.74660448700151,-26.907657450917053],[-48.74717217599179,-26.90765145817389],[-48.74835800772989,-26.907716186274694],[-48.7495290564009,-26.90782123691575],[-48.7499615636707,-26.907974347571482],[-48.75065683814193,-26.908351249750453],[-48.750984972322506,-26.9086342308594],[-48.751372600775866,-26.909092601537264],[-48.7518219858633,-26.909764706759255],[-48.752124847507886,-26.91011577948734],[-48.75237293081191,-26.910350062149814],[-48.752568495766525,-26.910438233115126],[-48.75278343120458,-26.910438644954482],[-48.753037477032166,-26.910336258302447],[-48.753281400131115,-26.910223015896158]]}},{"type":"Feature","id":4160,"properties":{"nome":"R. Neusa Maria Casas"},"geometry":{"type":"LineString","coordinates":[[-48.72970127886576,-26.905581579487777],[-48.72971854199536,-26.90567997605534],[-48.730354533827246,-26.91184812326346]]}},{"type":"Feature","id":4168,"properties":{"nome":"R. Vicente Cândido Pereira"},"geometry":{"type":"LineString","coordinates":[[-48.719180903170894,-26.90176285468089],[-48.71945812309751,-26.910051701544518],[-48.719397991545755,-26.910787441628298]]}},{"type":"Feature","id":4275,"properties":{"nome":"R. Sidney Schulze"},"geometry":{"type":"LineString","coordinates":[[-48.68546584096128,-26.9159418793846],[-48.6888910661288,-26.915771769586698]]}},{"type":"Feature","id":4280,"properties":{"nome":"R.Dr.Hermes Atílio Mariani"},"geometry":{"type":"LineString","coordinates":[[-48.68567866498738,-26.91644835888017],[-48.68889648751941,-26.91628313590641]]}},{"type":"Feature","id":4285,"properties":{"nome":"R. João Marcelino Machado"},"geometry":{"type":"LineString","coordinates":[[-48.68613439985132,-26.916924526376885],[-48.68889758992877,-26.91678428629956]]}},{"type":"Feature","id":4355,"properties":{"nome":"R. Carlos Otto Priess"},"geometry":{"type":"LineString","coordinates":[[-48.692090039830134,-26.9270075468903],[-48.69165805861019,-26.927240541848143]]}},{"type":"Feature","id":4356,"properties":{"nome":"R. Carlos Otto Priess"},"geometry":{"type":"LineString","coordinates":[[-48.69165805861019,-26.927240541848143],[-48.69123250768439,-26.927470782621363]]}},{"type":"Feature","id":4469,"properties":{"nome":"R. Hercílio Trainotti"},"geometry":{"type":"LineString","coordinates":[[-48.69248054009836,-26.931086159438305],[-48.69187763658142,-26.930824926239804]]}},{"type":"Feature","id":4470,"properties":{"nome":"R. Mônica Gizele Elisio"},"geometry":{"type":"LineString","coordinates":[[-48.69218460203215,-26.931364299466285],[-48.692114851505366,-26.9313069240307],[-48.691507859037465,-26.931010751415396]]}},{"type":"Feature","id":4473,"properties":{"nome":"R. Antônia Araujo"},"geometry":{"type":"LineString","coordinates":[[-48.69188951988211,-26.931660651270462],[-48.69184056348989,-26.931615368342932],[-48.6915464232138,-26.931385979873784],[-48.691430776154206,-26.931300149195028]]}},{"type":"Feature","id":4474,"properties":{"nome":"Av.Min.Luiz Gallotti"},"geometry":{"type":"LineString","coordinates":[[-48.69188951988211,-26.931660651270462],[-48.69189535870895,-26.931728755090685],[-48.69151167781894,-26.932117572441413]]}},{"type":"Feature","id":5566,"properties":{"nome":"Av.Ver.Abrahão João Francisco"},"geometry":{"type":"LineString","coordinates":[[-48.688952393870984,-26.93239485704505],[-48.68796461017729,-26.931696428334085]]}},{"type":"Feature","id":5574,"properties":{"nome":"R. João Dalmolin"},"geometry":{"type":"LineString","coordinates":[[-48.69429158376148,-26.936467738420845],[-48.69463425869023,-26.936614754159248],[-48.694696750229454,-26.936739918023136],[-48.69479815959786,-26.93732018546091],[-48.694952084397414,-26.93756882654956],[-48.69508416141821,-26.9378257467308],[-48.69511690207463,-26.937992524568003]]}},{"type":"Feature","id":5575,"properties":{"nome":"R. Álvaro Beraldi"},"geometry":{"type":"LineString","coordinates":[[-48.69511690207463,-26.937992524568003],[-48.689287909353595,-26.939624332879163]]}},{"type":"Feature","id":5576,"properties":{"nome":"R. João Dalmolin"},"geometry":{"type":"LineString","coordinates":[[-48.69511690207463,-26.937992524568003],[-48.69509998050193,-26.938350640601826],[-48.69490257826398,-26.938818075008246],[-48.69434069427006,-26.93967680545137],[-48.69422403543921,-26.939964202935556],[-48.69293300612415,-26.941376659147114],[-48.69273481692566,-26.941645449582936],[-48.69189672346986,-26.942344202392263],[-48.69179564725003,-26.942575718412563],[-48.691654963288386,-26.943095891260416],[-48.6915790239916,-26.943276003591592]]}},{"type":"Feature","id":5605,"properties":{"nome":"R. Otávio Müller"},"geometry":{"type":"LineString","coordinates":[[-48.686068884302586,-26.93116877555914],[-48.68756569057888,-26.93218213940735]]}},{"type":"Feature","id":5613,"properties":{"nome":"R.Sol.Abelardo Mendonça Sobrinho"},"geometry":{"type":"LineString","coordinates":[[-48.68611919309587,-26.930474407492145],[-48.686068884302586,-26.93116877555914]]}},{"type":"Feature","id":6187,"properties":{"nome":"R. Vergílio Cadore"},"geometry":{"type":"LineString","coordinates":[[-48.80836267635363,-26.9682549565448],[-48.80852860455439,-26.968862578482316],[-48.808591184123856,-26.96930141119567],[-48.808729293040415,-26.969510546082837],[-48.80890323917246,-26.969704316628736],[-48.809251903713836,-26.970052063803912],[-48.80951590742708,-26.970183544334777],[-48.80985066305773,-26.970332046303724],[-48.81022002413313,-26.970528852207284],[-48.810419543093204,-26.97077874608748],[-48.810608794815266,-26.97110012930997],[-48.810676158502375,-26.97129224195335],[-48.8105269543731,-26.97165613279878],[-48.81025616813471,-26.97187483604043],[-48.80986677323904,-26.97271265851512],[-48.80957051284336,-26.97332901764735],[-48.809385772316574,-26.973692354512753],[-48.80932014625633,-26.974328220390717],[-48.80941764496828,-26.97479943930908],[-48.80958086815599,-26.97508857556767],[-48.80984180169743,-26.97537922953203],[-48.810200909585454,-26.975647526689983],[-48.81055159799102,-26.97589180825004],[-48.81088637050087,-26.976040308729754],[-48.811240604764876,-26.976101539364198],[-48.81177388007497,-26.976093899717547],[-48.81244239930556,-26.975984864012883],[-48.81285819773217,-26.976078890131408],[-48.8130168568199,-26.976145042083004],[-48.81368379739581,-26.976577328959916],[-48.813816578506476,-26.97660327313803],[-48.81419165754173,-26.976505597441463],[-48.81461987981349,-26.976416706581762],[-48.81505452312273,-26.9764552917894],[-48.81555746474922,-26.976638233816633],[-48.816209879570124,-26.976903101654717],[-48.816719709684094,-26.97718964037816],[-48.81697608552293,-26.977257301222014],[-48.81702938360316,-26.977258126975435],[-48.81791982476974,-26.97716046499923],[-48.818087832839154,-26.977202872214434],[-48.81978628254511,-26.978057117305976],[-48.820860502096,-26.978567323515126],[-48.82155444465589,-26.97898407105893],[-48.82191604577044,-26.979125000350344],[-48.82230736185475,-26.979107166018114],[-48.822673713236114,-26.97900137213628],[-48.823069165056744,-26.978768649597136],[-48.824033435580915,-26.97806704434145],[-48.82457606578413,-26.978035617854268],[-48.82574510605982,-26.978236768852174],[-48.82747869404501,-26.978653604088056],[-48.82884666876554,-26.978212945685808],[-48.83086764495846,-26.977081746843062],[-48.832115193678746,-26.97643221117746],[-48.8325065009077,-26.976414347841214],[-48.832933378909175,-26.97685877621232],[-48.83329777400268,-26.97731816595977],[-48.833599380686124,-26.97780843258999],[-48.83389652746184,-26.978067757637202],[-48.83475701401501,-26.97860641944015],[-48.83554217898101,-26.97936683192237],[-48.83581212515167,-26.980119326383264],[-48.83592511845578,-26.981179894570843]]}},{"type":"Feature","id":6190,"properties":{"nome":"R. Vergílio Cadore"},"geometry":{"type":"LineString","coordinates":[[-48.83592511845578,-26.981179894570843],[-48.83597938249545,-26.981594707595768],[-48.83645492388105,-26.982748416818588],[-48.83679996258668,-26.98375681961527],[-48.83694017338875,-26.984324214085795],[-48.836878649484476,-26.984753171397582],[-48.83674006585363,-26.98502968331068],[-48.83641401128232,-26.985351083303776],[-48.836079832166554,-26.985632551056813],[-48.835713467777786,-26.985738379182077],[-48.835463353433454,-26.98580618691028],[-48.8347580359766,-26.985978453614905],[-48.83403742868302,-26.986484849255003],[-48.83379467034752,-26.986632378289986],[-48.83345434298292,-26.986770444632608],[-48.8332218394448,-26.986846479823644],[-48.833049844224654,-26.98701101835694],[-48.832919827615015,-26.987303580112346],[-48.832333138098406,-26.988703673239243],[-48.832078436823046,-26.989010237612614],[-48.831835670509165,-26.9891577627447],[-48.831282880627775,-26.989252747277774]]}},{"type":"Feature","id":6192,"properties":{"nome":"R. Vergílio Cadore"},"geometry":{"type":"LineString","coordinates":[[-48.831282880627775,-26.989252747277774],[-48.83065917235448,-26.989338676656434],[-48.82953994835939,-26.98931347360084],[-48.829031728968054,-26.98940117518172],[-48.828265601525835,-26.99042431031445],[-48.828578104914556,-26.99127300632537],[-48.82868230237841,-26.992325480036342],[-48.8288181986643,-26.99311572500671],[-48.82897507555691,-26.99373911036663],[-48.82901110627023,-26.994639271594053],[-48.8288893581458,-26.995425544701423],[-48.82890546178148,-26.995975109585235],[-48.82871066322874,-26.997325495028804]]}},{"type":"Feature","id":6193,"properties":{"nome":"R. Vergílio Cadore"},"geometry":{"type":"LineString","coordinates":[[-48.82871066322874,-26.997325495028804],[-48.82867284668282,-26.997906073206494],[-48.8288007637989,-26.998186684006743],[-48.829560733429425,-26.998875093562024],[-48.830783048691465,-27.00001644369856],[-48.83124831560849,-27.000779916118933],[-48.8319217870911,-27.001809309416807],[-48.8325815920646,-27.002161794264612],[-48.83334374897137,-27.00273876296609],[-48.83382769434714,-27.002993003642494],[-48.834588452232346,-27.00317984951308],[-48.83492963168781,-27.00346373493491],[-48.83547395017486,-27.003814431196655],[-48.83619658462486,-27.004136021879063],[-48.83682016248392,-27.00498948256126],[-48.83706483394815,-27.005208191727487]]}},{"type":"Feature","id":6194,"properties":{"nome":"R. Vergílio Cadore"},"geometry":{"type":"LineString","coordinates":[[-48.83706483394815,-27.005208191727487],[-48.837287469449265,-27.005649474171],[-48.83761226451529,-27.005861451490848],[-48.83798498964377,-27.00589105842973],[-48.839164907216606,-27.0060047050302],[-48.840059432335096,-27.006169692141714],[-48.84028816790846,-27.00629261784003],[-48.84044156229025,-27.006637300013807],[-48.840618113296244,-27.007165442124382],[-48.8411669430467,-27.007747061022343],[-48.841395074675745,-27.00790181981664],[-48.8420149296511,-27.008022778127398],[-48.84251023687759,-27.008149786036785],[-48.84289770318854,-27.00833882985528],[-48.84304039717024,-27.00877887855214],[-48.843214228677724,-27.009450277461],[-48.84334280172324,-27.009699042843202],[-48.8435956226905,-27.009957672043466],[-48.84389841589997,-27.010392211368085],[-48.84416263081801,-27.010985382130237],[-48.84427541066727,-27.011130409416122],[-48.84455747607225,-27.011254145338604],[-48.84504391436804,-27.01138100922697],[-48.84523697177949,-27.01151134304074],[-48.845470662851874,-27.011841326107017],[-48.84568658337951,-27.012171037794964],[-48.84600343782979,-27.01233510906192],[-48.8462478395756,-27.01256972186479],[-48.846216476931424,-27.012816038008033],[-48.846095496183395,-27.01310078778421],[-48.84603656462758,-27.013394448520188],[-48.84613066632638,-27.013586956082868],[-48.84635851399596,-27.013757626548152],[-48.84661241201832,-27.01396053919299],[-48.846732263366256,-27.01420120678988],[-48.84688598940382,-27.014529965538355],[-48.84710480274902,-27.014708457506824],[-48.847430551993526,-27.0148726619423],[-48.84835706652234,-27.015229155819256],[-48.84893193397078,-27.01538124291154]]}},{"type":"Feature","id":6228,"properties":{"nome":"R. Jaime Pedro Alves"},"geometry":{"type":"LineString","coordinates":[[-48.86602643861838,-27.0373224162783],[-48.86589636864491,-27.036051961176952]]}},{"type":"Feature","id":6386,"properties":{"nome":"R. João Thomaz Pinto"},"geometry":{"type":"LineString","coordinates":[[-48.68678115150593,-26.9687144303263],[-48.687212185306095,-26.969235798463803],[-48.687670264162726,-26.969427295414825],[-48.68887417770361,-26.969641640072176],[-48.689343308992505,-26.969872232063132],[-48.690267520117295,-26.97140875968496],[-48.69116980364893,-26.972860008822984],[-48.69204574524843,-26.973861484167383],[-48.69244478362567,-26.974044923713375],[-48.692957796396186,-26.974254995521115],[-48.693447683899564,-26.974630976738442]]}},{"type":"Feature","id":6493,"properties":{"nome":"R. Luiz da Silva"},"geometry":{"type":"LineString","coordinates":[[-48.70004116170723,-26.887642375145134],[-48.69981159748367,-26.88340888479212]]}},{"type":"Feature","id":6494,"properties":{"nome":"R. Luiz da Silva"},"geometry":{"type":"LineString","coordinates":[[-48.69981159748367,-26.88340888479212],[-48.699685187475474,-26.881164617785583]]}},{"type":"Feature","id":6496,"properties":{"nome":"R. Luiz José Medeiros"},"geometry":{"type":"LineString","coordinates":[[-48.69679611015918,-26.878106392710613],[-48.69679163666607,-26.877798750745693]]}},{"type":"Feature","id":6497,"properties":{"nome":"R. Luiz José Medeiros"},"geometry":{"type":"LineString","coordinates":[[-48.69679163666607,-26.877798750745693],[-48.696739846470685,-26.87650528133165]]}},{"type":"Feature","id":6498,"properties":{"nome":"Serv. José Felismino de Oliveira"},"geometry":{"type":"LineString","coordinates":[[-48.69679163666607,-26.877798750745693],[-48.6980811707097,-26.877694139435285]]}},{"type":"Feature","id":6499,"properties":{"nome":"Serv. Servidão"},"geometry":{"type":"LineString","coordinates":[[-48.69679611015918,-26.878106392710613],[-48.69761678360477,-26.878020460400798]]}},{"type":"Feature","id":6535,"properties":{"nome":"R. Paulo Hoier"},"geometry":{"type":"LineString","coordinates":[[-48.687167619398274,-26.926560406915467],[-48.68771409416588,-26.925995553419142],[-48.688013360637235,-26.925346241535685],[-48.68816028934924,-26.92515415253143]]}},{"type":"Feature","id":6536,"properties":{"nome":"R. Damásio Francisco Nunes"},"geometry":{"type":"LineString","coordinates":[[-48.68816028934924,-26.92515415253143],[-48.68851015926213,-26.92565054797006]]}},{"type":"Feature","id":6537,"properties":{"nome":"R. Damásio Francisco Nunes"},"geometry":{"type":"LineString","coordinates":[[-48.68851015926213,-26.92565054797006],[-48.68886935053543,-26.926173617860066]]}},{"type":"Feature","id":6538,"properties":{"nome":"Serv. Alfredo Hoier"},"geometry":{"type":"LineString","coordinates":[[-48.68851015926213,-26.92565054797006],[-48.68986515288552,-26.924496918809936]]}},{"type":"Feature","id":6540,"properties":{"nome":"Av.Pref.Paulo Bauer"},"geometry":{"type":"LineString","coordinates":[[-48.65409376899343,-26.90610738415666],[-48.65478286410425,-26.904783523517974]]}},{"type":"Feature","id":6541,"properties":{"nome":"Av.Pref.Paulo Bauer"},"geometry":{"type":"LineString","coordinates":[[-48.65478286410425,-26.904783523517974],[-48.65529768782281,-26.904448263443385]]}},{"type":"Feature","id":6542,"properties":{"nome":"Av.Pref.Paulo Bauer"},"geometry":{"type":"LineString","coordinates":[[-48.65529768782281,-26.904448263443385],[-48.65696869174059,-26.903311404380545]]}},{"type":"Feature","id":6543,"properties":{"nome":"Av.Pref.Paulo Bauer"},"geometry":{"type":"LineString","coordinates":[[-48.65696869174059,-26.903311404380545],[-48.657595782948896,-26.90289027500478]]}},{"type":"Feature","id":6578,"properties":{"nome":"R. Figueiras, das"},"geometry":{"type":"LineString","coordinates":[[-48.668486416203635,-26.88785755984432],[-48.66876878359828,-26.88751112163072]]}},{"type":"Feature","id":6579,"properties":{"nome":"R. Figueiras, das"},"geometry":{"type":"LineString","coordinates":[[-48.66876878359828,-26.88751112163072],[-48.66906263271898,-26.887171823691023]]}},{"type":"Feature","id":6580,"properties":{"nome":"R. Figueiras, das"},"geometry":{"type":"LineString","coordinates":[[-48.66906263271898,-26.887171823691023],[-48.669325832712154,-26.886814638404758]]}},{"type":"Feature","id":6581,"properties":{"nome":"R. Figueiras, das"},"geometry":{"type":"LineString","coordinates":[[-48.669325832712154,-26.886814638404758],[-48.669611535284744,-26.886494324451977]]}},{"type":"Feature","id":6614,"properties":{"nome":"R. João Hamilton Merizio Júnior"},"geometry":{"type":"LineString","coordinates":[[-48.86125776816408,-27.03409546559548],[-48.8612795922173,-27.03377751123874]]}},{"type":"Feature","id":6616,"properties":{"nome":"R. João Hamilton Merizio Júnior"},"geometry":{"type":"LineString","coordinates":[[-48.8612795922173,-27.03377751123874],[-48.861290838733666,-27.033600856775823]]}},{"type":"Feature","id":6619,"properties":{"nome":"R. Olímpio Gadotti"},"geometry":{"type":"LineString","coordinates":[[-48.86204617814125,-27.03639952783009],[-48.86216012298399,-27.036338062855286],[-48.862214577942495,-27.036277885102024],[-48.862229218606224,-27.036182622084976]]}},{"type":"Feature","id":6620,"properties":{"nome":"R. Olímpio Gadotti"},"geometry":{"type":"LineString","coordinates":[[-48.862229218606224,-27.036182622084976],[-48.86231210924698,-27.036341255732466],[-48.862402948040206,-27.03644519504469],[-48.86248248294719,-27.03652026719626]]}},{"type":"Feature","id":6642,"properties":{"nome":"R. Domingos Rampelotti"},"geometry":{"type":"LineString","coordinates":[[-48.72970127886576,-26.905581579487777],[-48.73004775963243,-26.90563683087789],[-48.730334419405736,-26.905576707770933],[-48.730680927147425,-26.90540104800255],[-48.73081163235847,-26.905288549787162],[-48.73123840831546,-26.90529467272446],[-48.73136289006077,-26.90536742833172],[-48.73203298303825,-26.905865952503376],[-48.73214187497682,-26.906016441390573],[-48.73227105166562,-26.906216668011332],[-48.73257727906858,-26.906920855517548],[-48.732835230275185,-26.907341624725216],[-48.73342153393725,-26.907888962574145],[-48.7338538031383,-26.908122360247393],[-48.73432936470424,-26.908304623821575],[-48.73468891340521,-26.90846281908449],[-48.73528954285813,-26.908867630747174],[-48.73551190532073,-26.909084592368657],[-48.73581314265512,-26.909381586853236],[-48.7363315792322,-26.909694264775357],[-48.73702933864599,-26.910228777420443],[-48.7375782500236,-26.91062804721256],[-48.738119003608595,-26.911078744121017],[-48.73847867275468,-26.911456646135854],[-48.73868695922045,-26.911618162859202]]}},{"type":"Feature","id":6686,"properties":{"nome":null},"geometry":{"type":"LineString","coordinates":[[-48.726028264131735,-26.860474092119816],[-48.726459607432204,-26.861039761537675],[-48.72693335302931,-26.86156535163822]]}},{"type":"Feature","id":6688,"properties":{"nome":null},"geometry":{"type":"LineString","coordinates":[[-48.69300702895052,-26.87350868274733],[-48.69117042847579,-26.87355178845283],[-48.691176848372386,-26.87355328855067]]}},{"type":"Feature","id":6689,"properties":{"nome":null},"geometry":{"type":"LineString","coordinates":[[-48.692967529553755,-26.872113178505767],[-48.69300702895052,-26.87350868274733]]}},{"type":"Feature","id":6690,"properties":{"nome":null},"geometry":{"type":"LineString","coordinates":[[-48.69308981885552,-26.87611290241076],[-48.69176978826916,-26.876140749456493]]}},{"type":"Feature","id":6693,"properties":{"nome":null},"geometry":{"type":"LineString","coordinates":[[-48.701856262721826,-26.879560308568692],[-48.701930566242034,-26.881029094091012]]}},{"type":"Feature","id":6695,"properties":{"nome":null},"geometry":{"type":"LineString","coordinates":[[-48.703254950202236,-26.88324012391543],[-48.70337791260559,-26.885594416302517]]}},{"type":"Feature","id":6697,"properties":{"nome":null},"geometry":{"type":"LineString","coordinates":[[-48.69386869113214,-26.878711107994665],[-48.69399813893585,-26.881356934682504]]}},{"type":"Feature","id":6698,"properties":{"nome":null},"geometry":{"type":"LineString","coordinates":[[-48.694481617036224,-26.878689827233867],[-48.69460928264183,-26.881328672555828]]}},{"type":"Feature","id":6700,"properties":{"nome":null},"geometry":{"type":"LineString","coordinates":[[-48.72730086781473,-26.861973085079065],[-48.72639863103825,-26.86095979592168]]}},{"type":"Feature","id":6701,"properties":{"nome":null},"geometry":{"type":"LineString","coordinates":[[-48.70437229546764,-26.883198034058776],[-48.704510688165726,-26.885557213237092]]}},{"type":"Feature","id":6702,"properties":{"nome":null},"geometry":{"type":"LineString","coordinates":[[-48.69865690673732,-26.88350826738979],[-48.69881279960461,-26.886433499788968]]}},{"type":"Feature","id":6703,"properties":{"nome":null},"geometry":{"type":"LineString","coordinates":[[-48.69939272379254,-26.886416005298525],[-48.69881279960461,-26.886433499788968]]}},{"type":"Feature","id":6704,"properties":{"nome":null},"geometry":{"type":"LineString","coordinates":[[-48.6980875703581,-26.883545339119205],[-48.69816604328951,-26.88554063318289],[-48.69819262889761,-26.886216608291694],[-48.698196080883925,-26.88630438358684],[-48.698180236458775,-26.886422362189975]]}},{"type":"Feature","id":6706,"properties":{"nome":"Av. Paulo Cantídio da Silva"},"geometry":{"type":"LineString","coordinates":[[-48.74860413512929,-26.875329546304435],[-48.74835287650089,-26.87235578469803]]}},{"type":"Feature","id":6714,"properties":{"nome":"R. Valdir Souza"},"geometry":{"type":"LineString","coordinates":[[-48.69311358196755,-26.87661300656689],[-48.69204592314772,-26.876633587621974],[-48.69176978826916,-26.876140749456493]]}},{"type":"Feature","id":6715,"properties":{"nome":"R. José Luiz Marcelino"},"geometry":{"type":"LineString","coordinates":[[-48.69450679465799,-26.877186744140854],[-48.69452462366101,-26.87707231784967],[-48.69499635028895,-26.876558573752998]]}},{"type":"Feature","id":6717,"properties":{"nome":"R. Romualdo Manoel Fagundes"},"geometry":{"type":"LineString","coordinates":[[-48.695602624780946,-26.87865597582311],[-48.69556544059474,-26.877240520274047]]}},{"type":"Feature","id":6718,"properties":{"nome":"R. Romualdo Manoel Fagundes"},"geometry":{"type":"LineString","coordinates":[[-48.69556544059474,-26.877240520274047],[-48.695541987597394,-26.876803124486546]]}},{"type":"Feature","id":6719,"properties":{"nome":"R. Carlos Juvenal Gomes"},"geometry":{"type":"LineString","coordinates":[[-48.695541987597394,-26.876803124486546],[-48.69617317226949,-26.87677524089809]]}},{"type":"Feature","id":6720,"properties":{"nome":"R. Carlos Juvenal Gomes"},"geometry":{"type":"LineString","coordinates":[[-48.6952626911553,-26.87681247246529],[-48.695541987597394,-26.876803124486546]]}},{"type":"Feature","id":6721,"properties":{"nome":"R. Luiz José Medeiros"},"geometry":{"type":"LineString","coordinates":[[-48.69692410253706,-26.881305602766812],[-48.69681454833513,-26.87861366120184]]}},{"type":"Feature","id":6723,"properties":{"nome":"R. Maurício da Silva"},"geometry":{"type":"LineString","coordinates":[[-48.69881075879576,-26.886437809981118],[-48.69939272379254,-26.886416005298525],[-48.69922126355328,-26.883461842343713]]}},{"type":"Feature","id":6725,"properties":{"nome":"R. Pedro João de Souza"},"geometry":{"type":"LineString","coordinates":[[-48.69893507227472,-26.87328815701163],[-48.69943444568084,-26.873034481876232],[-48.699356695112776,-26.871849102815897]]}},{"type":"Feature","id":6726,"properties":{"nome":null},"geometry":{"type":"LineString","coordinates":[[-48.69726054384114,-26.87206982385638],[-48.69700573423889,-26.871588913841077],[-48.6973919720299,-26.87226601455336],[-48.6974134301361,-26.872806735600857],[-48.69740806522642,-26.872849801114036]]}},{"type":"Feature","id":6728,"properties":{"nome":"R. Pedro João de Souza"},"geometry":{"type":"LineString","coordinates":[[-48.699356695112776,-26.871849102815897],[-48.69924089784761,-26.869731022391786]]}},{"type":"Feature","id":6729,"properties":{"nome":null},"geometry":{"type":"LineString","coordinates":[[-48.68592769620245,-26.89549880180065],[-48.685552187211215,-26.895192614978896]]}},{"type":"Feature","id":6732,"properties":{"nome":"R. Constantino D´Ivanenko"},"geometry":{"type":"LineString","coordinates":[[-48.67203205382732,-26.890206904065998],[-48.670234274392975,-26.88901966438321]]}},{"type":"Feature","id":6733,"properties":{"nome":null},"geometry":{"type":"LineString","coordinates":[[-48.71750261078176,-26.90002313172051],[-48.71693934691973,-26.89987482847812],[-48.7167676853016,-26.89989396361236]]}},{"type":"Feature","id":6734,"properties":{"nome":null},"geometry":{"type":"LineString","coordinates":[[-48.86305522718946,-27.03667009080012],[-48.86159074116841,-27.03626872426845]]}},{"type":"Feature","id":6735,"properties":{"nome":null},"geometry":{"type":"LineString","coordinates":[[-48.862227765412165,-27.03618570274323],[-48.86216674511848,-27.035951571086127]]}},{"type":"Feature","id":6819,"properties":{"nome":null},"geometry":{"type":"LineString","coordinates":[[-48.69962494130218,-26.879841095553196],[-48.699685187475474,-26.881164617785583]]}}]}
