{"type":"FeatureCollection","features":[{"type":"Feature","id":"itajai-1","properties":{"id":"itajai-1","identificador_fonte":1,"nome_bruto":"Barra do Rio","nome":"Barra do Rio","fonte_id":"bairros","fonte_url":"https://arcgis.itajai.sc.gov.br/server/rest/services/Hosted/bairros_Itajai/FeatureServer/0"},"geometry":{"type":"Polygon","coordinates":[[[-48.68277922517508,-26.886529363790427],[-48.6827989037002,-26.886642336717067],[-48.6825052087427,-26.887829844438638],[-48.68371431924752,-26.889320206370048],[-48.68446721002386,-26.890014965804763],[-48.68491380763924,-26.890348724641388],[-48.686145904044025,-26.891337871292325],[-48.6867958651602,-26.891884294107356],[-48.68748268408527,-26.892494013679432],[-48.68852659590278,-26.89367384827401],[-48.68880496440881,-26.894675855297844],[-48.68884115206196,-26.89508397789993],[-48.68879034576853,-26.895393779153054],[-48.688314099624755,-26.8958362606999],[-48.68806533256643,-26.895877784652697],[-48.68755845570408,-26.89579538719407],[-48.686815785574986,-26.895429839204933],[-48.6858894305476,-26.894876035932203],[-48.6856350422429,-26.894569782415548],[-48.685022794841835,-26.894043921540778],[-48.684598014719796,-26.893521132629598],[-48.68418809836107,-26.89289314231646],[-48.68405757666896,-26.892591767734952],[-48.68381340806094,-26.892408222336826],[-48.68345443069097,-26.89239948241651],[-48.6832105131035,-26.892515174723716],[-48.68281623043759,-26.89299032920325],[-48.68262288962897,-26.893543283718852],[-48.68179264865284,-26.89355229573855],[-48.68076226138916,-26.893580971466935],[-48.67793469935283,-26.893676989424684],[-48.67585096231812,-26.893744952589497],[-48.67497209541343,-26.89318233264791],[-48.67430749361427,-26.893973566789516],[-48.67261427854346,-26.892664215955524],[-48.673700827754395,-26.891321918839488],[-48.674234256276236,-26.891043587864893],[-48.67402940096663,-26.89089641380656],[-48.67380893003041,-26.889782805377994],[-48.67354793415478,-26.889529561844892],[-48.673548235993515,-26.889095841368142],[-48.67336912131089,-26.888618103316247],[-48.67137173091636,-26.88706329194804],[-48.67188348157666,-26.886532782011184],[-48.67088254239205,-26.885656527019222],[-48.67029705272718,-26.8862936067211],[-48.66634313327737,-26.883082865740164],[-48.66659502676658,-26.882818282647666],[-48.66748303472012,-26.882195600936978],[-48.669570627463436,-26.88134671845508],[-48.67078929069672,-26.881136394010834],[-48.67175615547381,-26.881201363156787],[-48.673560789104435,-26.88158402999719],[-48.675491677227846,-26.882265229360588],[-48.6763262673367,-26.88264666575103],[-48.67726085354529,-26.883220949580704],[-48.67914848384289,-26.884626700788246],[-48.68013899387217,-26.88524790461681],[-48.680891459847054,-26.885902518571566],[-48.682108259599865,-26.886413957865738],[-48.682629840508035,-26.886527489129065],[-48.68277922517508,-26.886529363790427]]]}},{"type":"Feature","id":"itajai-2","properties":{"id":"itajai-2","identificador_fonte":2,"nome_bruto":"Imaruí","nome":"Imaruí","fonte_id":"bairros","fonte_url":"https://arcgis.itajai.sc.gov.br/server/rest/services/Hosted/bairros_Itajai/FeatureServer/0"},"geometry":{"type":"Polygon","coordinates":[[[-48.66634313327737,-26.883082865740164],[-48.67029705272718,-26.8862936067211],[-48.67088254239205,-26.885656527019222],[-48.67188348157666,-26.886532782011184],[-48.67137173091636,-26.88706329194804],[-48.67336912131089,-26.888618103316247],[-48.673548235993515,-26.889095841368142],[-48.67354793415478,-26.889529561844892],[-48.67380893003041,-26.889782805377994],[-48.67402940096663,-26.89089641380656],[-48.674234256276236,-26.891043587864893],[-48.673700827754395,-26.891321918839488],[-48.67261427854346,-26.892664215955524],[-48.67229941777249,-26.892943897493367],[-48.67163543559503,-26.89294064822568],[-48.67134205613691,-26.89277900644056],[-48.670327301930556,-26.893006695248545],[-48.67011995007021,-26.893043873200543],[-48.67007541828134,-26.892929220205765],[-48.66929592417466,-26.891914220370428],[-48.66853215194384,-26.89127897024822],[-48.66707908105509,-26.890342048974485],[-48.66583530047055,-26.889340412248124],[-48.665423491621645,-26.888882557386893],[-48.66498202298492,-26.88822538000234],[-48.66467967069049,-26.886698949138605],[-48.66476273010383,-26.885852159584395],[-48.66549220098826,-26.884214182649558],[-48.665922099559964,-26.88352510626992],[-48.66634313327737,-26.883082865740164]]]}},{"type":"Feature","id":"itajai-3","properties":{"id":"itajai-3","identificador_fonte":3,"nome_bruto":"Laranjeiras","nome":"Laranjeiras","fonte_id":"bairros","fonte_url":"https://arcgis.itajai.sc.gov.br/server/rest/services/Hosted/bairros_Itajai/FeatureServer/0"},"geometry":{"type":"Polygon","coordinates":[[[-48.838924058312855,-26.96411144432151],[-48.83914704262406,-26.968018689791815],[-48.838420843516616,-26.969832167947967],[-48.83725422100559,-26.97183437444611],[-48.8348911403279,-26.974777649819995],[-48.835309542766204,-26.97561360324988],[-48.83736900583803,-26.978470798480505],[-48.8389707511954,-26.982665606613473],[-48.838566835178725,-26.985614592749943],[-48.8370571570969,-26.988831754077648],[-48.8338565378386,-26.992425560651355],[-48.8316535276132,-26.994024784455334],[-48.82898566618222,-26.999766081808346],[-48.828405372372394,-27.002963607656245],[-48.82676795582784,-27.00349280906834],[-48.82610397282005,-27.003688808430347],[-48.82579800610518,-27.003983708561602],[-48.824113633820154,-27.004694466861707],[-48.822814203963574,-27.00544591736256],[-48.81831270935808,-27.00131262002651],[-48.81682205293113,-27.00002747821839],[-48.815573142329555,-26.9985411144416],[-48.81514059083538,-26.99750782056075],[-48.81489759874076,-26.99646804773579],[-48.814886550021846,-26.993729627037382],[-48.814733334333795,-26.99294553795565],[-48.81422975501093,-26.992028840200998],[-48.813683875648906,-26.991497734002216],[-48.81157132930792,-26.989943127986674],[-48.80724693910249,-26.986745371442574],[-48.80387918388187,-26.984289297566143],[-48.80308418623051,-26.983704496911468],[-48.802606639260496,-26.98320883432709],[-48.80388220627522,-26.983110423476628],[-48.80468930902489,-26.98300470172017],[-48.80544981845315,-26.98282296546211],[-48.80612770720452,-26.982564657974557],[-48.80656639113898,-26.982248849364858],[-48.80708236823778,-26.980584552115587],[-48.80730795994986,-26.980104101752477],[-48.807714349133946,-26.979594200919482],[-48.807840717605345,-26.97927352575759],[-48.80801575954022,-26.97892134616263],[-48.80812101786597,-26.978449775786427],[-48.80816122172011,-26.978235308099137],[-48.808168514096536,-26.97785900901772],[-48.80824394460472,-26.977277372007602],[-48.80824122130475,-26.976945664293453],[-48.80680467201923,-26.97579232853162],[-48.805847744184575,-26.974852007728927],[-48.80540801845734,-26.974304138828135],[-48.80474529717638,-26.973388123797406],[-48.80422225045169,-26.971839301755512],[-48.80327413669499,-26.970041860920308],[-48.80139917015906,-26.966630584442974],[-48.805934217337956,-26.96629840023278],[-48.806837757836306,-26.96675891411652],[-48.80763203238963,-26.966753876591024],[-48.8088485016706,-26.96644975958437],[-48.80963501288565,-26.966596575391456],[-48.81034287278877,-26.96648122030701],[-48.811821513116655,-26.966061747320644],[-48.81359902695852,-26.96525426357543],[-48.814416997454416,-26.965296210068434],[-48.81487317386472,-26.96520182965579],[-48.815219238981875,-26.965264750694992],[-48.81551287031876,-26.965233290532172],[-48.816446195640204,-26.965474486421133],[-48.816981022216844,-26.96567373589474],[-48.81840198529684,-26.966439273127072],[-48.81853378756741,-26.96643614384227],[-48.838924058312855,-26.96411144432151]]]}},{"type":"Feature","id":"itajai-4","properties":{"id":"itajai-4","identificador_fonte":4,"nome_bruto":"Espinheiros","nome":"Espinheiros","fonte_id":"bairros","fonte_url":"https://arcgis.itajai.sc.gov.br/server/rest/services/Hosted/bairros_Itajai/FeatureServer/0"},"geometry":{"type":"Polygon","coordinates":[[[-48.7811363155634,-26.91929605275369],[-48.78037258933782,-26.918641745261425],[-48.77855600250047,-26.917276193789817],[-48.764610626268386,-26.90731977654872],[-48.75942695299758,-26.900997752671035],[-48.75818888916894,-26.899980577121408],[-48.754945960997624,-26.902403743633908],[-48.74965240270429,-26.905902214425865],[-48.74803444252332,-26.905641333053044],[-48.73971692758915,-26.90561712362785],[-48.73755812936046,-26.90463268626048],[-48.73538073887209,-26.902705451765573],[-48.73202799893411,-26.90152300489033],[-48.72877226943698,-26.901909525384074],[-48.722777778038036,-26.900000020831158],[-48.72035194331203,-26.898702844700967],[-48.71953778385715,-26.89711365082254],[-48.71861111197102,-26.89638891031496],[-48.720523012207245,-26.892096235969465],[-48.72132090384624,-26.890187712813713],[-48.72601199234364,-26.88926122580289],[-48.739247850395344,-26.886308552286483],[-48.74084485572627,-26.885972581251963],[-48.74711136022558,-26.8862333670108],[-48.749191813516525,-26.886366964516657],[-48.75161503959693,-26.887289301374153],[-48.75359800978953,-26.88782298091807],[-48.75481529074198,-26.888565396064372],[-48.75864162063355,-26.8910363728225],[-48.75939703682596,-26.89134963515252],[-48.760847834626155,-26.891613668527306],[-48.76417956916033,-26.891912503048086],[-48.76641699382968,-26.892029323299298],[-48.766558973991806,-26.892770299201832],[-48.76768731579063,-26.893823543747136],[-48.767913256795445,-26.89420322904898],[-48.76838756742793,-26.89447874698319],[-48.76862843068095,-26.895328299468638],[-48.768810452210694,-26.89536114869186],[-48.76936562592391,-26.895183514637104],[-48.76953131276122,-26.89519612336154],[-48.770369097476284,-26.895729592365825],[-48.77107746213034,-26.89592558397436],[-48.77152588086232,-26.896334335822743],[-48.771912501377884,-26.89636945101841],[-48.77726208145307,-26.900929722807806],[-48.77811592253459,-26.90229874735544],[-48.78227751472294,-26.909770775063482],[-48.786035402691084,-26.914555421272482],[-48.78638322253768,-26.915574585967054],[-48.78564873059221,-26.915745380581768],[-48.78386072977308,-26.916434888745155],[-48.78242665738221,-26.91805247923428],[-48.78214351508034,-26.918464086093135],[-48.7811363155634,-26.91929605275369]]]}},{"type":"Feature","id":"itajai-5","properties":{"id":"itajai-5","identificador_fonte":5,"nome_bruto":"Fazenda","nome":"Fazenda","fonte_id":"bairros","fonte_url":"https://arcgis.itajai.sc.gov.br/server/rest/services/Hosted/bairros_Itajai/FeatureServer/0"},"geometry":{"type":"Polygon","coordinates":[[[-48.648861731918835,-26.909407816773733],[-48.653864171892366,-26.910367238298356],[-48.661392098010566,-26.913078968794704],[-48.661084506915074,-26.913502340077326],[-48.66197667248657,-26.913817843309467],[-48.662402980126934,-26.91403095345524],[-48.66333304130127,-26.9146180940744],[-48.66568466190473,-26.91626085089416],[-48.66664094096829,-26.916919730813287],[-48.66815372525334,-26.91796290294009],[-48.6649999995642,-26.921111133197066],[-48.66271407932774,-26.92395247517739],[-48.662226591692004,-26.92569988400013],[-48.662777778125154,-26.92694446519509],[-48.66374284654698,-26.928643212743765],[-48.66374669341713,-26.929073598654735],[-48.66318681634555,-26.929859423473594],[-48.66267971403694,-26.93024429577796],[-48.66248131669774,-26.930614334934738],[-48.66239473372992,-26.932345584988383],[-48.661647033688666,-26.934065877372312],[-48.66179530150419,-26.93643367792676],[-48.66245000049257,-26.938791688291733],[-48.65649060885356,-26.940891951576674],[-48.65533527849121,-26.941701236017156],[-48.65408333283129,-26.94302779939669],[-48.653344250225985,-26.942272232942532],[-48.65189019378724,-26.941658333938516],[-48.65089253239523,-26.93959608091858],[-48.64944444496303,-26.93833335485428],[-48.649908546602624,-26.936123133869117],[-48.6498268582382,-26.932530151838346],[-48.64944444489664,-26.93083335449821],[-48.64969125168421,-26.929902109588063],[-48.6501971206577,-26.92734384995065],[-48.648201833441085,-26.925659790020358],[-48.64808316602557,-26.92572128413591],[-48.64685681960605,-26.925297588810782],[-48.646700409291,-26.92532775196817],[-48.64655164964105,-26.92537229173848],[-48.646452587493634,-26.925473231275888],[-48.64600063976217,-26.92603279994827],[-48.64544668867431,-26.925839744045845],[-48.64499054438456,-26.925759460382785],[-48.6445683229984,-26.925729612782934],[-48.644256459024945,-26.92566741064235],[-48.64372452363727,-26.92548611422488],[-48.64347920449365,-26.925358050883066],[-48.64330721993893,-26.925219812009047],[-48.64319357758185,-26.925180866685697],[-48.643061773152226,-26.925174389963235],[-48.642900151764785,-26.925225836407783],[-48.64263607949782,-26.925388135319945],[-48.64248708149326,-26.925444066942056],[-48.642338586029055,-26.925475782365734],[-48.64218162356929,-26.925456061040123],[-48.642000066424075,-26.925396030883167],[-48.64174524478839,-26.925266379976954],[-48.641670658798084,-26.925183914011633],[-48.641625416313786,-26.925066316625376],[-48.641591150339494,-26.924956026387978],[-48.641567182275544,-26.924656398459216],[-48.6416241365424,-26.92436382205361],[-48.641603608294304,-26.92428083572341],[-48.641547321363376,-26.924235722461866],[-48.64138888914086,-26.92416668857402],[-48.64182397725948,-26.92399619149366],[-48.64213535182806,-26.923788754315922],[-48.64257804378339,-26.92354857009444],[-48.64266329638726,-26.92322385894648],[-48.64262305573849,-26.92288289470336],[-48.642834865308984,-26.92253578564955],[-48.64338715539225,-26.921989347506248],[-48.64351871883304,-26.921618184807002],[-48.643947944563386,-26.921117143025345],[-48.64401168924675,-26.92067934078883],[-48.6436111106902,-26.920000020933323],[-48.646300005895256,-26.919194010032104],[-48.646431797945624,-26.919698484914612],[-48.64644365815912,-26.919969413358167],[-48.64654536437956,-26.920162046918133],[-48.646808528463836,-26.920540471125637],[-48.64717475072256,-26.92070189370529],[-48.64726702353712,-26.920774676457885],[-48.647551479645195,-26.920854940152697],[-48.64769883206224,-26.920839584991302],[-48.64933949096033,-26.920445158276333],[-48.649315485215176,-26.919973352117466],[-48.64933098193495,-26.919884754570344],[-48.64930022066153,-26.91975378847388],[-48.649203051501914,-26.919593570441542],[-48.64909270271258,-26.919514739353847],[-48.64887808697793,-26.919443346594967],[-48.64872345605676,-26.919305790658733],[-48.648436164573184,-26.91890650085343],[-48.64813211345112,-26.91839176729913],[-48.64811655232132,-26.91832823126932],[-48.64783963504397,-26.917965579150767],[-48.647745755464506,-26.917919187441324],[-48.64760902985236,-26.91790229793375],[-48.64749216392233,-26.91792117103927],[-48.64735345599633,-26.917979592005093],[-48.64688417225728,-26.918082021360924],[-48.646577189468964,-26.91782470652307],[-48.64654337175782,-26.917845877206307],[-48.64646679341719,-26.91780075326654],[-48.646280833262324,-26.917811969158723],[-48.64626167992159,-26.917900296835565],[-48.64620250332661,-26.91790874536929],[-48.64604214668624,-26.91785256235049],[-48.645671208649034,-26.917665837852258],[-48.645595964539915,-26.917751426490575],[-48.645374579964724,-26.917659368565158],[-48.64526139338911,-26.917521813063885],[-48.64530604124337,-26.917396550931063],[-48.6452521383449,-26.917237684192774],[-48.64495795362769,-26.917128042725647],[-48.64490004821568,-26.9170817496699],[-48.64481670410461,-26.91706212706767],[-48.64474223517405,-26.917053681897926],[-48.64467315742936,-26.91703111090528],[-48.644589223240864,-26.917032000185074],[-48.644503734031574,-26.91705167884808],[-48.64435428382905,-26.917035129726173],[-48.64425142398737,-26.917061474071204],[-48.64416771994997,-26.917061508742574],[-48.644080440688064,-26.91700362161507],[-48.64400533697613,-26.91697607212958],[-48.64397064216971,-26.916896763298688],[-48.643789443276624,-26.916662438412835],[-48.64343404064917,-26.91636222719431],[-48.64326656539459,-26.916026041430463],[-48.64321402891168,-26.91589546146397],[-48.64317952478024,-26.91579839700146],[-48.64314715985851,-26.915713827926275],[-48.64306435183697,-26.915493003307105],[-48.64294339434197,-26.91529047321834],[-48.6429255068089,-26.915192902061072],[-48.64300572885532,-26.914985795558156],[-48.64304458105658,-26.914894176019665],[-48.64309243438828,-26.91482872257288],[-48.643386849665454,-26.914543671533504],[-48.64344509358457,-26.914456303918477],[-48.643470394071684,-26.914309251675054],[-48.64353963551604,-26.91415153295906],[-48.64355379163723,-26.91400572311448],[-48.643009511562546,-26.912772274982505],[-48.64284316301404,-26.912457274794885],[-48.64340289372566,-26.91224387931642],[-48.64548344893658,-26.911590643512692],[-48.64672241004365,-26.911040873962033],[-48.64819549434246,-26.910022692833273],[-48.648861731918835,-26.909407816773733]]]}},{"type":"Feature","id":"itajai-6","properties":{"id":"itajai-6","identificador_fonte":6,"nome_bruto":"Cabeçudas","nome":"Cabeçudas","fonte_id":"bairros","fonte_url":"https://arcgis.itajai.sc.gov.br/server/rest/services/Hosted/bairros_Itajai/FeatureServer/0"},"geometry":{"type":"Polygon","coordinates":[[[-48.64284316301404,-26.912457274794885],[-48.643009511562546,-26.912772274982505],[-48.64355379163723,-26.91400572311448],[-48.64353963551604,-26.91415153295906],[-48.643470394071684,-26.914309251675054],[-48.64344509358457,-26.914456303918477],[-48.643386849665454,-26.914543671533504],[-48.64309243438828,-26.91482872257288],[-48.64304458105658,-26.914894176019665],[-48.64300572885532,-26.914985795558156],[-48.6429255068089,-26.915192902061072],[-48.64294339434197,-26.91529047321834],[-48.64306435183697,-26.915493003307105],[-48.64314715985851,-26.915713827926275],[-48.64317952478024,-26.91579839700146],[-48.64321402891168,-26.91589546146397],[-48.64326656539459,-26.916026041430463],[-48.64343404064917,-26.91636222719431],[-48.643789443276624,-26.916662438412835],[-48.64397064216971,-26.916896763298688],[-48.64400533697613,-26.91697607212958],[-48.644080440688064,-26.91700362161507],[-48.64416771994997,-26.917061508742574],[-48.64425142398737,-26.917061474071204],[-48.64435428382905,-26.917035129726173],[-48.644503734031574,-26.91705167884808],[-48.644589223240864,-26.917032000185074],[-48.64467315742936,-26.91703111090528],[-48.64474223517405,-26.917053681897926],[-48.64481670410461,-26.91706212706767],[-48.64490004821568,-26.9170817496699],[-48.64495795362769,-26.917128042725647],[-48.6452521383449,-26.917237684192774],[-48.64530604124337,-26.917396550931063],[-48.64526139338911,-26.917521813063885],[-48.645374579964724,-26.917659368565158],[-48.645595964539915,-26.917751426490575],[-48.645671208649034,-26.917665837852258],[-48.64604214668624,-26.91785256235049],[-48.64620250332661,-26.91790874536929],[-48.64626167992159,-26.917900296835565],[-48.646280833262324,-26.917811969158723],[-48.64646679341719,-26.91780075326654],[-48.64654337175782,-26.917845877206307],[-48.646577189468964,-26.91782470652307],[-48.64688417225728,-26.918082021360924],[-48.64735345599633,-26.917979592005093],[-48.64749216392233,-26.91792117103927],[-48.64760902985236,-26.91790229793375],[-48.647745755464506,-26.917919187441324],[-48.64783963504397,-26.917965579150767],[-48.64811655232132,-26.91832823126932],[-48.64813211345112,-26.91839176729913],[-48.648436164573184,-26.91890650085343],[-48.64872345605676,-26.919305790658733],[-48.64887808697793,-26.919443346594967],[-48.64909270271258,-26.919514739353847],[-48.649203051501914,-26.919593570441542],[-48.64930022066153,-26.91975378847388],[-48.64933098193495,-26.919884754570344],[-48.649315485215176,-26.919973352117466],[-48.64933949096033,-26.920445158276333],[-48.64769883206224,-26.920839584991302],[-48.647551479645195,-26.920854940152697],[-48.64726702353712,-26.920774676457885],[-48.64717475072256,-26.92070189370529],[-48.646808528463836,-26.920540471125637],[-48.64654536437956,-26.920162046918133],[-48.64644365815912,-26.919969413358167],[-48.646431797945624,-26.919698484914612],[-48.646300005895256,-26.919194010032104],[-48.6436111106902,-26.920000020933323],[-48.64401168924675,-26.92067934078883],[-48.643947944563386,-26.921117143025345],[-48.64351871883304,-26.921618184807002],[-48.64338715539225,-26.921989347506248],[-48.642834865308984,-26.92253578564955],[-48.64262305573849,-26.92288289470336],[-48.64266329638726,-26.92322385894648],[-48.64257804378339,-26.92354857009444],[-48.64213535182806,-26.923788754315922],[-48.64182397725948,-26.92399619149366],[-48.64138888914086,-26.92416668857402],[-48.64101563080413,-26.9245449288441],[-48.64052933329641,-26.92507597659107],[-48.640029426359746,-26.925506237817885],[-48.64011174891431,-26.92677872940943],[-48.64021067975731,-26.92812761820825],[-48.64008735281349,-26.928946843827593],[-48.63966034997383,-26.930059793495822],[-48.63952519055533,-26.930907515087217],[-48.63888654914347,-26.93166822718672],[-48.638457882742216,-26.93199363616929],[-48.63815444121002,-26.93240770457658],[-48.63812965439373,-26.932621419439617],[-48.63816650688384,-26.932804275178537],[-48.63816289963182,-26.932977341756754],[-48.63810848041722,-26.93314955747178],[-48.637950726129475,-26.933402049424167],[-48.63771642241301,-26.933912949040245],[-48.637656712257964,-26.93441706529046],[-48.63777777784585,-26.93472224309567],[-48.63663424641292,-26.93546430663079],[-48.635190061809844,-26.934825826898056],[-48.6341148859067,-26.93491407873276],[-48.63288150328468,-26.93513450529828],[-48.63197536315015,-26.93483385294738],[-48.631894498273894,-26.933514627130474],[-48.63123020471521,-26.93222325019534],[-48.63046541716878,-26.931362998193073],[-48.62983691057589,-26.930792056566634],[-48.62883406238887,-26.930592579617496],[-48.62775957089902,-26.93047466700262],[-48.627176799138056,-26.93063343484435],[-48.62671403965894,-26.930643873709354],[-48.626229211954836,-26.930494480502436],[-48.625811370693484,-26.930059190509734],[-48.625788063719206,-26.92995856773347],[-48.62599913002273,-26.929588533004484],[-48.62597963904945,-26.929305736706972],[-48.62573687140387,-26.929005513722913],[-48.62533874128183,-26.92811496002531],[-48.62500757310524,-26.927667458345937],[-48.62429621966242,-26.92741401473528],[-48.62348861795668,-26.927145279285913],[-48.622093749947794,-26.925554532264094],[-48.62202429118471,-26.92547008641446],[-48.62206947749024,-26.925473630203257],[-48.62219588810566,-26.92533285659649],[-48.6231569263884,-26.925703837759205],[-48.62344619180723,-26.92614244078161],[-48.623726292874,-26.926403181360648],[-48.62499276133748,-26.927005712152692],[-48.62543629498701,-26.927130016270574],[-48.62553409996876,-26.92732659272184],[-48.62580300140295,-26.927489300957618],[-48.62594269478871,-26.927678547110943],[-48.626189558695124,-26.927787038868853],[-48.62634361699796,-26.928465569626535],[-48.62676635974021,-26.928666249144065],[-48.62780547711513,-26.928822211161688],[-48.62812367014564,-26.9289562254746],[-48.628304629812064,-26.928916409979912],[-48.62831387903357,-26.92884491599053],[-48.628134858678834,-26.928763929702168],[-48.62821079975668,-26.92863082158797],[-48.6290470912273,-26.928877855409155],[-48.62935920260467,-26.92909367020225],[-48.62977994020076,-26.929104334706178],[-48.6298897970804,-26.92920950289715],[-48.63023668176402,-26.929159257802347],[-48.63041880806586,-26.92923057473472],[-48.63050916445364,-26.92940600322453],[-48.63114813271057,-26.929179711512674],[-48.63246143594825,-26.9280880529762],[-48.63353509805467,-26.926761518678376],[-48.633842067657135,-26.92604704948198],[-48.63435292996274,-26.925418749729783],[-48.63462603747695,-26.92469305748774],[-48.63461416757709,-26.924224043568056],[-48.63495583988425,-26.924204959950245],[-48.6351304285419,-26.924104867235958],[-48.63504409192727,-26.923930949998464],[-48.63511772064492,-26.92376615567328],[-48.63553071464739,-26.923525734748115],[-48.635553801794885,-26.922836341728765],[-48.635717439637475,-26.92259863435381],[-48.63616582637978,-26.92237760162944],[-48.636719463158585,-26.92223406095372],[-48.63689628550145,-26.92201895724246],[-48.6372042306493,-26.92212762069939],[-48.63732862375781,-26.922096987774605],[-48.63762241113049,-26.921766122784494],[-48.63768981688435,-26.92139557335713],[-48.637794465527996,-26.921328998327965],[-48.63807427655923,-26.921453508953885],[-48.638393595398846,-26.9214737738244],[-48.6391772220333,-26.92191362111618],[-48.63948876882214,-26.921808027341758],[-48.63991416262469,-26.921454779952075],[-48.639900913886535,-26.920967926720763],[-48.63999064557753,-26.920850721343186],[-48.63994618608832,-26.920726901839068],[-48.639722690871835,-26.92055714059793],[-48.64039766501684,-26.920716633066302],[-48.6405542787728,-26.92059029075766],[-48.64022160493306,-26.92037660501752],[-48.640198648583,-26.92028135651374],[-48.64037082882486,-26.92020447620135],[-48.64095756445235,-26.920287368661842],[-48.64114364729957,-26.92015583042011],[-48.641310069253755,-26.919720971874888],[-48.641432321370246,-26.919614565032777],[-48.641398322189694,-26.919205806228124],[-48.6415240664489,-26.919180770694386],[-48.64171815924751,-26.918779822931306],[-48.64170538124761,-26.91810348166676],[-48.64149680778003,-26.91718622568341],[-48.64155422943275,-26.916806073630273],[-48.64126679345341,-26.915464039740893],[-48.640902019142686,-26.91459588854133],[-48.6412337626116,-26.914287297763536],[-48.642213166411324,-26.91408816922268],[-48.64212920197649,-26.91308373147098],[-48.64221694621673,-26.912696014181154],[-48.64284316301404,-26.912457274794885]]]}},{"type":"Feature","id":"itajai-7","properties":{"id":"itajai-7","identificador_fonte":7,"nome_bruto":"Itaipava","nome":"Itaipava","fonte_id":"bairros","fonte_url":"https://arcgis.itajai.sc.gov.br/server/rest/services/Hosted/bairros_Itajai/FeatureServer/0"},"geometry":{"type":"Polygon","coordinates":[[[-48.761328411814944,-26.942987564526778],[-48.76132696538643,-26.942994975110494],[-48.76197169521475,-26.94569251730066],[-48.76186176288289,-26.94669493629388],[-48.761962481001234,-26.94809301410423],[-48.76167278205619,-26.94881119192523],[-48.76181582904654,-26.952325730602873],[-48.760890113631305,-26.953118817038497],[-48.76014227423471,-26.953913381814047],[-48.75982507987963,-26.95401313427959],[-48.75942737275291,-26.95407060155739],[-48.758423032867135,-26.954209545399785],[-48.75762082312461,-26.95441092888739],[-48.757398300486095,-26.9546078607123],[-48.757152468403945,-26.954954775739893],[-48.75700621347665,-26.955408066780624],[-48.75694618239678,-26.955871841625783],[-48.75688272016823,-26.95650869685256],[-48.756772283338485,-26.956693742269586],[-48.756377899078906,-26.957352667043097],[-48.756252599728555,-26.957774396770695],[-48.75621511436397,-26.958639474051136],[-48.756113963441265,-26.959125374248426],[-48.75605903442376,-26.959844374912752],[-48.75598735804975,-26.96012571734507],[-48.75530064475155,-26.961066198908654],[-48.755551309974024,-26.96324023427819],[-48.755321302056345,-26.963633949674072],[-48.75488632024667,-26.96394719302439],[-48.75372194804412,-26.96460455455076],[-48.75321142406251,-26.965122919652707],[-48.75205256635258,-26.96590130801463],[-48.75176824390675,-26.966224057800225],[-48.751441284243086,-26.967093971698734],[-48.75072663518548,-26.96789366401035],[-48.75030191894909,-26.968587700376958],[-48.75014262949678,-26.96941048408147],[-48.74975127767118,-26.96992362130429],[-48.74900268344987,-26.97182912463225],[-48.747570575358786,-26.972965963540144],[-48.746644577877646,-26.974206932135747],[-48.745655866190866,-26.97450950768021],[-48.74435488765569,-26.975538128228234],[-48.74277838888571,-26.976146104115664],[-48.74209595365124,-26.97651937141871],[-48.738486581074376,-26.97752159533858],[-48.73731905064382,-26.977531309933706],[-48.736744915199175,-26.9776501563169],[-48.734664739815535,-26.977630955863763],[-48.732173334409815,-26.978715017629618],[-48.731833104630034,-26.978752229018664],[-48.73254575312217,-26.97406217502063],[-48.7320642891014,-26.968840340348066],[-48.730632933448426,-26.96717467781457],[-48.72884444030226,-26.965661745600656],[-48.728125504032235,-26.965161658565258],[-48.726566177572444,-26.96407697510569],[-48.724178001249335,-26.962629332066008],[-48.722373869652984,-26.96082787146781],[-48.72042308704485,-26.957206468559026],[-48.719909075738194,-26.956678131039766],[-48.71932489698751,-26.956119560149162],[-48.717872761992695,-26.954731047745515],[-48.71755802667432,-26.952883697581],[-48.716628378107366,-26.946549738017076],[-48.71625465776053,-26.944943834688367],[-48.716044660270136,-26.94442811864008],[-48.71456722133428,-26.943780372565055],[-48.71299574914554,-26.943038856444698],[-48.7113371137484,-26.94221891565976],[-48.70985296540104,-26.941409488790466],[-48.7089729244884,-26.94103075907179],[-48.706598076408724,-26.940088771599843],[-48.704839507662626,-26.939541742001918],[-48.69836140440143,-26.93785845117588],[-48.69797789444236,-26.937372405091796],[-48.70230659143115,-26.933005365861057],[-48.702601800877794,-26.93306387034709],[-48.70291332112345,-26.933165598581834],[-48.703280206905205,-26.933372040469436],[-48.70403227875557,-26.933885454996048],[-48.70423147913904,-26.934089165825576],[-48.704397139042015,-26.934192095855817],[-48.70502947056327,-26.934343624633122],[-48.70543358656634,-26.934218072530687],[-48.70551165439015,-26.93412822062681],[-48.70555469577483,-26.933759876800274],[-48.705463126608706,-26.933512358189894],[-48.70527777677114,-26.933126632383672],[-48.70525153149441,-26.93291662495864],[-48.70531489717619,-26.93254861181736],[-48.70539896788166,-26.932413297062276],[-48.70549745179809,-26.932319220795453],[-48.705722326980066,-26.932259093358883],[-48.70612070858879,-26.93216533868016],[-48.706925051115014,-26.932105519632305],[-48.70773852865067,-26.931845374736486],[-48.708307947739634,-26.93146280314448],[-48.70856388961803,-26.9311229754426],[-48.70887365532159,-26.93088653406658],[-48.70914104582094,-26.93079747700896],[-48.709423867686624,-26.93076220364672],[-48.70961291929452,-26.930776663991242],[-48.70971111089469,-26.93084168719483],[-48.70980024161596,-26.930971061525025],[-48.70987767804413,-26.931163674856137],[-48.709883331612204,-26.931387015893957],[-48.70971207335527,-26.93181250813937],[-48.7092395527096,-26.93255659190744],[-48.709110214193,-26.932668394580805],[-48.70890465195573,-26.93277895725142],[-48.708866595769564,-26.932901354257666],[-48.70890448488124,-26.93303865318997],[-48.70924301098142,-26.9331398289897],[-48.710106773776424,-26.93315841073947],[-48.7104208145028,-26.93321362476872],[-48.710854788016206,-26.933371021319562],[-48.711161357016984,-26.933544571315732],[-48.71165486196273,-26.934026414027205],[-48.71216991633576,-26.934699960035044],[-48.712969414008704,-26.93588840119092],[-48.71338622539051,-26.93614118903054],[-48.71366387824001,-26.93623681234544],[-48.71407319540783,-26.9363573494764],[-48.71462045299223,-26.936443671972004],[-48.7150484147484,-26.936395933287496],[-48.715465080149826,-26.936152096537068],[-48.71562787704857,-26.936145621411036],[-48.71582792965258,-26.936308324688774],[-48.71605180181013,-26.937054596623746],[-48.71606616462999,-26.938107289288958],[-48.71621494806717,-26.939048258773035],[-48.71630210952193,-26.940020120743917],[-48.716369581507905,-26.940203457792776],[-48.716469750392605,-26.94027797720858],[-48.716662492625126,-26.940299322804844],[-48.716820581548696,-26.940274545540735],[-48.71701883120721,-26.94002261303412],[-48.71712597494396,-26.93975098065365],[-48.71732615019969,-26.93940340008438],[-48.71788636358324,-26.938847507796435],[-48.7186058465565,-26.938207624447315],[-48.71905131441314,-26.937795667573354],[-48.71960001102584,-26.937558510141436],[-48.720218474817194,-26.93739081934726],[-48.72061594968688,-26.9373425709925],[-48.72117438985439,-26.937378931067006],[-48.7216812809382,-26.93745090683763],[-48.72392558728906,-26.93808399521152],[-48.72597589691385,-26.938759483698654],[-48.72648522899476,-26.93896360899177],[-48.72691979848349,-26.939093628896146],[-48.72717638540959,-26.93910004198112],[-48.727438830178485,-26.93906782233415],[-48.72759038848623,-26.938988253763902],[-48.72768469369571,-26.93884853323619],[-48.72808997236703,-26.937777538178914],[-48.72820268771638,-26.937353354965076],[-48.72821160557662,-26.93716214118675],[-48.72813498382585,-26.93705383713694],[-48.72795981802695,-26.936916609613878],[-48.72775498325465,-26.936737899459075],[-48.72724034876695,-26.93654508339326],[-48.72713182177198,-26.936506885634046],[-48.72701146024595,-26.93642521395889],[-48.726946860473376,-26.936351274187718],[-48.7269157484854,-26.93625509455612],[-48.72692963999679,-26.93619608820124],[-48.72697456999645,-26.93611024607006],[-48.72704404113403,-26.93606808252821],[-48.727187699840236,-26.936002056234564],[-48.72751956157014,-26.93592994933212],[-48.727896017603555,-26.935915511599795],[-48.72820336829679,-26.93592501801693],[-48.72859143329141,-26.935965439231094],[-48.72888452763598,-26.93605216977486],[-48.72905525135186,-26.93615743216057],[-48.729285937742425,-26.93644134790625],[-48.72946162292773,-26.9368063886496],[-48.72958293251174,-26.937348243866445],[-48.72973124612261,-26.937430363409938],[-48.72984526678965,-26.937448145880758],[-48.73040580859656,-26.936999275546583],[-48.73058881066316,-26.936872370760447],[-48.73074752947605,-26.93681569422385],[-48.730864455183244,-26.936815297665298],[-48.730993400533855,-26.936849264646334],[-48.73113643886029,-26.93706798164883],[-48.73129828714019,-26.937489750356477],[-48.73153488377661,-26.937732753323452],[-48.731639776778934,-26.937825563239755],[-48.73179177505539,-26.93785078830656],[-48.73192948435604,-26.937827944676517],[-48.7320886608626,-26.937748493538294],[-48.732425176700126,-26.937444087746165],[-48.73274862038579,-26.937157694048235],[-48.732857388440685,-26.937056928905132],[-48.733026726444415,-26.936977640861425],[-48.73324311056404,-26.936960615081297],[-48.733351821638095,-26.936989699180966],[-48.73369508350667,-26.937364263460452],[-48.73406643356446,-26.937732443121458],[-48.73464410096531,-26.93807887859054],[-48.7352475073787,-26.93828220511858],[-48.735933409360534,-26.93842762396952],[-48.736496173182914,-26.93850272084417],[-48.73678366022398,-26.938489110456654],[-48.73701661187468,-26.93840628103709],[-48.73710695471536,-26.938337110328664],[-48.7372015265182,-26.938056147449323],[-48.73727010423356,-26.937676808339972],[-48.73740878551991,-26.93722341793492],[-48.73742726087277,-26.937061971864203],[-48.73736736986555,-26.937006337058936],[-48.737197313185256,-26.93699449678542],[-48.73687819514116,-26.937192124508762],[-48.736569466754325,-26.937378528375586],[-48.736289605238944,-26.937392261751707],[-48.736025443166994,-26.937383466054733],[-48.73576922249153,-26.937358849274826],[-48.7355718070766,-26.937316953034095],[-48.735428204852134,-26.937253140058974],[-48.735354209438185,-26.937140326223584],[-48.73534387167911,-26.937021700266513],[-48.73539025350398,-26.936862979559404],[-48.73545024085697,-26.936786488238926],[-48.73579141673651,-26.936502650474264],[-48.73595400191095,-26.936252394153374],[-48.735993009575296,-26.93569944886191],[-48.73609406643722,-26.935475540733243],[-48.73623518469625,-26.935281891177247],[-48.7364043814127,-26.93520943080353],[-48.736592858801714,-26.93518967404029],[-48.736821171678294,-26.9352115626263],[-48.736988503173514,-26.935232471542193],[-48.73720469656311,-26.935352122384018],[-48.737549649884045,-26.93564241510722],[-48.73793162586719,-26.9359879748679],[-48.7381419266642,-26.936020963240928],[-48.738317700568416,-26.936001001399752],[-48.738559042352186,-26.935879576802755],[-48.73883161271318,-26.935339486751218],[-48.73917622541929,-26.935010133211687],[-48.739915937576065,-26.934623324011145],[-48.740253508272346,-26.934519385368827],[-48.740538081520924,-26.934523944234773],[-48.74093281686226,-26.93461227811295],[-48.74131902509644,-26.93461846228325],[-48.74227093263901,-26.93429654734283],[-48.742994706858404,-26.93419878234013],[-48.743446247179,-26.933987311134356],[-48.74336838682433,-26.933812931826882],[-48.74313662752945,-26.93370898753731],[-48.74287292611928,-26.933677431831338],[-48.74235441744136,-26.933678245715317],[-48.741691988297205,-26.933758764727873],[-48.74148908674097,-26.933737291016534],[-48.74135787184363,-26.933689627879797],[-48.74132992492906,-26.933561608010333],[-48.741384190511035,-26.933389343420586],[-48.74173464135935,-26.93314892187914],[-48.743060031954606,-26.932450260632034],[-48.743776531815655,-26.932206578889005],[-48.74407597865904,-26.931974447329164],[-48.74411118290416,-26.93173808941443],[-48.744167075224176,-26.93148383728799],[-48.744302640593375,-26.931312872305224],[-48.74456923783854,-26.93119867471002],[-48.744792643660354,-26.931211358646603],[-48.74506251535472,-26.93144348191515],[-48.74541950710459,-26.93189569230428],[-48.74580970833094,-26.93221174702515],[-48.74635507773001,-26.932393596138482],[-48.74692747704499,-26.93223871824245],[-48.74798698199723,-26.932128064720246],[-48.74840240535794,-26.932198481881244],[-48.748501141518325,-26.93234585571371],[-48.74847755689932,-26.932509502140714],[-48.74839371760872,-26.93263573572515],[-48.748240002562774,-26.93269706923588],[-48.74791188306436,-26.93283762865938],[-48.74772423667267,-26.933071552917554],[-48.74793859498968,-26.933539705031475],[-48.7480476766116,-26.93367813228279],[-48.748422271494086,-26.933757010769586],[-48.748666734231534,-26.93373357660976],[-48.74893749468439,-26.93340985308607],[-48.74909428648522,-26.933193658027633],[-48.74932204150654,-26.932987708959388],[-48.749465050741385,-26.93295354150771],[-48.74978955122041,-26.932995166884105],[-48.75031297725538,-26.933258662548962],[-48.75096397088249,-26.933241706646726],[-48.75141549333162,-26.933030208707628],[-48.751894166319154,-26.931962579856318],[-48.75227718848147,-26.930799859915428],[-48.75321474124053,-26.930990372400853],[-48.75486759662219,-26.931718341665686],[-48.75730919819423,-26.93368900551572],[-48.758716271670636,-26.934975898023694],[-48.758922338623684,-26.936014762509323],[-48.75923402466265,-26.937967836629102],[-48.759685120240924,-26.93959200760351],[-48.759861516779026,-26.940564085207146],[-48.76013033998287,-26.941316172953897],[-48.76073753749247,-26.942450202171646],[-48.761328411814944,-26.942987564526778]]]}},{"type":"Feature","id":"itajai-8","properties":{"id":"itajai-8","identificador_fonte":8,"nome_bruto":"Santa Regina","nome":"Santa Regina","fonte_id":"bairros","fonte_url":"https://arcgis.itajai.sc.gov.br/server/rest/services/Hosted/bairros_Itajai/FeatureServer/0"},"geometry":{"type":"Polygon","coordinates":[[[-48.76641699382968,-26.892029323299298],[-48.76417956916033,-26.891912503048086],[-48.760847834626155,-26.891613668527306],[-48.75939703682596,-26.89134963515252],[-48.75864162063355,-26.8910363728225],[-48.75481529074198,-26.888565396064372],[-48.75359800978953,-26.88782298091807],[-48.75161503959693,-26.887289301374153],[-48.749191813516525,-26.886366964516657],[-48.74711136022558,-26.8862333670108],[-48.74084485572627,-26.885972581251963],[-48.739247850395344,-26.886308552286483],[-48.72601199234364,-26.88926122580289],[-48.72132090384624,-26.890187712813713],[-48.73004792406422,-26.869535981631483],[-48.73020266893661,-26.866800341446616],[-48.72911374803679,-26.86368561969391],[-48.728029364094304,-26.860346526382394],[-48.7266746774605,-26.85300810616823],[-48.72606917719931,-26.850753999956613],[-48.72431399704511,-26.848436499760798],[-48.71952622942561,-26.844557385947944],[-48.71953632699447,-26.84453812533538],[-48.72058343814686,-26.84285496323962],[-48.72147589048324,-26.841823670476234],[-48.722899672750856,-26.8406133516861],[-48.72493705189704,-26.839307847424703],[-48.726427840226236,-26.83847717236816],[-48.727596146740865,-26.838091815435146],[-48.72925228094858,-26.837987265153117],[-48.73014666427689,-26.838080588059665],[-48.730955850325735,-26.83827549781065],[-48.731654200098056,-26.838573584474663],[-48.732239700330354,-26.838928415740487],[-48.733043887298535,-26.839541928561342],[-48.73357857284224,-26.840070746188548],[-48.73417615828228,-26.840941287071256],[-48.73452145995436,-26.841832931360106],[-48.73469450390424,-26.84272142422455],[-48.734980520495604,-26.84576584734727],[-48.73520040983613,-26.847028491487993],[-48.73566197070749,-26.84850965921749],[-48.73635839577676,-26.849956080071372],[-48.73758044729926,-26.851628794748866],[-48.73957789196655,-26.853755995321656],[-48.74133183756807,-26.85519771266719],[-48.743268639161776,-26.85641378634431],[-48.74448615559479,-26.85695279427983],[-48.74571677312685,-26.857240219865407],[-48.74709808618889,-26.85735007740622],[-48.74927331523406,-26.85729772975259],[-48.752500092074335,-26.85661973897526],[-48.75648198189939,-26.855302993520148],[-48.75740470552945,-26.85514655355129],[-48.7584919523722,-26.85509859051031],[-48.759596612301884,-26.85515138565005],[-48.760426794625616,-26.855381238863817],[-48.76130082115425,-26.85580672379676],[-48.76182644085159,-26.856326620376056],[-48.76230645231818,-26.857333348454006],[-48.76250867589296,-26.858475281008527],[-48.7624107603505,-26.86104120867204],[-48.761968293316286,-26.86717929683649],[-48.762062604370925,-26.86988018082964],[-48.762461106858424,-26.875002229979785],[-48.762538948319055,-26.877508671200737],[-48.76244445434074,-26.879649894976428],[-48.76191735204395,-26.88170213021212],[-48.76183134898875,-26.88278185324977],[-48.7620385439157,-26.884498209206814],[-48.762610566263945,-26.88636657240511],[-48.76312975558703,-26.887278341808695],[-48.76418692600432,-26.888467377713567],[-48.76526019732414,-26.889453475836262],[-48.76657368212536,-26.890349513261516],[-48.766548167192084,-26.891514723225068],[-48.76641699382968,-26.892029323299298]]]}},{"type":"Feature","id":"itajai-35","properties":{"id":"itajai-35","identificador_fonte":35,"nome_bruto":"São Judas","nome":"São Judas","fonte_id":"bairros","fonte_url":"https://arcgis.itajai.sc.gov.br/server/rest/services/Hosted/bairros_Itajai/FeatureServer/0"},"geometry":{"type":"Polygon","coordinates":[[[-48.68473641432272,-26.910582849407866],[-48.68454770489297,-26.91192671650127],[-48.68431408616535,-26.912470053466855],[-48.68384146249845,-26.913197557807266],[-48.68328783629274,-26.91384393378928],[-48.68323058836464,-26.914156476259027],[-48.683238061329575,-26.914413085442064],[-48.683576021376886,-26.915609868015057],[-48.671007774359225,-26.916212868784854],[-48.67074098455589,-26.913925574598142],[-48.6736722615553,-26.913762840050083],[-48.674554321337624,-26.913712574540927],[-48.674394043317854,-26.912462766886012],[-48.673683895698375,-26.907073918780473],[-48.68473641432272,-26.910582849407866]]]}},{"type":"Feature","id":"itajai-10","properties":{"id":"itajai-10","identificador_fonte":10,"nome_bruto":"Rio Novo - Colônia Japonesa","nome":"Rio Novo - Colônia Japonesa","fonte_id":"bairros","fonte_url":"https://arcgis.itajai.sc.gov.br/server/rest/services/Hosted/bairros_Itajai/FeatureServer/0"},"geometry":{"type":"Polygon","coordinates":[[[-48.70834896208683,-26.9213685292137],[-48.70952014324146,-26.918517410025682],[-48.70954019234532,-26.9184745238715],[-48.713630962368114,-26.908676526332794],[-48.71669685328038,-26.91047393808445],[-48.71960454336308,-26.91224061718869],[-48.73273207413828,-26.92014789215119],[-48.73534382905732,-26.92176596070196],[-48.739191034858806,-26.92417004188452],[-48.74298934822437,-26.92644645251073],[-48.745142936128275,-26.927771769510368],[-48.746396622230165,-26.928602869333318],[-48.747678838535776,-26.92926994648881],[-48.74936536103435,-26.929999128915213],[-48.750274783288376,-26.93036971352381],[-48.751363238604625,-26.930624456477688],[-48.75227718848147,-26.930799859915428],[-48.751894166319154,-26.931962579856318],[-48.75141549333162,-26.933030208707628],[-48.75096397088249,-26.933241706646726],[-48.75031297725538,-26.933258662548962],[-48.74978955122041,-26.932995166884105],[-48.749465050741385,-26.93295354150771],[-48.74932204150654,-26.932987708959388],[-48.74909428648522,-26.933193658027633],[-48.74893749468439,-26.93340985308607],[-48.748666734231534,-26.93373357660976],[-48.748422271494086,-26.933757010769586],[-48.7480476766116,-26.93367813228279],[-48.74793859498968,-26.933539705031475],[-48.74772423667267,-26.933071552917554],[-48.74791188306436,-26.93283762865938],[-48.748240002562774,-26.93269706923588],[-48.74839371760872,-26.93263573572515],[-48.74847755689932,-26.932509502140714],[-48.748501141518325,-26.93234585571371],[-48.74840240535794,-26.932198481881244],[-48.74798698199723,-26.932128064720246],[-48.74692747704499,-26.93223871824245],[-48.74635507773001,-26.932393596138482],[-48.74580970833094,-26.93221174702515],[-48.74541950710459,-26.93189569230428],[-48.74506251535472,-26.93144348191515],[-48.744792643660354,-26.931211358646603],[-48.74456923783854,-26.93119867471002],[-48.744302640593375,-26.931312872305224],[-48.744167075224176,-26.93148383728799],[-48.74411118290416,-26.93173808941443],[-48.74407597865904,-26.931974447329164],[-48.743776531815655,-26.932206578889005],[-48.743060031954606,-26.932450260632034],[-48.74173464135935,-26.93314892187914],[-48.741384190511035,-26.933389343420586],[-48.74132992492906,-26.933561608010333],[-48.74135787184363,-26.933689627879797],[-48.74148908674097,-26.933737291016534],[-48.741691988297205,-26.933758764727873],[-48.74235441744136,-26.933678245715317],[-48.74287292611928,-26.933677431831338],[-48.74313662752945,-26.93370898753731],[-48.74336838682433,-26.933812931826882],[-48.743446247179,-26.933987311134356],[-48.742994706858404,-26.93419878234013],[-48.74227093263901,-26.93429654734283],[-48.74131902509644,-26.93461846228325],[-48.74093281686226,-26.93461227811295],[-48.740538081520924,-26.934523944234773],[-48.740253508272346,-26.934519385368827],[-48.739915937576065,-26.934623324011145],[-48.73917622541929,-26.935010133211687],[-48.73883161271318,-26.935339486751218],[-48.738559042352186,-26.935879576802755],[-48.738317700568416,-26.936001001399752],[-48.7381419266642,-26.936020963240928],[-48.73793162586719,-26.9359879748679],[-48.737549649884045,-26.93564241510722],[-48.73720469656311,-26.935352122384018],[-48.736988503173514,-26.935232471542193],[-48.736821171678294,-26.9352115626263],[-48.736592858801714,-26.93518967404029],[-48.7364043814127,-26.93520943080353],[-48.73623518469625,-26.935281891177247],[-48.73609406643722,-26.935475540733243],[-48.735993009575296,-26.93569944886191],[-48.73595400191095,-26.936252394153374],[-48.73579141673651,-26.936502650474264],[-48.73545024085697,-26.936786488238926],[-48.73539025350398,-26.936862979559404],[-48.73534387167911,-26.937021700266513],[-48.735354209438185,-26.937140326223584],[-48.735428204852134,-26.937253140058974],[-48.7355718070766,-26.937316953034095],[-48.73576922249153,-26.937358849274826],[-48.736025443166994,-26.937383466054733],[-48.736289605238944,-26.937392261751707],[-48.736569466754325,-26.937378528375586],[-48.73687819514116,-26.937192124508762],[-48.737197313185256,-26.93699449678542],[-48.73736736986555,-26.937006337058936],[-48.73742726087277,-26.937061971864203],[-48.73740878551991,-26.93722341793492],[-48.73727010423356,-26.937676808339972],[-48.7372015265182,-26.938056147449323],[-48.73710695471536,-26.938337110328664],[-48.73701661187468,-26.93840628103709],[-48.73678366022398,-26.938489110456654],[-48.736496173182914,-26.93850272084417],[-48.735933409360534,-26.93842762396952],[-48.7352475073787,-26.93828220511858],[-48.73464410096531,-26.93807887859054],[-48.73406643356446,-26.937732443121458],[-48.73369508350667,-26.937364263460452],[-48.733351821638095,-26.936989699180966],[-48.73324311056404,-26.936960615081297],[-48.733026726444415,-26.936977640861425],[-48.732857388440685,-26.937056928905132],[-48.73274862038579,-26.937157694048235],[-48.732425176700126,-26.937444087746165],[-48.7320886608626,-26.937748493538294],[-48.73192948435604,-26.937827944676517],[-48.73179177505539,-26.93785078830656],[-48.731639776778934,-26.937825563239755],[-48.73153488377661,-26.937732753323452],[-48.73129828714019,-26.937489750356477],[-48.73113643886029,-26.93706798164883],[-48.730993400533855,-26.936849264646334],[-48.730864455183244,-26.936815297665298],[-48.73074752947605,-26.93681569422385],[-48.73058881066316,-26.936872370760447],[-48.73040580859656,-26.936999275546583],[-48.72984526678965,-26.937448145880758],[-48.72973124612261,-26.937430363409938],[-48.72958293251174,-26.937348243866445],[-48.72946162292773,-26.9368063886496],[-48.729285937742425,-26.93644134790625],[-48.72905525135186,-26.93615743216057],[-48.72888452763598,-26.93605216977486],[-48.72859143329141,-26.935965439231094],[-48.72820336829679,-26.93592501801693],[-48.727896017603555,-26.935915511599795],[-48.72751956157014,-26.93592994933212],[-48.727187699840236,-26.936002056234564],[-48.72704404113403,-26.93606808252821],[-48.72697456999645,-26.93611024607006],[-48.72692963999679,-26.93619608820124],[-48.7269157484854,-26.93625509455612],[-48.726946860473376,-26.936351274187718],[-48.72701146024595,-26.93642521395889],[-48.72713182177198,-26.936506885634046],[-48.72724034876695,-26.93654508339326],[-48.72775498325465,-26.936737899459075],[-48.72795981802695,-26.936916609613878],[-48.72813498382585,-26.93705383713694],[-48.72821160557662,-26.93716214118675],[-48.72820268771638,-26.937353354965076],[-48.72808997236703,-26.937777538178914],[-48.72768469369571,-26.93884853323619],[-48.72759038848623,-26.938988253763902],[-48.727438830178485,-26.93906782233415],[-48.72717638540959,-26.93910004198112],[-48.72691979848349,-26.939093628896146],[-48.72648522899476,-26.93896360899177],[-48.72597589691385,-26.938759483698654],[-48.72392558728906,-26.93808399521152],[-48.7216812809382,-26.93745090683763],[-48.72117438985439,-26.937378931067006],[-48.72061594968688,-26.9373425709925],[-48.720218474817194,-26.93739081934726],[-48.71960001102584,-26.937558510141436],[-48.71905131441314,-26.937795667573354],[-48.7186058465565,-26.938207624447315],[-48.71788636358324,-26.938847507796435],[-48.71732615019969,-26.93940340008438],[-48.71712597494396,-26.93975098065365],[-48.71701883120721,-26.94002261303412],[-48.716820581548696,-26.940274545540735],[-48.716662492625126,-26.940299322804844],[-48.716469750392605,-26.94027797720858],[-48.716369581507905,-26.940203457792776],[-48.71630210952193,-26.940020120743917],[-48.71621494806717,-26.939048258773035],[-48.71606616462999,-26.938107289288958],[-48.71605180181013,-26.937054596623746],[-48.71582792965258,-26.936308324688774],[-48.71562787704857,-26.936145621411036],[-48.715465080149826,-26.936152096537068],[-48.7150484147484,-26.936395933287496],[-48.71462045299223,-26.936443671972004],[-48.71407319540783,-26.9363573494764],[-48.71366387824001,-26.93623681234544],[-48.71338622539051,-26.93614118903054],[-48.712969414008704,-26.93588840119092],[-48.71216991633576,-26.934699960035044],[-48.71165486196273,-26.934026414027205],[-48.711161357016984,-26.933544571315732],[-48.710854788016206,-26.933371021319562],[-48.7104208145028,-26.93321362476872],[-48.710106773776424,-26.93315841073947],[-48.70924301098142,-26.9331398289897],[-48.70890448488124,-26.93303865318997],[-48.708866595769564,-26.932901354257666],[-48.70890465195573,-26.93277895725142],[-48.709110214193,-26.932668394580805],[-48.7092395527096,-26.93255659190744],[-48.70971207335527,-26.93181250813937],[-48.709883331612204,-26.931387015893957],[-48.70987767804413,-26.931163674856137],[-48.70980024161596,-26.930971061525025],[-48.70971111089469,-26.93084168719483],[-48.70961291929452,-26.930776663991242],[-48.709423867686624,-26.93076220364672],[-48.70914104582094,-26.93079747700896],[-48.70887365532159,-26.93088653406658],[-48.70856388961803,-26.9311229754426],[-48.708307947739634,-26.93146280314448],[-48.70773852865067,-26.931845374736486],[-48.706925051115014,-26.932105519632305],[-48.70612070858879,-26.93216533868016],[-48.705722326980066,-26.932259093358883],[-48.70549745179809,-26.932319220795453],[-48.70539896788166,-26.932413297062276],[-48.70531489717619,-26.93254861181736],[-48.70525153149441,-26.93291662495864],[-48.70527777677114,-26.933126632383672],[-48.705463126608706,-26.933512358189894],[-48.70555469577483,-26.933759876800274],[-48.70551165439015,-26.93412822062681],[-48.70543358656634,-26.934218072530687],[-48.70502947056327,-26.934343624633122],[-48.704397139042015,-26.934192095855817],[-48.70423147913904,-26.934089165825576],[-48.70403227875557,-26.933885454996048],[-48.703280206905205,-26.933372040469436],[-48.70291332112345,-26.933165598581834],[-48.702601800877794,-26.93306387034709],[-48.70230659143115,-26.933005365861057],[-48.7025527035316,-26.93275538468911],[-48.70304400560908,-26.93226031873219],[-48.70375201499882,-26.931456130989176],[-48.70411509370804,-26.930972213919127],[-48.70456334849708,-26.93025620749567],[-48.70492815892081,-26.92952849707701],[-48.70523114239586,-26.92882249587641],[-48.70609849050022,-26.926730103953858],[-48.70720450299928,-26.924071293855246],[-48.70834896208683,-26.9213685292137]]]}},{"type":"Feature","id":"itajai-11","properties":{"id":"itajai-11","identificador_fonte":11,"nome_bruto":"Vila Operária","nome":"Vila Operária","fonte_id":"bairros","fonte_url":"https://arcgis.itajai.sc.gov.br/server/rest/services/Hosted/bairros_Itajai/FeatureServer/0"},"geometry":{"type":"Polygon","coordinates":[[[-48.668901574778275,-26.900962063286233],[-48.670618056724365,-26.902433398015162],[-48.670728884806024,-26.90261230946509],[-48.67138833058322,-26.903955158787188],[-48.671498284570845,-26.904316270073178],[-48.6716063885226,-26.90490704590915],[-48.672392710310554,-26.905787462672993],[-48.672553842656654,-26.906710002368346],[-48.673683895698375,-26.907073918780473],[-48.674394043317854,-26.912462766886012],[-48.674554321337624,-26.913712574540927],[-48.6736722615553,-26.913762840050083],[-48.67074098455589,-26.913925574598142],[-48.671007774359225,-26.916212868784854],[-48.67102862423588,-26.916358555106527],[-48.670208280012446,-26.916675592839855],[-48.66956246285413,-26.91590450959262],[-48.669432067759395,-26.915748819922538],[-48.66803390556027,-26.914079121182176],[-48.668587225204604,-26.913344004656885],[-48.66759914562474,-26.912171947384085],[-48.66810310119443,-26.91168837278218],[-48.66923137546144,-26.910278162614095],[-48.669270475274004,-26.910186417856014],[-48.66958245806747,-26.9101890032819],[-48.66953541280612,-26.909831495170348],[-48.66902649662074,-26.905580074561097],[-48.66873370566617,-26.9026141135039],[-48.668476506519575,-26.90251055250748],[-48.6682427535243,-26.90229878655266],[-48.667637072747304,-26.901573579532766],[-48.668901574778275,-26.900962063286233]]]}},{"type":"Feature","id":"itajai-12","properties":{"id":"itajai-12","identificador_fonte":12,"nome_bruto":"KM12","nome":"KM12","fonte_id":"bairros","fonte_url":"https://arcgis.itajai.sc.gov.br/server/rest/services/Hosted/bairros_Itajai/FeatureServer/0"},"geometry":{"type":"Polygon","coordinates":[[[-48.7678196461473,-26.94943713267816],[-48.767592896248985,-26.949907445846392],[-48.76739711190504,-26.950470671532536],[-48.76718803005528,-26.950723429797883],[-48.76710661536689,-26.950815674936866],[-48.76711357422968,-26.95096722500672],[-48.76699345636386,-26.951107476197866],[-48.767090185971774,-26.951234876836814],[-48.76722617265027,-26.95131197063577],[-48.76740734637904,-26.9517112493525],[-48.76822436260214,-26.953397869491585],[-48.7683787537881,-26.955637073005256],[-48.768442145905375,-26.957345687763123],[-48.76825749011355,-26.957717981631077],[-48.76787632044614,-26.958245910618466],[-48.76816197923936,-26.95847412242403],[-48.768541592306846,-26.959271445931304],[-48.76859429789382,-26.9594598888016],[-48.76875329444013,-26.96162412626432],[-48.76883884757781,-26.962599605096184],[-48.768782822151266,-26.962988367305883],[-48.76856577933206,-26.963367364319346],[-48.767837821923194,-26.964412450818102],[-48.767696339765514,-26.96467575918792],[-48.76764535024508,-26.964822080189833],[-48.767060560218326,-26.964798462123262],[-48.765750576607296,-26.9647001133073],[-48.76562598857383,-26.96463724857592],[-48.765565014274316,-26.964737834526137],[-48.76552421029328,-26.964821313776987],[-48.765360333904255,-26.965003505407974],[-48.76522321285655,-26.9654117731828],[-48.76523988033459,-26.965742746390966],[-48.76319292085179,-26.964892143806686],[-48.76269109080277,-26.964571121170287],[-48.76238975417437,-26.963748122150466],[-48.76200629381278,-26.96346455221139],[-48.76108845146704,-26.963101345128766],[-48.75530064475155,-26.961066198908654],[-48.75598735804975,-26.96012571734507],[-48.75605903442376,-26.959844374912752],[-48.756113963441265,-26.959125374248426],[-48.75621511436397,-26.958639474051136],[-48.756252599728555,-26.957774396770695],[-48.756377899078906,-26.957352667043097],[-48.756772283338485,-26.956693742269586],[-48.75688272016823,-26.95650869685256],[-48.75694618239678,-26.955871841625783],[-48.75700621347665,-26.955408066780624],[-48.757152468403945,-26.954954775739893],[-48.757398300486095,-26.9546078607123],[-48.75762082312461,-26.95441092888739],[-48.758423032867135,-26.954209545399785],[-48.75942737275291,-26.95407060155739],[-48.75982507987963,-26.95401313427959],[-48.76014227423471,-26.953913381814047],[-48.760890113631305,-26.953118817038497],[-48.76181582904654,-26.952325730602873],[-48.76167278205619,-26.94881119192523],[-48.761962481001234,-26.94809301410423],[-48.76186176288289,-26.94669493629388],[-48.76197169521475,-26.94569251730066],[-48.76132696538643,-26.942994975110494],[-48.761328411814944,-26.942987564526778],[-48.76234553247054,-26.943912550600295],[-48.76375706550904,-26.94543947829469],[-48.76460498900201,-26.946189156617105],[-48.76485643119788,-26.946524933262285],[-48.76726767152885,-26.948827981440495],[-48.7678196461473,-26.94943713267816]]]}},{"type":"Feature","id":"itajai-13","properties":{"id":"itajai-13","identificador_fonte":13,"nome_bruto":"Cidade Nova","nome":"Cidade Nova","fonte_id":"bairros","fonte_url":"https://arcgis.itajai.sc.gov.br/server/rest/services/Hosted/bairros_Itajai/FeatureServer/0"},"geometry":{"type":"Polygon","coordinates":[[[-48.70954019234532,-26.9184745238715],[-48.70952014324146,-26.918517410025682],[-48.70834896208683,-26.9213685292137],[-48.70720450299928,-26.924071293855246],[-48.70609849050022,-26.926730103953858],[-48.70523114239586,-26.92882249587641],[-48.70492815892081,-26.92952849707701],[-48.70456334849708,-26.93025620749567],[-48.70411509370804,-26.930972213919127],[-48.70375201499882,-26.931456130989176],[-48.70304400560908,-26.93226031873219],[-48.7025527035316,-26.93275538468911],[-48.70230659143115,-26.933005365861057],[-48.701792587959986,-26.932808980950863],[-48.70074805928928,-26.93250658618113],[-48.699778860462814,-26.93241468642266],[-48.69818728829175,-26.93239823469265],[-48.697896887641285,-26.932326909227154],[-48.697076715135545,-26.93195205149236],[-48.69667993583219,-26.93189325518435],[-48.696457046302754,-26.931894372138185],[-48.69635529425446,-26.931940271443764],[-48.69631150457186,-26.93200614335228],[-48.696310150405104,-26.932072707400255],[-48.69636136094209,-26.932163911789463],[-48.6967438484052,-26.932664799707123],[-48.697008682790425,-26.932949737967434],[-48.69713251505327,-26.93312298149066],[-48.69717590822621,-26.933337717782695],[-48.69711918983575,-26.933517526965794],[-48.6968860653126,-26.933761041948035],[-48.69660771010446,-26.933880157203088],[-48.69570032345967,-26.93387960367397],[-48.694791003740576,-26.93397413738876],[-48.6942523312946,-26.934108018230773],[-48.69352450962076,-26.93441002454822],[-48.69297735505397,-26.93443912627607],[-48.69250024528359,-26.934155463998387],[-48.691823230958114,-26.933526084531096],[-48.69146440314801,-26.93290666683859],[-48.691280046971244,-26.932318641814888],[-48.691176932228956,-26.93138950282104],[-48.690952445523166,-26.930948261014215],[-48.690634006171976,-26.93069097138044],[-48.69038469508211,-26.930686889539267],[-48.68997622364993,-26.930941789066498],[-48.68949368149276,-26.931185962423633],[-48.68917994040079,-26.931218872284177],[-48.688856559547304,-26.931204062608185],[-48.688679891175575,-26.93102043328037],[-48.688286612828975,-26.930790449889287],[-48.687706995921346,-26.92981069287304],[-48.68722222283423,-26.929166687327548],[-48.686938253324094,-26.9284635482104],[-48.686966760222816,-26.92759351540584],[-48.68717563563256,-26.927329054903307],[-48.68761300001745,-26.927085438790904],[-48.688398926484155,-26.926898829214263],[-48.689375462509986,-26.926407555247998],[-48.68959498386085,-26.925932375527644],[-48.689863644044635,-26.925230013776673],[-48.690138279757484,-26.92485832944801],[-48.690493108664164,-26.924607652448948],[-48.69100849842386,-26.92396632350188],[-48.69117103339554,-26.92347880934742],[-48.6906067279253,-26.92183945943256],[-48.68991972571816,-26.92122974407935],[-48.68949641146536,-26.92109741948983],[-48.68898860781167,-26.921054905232914],[-48.687928358254645,-26.921288321263884],[-48.687374631742316,-26.921626928388783],[-48.68731843439574,-26.921888191918377],[-48.687854616708705,-26.92240995231814],[-48.68832836872241,-26.923187174765822],[-48.688453138545384,-26.92361669520683],[-48.68842489159722,-26.92406650850457],[-48.688259706756305,-26.924371585655013],[-48.68783402262265,-26.924666693721537],[-48.68720543233207,-26.924622190901264],[-48.686321927012145,-26.924294222154437],[-48.68559419724124,-26.924122694398793],[-48.68442585400824,-26.923930555210855],[-48.68393452459524,-26.923816173925832],[-48.68382430025259,-26.923609175931503],[-48.68378818801295,-26.92319820610855],[-48.68432554079431,-26.92272825357864],[-48.68651234766501,-26.920883231425364],[-48.687570225565246,-26.920142513346395],[-48.68819618622719,-26.919691095892468],[-48.688482943921905,-26.919348112528073],[-48.6885397166873,-26.91905835794417],[-48.68841840241838,-26.918771385710052],[-48.68815632536828,-26.918527705341724],[-48.68735378426967,-26.917973082558063],[-48.68682983437952,-26.91778780421932],[-48.6858034099305,-26.91761138249772],[-48.6853646507757,-26.91730210304734],[-48.6849040359944,-26.9171292553444],[-48.68380365054374,-26.916216346893467],[-48.683576021376886,-26.915609868015057],[-48.683238061329575,-26.914413085442064],[-48.68323058836464,-26.914156476259027],[-48.68328783629274,-26.91384393378928],[-48.68384146249845,-26.913197557807266],[-48.68431408616535,-26.912470053466855],[-48.68454770489297,-26.91192671650127],[-48.68473641432272,-26.910582849407866],[-48.70537392058793,-26.91717065271293],[-48.70954019234532,-26.9184745238715]]]}},{"type":"Feature","id":"itajai-14","properties":{"id":"itajai-14","identificador_fonte":14,"nome_bruto":"Brilhante","nome":"Brilhante","fonte_id":"bairros","fonte_url":"https://arcgis.itajai.sc.gov.br/server/rest/services/Hosted/bairros_Itajai/FeatureServer/0"},"geometry":{"type":"Polygon","coordinates":[[[-48.797942363276974,-26.997033676423683],[-48.798205288392126,-26.996622462878],[-48.79877340530226,-26.996407221030164],[-48.7996180141002,-26.99575552359147],[-48.800067232988525,-26.99522500370514],[-48.80092882015931,-26.994825789545253],[-48.80106516705432,-26.99462213979977],[-48.80095091971133,-26.99440496338085],[-48.80063006685,-26.99405626150449],[-48.800646796911224,-26.99360472002128],[-48.80084527003845,-26.99340504215018],[-48.80136221564334,-26.9931494021844],[-48.8013255106354,-26.992932513295656],[-48.80128538375762,-26.992566672059077],[-48.80128006008683,-26.991887177524145],[-48.80087101610455,-26.991175139106623],[-48.800537721420746,-26.991053940849056],[-48.80002443075785,-26.99124540131724],[-48.79931059125212,-26.99129633864622],[-48.79912879387539,-26.99150843575089],[-48.797817290115454,-26.99206867407077],[-48.79626549211367,-26.993735454475726],[-48.79578069962076,-26.99396270209359],[-48.792786930138575,-26.99412149499818],[-48.791431355785605,-26.995243704678888],[-48.79026922372701,-26.995277380567995],[-48.78747319954988,-26.995908882251303],[-48.786183489763324,-26.996564415384732],[-48.78525192149878,-26.996757804441845],[-48.78426865203981,-26.996586463823576],[-48.78397709271511,-26.996633317452154],[-48.78268835919992,-26.997288851485074],[-48.78233929575556,-26.99733627893449],[-48.78192648134575,-26.994730021611627],[-48.78402982945691,-26.99409442147831],[-48.79099722649379,-26.98981890558057],[-48.791992829442286,-26.988320975560487],[-48.794883810834335,-26.98203964858693],[-48.795858758971214,-26.978384617071995],[-48.797167451284814,-26.979050363107643],[-48.800058693240636,-26.980088626486502],[-48.801179215255466,-26.9805470600112],[-48.80174052231042,-26.98134090703223],[-48.802606639260496,-26.98320883432709],[-48.80308418623051,-26.983704496911468],[-48.80387918388187,-26.984289297566143],[-48.80724693910249,-26.986745371442574],[-48.81157132930792,-26.989943127986674],[-48.813683875648906,-26.991497734002216],[-48.81422975501093,-26.992028840200998],[-48.814733334333795,-26.99294553795565],[-48.814886550021846,-26.993729627037382],[-48.81489759874076,-26.99646804773579],[-48.81514059083538,-26.99750782056075],[-48.815573142329555,-26.9985411144416],[-48.81682205293113,-27.00002747821839],[-48.81831270935808,-27.00131262002651],[-48.822814203963574,-27.00544591736256],[-48.824113633820154,-27.004694466861707],[-48.82579800610518,-27.003983708561602],[-48.82610397282005,-27.003688808430347],[-48.82676795582784,-27.00349280906834],[-48.828405372372394,-27.002963607656245],[-48.82870797803427,-27.003394666765452],[-48.8296142854653,-27.00432590297901],[-48.83228753286035,-27.00602547776469],[-48.833733843665364,-27.00723595559443],[-48.833986519576506,-27.00814345792941],[-48.83359762465976,-27.009368383088447],[-48.83259960493889,-27.01128832366891],[-48.83221147459364,-27.01167672237726],[-48.832308052484585,-27.012695891749527],[-48.83284109690379,-27.013486881872186],[-48.83344065257184,-27.013994071574395],[-48.832544664524036,-27.015255168309896],[-48.832412107417866,-27.016188455466686],[-48.83242611983737,-27.016916429179773],[-48.83300451107794,-27.018510463245008],[-48.83296233004896,-27.019210271850998],[-48.83260210137447,-27.019830015994007],[-48.83204012227193,-27.020340636938503],[-48.83084602404335,-27.020582325013628],[-48.830199566146646,-27.021065536484922],[-48.82935955763861,-27.020975353052332],[-48.82894563091329,-27.021358134298044],[-48.82860021061609,-27.022731074738044],[-48.82817733049244,-27.023420924174918],[-48.82736026520368,-27.023750727506755],[-48.82699987836856,-27.02439475518932],[-48.82591795248789,-27.02487188738404],[-48.82573698522465,-27.025232584809782],[-48.82494115269428,-27.025870547786727],[-48.82315002669282,-27.02698698979335],[-48.82207495767164,-27.027072702967025],[-48.81926298036613,-27.027642963500004],[-48.816685572443895,-27.02736738459373],[-48.81421896510947,-27.02641349215837],[-48.81255083544746,-27.023940010652158],[-48.81225100692966,-27.021373946810836],[-48.81115843479769,-27.020360858359172],[-48.810071159407805,-27.020713925212966],[-48.808936095744635,-27.021891580204844],[-48.80721124205372,-27.019075638769078],[-48.803845755322534,-27.015661334703978],[-48.80387303852707,-27.01548388534944],[-48.80437434540766,-27.01462367627739],[-48.80446314372214,-27.014244409384624],[-48.80479069704843,-27.013331682918427],[-48.80561025619525,-27.012853526396512],[-48.80614613053743,-27.01225710334305],[-48.806647129253165,-27.011411109707083],[-48.807175740194204,-27.010778994561193],[-48.80823750078649,-27.009280032133585],[-48.808376629216795,-27.00825052131139],[-48.808228775112454,-27.00727346332727],[-48.80829428615117,-27.00594397651627],[-48.80853056790991,-27.005229037948986],[-48.808631086570884,-27.004142004623557],[-48.807859378333006,-27.003795586363488],[-48.80404486626614,-27.003480009388408],[-48.80358231033762,-27.003166848735273],[-48.80251516275288,-27.001880172237243],[-48.802263902945235,-27.000709390828135],[-48.8018998328647,-27.00023411897779],[-48.801249009135205,-26.999800616115845],[-48.80079350899453,-26.999377296744456],[-48.80061347788293,-26.99876517614961],[-48.80038982914748,-26.99834122412591],[-48.79999884495927,-26.998311814950984],[-48.79933544231936,-26.998543387949397],[-48.79867359810036,-26.999084455451328],[-48.798356198504884,-26.99904023447632],[-48.79809469626729,-26.99878687236138],[-48.79809676203123,-26.997912136156938],[-48.79790454147442,-26.997382622436568],[-48.797942363276974,-26.997033676423683]]]}},{"type":"Feature","id":"itajai-15","properties":{"id":"itajai-15","identificador_fonte":15,"nome_bruto":"Nossa Senhora das Graças","nome":"Nossa Senhora das Graças","fonte_id":"bairros","fonte_url":"https://arcgis.itajai.sc.gov.br/server/rest/services/Hosted/bairros_Itajai/FeatureServer/0"},"geometry":{"type":"Polygon","coordinates":[[[-48.673204106990696,-26.92144278671916],[-48.67305555527297,-26.925277798885602],[-48.67075298228414,-26.926619981441092],[-48.66878199440607,-26.925837920897912],[-48.662777778125154,-26.92694446519509],[-48.662226591692004,-26.92569988400013],[-48.66271407932774,-26.92395247517739],[-48.6649999995642,-26.921111133197066],[-48.66815372525334,-26.91796290294009],[-48.66664094096829,-26.916919730813287],[-48.66714235184561,-26.916399814466388],[-48.66700699697622,-26.916264765800697],[-48.66707392921291,-26.91621197772914],[-48.667322820136356,-26.916359810863067],[-48.66740532883692,-26.91624568595931],[-48.668130968805016,-26.916737597451768],[-48.66875587539142,-26.916663873659665],[-48.668961837753464,-26.916254084091072],[-48.6690031298047,-26.916055869633993],[-48.669100749927075,-26.916042084082772],[-48.66909486158249,-26.915980392606983],[-48.66932048654845,-26.915728119921543],[-48.669432067759395,-26.915748819922538],[-48.66956246285413,-26.91590450959262],[-48.66944251551246,-26.91598934385503],[-48.669473529904,-26.91655636424189],[-48.66978672706518,-26.916514083409584],[-48.669881474429666,-26.916640118799798],[-48.66981119905859,-26.91664665782988],[-48.669846047005485,-26.916901307882824],[-48.67000872831378,-26.91716961716085],[-48.67011303908429,-26.91857195701259],[-48.66963965665995,-26.9186206008607],[-48.669636683876284,-26.91883484732735],[-48.66977601079633,-26.9190860095382],[-48.673204106990696,-26.92144278671916]]]}},{"type":"Feature","id":"itajai-16","properties":{"id":"itajai-16","identificador_fonte":16,"nome_bruto":"Dom Bosco","nome":"Dom Bosco","fonte_id":"bairros","fonte_url":"https://arcgis.itajai.sc.gov.br/server/rest/services/Hosted/bairros_Itajai/FeatureServer/0"},"geometry":{"type":"Polygon","coordinates":[[[-48.683576021376886,-26.915609868015057],[-48.68380365054374,-26.916216346893467],[-48.6849040359944,-26.9171292553444],[-48.6853646507757,-26.91730210304734],[-48.6858034099305,-26.91761138249772],[-48.68682983437952,-26.91778780421932],[-48.68735378426967,-26.917973082558063],[-48.68815632536828,-26.918527705341724],[-48.68841840241838,-26.918771385710052],[-48.6885397166873,-26.91905835794417],[-48.688482943921905,-26.919348112528073],[-48.68819618622719,-26.919691095892468],[-48.687570225565246,-26.920142513346395],[-48.68651234766501,-26.920883231425364],[-48.68432554079431,-26.92272825357864],[-48.68378818801295,-26.92319820610855],[-48.68382430025259,-26.923609175931503],[-48.68393452459524,-26.923816173925832],[-48.68442585400824,-26.923930555210855],[-48.68442864665578,-26.92419453423806],[-48.68294240149707,-26.92473474488084],[-48.68305719079811,-26.925036901292074],[-48.682589159323896,-26.925067709911215],[-48.67907907056231,-26.925343642698696],[-48.67870618767213,-26.92524575871339],[-48.67619633540012,-26.92350084081341],[-48.673204106990696,-26.92144278671916],[-48.66977601079633,-26.9190860095382],[-48.669636683876284,-26.91883484732735],[-48.66963965665995,-26.9186206008607],[-48.67011303908429,-26.91857195701259],[-48.67000872831378,-26.91716961716085],[-48.669846047005485,-26.916901307882824],[-48.66981119905859,-26.91664665782988],[-48.669881474429666,-26.916640118799798],[-48.66978672706518,-26.916514083409584],[-48.669473529904,-26.91655636424189],[-48.66944251551246,-26.91598934385503],[-48.66956246285413,-26.91590450959262],[-48.670208280012446,-26.916675592839855],[-48.67102862423588,-26.916358555106527],[-48.671007774359225,-26.916212868784854],[-48.683576021376886,-26.915609868015057]]]}},{"type":"Feature","id":"itajai-32","properties":{"id":"itajai-32","identificador_fonte":32,"nome_bruto":"Arraial dos Cunha","nome":"Arraial dos Cunha","fonte_id":"bairros","fonte_url":"https://arcgis.itajai.sc.gov.br/server/rest/services/Hosted/bairros_Itajai/FeatureServer/0"},"geometry":{"type":"Polygon","coordinates":[[[-48.80139917015906,-26.966630584442974],[-48.80327413669499,-26.970041860920308],[-48.80422225045169,-26.971839301755512],[-48.80474529717638,-26.973388123797406],[-48.80540801845734,-26.974304138828135],[-48.805847744184575,-26.974852007728927],[-48.80680467201923,-26.97579232853162],[-48.80824122130475,-26.976945664293453],[-48.80824394460472,-26.977277372007602],[-48.808168514096536,-26.97785900901772],[-48.80816122172011,-26.978235308099137],[-48.80812101786597,-26.978449775786427],[-48.80801575954022,-26.97892134616263],[-48.807840717605345,-26.97927352575759],[-48.807714349133946,-26.979594200919482],[-48.80730795994986,-26.980104101752477],[-48.80708236823778,-26.980584552115587],[-48.80656639113898,-26.982248849364858],[-48.80612770720452,-26.982564657974557],[-48.80544981845315,-26.98282296546211],[-48.80468930902489,-26.98300470172017],[-48.80388220627522,-26.983110423476628],[-48.802606639260496,-26.98320883432709],[-48.80174052231042,-26.98134090703223],[-48.801179215255466,-26.9805470600112],[-48.800058693240636,-26.980088626486502],[-48.797167451284814,-26.979050363107643],[-48.795858758971214,-26.978384617071995],[-48.794883810834335,-26.98203964858693],[-48.79231723677455,-26.981840781428012],[-48.78946219015341,-26.9811280931862],[-48.785010584338714,-26.979781965773004],[-48.784482322018775,-26.979454606842587],[-48.7804308280534,-26.9745384324622],[-48.779313957885776,-26.97152212468842],[-48.77783640765323,-26.971314947430905],[-48.77574368291026,-26.970592815000018],[-48.774184539921265,-26.969866988217955],[-48.77380131746376,-26.969437793330254],[-48.77362608982945,-26.968608911002242],[-48.773436744286045,-26.96827949369965],[-48.77302673727002,-26.96818234348717],[-48.77022311886462,-26.968028278648088],[-48.76523988033459,-26.965742746390966],[-48.76522321285655,-26.9654117731828],[-48.765360333904255,-26.965003505407974],[-48.76552421029328,-26.964821313776987],[-48.765565014274316,-26.964737834526137],[-48.765607108088915,-26.96466839537878],[-48.76562598857383,-26.96463724857592],[-48.765693196283586,-26.964671161641583],[-48.765750576607296,-26.9647001133073],[-48.767060560218326,-26.964798462123262],[-48.76764535024508,-26.964822080189833],[-48.767696339765514,-26.96467575918792],[-48.767837821923194,-26.964412450818102],[-48.76856577933206,-26.963367364319346],[-48.768782822151266,-26.962988367305883],[-48.76883884757781,-26.962599605096184],[-48.76875329444013,-26.96162412626432],[-48.76859429789382,-26.9594598888016],[-48.768541592306846,-26.959271445931304],[-48.76816197923936,-26.95847412242403],[-48.76787632044614,-26.958245910618466],[-48.76825749011355,-26.957717981631077],[-48.768442145905375,-26.957345687763123],[-48.7683787537881,-26.955637073005256],[-48.76822436260214,-26.953397869491585],[-48.76740734637904,-26.9517112493525],[-48.76722617265027,-26.95131197063577],[-48.767090185971774,-26.951234876836814],[-48.76699345636386,-26.951107476197866],[-48.76711357422968,-26.95096722500672],[-48.76710661536689,-26.950815674936866],[-48.76718803005528,-26.950723429797883],[-48.76739711190504,-26.950470671532536],[-48.767592896248985,-26.949907445846392],[-48.7678196461473,-26.94943713267816],[-48.76823966097375,-26.94990064806498],[-48.76919795819043,-26.95036036958369],[-48.76965735924919,-26.950494389785934],[-48.7713046600424,-26.95061890678641],[-48.7719183059726,-26.950952942640534],[-48.77242278966748,-26.95136480686013],[-48.773554548758895,-26.95270792633928],[-48.77524954534266,-26.954271969409763],[-48.775615955085286,-26.954479063247202],[-48.776622158413666,-26.954640309594165],[-48.778112677384186,-26.954626527889793],[-48.77951200969141,-26.95442318203495],[-48.780689174360624,-26.954166310324435],[-48.78168133862078,-26.953783621946865],[-48.782413851766925,-26.953688584724453],[-48.78350444406006,-26.9536601396993],[-48.78513022587861,-26.95402460221366],[-48.78613744166862,-26.95444201318408],[-48.78664907193853,-26.954890469715245],[-48.78747366338209,-26.956023963815852],[-48.788181538114266,-26.95671663134973],[-48.79121883739109,-26.960431173226254],[-48.79210263474398,-26.96136016326789],[-48.793074844168125,-26.963045861609043],[-48.79365104994974,-26.96363593417726],[-48.79446178833499,-26.964189213565625],[-48.79549868441212,-26.964532980501897],[-48.796449233701956,-26.96512889615316],[-48.79850844726748,-26.966136206697783],[-48.79942416906684,-26.96657463178602],[-48.800151444833716,-26.966769386155026],[-48.80051161619439,-26.96695048907433],[-48.800724672322445,-26.966881039669374],[-48.80088455812244,-26.966701789798513],[-48.80139917015906,-26.966630584442974]]]}},{"type":"Feature","id":"itajai-17","properties":{"id":"itajai-17","identificador_fonte":17,"nome_bruto":"Limoeiro","nome":"Limoeiro","fonte_id":"bairros","fonte_url":"https://arcgis.itajai.sc.gov.br/server/rest/services/Hosted/bairros_Itajai/FeatureServer/0"},"geometry":{"type":"Polygon","coordinates":[[[-48.825643276924026,-27.074063016488452],[-48.82554400962741,-27.068278103584966],[-48.825138268246256,-27.059711235205764],[-48.82358789285069,-27.056782057547988],[-48.8222649565126,-27.05624169858487],[-48.82162343374842,-27.055447857430476],[-48.8197076662647,-27.05550990869928],[-48.81955699744578,-27.05269412722664],[-48.81741963730309,-27.05360898226155],[-48.81658768678004,-27.0524339934167],[-48.81601496145378,-27.045457132362788],[-48.816637996232316,-27.042827038042436],[-48.81691789973201,-27.04081115186711],[-48.81517270022816,-27.039194811427965],[-48.815954379258564,-27.034468584102235],[-48.81775889848153,-27.033015081261162],[-48.816685572443895,-27.02736738459373],[-48.81926298036613,-27.027642963500004],[-48.82207495767164,-27.027072702967025],[-48.82315002669282,-27.02698698979335],[-48.82494115269428,-27.025870547786727],[-48.82573698522465,-27.025232584809782],[-48.82591795248789,-27.02487188738404],[-48.82699987836856,-27.02439475518932],[-48.82736026520368,-27.023750727506755],[-48.82817733049244,-27.023420924174918],[-48.82860021061609,-27.022731074738044],[-48.82894563091329,-27.021358134298044],[-48.82935955763861,-27.020975353052332],[-48.830199566146646,-27.021065536484922],[-48.83084602404335,-27.020582325013628],[-48.83204012227193,-27.020340636938503],[-48.83260210137447,-27.019830015994007],[-48.83296233004896,-27.019210271850998],[-48.83300451107794,-27.018510463245008],[-48.83242611983737,-27.016916429179773],[-48.832412107417866,-27.016188455466686],[-48.832544664524036,-27.015255168309896],[-48.83344065257184,-27.013994071574395],[-48.83478720272972,-27.0150645174626],[-48.835715322881065,-27.015548385858793],[-48.83661939004707,-27.01645878283353],[-48.83747958584791,-27.016653436345614],[-48.84052716809489,-27.017639415025975],[-48.842197061465725,-27.017970972423672],[-48.84268273069746,-27.01774857083194],[-48.84298781003019,-27.017579341270128],[-48.84355557030077,-27.017507331843166],[-48.8445385200142,-27.017937431261487],[-48.8451078192185,-27.01778474214132],[-48.84554457947392,-27.017157341012364],[-48.84623363932208,-27.016798961960042],[-48.84769316992912,-27.01721327155744],[-48.84858649997691,-27.01761890095066],[-48.84876055956353,-27.01929325094626],[-48.848747250460804,-27.02269405201363],[-48.849996619497595,-27.02468457182675],[-48.85179664935544,-27.026153172049902],[-48.85291267003805,-27.02771506118482],[-48.855473387506564,-27.030329812478737],[-48.85632080420892,-27.03125770540514],[-48.856755042375134,-27.03278495301056],[-48.85709643930404,-27.033285027984366],[-48.857601382368436,-27.033512007846006],[-48.858425304891895,-27.033557757592813],[-48.86016048567484,-27.03322325233569],[-48.862024167680296,-27.03313552977454],[-48.864562514906346,-27.033685864613663],[-48.86591457533149,-27.03488667978529],[-48.86724702221147,-27.0365270462302],[-48.867173937192874,-27.036674112874287],[-48.86715156468575,-27.036795009077345],[-48.86716501297018,-27.036880525782784],[-48.86712357652289,-27.0369472500915],[-48.86700215244379,-27.03699480137476],[-48.86702132764536,-27.03757432421331],[-48.86670878782562,-27.03763693794944],[-48.86667518497728,-27.03782052543437],[-48.86628877959596,-27.037805685951447],[-48.865464740781384,-27.03756418597997],[-48.86534407986249,-27.03757133589233],[-48.86509153921329,-27.037913247515416],[-48.865040781962556,-27.037941560741615],[-48.86503380747313,-27.038044728900495],[-48.864816153209816,-27.03840063980984],[-48.86458240766338,-27.03854526735953],[-48.864411457472585,-27.03855614295112],[-48.86421659192457,-27.038503792744283],[-48.864129817375755,-27.038552580388732],[-48.864102204008205,-27.038951993161913],[-48.86379749883673,-27.039272849354543],[-48.86253867205118,-27.040215428014456],[-48.86266522945282,-27.043706373231263],[-48.86152607403392,-27.043583878423423],[-48.860995343463806,-27.044102068237464],[-48.86081532088483,-27.04411415843973],[-48.860469581486335,-27.04397858536231],[-48.86001152248008,-27.043972282699546],[-48.85964726573418,-27.04414543122772],[-48.85962739887001,-27.044575360972036],[-48.859225529338325,-27.044861801159122],[-48.859006934046015,-27.044936183236878],[-48.858592412621945,-27.044870585703872],[-48.85843843200823,-27.044909305279493],[-48.858120947600675,-27.045474995555395],[-48.85760245384093,-27.045998268995234],[-48.85618862399059,-27.045827873469964],[-48.855490583105976,-27.04617599307208],[-48.85506050759096,-27.049267480002452],[-48.854528818891716,-27.05009125621835],[-48.85446153829575,-27.050398933767283],[-48.854520674517836,-27.050601003952835],[-48.8547561945935,-27.050835754941403],[-48.854805031771384,-27.052013238189463],[-48.85462855227541,-27.052251141726614],[-48.85362910346838,-27.052651024057365],[-48.853233761808234,-27.05289137913317],[-48.853047464214185,-27.053795854642786],[-48.85287561759892,-27.054128340225425],[-48.85184589523246,-27.054747024336013],[-48.85173915739483,-27.055319476265012],[-48.851554064057375,-27.055443760773127],[-48.85057163832718,-27.055629559213127],[-48.85050763081705,-27.055774520473452],[-48.850472171911576,-27.05710102531447],[-48.85003838098031,-27.05702316295426],[-48.84955493389436,-27.05739608159981],[-48.84920894332522,-27.05790630187726],[-48.84891968825833,-27.058875306553897],[-48.84768127466962,-27.05982344841973],[-48.84679458713764,-27.060940531482526],[-48.846718523968136,-27.06115246096402],[-48.846737570911635,-27.06171006283151],[-48.84657745212978,-27.06232483062891],[-48.845492304696826,-27.063715236050815],[-48.845194923930286,-27.064266937827888],[-48.844920282183395,-27.06506425374758],[-48.84491917069301,-27.065417687196234],[-48.84466911436298,-27.06622819701744],[-48.843887815192794,-27.067703860992633],[-48.842934074752016,-27.06802996532015],[-48.84014821768151,-27.068645097519557],[-48.83892776563079,-27.069907454058253],[-48.83720485248676,-27.070792391208116],[-48.836962451038694,-27.07108883863558],[-48.83652816265498,-27.072009472853242],[-48.83597535675214,-27.072657619924463],[-48.83588871197577,-27.073043960179525],[-48.83597260722363,-27.07410823823923],[-48.83590125586711,-27.074696524055195],[-48.83528032219192,-27.074650840122743],[-48.83449882520364,-27.07446161929153],[-48.8342234327871,-27.074276801928022],[-48.833623475033434,-27.073596983511266],[-48.83341292823835,-27.073553443954772],[-48.833063863106375,-27.073695196239772],[-48.83188395505951,-27.073790192531884],[-48.831455584529415,-27.07378340110278],[-48.83086188624264,-27.07359744129812],[-48.83054865466461,-27.073574046959155],[-48.82954770707563,-27.074017170949364],[-48.827978038868515,-27.074296792865688],[-48.8262077795036,-27.074160614714554],[-48.825643276924026,-27.074063016488452]]]}},{"type":"Feature","id":"itajai-18","properties":{"id":"itajai-18","identificador_fonte":18,"nome_bruto":"Centro","nome":"Centro","fonte_id":"bairros","fonte_url":"https://arcgis.itajai.sc.gov.br/server/rest/services/Hosted/bairros_Itajai/FeatureServer/0"},"geometry":{"type":"Polygon","coordinates":[[[-48.66621491138722,-26.89856232925802],[-48.66642792427412,-26.898812216736303],[-48.668416284850636,-26.900563938196985],[-48.668901574778275,-26.900962063286233],[-48.667637072747304,-26.901573579532766],[-48.6682427535243,-26.90229878655266],[-48.668476506519575,-26.90251055250748],[-48.66873370566617,-26.9026141135039],[-48.66902649662074,-26.905580074561097],[-48.66958245806747,-26.9101890032819],[-48.669270475274004,-26.910186417856014],[-48.66923137546144,-26.910278162614095],[-48.66810310119443,-26.91168837278218],[-48.66759914562474,-26.912171947384085],[-48.668587225204604,-26.913344004656885],[-48.66803390556027,-26.914079121182176],[-48.669432067759395,-26.915748819922538],[-48.66932048654845,-26.915728119921543],[-48.66909486158249,-26.915980392606983],[-48.669100749927075,-26.916042084082772],[-48.6690031298047,-26.916055869633993],[-48.668961837753464,-26.916254084091072],[-48.66875587539142,-26.916663873659665],[-48.668130968805016,-26.916737597451768],[-48.66740532883692,-26.91624568595931],[-48.667322820136356,-26.916359810863067],[-48.66707392921291,-26.91621197772914],[-48.66700699697622,-26.916264765800697],[-48.66714235184561,-26.916399814466388],[-48.66664094096829,-26.916919730813287],[-48.66568466190473,-26.91626085089416],[-48.66333304130127,-26.9146180940744],[-48.662402980126934,-26.91403095345524],[-48.66197667248657,-26.913817843309467],[-48.661084506915074,-26.913502340077326],[-48.661392098010566,-26.913078968794704],[-48.653864171892366,-26.910367238298356],[-48.648861731918835,-26.909407816773733],[-48.649590782268966,-26.908734961385203],[-48.650258090762456,-26.907951844027977],[-48.65122750138919,-26.906612879192554],[-48.652973638967026,-26.904511936426942],[-48.65478871158078,-26.902799685129327],[-48.655539808886765,-26.902194428453424],[-48.65657951275218,-26.901503492681307],[-48.65933433798577,-26.900096281932218],[-48.660405784088425,-26.899730916186645],[-48.66349773235562,-26.899209103865843],[-48.66536228601754,-26.898802387474674],[-48.66621491138722,-26.89856232925802]]]}},{"type":"Feature","id":"itajai-19","properties":{"id":"itajai-19","identificador_fonte":19,"nome_bruto":"Salseiros","nome":"Salseiros","fonte_id":"bairros","fonte_url":"https://arcgis.itajai.sc.gov.br/server/rest/services/Hosted/bairros_Itajai/FeatureServer/0"},"geometry":{"type":"Polygon","coordinates":[[[-48.71952622942561,-26.844557385947944],[-48.72431399704511,-26.848436499760798],[-48.72606917719931,-26.850753999956613],[-48.7266746774605,-26.85300810616823],[-48.728029364094304,-26.860346526382394],[-48.72911374803679,-26.86368561969391],[-48.73020266893661,-26.866800341446616],[-48.73004792406422,-26.869535981631483],[-48.72132090384624,-26.890187712813713],[-48.716832891442486,-26.891266226596155],[-48.71558784007093,-26.891455363964223],[-48.714138718611714,-26.891241662973037],[-48.71411169766093,-26.888368461415716],[-48.71228472263252,-26.886902493105975],[-48.71160548801101,-26.885864142064577],[-48.71122409552264,-26.884259868270757],[-48.71120576152461,-26.88253781650829],[-48.710363310198005,-26.878283982048277],[-48.709946452146916,-26.877717178001696],[-48.70887391110418,-26.876986349624612],[-48.709913088612524,-26.87595207450496],[-48.71070327397199,-26.87506931944648],[-48.71088204471865,-26.874835956923196],[-48.711033347915404,-26.87500327034359],[-48.712700046188196,-26.87613119522744],[-48.71438702320931,-26.876893678745525],[-48.71564443332455,-26.877281257749754],[-48.716834175961665,-26.877509361486247],[-48.718288702853066,-26.87767005132914],[-48.71927776488976,-26.877651152257314],[-48.720014013652246,-26.877461663757202],[-48.72067796551656,-26.877149441977192],[-48.72148191489695,-26.876633434954407],[-48.722712522584104,-26.875670334017997],[-48.723509697276775,-26.875003400178397],[-48.72467718135611,-26.872984630690425],[-48.72545658650265,-26.87135559859681],[-48.72601573753804,-26.86981730777663],[-48.726409666108616,-26.868393374349157],[-48.7265042905148,-26.867445472998046],[-48.72641013021632,-26.86635188654194],[-48.72612925677762,-26.86527922659598],[-48.72540967832353,-26.86380461477597],[-48.72089799984032,-26.85728687887924],[-48.72008417525535,-26.85587599223918],[-48.71941376891162,-26.854461961466523],[-48.71901497372733,-26.853225838711264],[-48.71875657468595,-26.851784010104954],[-48.718390800108814,-26.84848782654124],[-48.718400667051235,-26.84720414274256],[-48.71868119344245,-26.846169124331034],[-48.71952622942561,-26.844557385947944]]]}},{"type":"Feature","id":"itajai-20","properties":{"id":"itajai-20","identificador_fonte":20,"nome_bruto":"Campeche","nome":"Campeche","fonte_id":"bairros","fonte_url":"https://arcgis.itajai.sc.gov.br/server/rest/services/Hosted/bairros_Itajai/FeatureServer/0"},"geometry":{"type":"Polygon","coordinates":[[[-48.855473387506564,-27.030329812478737],[-48.85291267003805,-27.02771506118482],[-48.85179664935544,-27.026153172049902],[-48.849996619497595,-27.02468457182675],[-48.848747250460804,-27.02269405201363],[-48.84876055956353,-27.01929325094626],[-48.84858649997691,-27.01761890095066],[-48.84769316992912,-27.01721327155744],[-48.84623363932208,-27.016798961960042],[-48.84554457947392,-27.017157341012364],[-48.8451078192185,-27.01778474214132],[-48.8445385200142,-27.017937431261487],[-48.84355557030077,-27.017507331843166],[-48.84298781003019,-27.017579341270128],[-48.84268273069746,-27.01774857083194],[-48.842197061465725,-27.017970972423672],[-48.84052716809489,-27.017639415025975],[-48.83747958584791,-27.016653436345614],[-48.83661939004707,-27.01645878283353],[-48.835715322881065,-27.015548385858793],[-48.83478720272972,-27.0150645174626],[-48.83344065257184,-27.013994071574395],[-48.83284109690379,-27.013486881872186],[-48.832308052484585,-27.012695891749527],[-48.83221147459364,-27.01167672237726],[-48.83259960493889,-27.01128832366891],[-48.83359762465976,-27.009368383088447],[-48.833986519576506,-27.00814345792941],[-48.833733843665364,-27.00723595559443],[-48.83228753286035,-27.00602547776469],[-48.8296142854653,-27.00432590297901],[-48.82870797803427,-27.003394666765452],[-48.828405372372394,-27.002963607656245],[-48.82898566618222,-26.999766081808346],[-48.8316535276132,-26.994024784455334],[-48.8338565378386,-26.992425560651355],[-48.8370571570969,-26.988831754077648],[-48.838566835178725,-26.985614592749943],[-48.8389707511954,-26.982665606613473],[-48.83736900583803,-26.978470798480505],[-48.835309542766204,-26.97561360324988],[-48.8348911403279,-26.974777649819995],[-48.83725422100559,-26.97183437444611],[-48.838420843516616,-26.969832167947967],[-48.83914704262406,-26.968018689791815],[-48.838924058312855,-26.96411144432151],[-48.84319388784938,-26.96362425073889],[-48.85136604038415,-26.98022581820285],[-48.85587623898862,-26.991582288056858],[-48.856446623545,-26.991609759337315],[-48.85694990309333,-26.99188890451389],[-48.85788163958328,-26.9930715799499],[-48.85856797050071,-26.993642038658027],[-48.8595880142074,-26.994966594502745],[-48.8609938091346,-26.996472169586244],[-48.86239212961253,-26.99782112891807],[-48.863843558860445,-26.998999260395625],[-48.86431959510036,-26.999800055652617],[-48.86439659186055,-27.00013179038887],[-48.8643590651395,-27.000676074237823],[-48.864969806635884,-27.00201771949751],[-48.865240966201924,-27.00239108997444],[-48.86525928267909,-27.002576991466505],[-48.86568818787541,-27.00317401381195],[-48.86586895063141,-27.003625380590144],[-48.865855861186226,-27.003765959576956],[-48.86600730532771,-27.003854864834633],[-48.86602527987681,-27.004261742601567],[-48.86641997611523,-27.004569437420752],[-48.86717561511837,-27.005725984642204],[-48.86769714602722,-27.006361266790382],[-48.867387062939706,-27.007458523593087],[-48.86828243757567,-27.008594141720117],[-48.86877801226995,-27.010180337332063],[-48.868837812815656,-27.011257240181077],[-48.86852378496648,-27.011878373639746],[-48.86730624967056,-27.012579922258098],[-48.86687761468744,-27.012996294176947],[-48.86629220506515,-27.01333439833466],[-48.86596250050015,-27.01403956441918],[-48.865375456378196,-27.014489771802673],[-48.865124286680974,-27.014881355098005],[-48.86467883925196,-27.01532651012315],[-48.864733115541654,-27.016323245604006],[-48.86461547822578,-27.018644252042446],[-48.864412391917064,-27.01985078408591],[-48.86429958639724,-27.020100111636374],[-48.863660774837086,-27.02032951544607],[-48.862573004975076,-27.02094365772561],[-48.8618297675837,-27.021158089416264],[-48.8600123850705,-27.021305660991096],[-48.85775634908366,-27.021726800177237],[-48.857694398488015,-27.022194247134184],[-48.85807468016122,-27.022362711309235],[-48.85810701662923,-27.022444947691405],[-48.85800393616624,-27.022520223605266],[-48.857413885172825,-27.022514888272053],[-48.857635858363594,-27.023388011389773],[-48.85722312040029,-27.023774123224456],[-48.85716687617631,-27.024234794989084],[-48.85700823543316,-27.024258099325543],[-48.856807616846375,-27.024141902770488],[-48.85474271318284,-27.024803611186726],[-48.85417642459214,-27.025191624213086],[-48.853568189827406,-27.02538038494199],[-48.8531808685844,-27.02579421221806],[-48.85303792060172,-27.026624777381787],[-48.85310677005324,-27.02684853941788],[-48.853678302033344,-27.02796538479867],[-48.85396668894759,-27.028337666112517],[-48.85439664855689,-27.028536915814957],[-48.85545581546305,-27.028673244711914],[-48.85613745732941,-27.029050769027478],[-48.85627378666212,-27.029386347456146],[-48.856221353202116,-27.029711438623536],[-48.85603783364758,-27.02992641790854],[-48.855473387506564,-27.030329812478737]]]}},{"type":"Feature","id":"itajai-21","properties":{"id":"itajai-21","identificador_fonte":21,"nome_bruto":"Fazendinha","nome":"Fazendinha","fonte_id":"bairros","fonte_url":"https://arcgis.itajai.sc.gov.br/server/rest/services/Hosted/bairros_Itajai/FeatureServer/0"},"geometry":{"type":"Polygon","coordinates":[[[-48.64944444496303,-26.93833335485428],[-48.6485376040984,-26.937011722881156],[-48.64800462920438,-26.93674342342043],[-48.64710139849592,-26.936680967246886],[-48.64535621032505,-26.936054931595063],[-48.64495388655986,-26.936384509916014],[-48.643603605982946,-26.936774171875058],[-48.64325370266041,-26.938013896031244],[-48.641388888701094,-26.937222243468135],[-48.639401330974124,-26.935991678387506],[-48.63820952230128,-26.935641292743494],[-48.63777777784585,-26.93472224309567],[-48.637656712257964,-26.93441706529046],[-48.63771642241301,-26.933912949040245],[-48.637950726129475,-26.933402049424167],[-48.63810848041722,-26.93314955747178],[-48.63816289963182,-26.932977341756754],[-48.63816650688384,-26.932804275178537],[-48.63812965439373,-26.932621419439617],[-48.63815444121002,-26.93240770457658],[-48.638457882742216,-26.93199363616929],[-48.63888654914347,-26.93166822718672],[-48.63952519055533,-26.930907515087217],[-48.63966034997383,-26.930059793495822],[-48.64008735281349,-26.928946843827593],[-48.64021067975731,-26.92812761820825],[-48.64011174891431,-26.92677872940943],[-48.640029426359746,-26.925506237817885],[-48.64052933329641,-26.92507597659107],[-48.64101563080413,-26.9245449288441],[-48.64138888914086,-26.92416668857402],[-48.641547321363376,-26.924235722461866],[-48.641603608294304,-26.92428083572341],[-48.6416241365424,-26.92436382205361],[-48.641567182275544,-26.924656398459216],[-48.641591150339494,-26.924956026387978],[-48.641625416313786,-26.925066316625376],[-48.641670658798084,-26.925183914011633],[-48.64174524478839,-26.925266379976954],[-48.642000066424075,-26.925396030883167],[-48.64218162356929,-26.925456061040123],[-48.642338586029055,-26.925475782365734],[-48.64248708149326,-26.925444066942056],[-48.64263607949782,-26.925388135319945],[-48.642900151764785,-26.925225836407783],[-48.643061773152226,-26.925174389963235],[-48.64319357758185,-26.925180866685697],[-48.64330721993893,-26.925219812009047],[-48.64347920449365,-26.925358050883066],[-48.64372452363727,-26.92548611422488],[-48.644256459024945,-26.92566741064235],[-48.6445683229984,-26.925729612782934],[-48.64499054438456,-26.925759460382785],[-48.64544668867431,-26.925839744045845],[-48.64600063976217,-26.92603279994827],[-48.646452587493634,-26.925473231275888],[-48.64655164964105,-26.92537229173848],[-48.646700409291,-26.92532775196817],[-48.64685681960605,-26.925297588810782],[-48.64808316602557,-26.92572128413591],[-48.648201833441085,-26.925659790020358],[-48.6501971206577,-26.92734384995065],[-48.64969125168421,-26.929902109588063],[-48.64944444489664,-26.93083335449821],[-48.6498268582382,-26.932530151838346],[-48.649908546602624,-26.936123133869117],[-48.64944444496303,-26.93833335485428]]]}},{"type":"Feature","id":"itajai-22","properties":{"id":"itajai-22","identificador_fonte":22,"nome_bruto":"Murta","nome":"Murta","fonte_id":"bairros","fonte_url":"https://arcgis.itajai.sc.gov.br/server/rest/services/Hosted/bairros_Itajai/FeatureServer/0"},"geometry":{"type":"Polygon","coordinates":[[[-48.71088204471865,-26.874835956923196],[-48.71070327397199,-26.87506931944648],[-48.709913088612524,-26.87595207450496],[-48.70887391110418,-26.876986349624612],[-48.70739128154024,-26.87607763574525],[-48.70659519173237,-26.87584117007564],[-48.70606074675915,-26.87578017367867],[-48.7054060109102,-26.875897957478408],[-48.70506207262811,-26.876120669540352],[-48.704749082174914,-26.87638668829512],[-48.70407456032646,-26.877745517846936],[-48.70374845945632,-26.87813498364683],[-48.70292366931995,-26.878530607004727],[-48.70051327922505,-26.879699465437614],[-48.69991828444928,-26.879746851499107],[-48.699268144290606,-26.879636382297875],[-48.69780706626551,-26.879236834618673],[-48.69742087997799,-26.8789261425306],[-48.697573963403514,-26.878438748724072],[-48.69785969353631,-26.87794875988803],[-48.698250307509234,-26.87777914603948],[-48.69834005365107,-26.87753804211334],[-48.69829580036588,-26.87710450641505],[-48.697960709427946,-26.876628180617836],[-48.69760614881732,-26.87632751737803],[-48.697284945324256,-26.87621288850636],[-48.696707320503684,-26.876189202515327],[-48.69634408695935,-26.876316453325455],[-48.69533854319838,-26.876471273598394],[-48.694910819845546,-26.876378683441114],[-48.69454382640772,-26.876429768049146],[-48.69383441074145,-26.876889051077075],[-48.693680066077114,-26.877176660084977],[-48.69354393631838,-26.87761200691441],[-48.6929881717724,-26.87807855073013],[-48.69261565740673,-26.878662234421856],[-48.69156824630481,-26.879007287815035],[-48.69133767795389,-26.879087982196094],[-48.691290827664076,-26.87873025856551],[-48.69111921588273,-26.878155017562452],[-48.689491335013564,-26.87500044963437],[-48.68889464619025,-26.87314555499879],[-48.68818173480798,-26.871270509207015],[-48.688009711587846,-26.87047050076111],[-48.68804339998756,-26.86963334730452],[-48.68820636287373,-26.869037577190536],[-48.68854231986902,-26.868339556258537],[-48.68986072467252,-26.86636492733501],[-48.69105981409845,-26.86521502582592],[-48.692450465139146,-26.86432255545557],[-48.69355224228924,-26.863865252062695],[-48.69467153901006,-26.86355067947798],[-48.695500463459844,-26.86344952406034],[-48.69676678264813,-26.863455732756297],[-48.69826648317918,-26.86365385973995],[-48.70019107662092,-26.864053814178586],[-48.701275359857235,-26.86440291033652],[-48.70232393201598,-26.864909692067993],[-48.70427964741809,-26.866270746675845],[-48.705699374411914,-26.867642833420803],[-48.70698546793391,-26.869396594640826],[-48.708872994206885,-26.872483972944043],[-48.7096476903978,-26.873470963064474],[-48.71088204471865,-26.874835956923196]]]}},{"type":"Feature","id":"itajai-23","properties":{"id":"itajai-23","identificador_fonte":23,"nome_bruto":"Brilhante II","nome":"Brilhante II","fonte_id":"bairros","fonte_url":"https://arcgis.itajai.sc.gov.br/server/rest/services/Hosted/bairros_Itajai/FeatureServer/0"},"geometry":{"type":"Polygon","coordinates":[[[-48.78850713486688,-27.097101547227926],[-48.78730252438196,-27.096900172744423],[-48.78685083905463,-27.09644515581239],[-48.785579744117946,-27.0954312427683],[-48.78526216001522,-27.095400444239477],[-48.78420210657489,-27.095620068704005],[-48.78415136272939,-27.09546927306972],[-48.784215286071145,-27.09432394378844],[-48.78433647724619,-27.09380636001324],[-48.78455558329502,-27.093333583620872],[-48.78443629867672,-27.09286513858971],[-48.7841696406201,-27.092538364974395],[-48.784056822933785,-27.09213907534139],[-48.78419675330387,-27.09172347871549],[-48.78426609370665,-27.09071960933781],[-48.78439282323804,-27.09014817931421],[-48.78422207440033,-27.089526145831886],[-48.78372571389057,-27.08887199314806],[-48.783533069083234,-27.08801164381975],[-48.783357613279065,-27.087826491655875],[-48.782983861929836,-27.08769948785719],[-48.78292072170364,-27.08757353925477],[-48.7829639639299,-27.087100900976022],[-48.78331522508871,-27.08630188149804],[-48.78369741287488,-27.08568827698491],[-48.78366456951184,-27.08526742549692],[-48.78306239162282,-27.08442565757928],[-48.782724521959416,-27.083799167432982],[-48.78224947178329,-27.083317947661808],[-48.78197010194086,-27.08269041455855],[-48.7813477011882,-27.0823069145208],[-48.781164117058516,-27.08191896582123],[-48.78059044030497,-27.081252200366528],[-48.780327130122416,-27.08106001531478],[-48.77974218812777,-27.08081414908118],[-48.779406551640086,-27.0805350906138],[-48.77874617677967,-27.08085230561528],[-48.77807636115321,-27.08092798733409],[-48.77744842847636,-27.079815673211044],[-48.7772646551548,-27.079234081344488],[-48.77725018743198,-27.07872518721494],[-48.77685490880548,-27.078375628097618],[-48.77638147002782,-27.0782619524354],[-48.77620994072843,-27.076693239997816],[-48.777139273394106,-27.074602065309726],[-48.777531907141274,-27.074149113423704],[-48.77763970970776,-27.07376556947203],[-48.7776449481914,-27.073084618693013],[-48.77743619783574,-27.07264988121822],[-48.777001646288404,-27.072105864164058],[-48.77696769372584,-27.071949480480917],[-48.77705462633608,-27.071612037838655],[-48.777388347602404,-27.07120355089663],[-48.77762388418898,-27.070651567114812],[-48.777032828730206,-27.069774933640026],[-48.777175356819335,-27.06945955853579],[-48.77706016308726,-27.06900293561151],[-48.77714936916311,-27.068791205612033],[-48.7771515602712,-27.06844789324285],[-48.7773708436215,-27.067994452731288],[-48.77743523803687,-27.067650046316402],[-48.77690107228217,-27.066926244132155],[-48.77683959583356,-27.06670717593992],[-48.77691082739316,-27.066421883673033],[-48.77743000645709,-27.065708946472494],[-48.77745808543901,-27.064772007887385],[-48.77738441739205,-27.064230580435193],[-48.77777442319901,-27.063364569383403],[-48.77785210807205,-27.06285241735244],[-48.77728017532788,-27.061660079614878],[-48.77678717010698,-27.061122254848716],[-48.77655693809455,-27.06107029336175],[-48.77633466680452,-27.06130015913244],[-48.77609358088123,-27.061368724347556],[-48.77548068244191,-27.0610094347688],[-48.77494680543603,-27.061136790401445],[-48.77469767237767,-27.060931116616903],[-48.774555226147974,-27.06065255805874],[-48.774599395400884,-27.060390504351673],[-48.7749070182352,-27.060282719181387],[-48.775025293509266,-27.06016152916556],[-48.77516872660393,-27.059667721058823],[-48.7758435328944,-27.059256580837335],[-48.77632858279927,-27.059193711666353],[-48.77656572153837,-27.058980857319927],[-48.77637523794031,-27.0585176123373],[-48.77587153476416,-27.057850617683254],[-48.77599367484115,-27.05756243693262],[-48.775924868147634,-27.057167833181577],[-48.775770583673875,-27.05698921728029],[-48.77552963770796,-27.056888226333296],[-48.7757175837184,-27.056691775857946],[-48.77586530745808,-27.056028815803842],[-48.77579767177411,-27.055445827631054],[-48.775610690935146,-27.05529993624889],[-48.77512421837066,-27.05525974930426],[-48.77474829451371,-27.055372032879447],[-48.77416695351717,-27.055712742933874],[-48.77367380130392,-27.055791411565302],[-48.773583418148796,-27.053934579096826],[-48.773460572141424,-27.052503800786205],[-48.77339009013446,-27.050636409175752],[-48.77360068843567,-27.049809477800306],[-48.77378184819388,-27.04828696979332],[-48.773330902994815,-27.04598211359668],[-48.7719316962917,-27.041333393107358],[-48.77154865002973,-27.041057005393885],[-48.76943563910074,-27.040946282686633],[-48.76824044860629,-27.0409210585207],[-48.76548891946216,-27.036328458819913],[-48.76626846333399,-27.035238924444734],[-48.77084918323986,-27.033074083090284],[-48.77265421165904,-27.032511377946616],[-48.77405491956329,-27.031384744639762],[-48.7771123611781,-27.030918507607392],[-48.778369225984115,-27.030380852097817],[-48.77927074272025,-27.02966863478869],[-48.77930763216054,-27.02779396583346],[-48.779549918638466,-27.026081138547912],[-48.78023257334881,-27.024013925206],[-48.78072311743138,-27.02211262204512],[-48.78072292287439,-27.020242555091222],[-48.780549823540994,-27.018482831076444],[-48.779189662861306,-27.015640051064832],[-48.778998050362816,-27.01471609721225],[-48.779186189322054,-27.01378988628425],[-48.7807748196551,-27.01080361840033],[-48.78132522042324,-27.008734306871187],[-48.78139461859867,-27.003267631159765],[-48.782012695939244,-27.000630964390044],[-48.782539813794976,-26.999743872027043],[-48.782652402484274,-26.998816462670717],[-48.78110758654569,-26.997620409571198],[-48.78233929575556,-26.99733627893449],[-48.78268835919992,-26.997288851485074],[-48.78397709271511,-26.996633317452154],[-48.78426865203981,-26.996586463823576],[-48.78525192149878,-26.996757804441845],[-48.786183489763324,-26.996564415384732],[-48.78747319954988,-26.995908882251303],[-48.79026922372701,-26.995277380567995],[-48.791431355785605,-26.995243704678888],[-48.792786930138575,-26.99412149499818],[-48.79578069962076,-26.99396270209359],[-48.79626549211367,-26.993735454475726],[-48.797817290115454,-26.99206867407077],[-48.79912879387539,-26.99150843575089],[-48.79931059125212,-26.99129633864622],[-48.80002443075785,-26.99124540131724],[-48.800537721420746,-26.991053940849056],[-48.80087101610455,-26.991175139106623],[-48.80128006008683,-26.991887177524145],[-48.80128538375762,-26.992566672059077],[-48.8013255106354,-26.992932513295656],[-48.80136221564334,-26.9931494021844],[-48.80084527003845,-26.99340504215018],[-48.800646796911224,-26.99360472002128],[-48.80063006685,-26.99405626150449],[-48.80095091971133,-26.99440496338085],[-48.80106516705432,-26.99462213979977],[-48.80092882015931,-26.994825789545253],[-48.800067232988525,-26.99522500370514],[-48.7996180141002,-26.99575552359147],[-48.79877340530226,-26.996407221030164],[-48.798205288392126,-26.996622462878],[-48.797942363276974,-26.997033676423683],[-48.79790454147442,-26.997382622436568],[-48.79809676203123,-26.997912136156938],[-48.79809469626729,-26.99878687236138],[-48.798356198504884,-26.99904023447632],[-48.79867359810036,-26.999084455451328],[-48.79933544231936,-26.998543387949397],[-48.79999884495927,-26.998311814950984],[-48.80038982914748,-26.99834122412591],[-48.80061347788293,-26.99876517614961],[-48.80079350899453,-26.999377296744456],[-48.801249009135205,-26.999800616115845],[-48.8018998328647,-27.00023411897779],[-48.802263902945235,-27.000709390828135],[-48.80251516275288,-27.001880172237243],[-48.80358231033762,-27.003166848735273],[-48.80404486626614,-27.003480009388408],[-48.807859378333006,-27.003795586363488],[-48.808631086570884,-27.004142004623557],[-48.80853056790991,-27.005229037948986],[-48.80829428615117,-27.00594397651627],[-48.808228775112454,-27.00727346332727],[-48.808376629216795,-27.00825052131139],[-48.80823750078649,-27.009280032133585],[-48.807175740194204,-27.010778994561193],[-48.806647129253165,-27.011411109707083],[-48.80614613053743,-27.01225710334305],[-48.80561025619525,-27.012853526396512],[-48.80479069704843,-27.013331682918427],[-48.80446314372214,-27.014244409384624],[-48.80437434540766,-27.01462367627739],[-48.80387303852707,-27.01548388534944],[-48.803845755322534,-27.015661334703978],[-48.80721124205372,-27.019075638769078],[-48.808936095744635,-27.021891580204844],[-48.810071159407805,-27.020713925212966],[-48.81115843479769,-27.020360858359172],[-48.81225100692966,-27.021373946810836],[-48.81255083544746,-27.023940010652158],[-48.81421896510947,-27.02641349215837],[-48.816685572443895,-27.02736738459373],[-48.81775889848153,-27.033015081261162],[-48.815954379258564,-27.034468584102235],[-48.81517270022816,-27.039194811427965],[-48.81691789973201,-27.04081115186711],[-48.816637996232316,-27.042827038042436],[-48.81601496145378,-27.045457132362788],[-48.81658768678004,-27.0524339934167],[-48.81741963730309,-27.05360898226155],[-48.81955699744578,-27.05269412722664],[-48.8197076662647,-27.05550990869928],[-48.82162343374842,-27.055447857430476],[-48.8222649565126,-27.05624169858487],[-48.82358789285069,-27.056782057547988],[-48.825138268246256,-27.059711235205764],[-48.82554400962741,-27.068278103584966],[-48.825643276924026,-27.074063016488452],[-48.82460066965867,-27.073882753412573],[-48.82424650880115,-27.074002204591796],[-48.823841594962914,-27.074381161931928],[-48.8234250233245,-27.07450620376161],[-48.82162522081994,-27.07446957664527],[-48.82111948322721,-27.074974109489258],[-48.82040192639692,-27.075461681543835],[-48.81940602525862,-27.076289990501937],[-48.8183327939742,-27.07758033044594],[-48.81765603983908,-27.078024184192195],[-48.81656979767925,-27.07895346415502],[-48.81550145392169,-27.07970080134326],[-48.815428663149696,-27.080100097858168],[-48.81489096731378,-27.081007014792657],[-48.8148781351974,-27.081597131945507],[-48.814973718267574,-27.082030428174857],[-48.81534218805905,-27.082467689880726],[-48.815642080005986,-27.08327067875762],[-48.81561147492396,-27.083413144894116],[-48.814461641842264,-27.083848438579626],[-48.81359528492689,-27.084485711937916],[-48.81290687152591,-27.08474093440437],[-48.81173425225636,-27.084832267873796],[-48.810906266329724,-27.084448384458213],[-48.81072533102623,-27.08451958363086],[-48.810464032915476,-27.084813518290012],[-48.80957391551422,-27.08512419297193],[-48.80954839542858,-27.085345284947753],[-48.809152711556486,-27.085749280537865],[-48.80789780397669,-27.086534485968077],[-48.807480007175876,-27.08700887690188],[-48.80721913950511,-27.08909023542654],[-48.80685885566756,-27.08973534689841],[-48.80659579510586,-27.089982730269075],[-48.80589279706547,-27.090361501870444],[-48.80517881639709,-27.090610169529388],[-48.804251599820766,-27.090691464990766],[-48.80323541139912,-27.091023714470282],[-48.80279609838796,-27.091324698065854],[-48.802554084046164,-27.09137410560581],[-48.801608880985114,-27.091312637450955],[-48.800707913085674,-27.091424431169592],[-48.800296366005576,-27.091731476127954],[-48.79996528627647,-27.092289996496103],[-48.79946688278429,-27.092536617402974],[-48.79912759790849,-27.092952933411656],[-48.79854807905432,-27.093388448072332],[-48.79789586048594,-27.093575493853084],[-48.797337313504876,-27.09345103487851],[-48.79711520248506,-27.093476086101663],[-48.794895737127256,-27.094584068081904],[-48.794309227506055,-27.094688027442132],[-48.79343947171621,-27.0944075930174],[-48.792933439062395,-27.094375388719058],[-48.792532183092966,-27.09459405306465],[-48.79203759291897,-27.095100702783583],[-48.79148425140891,-27.095382060139748],[-48.79119647484053,-27.096149911888613],[-48.790642476769506,-27.096775393484773],[-48.79036361514754,-27.09686576478262],[-48.789595567206824,-27.096847951852194],[-48.7890777057418,-27.097052787952222],[-48.78850713486688,-27.097101547227926]]]}},{"type":"Feature","id":"itajai-33","properties":{"id":"itajai-33","identificador_fonte":33,"nome_bruto":"Paciência","nome":"Paciência","fonte_id":"bairros","fonte_url":"https://arcgis.itajai.sc.gov.br/server/rest/services/Hosted/bairros_Itajai/FeatureServer/0"},"geometry":{"type":"Polygon","coordinates":[[[-48.748281999757396,-26.990812835399883],[-48.74839327097336,-26.99062938678162],[-48.74834701095403,-26.990458238913522],[-48.74837759247298,-26.990169772060074],[-48.74862420871442,-26.989425394279124],[-48.748971688394676,-26.988650601701483],[-48.74924299914934,-26.988328935860363],[-48.749686907383875,-26.987316839729868],[-48.750269560989516,-26.98674082722485],[-48.7506225593601,-26.98605741564731],[-48.75099728848956,-26.98560738850365],[-48.75155000821727,-26.984038070831637],[-48.751730058741565,-26.98380766026696],[-48.752144556873795,-26.983777229258898],[-48.75252106591491,-26.98357577946509],[-48.75266616210472,-26.98335582070626],[-48.75302788530436,-26.98306522504425],[-48.75490248535994,-26.982996562905118],[-48.75507832293629,-26.982895637303177],[-48.75521661041252,-26.982601475871835],[-48.755485679126814,-26.982390899250184],[-48.75596696151715,-26.982331883275013],[-48.75627295064731,-26.98192925487163],[-48.75637132789943,-26.98156036334006],[-48.75633019769091,-26.98112997966792],[-48.75649436284656,-26.980431394216247],[-48.75679221623131,-26.980021227387002],[-48.75711224976658,-26.97974477461075],[-48.75767519371733,-26.979324004557828],[-48.75817452350408,-26.978401648189404],[-48.758595712478694,-26.978011826780584],[-48.758633050130115,-26.977309008169605],[-48.758782761227486,-26.97720565192896],[-48.75917709212537,-26.97705331319024],[-48.75956586625748,-26.976808365396483],[-48.76029240541286,-26.976284609462443],[-48.76114732726304,-26.973820913195933],[-48.76164089509927,-26.973446105507737],[-48.76209627313502,-26.97288311867347],[-48.76228921982644,-26.97232968302076],[-48.76241199666204,-26.972068441538337],[-48.76285699293052,-26.971493272482117],[-48.76332628904366,-26.970856465295864],[-48.76362239628574,-26.97062693328779],[-48.76395671151684,-26.97052300150408],[-48.76492817585668,-26.970545104357235],[-48.76546133039948,-26.97042640417721],[-48.76546635153348,-26.970172176085494],[-48.76530381885675,-26.968938206004577],[-48.765302365677876,-26.968502446259954],[-48.76523988033459,-26.965742746390966],[-48.77022311886462,-26.968028278648088],[-48.77302673727002,-26.96818234348717],[-48.773436744286045,-26.96827949369965],[-48.77362608982945,-26.968608911002242],[-48.77380131746376,-26.969437793330254],[-48.774184539921265,-26.969866988217955],[-48.77574368291026,-26.970592815000018],[-48.77783640765323,-26.971314947430905],[-48.779313957885776,-26.97152212468842],[-48.7804308280534,-26.9745384324622],[-48.784482322018775,-26.979454606842587],[-48.785010584338714,-26.979781965773004],[-48.78946219015341,-26.9811280931862],[-48.79231723677455,-26.981840781428012],[-48.794883810834335,-26.98203964858693],[-48.791992829442286,-26.988320975560487],[-48.79099722649379,-26.98981890558057],[-48.78402982945691,-26.99409442147831],[-48.78192648134575,-26.994730021611627],[-48.78233929575556,-26.99733627893449],[-48.78110758654569,-26.997620409571198],[-48.782652402484274,-26.998816462670717],[-48.782539813794976,-26.999743872027043],[-48.782012695939244,-27.000630964390044],[-48.78139461859867,-27.003267631159765],[-48.78132522042324,-27.008734306871187],[-48.7807748196551,-27.01080361840033],[-48.779186189322054,-27.01378988628425],[-48.778998050362816,-27.01471609721225],[-48.779189662861306,-27.015640051064832],[-48.780549823540994,-27.018482831076444],[-48.78072292287439,-27.020242555091222],[-48.78072311743138,-27.02211262204512],[-48.78023257334881,-27.024013925206],[-48.779549918638466,-27.026081138547912],[-48.77930763216054,-27.02779396583346],[-48.77927074272025,-27.02966863478869],[-48.778369225984115,-27.030380852097817],[-48.7771123611781,-27.030918507607392],[-48.77405491956329,-27.031384744639762],[-48.77265421165904,-27.032511377946616],[-48.77084918323986,-27.033074083090284],[-48.76626846333399,-27.035238924444734],[-48.765422246318714,-27.031721969075107],[-48.765483947892214,-27.03012653323401],[-48.76499896177202,-27.02910167947518],[-48.76409024015726,-27.025555469851604],[-48.7616971500157,-27.025206630875516],[-48.7598357064915,-27.02512050225424],[-48.756797106841475,-27.02388542812645],[-48.75410976103921,-27.021562663121593],[-48.748242057157924,-27.016524450415577],[-48.746740800112505,-27.007410843163157],[-48.73968854519379,-27.00512332963242],[-48.73551139863842,-27.00296757871744],[-48.734757205084016,-27.001944589022468],[-48.734666135696706,-27.001853337282196],[-48.73578379685235,-26.99931656927363],[-48.73759974535946,-26.996658146905048],[-48.73914170963473,-26.994637990140138],[-48.74175274530367,-26.991104557712593],[-48.74205537876228,-26.990922096196677],[-48.7424846008121,-26.990860080131988],[-48.743016806825,-26.9907235763501],[-48.743195870365675,-26.990472028889947],[-48.74332439425649,-26.990136594941703],[-48.74339471389925,-26.99010137735409],[-48.743583511660205,-26.98994344349221],[-48.743674437383156,-26.98974759643199],[-48.74385007820335,-26.98966733432938],[-48.743977151400564,-26.989695331292545],[-48.74401453670266,-26.989856889537446],[-48.744005317762515,-26.990028083070452],[-48.74391428572601,-26.9902291204253],[-48.74368312976402,-26.990474644452277],[-48.74372527936911,-26.99068819861184],[-48.74381734709655,-26.990726018551594],[-48.743980357369445,-26.99069747628968],[-48.74455326505313,-26.990768957400388],[-48.745003452717334,-26.990885201994324],[-48.74528648828328,-26.99065608425301],[-48.74549647211271,-26.990597867964457],[-48.74570247780427,-26.990645619790147],[-48.7460932065642,-26.990562963803647],[-48.74630852612669,-26.99055900015086],[-48.74643842592588,-26.99068703315048],[-48.74674995966582,-26.99125510925693],[-48.746921387088946,-26.991376397116852],[-48.74723512991269,-26.991418460190495],[-48.748281999757396,-26.990812835399883]]]}},{"type":"Feature","id":"itajai-24","properties":{"id":"itajai-24","identificador_fonte":24,"nome_bruto":"Rio do Meio","nome":"Rio do Meio","fonte_id":"bairros","fonte_url":"https://arcgis.itajai.sc.gov.br/server/rest/services/Hosted/bairros_Itajai/FeatureServer/0"},"geometry":{"type":"Polygon","coordinates":[[[-48.70577741406066,-26.990999053513807],[-48.70579817962521,-26.99094207558662],[-48.706577290006194,-26.988441782666328],[-48.70665781830185,-26.98792555041184],[-48.70503249747664,-26.979884937558506],[-48.70737296802508,-26.973511518635522],[-48.70833102436867,-26.970360470059013],[-48.70842392996162,-26.969450791828805],[-48.70800239860212,-26.96819938427378],[-48.70629753899293,-26.966571508430672],[-48.69927943107966,-26.961073039195483],[-48.69123908106472,-26.95684745953547],[-48.68893770855981,-26.95348562064923],[-48.68825993958197,-26.951571041197713],[-48.68835556739754,-26.950540426974886],[-48.696944444340375,-26.945833354426547],[-48.69750000031419,-26.942222244188244],[-48.69700615547952,-26.942059817735444],[-48.69611552519118,-26.942168439543334],[-48.69553522454192,-26.941753494291664],[-48.69523506510068,-26.941138762252226],[-48.69510784069778,-26.94027102983094],[-48.69797789444236,-26.937372405091796],[-48.69836140440143,-26.93785845117588],[-48.704839507662626,-26.939541742001918],[-48.706598076408724,-26.940088771599843],[-48.7089729244884,-26.94103075907179],[-48.70985296540104,-26.941409488790466],[-48.7113371137484,-26.94221891565976],[-48.71299574914554,-26.943038856444698],[-48.71456722133428,-26.943780372565055],[-48.716044660270136,-26.94442811864008],[-48.71625465776053,-26.944943834688367],[-48.716628378107366,-26.946549738017076],[-48.71755802667432,-26.952883697581],[-48.717872761992695,-26.954731047745515],[-48.71932489698751,-26.956119560149162],[-48.719909075738194,-26.956678131039766],[-48.72042308704485,-26.957206468559026],[-48.722373869652984,-26.96082787146781],[-48.724178001249335,-26.962629332066008],[-48.726566177572444,-26.96407697510569],[-48.728125504032235,-26.965161658565258],[-48.72884444030226,-26.965661745600656],[-48.730632933448426,-26.96717467781457],[-48.7320642891014,-26.968840340348066],[-48.73254575312217,-26.97406217502063],[-48.731833104630034,-26.978752229018664],[-48.73158105197948,-26.979167561603674],[-48.7303271798149,-26.98060926950865],[-48.729877695067565,-26.98994284559149],[-48.73397366207207,-27.001159473635788],[-48.734666135696706,-27.001853337282196],[-48.734757205084016,-27.001944589022468],[-48.73551139863842,-27.00296757871744],[-48.73968854519379,-27.00512332963242],[-48.746740800112505,-27.007410843163157],[-48.748242057157924,-27.016524450415577],[-48.75410976103921,-27.021562663121593],[-48.756797106841475,-27.02388542812645],[-48.7598357064915,-27.02512050225424],[-48.7616971500157,-27.025206630875516],[-48.76409024015726,-27.025555469851604],[-48.76499896177202,-27.02910167947518],[-48.765483947892214,-27.03012653323401],[-48.765422246318714,-27.031721969075107],[-48.76626846333399,-27.035238924444734],[-48.76548891946216,-27.036328458819913],[-48.76824044860629,-27.0409210585207],[-48.76943563910074,-27.040946282686633],[-48.77154865002973,-27.041057005393885],[-48.7719316962917,-27.041333393107358],[-48.773330902994815,-27.04598211359668],[-48.77378184819388,-27.04828696979332],[-48.77360068843567,-27.049809477800306],[-48.77339009013446,-27.050636409175752],[-48.773460572141424,-27.052503800786205],[-48.773583418148796,-27.053934579096826],[-48.77367380130392,-27.055791411565302],[-48.77330045380498,-27.055633768501604],[-48.77312278506369,-27.055380859073527],[-48.77297612086856,-27.055361200353374],[-48.77299757938183,-27.055488025765747],[-48.77293262829985,-27.05554115584586],[-48.77246736465059,-27.05531677890949],[-48.7720883408442,-27.056112893215545],[-48.77201225149218,-27.056497414407943],[-48.77203443145893,-27.057035933418277],[-48.77190961411225,-27.057119481725774],[-48.77179388800571,-27.057054116427047],[-48.771567152674095,-27.05665892265913],[-48.77130559678499,-27.056444142128647],[-48.77120268487316,-27.056105852337883],[-48.77108779109367,-27.05614629291719],[-48.770972539812895,-27.056027885860846],[-48.770814524413545,-27.05601420233697],[-48.77029589172454,-27.056250795960455],[-48.77006097539165,-27.05613201851942],[-48.76992606678168,-27.05591962474509],[-48.76987317450917,-27.055354297001752],[-48.76968352973725,-27.05466259723237],[-48.76954063731554,-27.05442728699822],[-48.76937418003864,-27.05431513093257],[-48.76909753484731,-27.054261899203194],[-48.768547673505076,-27.054329215291812],[-48.76831727649712,-27.054439148484185],[-48.76810724423627,-27.054741788407085],[-48.767289448796966,-27.054867765321465],[-48.7669123428837,-27.05513968524871],[-48.76650777367059,-27.05568110707707],[-48.766077671686276,-27.055779954293275],[-48.76571597157978,-27.055500379967846],[-48.76512946795295,-27.05468541469043],[-48.76363976160498,-27.05348342934064],[-48.76348789227377,-27.05316288992212],[-48.76343509627486,-27.052648517466626],[-48.76307976129747,-27.051952763942076],[-48.76290855622115,-27.051336706284264],[-48.762669947831505,-27.051160295930565],[-48.76207336116051,-27.051160598860307],[-48.761791695582374,-27.051005053233744],[-48.76106514108654,-27.049943084307706],[-48.761006437288636,-27.04973994134321],[-48.76110384117042,-27.049608202481117],[-48.761310898209146,-27.049526454697485],[-48.76254521254942,-27.049687209722254],[-48.762804292436236,-27.049659920637563],[-48.762964349119194,-27.049483329988107],[-48.763051844204895,-27.049003679517323],[-48.76379644165477,-27.048516790226852],[-48.76392018889119,-27.048022854749032],[-48.764449418897456,-27.047490928151518],[-48.764505995578226,-27.047217246861095],[-48.764330278512276,-27.04704915976334],[-48.76389657917875,-27.046994463569302],[-48.76374567876547,-27.04690715945212],[-48.76358328914711,-27.046310730034367],[-48.762526552248225,-27.045532503679254],[-48.76184930511228,-27.04470382657368],[-48.76152220213996,-27.04446445078576],[-48.76063463388192,-27.044337659757844],[-48.75997766315371,-27.044099327581627],[-48.75961249381152,-27.044174593840705],[-48.75938087415175,-27.044349391183527],[-48.75891335096319,-27.044201013442102],[-48.75818398010678,-27.04377606330822],[-48.757331691474135,-27.043606252128555],[-48.75633603182322,-27.043107975616863],[-48.75593483684937,-27.04273678307259],[-48.75578429867711,-27.041912806233412],[-48.75543635764479,-27.041494885183422],[-48.75526885191745,-27.040999545006656],[-48.755278346846,-27.040352387105134],[-48.755688903546705,-27.039920951296285],[-48.7556510622723,-27.03947831090475],[-48.75543742023962,-27.039302127337614],[-48.75431370602515,-27.038966601429763],[-48.75366600451426,-27.038645154380514],[-48.75340441257387,-27.038401857232685],[-48.75339755283715,-27.037897124993997],[-48.753072909137764,-27.037773675783725],[-48.75300840950091,-27.037676538863582],[-48.75328490072594,-27.036230646604864],[-48.753266334442465,-27.035785333796028],[-48.754038537888135,-27.034618562761366],[-48.754440260373336,-27.034223091780397],[-48.75480447024118,-27.033646275463415],[-48.75449831730684,-27.03330405547391],[-48.75459378471949,-27.032660875505687],[-48.75422707986458,-27.032136474907784],[-48.75411631417829,-27.031845454144364],[-48.75424602068028,-27.031357309630685],[-48.754708214815864,-27.03101101729487],[-48.754760384344884,-27.03085146166361],[-48.75450564827091,-27.030769097723827],[-48.7543866207404,-27.03030711230381],[-48.75405575284137,-27.03004955818019],[-48.75405834706497,-27.029923162420246],[-48.75430272405034,-27.029549960471925],[-48.753919994427804,-27.029275698980232],[-48.753723490053396,-27.029263610832455],[-48.7534138013723,-27.02954845375406],[-48.753340262118186,-27.02936846904138],[-48.753110571736464,-27.029143502026653],[-48.752315805765384,-27.028958158585365],[-48.75200743969151,-27.02878331385961],[-48.75157883743851,-27.028799737355246],[-48.751240646098,-27.029022975620318],[-48.75091981852298,-27.029059576185965],[-48.75076382870833,-27.029009333584717],[-48.750753690330896,-27.028862498994236],[-48.75083306241352,-27.028777206106025],[-48.750751949803266,-27.028624322327897],[-48.750780138853855,-27.028444756843864],[-48.75030508993689,-27.02768951263351],[-48.750202882111864,-27.027340267715697],[-48.75047705930219,-27.026888163707415],[-48.7503362151482,-27.026847579889534],[-48.75004962446808,-27.026922617926022],[-48.74987471406941,-27.02663509812401],[-48.74985081313927,-27.026312811237535],[-48.750055350263736,-27.026132952136333],[-48.750935433295275,-27.025931438169174],[-48.75102161217231,-27.02580537216348],[-48.7509073848374,-27.025735112379902],[-48.75036071113677,-27.025708060927087],[-48.75000013952888,-27.025612901945767],[-48.749948358665556,-27.025396066652625],[-48.75021126387511,-27.025099307314232],[-48.75014632874493,-27.024914060325933],[-48.7500001416946,-27.024796072091696],[-48.74974668891154,-27.024741187570275],[-48.749025355734645,-27.024997960011387],[-48.74894639542094,-27.024827386676556],[-48.74899031931836,-27.024271105016528],[-48.7481834492345,-27.023691102383708],[-48.7479442146442,-27.023254261622387],[-48.74750402638722,-27.02303123133093],[-48.74665933563205,-27.02280306113205],[-48.7464749068257,-27.022809175824182],[-48.74626078026667,-27.02293269189077],[-48.74575946685967,-27.022828934375887],[-48.74544863825111,-27.02266103535675],[-48.74542899216602,-27.022419169005868],[-48.74535203812016,-27.02235030076203],[-48.7450228784549,-27.02246572889994],[-48.74428646765021,-27.02246864465881],[-48.74417583590045,-27.022629492534858],[-48.74422398012053,-27.023030424584906],[-48.74415352317195,-27.023068834868184],[-48.74355948276245,-27.022864286521557],[-48.743272341824394,-27.022664059905576],[-48.74311649602071,-27.022508156370304],[-48.74311634090065,-27.02231431733175],[-48.74241272523521,-27.021642143837475],[-48.74215791115902,-27.021755190436604],[-48.742073547551776,-27.02194172816817],[-48.74150040728338,-27.022218827925258],[-48.74116911565158,-27.022109605693473],[-48.74079944324422,-27.021788835264992],[-48.74058669188974,-27.021713772342775],[-48.740171335243005,-27.021761953076055],[-48.740142105725496,-27.021999321309558],[-48.73992482685763,-27.0220209543921],[-48.73972142739287,-27.021536513326105],[-48.73987952618749,-27.021234323987887],[-48.73987969375628,-27.02093822116164],[-48.7401933866348,-27.020789854068056],[-48.74017475921468,-27.020627082077077],[-48.74004259935599,-27.020463901218786],[-48.73934752767055,-27.020075245388135],[-48.73879863661225,-27.020248819428204],[-48.73841994080647,-27.020134667404758],[-48.7379387600295,-27.020291934174807],[-48.73769419126296,-27.020197787972958],[-48.73758225609432,-27.019875193526392],[-48.73778940314339,-27.019726604480823],[-48.73784418125314,-27.01952220126216],[-48.737558053887675,-27.01894174105979],[-48.73744128420305,-27.018862716133732],[-48.73705164614508,-27.018806358478002],[-48.73622312419153,-27.018119214318155],[-48.73565691774096,-27.01803652515512],[-48.73537103643883,-27.018133749853835],[-48.73499520817215,-27.018092473839882],[-48.7344980868661,-27.018154633307123],[-48.733828425550335,-27.018090191141535],[-48.733790207985344,-27.018674356682613],[-48.733671808232984,-27.01870530086518],[-48.73335340203864,-27.01850039148564],[-48.73310245988201,-27.01856398426292],[-48.73285930094847,-27.018956955097785],[-48.732820104358744,-27.019388889888774],[-48.73275614290174,-27.01943349320083],[-48.73233971540357,-27.019191178370143],[-48.732633859284476,-27.019070013420315],[-48.73267904493596,-27.018942161803746],[-48.732255363765326,-27.018917647311753],[-48.73220223377463,-27.018853169314568],[-48.73257350846983,-27.018576423129815],[-48.73262202262872,-27.01823977544172],[-48.73243981990163,-27.01812119259284],[-48.73222357364746,-27.018349896228433],[-48.7319094805912,-27.01828879550808],[-48.731838874775214,-27.01816249485912],[-48.73195989799626,-27.017771570064934],[-48.731762565487436,-27.017574851288458],[-48.73144174259267,-27.01751914154015],[-48.7310264450023,-27.017264058383038],[-48.730621890610216,-27.017319817186873],[-48.72953495643618,-27.016812793999797],[-48.728118405967,-27.016673545983465],[-48.72788386288246,-27.01640888343187],[-48.72772120750477,-27.016421123571345],[-48.727405653850305,-27.0166046611018],[-48.7270395556392,-27.01660975132206],[-48.72687877462821,-27.016543236158043],[-48.726839563048145,-27.016374036651325],[-48.727250184726444,-27.016074008375767],[-48.72732424724557,-27.01561335745366],[-48.727227304045584,-27.015479644652554],[-48.72697326825014,-27.015525487124602],[-48.72668187537473,-27.01482377480235],[-48.72651128431395,-27.014801248130993],[-48.7261811813668,-27.014920930763346],[-48.72585802975034,-27.014895642793395],[-48.72561153626921,-27.015067509090713],[-48.72507340796126,-27.014964421791106],[-48.724749240151304,-27.015046884740077],[-48.72465377298953,-27.014382821327416],[-48.72446725117715,-27.014165010937116],[-48.7240116091358,-27.014355791534985],[-48.72342318370645,-27.014762486889744],[-48.722467912150385,-27.014711805380507],[-48.721859746289844,-27.01481225958681],[-48.72125672405487,-27.014629027182544],[-48.7210825656945,-27.014241212523324],[-48.72047140223475,-27.013791174633532],[-48.719307474581555,-27.01276613175976],[-48.71908544857285,-27.012481887079094],[-48.71795878030414,-27.01156654391846],[-48.716770972004646,-27.009930455439164],[-48.7152348086906,-27.00830787833007],[-48.714724908288815,-27.0078934990206],[-48.714662522156026,-27.007276791913142],[-48.714309091269904,-27.00716967861219],[-48.71378346827777,-27.00716263045405],[-48.71333280022652,-27.0069234222042],[-48.7137078886211,-27.00597460835823],[-48.71361370884153,-27.00463867933054],[-48.71339736998582,-27.004416358407457],[-48.71295633954386,-27.004256385276197],[-48.711754367705446,-27.003227101127546],[-48.711420494920375,-27.00309339213252],[-48.71147591966333,-27.002489302780926],[-48.71118734344559,-27.00172577162133],[-48.71105265060691,-27.000245144072206],[-48.71174806086482,-26.999050345018595],[-48.711978068597524,-26.998860427386802],[-48.71287699168921,-26.997551836429007],[-48.70577741406066,-26.990999053513807]]]}},{"type":"Feature","id":"itajai-25","properties":{"id":"itajai-25","identificador_fonte":25,"nome_bruto":"Baia","nome":"Baia","fonte_id":"bairros","fonte_url":"https://arcgis.itajai.sc.gov.br/server/rest/services/Hosted/bairros_Itajai/FeatureServer/0"},"geometry":{"type":"Polygon","coordinates":[[[-48.731833104630034,-26.978752229018664],[-48.732173334409815,-26.978715017629618],[-48.734664739815535,-26.977630955863763],[-48.736744915199175,-26.9776501563169],[-48.73731905064382,-26.977531309933706],[-48.738486581074376,-26.97752159533858],[-48.74209595365124,-26.97651937141871],[-48.74277838888571,-26.976146104115664],[-48.74435488765569,-26.975538128228234],[-48.745655866190866,-26.97450950768021],[-48.746644577877646,-26.974206932135747],[-48.747570575358786,-26.972965963540144],[-48.74900268344987,-26.97182912463225],[-48.74975127767118,-26.96992362130429],[-48.75014262949678,-26.96941048408147],[-48.75030191894909,-26.968587700376958],[-48.75072663518548,-26.96789366401035],[-48.751441284243086,-26.967093971698734],[-48.75176824390675,-26.966224057800225],[-48.75205256635258,-26.96590130801463],[-48.75321142406251,-26.965122919652707],[-48.75372194804412,-26.96460455455076],[-48.75488632024667,-26.96394719302439],[-48.755321302056345,-26.963633949674072],[-48.755551309974024,-26.96324023427819],[-48.75530064475155,-26.961066198908654],[-48.76108845146704,-26.963101345128766],[-48.76200629381278,-26.96346455221139],[-48.76238975417437,-26.963748122150466],[-48.76269109080277,-26.964571121170287],[-48.76319292085179,-26.964892143806686],[-48.76523988033459,-26.965742746390966],[-48.765302365677876,-26.968502446259954],[-48.76530381885675,-26.968938206004577],[-48.76546635153348,-26.970172176085494],[-48.76546133039948,-26.97042640417721],[-48.76492817585668,-26.970545104357235],[-48.76395671151684,-26.97052300150408],[-48.76362239628574,-26.97062693328779],[-48.76332628904366,-26.970856465295864],[-48.76285699293052,-26.971493272482117],[-48.76241199666204,-26.972068441538337],[-48.76228921982644,-26.97232968302076],[-48.76209627313502,-26.97288311867347],[-48.76164089509927,-26.973446105507737],[-48.76114732726304,-26.973820913195933],[-48.76029240541286,-26.976284609462443],[-48.75956586625748,-26.976808365396483],[-48.75917709212537,-26.97705331319024],[-48.758782761227486,-26.97720565192896],[-48.758633050130115,-26.977309008169605],[-48.758595712478694,-26.978011826780584],[-48.75817452350408,-26.978401648189404],[-48.75767519371733,-26.979324004557828],[-48.75711224976658,-26.97974477461075],[-48.75679221623131,-26.980021227387002],[-48.75649436284656,-26.980431394216247],[-48.75633019769091,-26.98112997966792],[-48.75637132789943,-26.98156036334006],[-48.75627295064731,-26.98192925487163],[-48.75596696151715,-26.982331883275013],[-48.755485679126814,-26.982390899250184],[-48.75521661041252,-26.982601475871835],[-48.75507832293629,-26.982895637303177],[-48.75490248535994,-26.982996562905118],[-48.75302788530436,-26.98306522504425],[-48.75266616210472,-26.98335582070626],[-48.75252106591491,-26.98357577946509],[-48.752144556873795,-26.983777229258898],[-48.751730058741565,-26.98380766026696],[-48.75155000821727,-26.984038070831637],[-48.75099728848956,-26.98560738850365],[-48.7506225593601,-26.98605741564731],[-48.750269560989516,-26.98674082722485],[-48.749686907383875,-26.987316839729868],[-48.74924299914934,-26.988328935860363],[-48.748971688394676,-26.988650601701483],[-48.74862420871442,-26.989425394279124],[-48.74837759247298,-26.990169772060074],[-48.74834701095403,-26.990458238913522],[-48.74839327097336,-26.99062938678162],[-48.748281999757396,-26.990812835399883],[-48.74723512991269,-26.991418460190495],[-48.746921387088946,-26.991376397116852],[-48.74674995966582,-26.99125510925693],[-48.74643842592588,-26.99068703315048],[-48.74630852612669,-26.99055900015086],[-48.7460932065642,-26.990562963803647],[-48.74570247780427,-26.990645619790147],[-48.74549647211271,-26.990597867964457],[-48.74528648828328,-26.99065608425301],[-48.745003452717334,-26.990885201994324],[-48.74455326505313,-26.990768957400388],[-48.743980357369445,-26.99069747628968],[-48.74381734709655,-26.990726018551594],[-48.74372527936911,-26.99068819861184],[-48.74368312976402,-26.990474644452277],[-48.74391428572601,-26.9902291204253],[-48.744005317762515,-26.990028083070452],[-48.74401453670266,-26.989856889537446],[-48.743977151400564,-26.989695331292545],[-48.74385007820335,-26.98966733432938],[-48.743674437383156,-26.98974759643199],[-48.743583511660205,-26.98994344349221],[-48.74339471389925,-26.99010137735409],[-48.74332439425649,-26.990136594941703],[-48.743195870365675,-26.990472028889947],[-48.743016806825,-26.9907235763501],[-48.7424846008121,-26.990860080131988],[-48.74205537876228,-26.990922096196677],[-48.74175274530367,-26.991104557712593],[-48.73914170963473,-26.994637990140138],[-48.73759974535946,-26.996658146905048],[-48.73578379685235,-26.99931656927363],[-48.734666135696706,-27.001853337282196],[-48.73397366207207,-27.001159473635788],[-48.73112037465811,-26.993464775875875],[-48.729877695067565,-26.98994284559149],[-48.73000823179041,-26.986626030483425],[-48.7303271798149,-26.98060926950865],[-48.73158105197948,-26.979167561603674],[-48.731833104630034,-26.978752229018664]]]}},{"type":"Feature","id":"itajai-26","properties":{"id":"itajai-26","identificador_fonte":26,"nome_bruto":"Cordeiros","nome":"Cordeiros","fonte_id":"bairros","fonte_url":"https://arcgis.itajai.sc.gov.br/server/rest/services/Hosted/bairros_Itajai/FeatureServer/0"},"geometry":{"type":"Polygon","coordinates":[[[-48.69133767795389,-26.879087982196094],[-48.69156824630481,-26.879007287815035],[-48.69261565740673,-26.878662234421856],[-48.6929881717724,-26.87807855073013],[-48.69354393631838,-26.87761200691441],[-48.693680066077114,-26.877176660084977],[-48.69383441074145,-26.876889051077075],[-48.69454382640772,-26.876429768049146],[-48.694910819845546,-26.876378683441114],[-48.69533854319838,-26.876471273598394],[-48.69634408695935,-26.876316453325455],[-48.696707320503684,-26.876189202515327],[-48.697284945324256,-26.87621288850636],[-48.69760614881732,-26.87632751737803],[-48.697960709427946,-26.876628180617836],[-48.69829580036588,-26.87710450641505],[-48.69834005365107,-26.87753804211334],[-48.698250307509234,-26.87777914603948],[-48.69785969353631,-26.87794875988803],[-48.697573963403514,-26.878438748724072],[-48.69742087997799,-26.8789261425306],[-48.69780706626551,-26.879236834618673],[-48.699268144290606,-26.879636382297875],[-48.69991828444928,-26.879746851499107],[-48.70051327922505,-26.879699465437614],[-48.70292366931995,-26.878530607004727],[-48.70374845945632,-26.87813498364683],[-48.70407456032646,-26.877745517846936],[-48.704749082174914,-26.87638668829512],[-48.70506207262811,-26.876120669540352],[-48.7054060109102,-26.875897957478408],[-48.70606074675915,-26.87578017367867],[-48.70659519173237,-26.87584117007564],[-48.70739128154024,-26.87607763574525],[-48.70887391110418,-26.876986349624612],[-48.709946452146916,-26.877717178001696],[-48.710363310198005,-26.878283982048277],[-48.71120576152461,-26.88253781650829],[-48.71122409552264,-26.884259868270757],[-48.71160548801101,-26.885864142064577],[-48.71228472263252,-26.886902493105975],[-48.71411169766093,-26.888368461415716],[-48.714138718611714,-26.891241662973037],[-48.71558784007093,-26.891455363964223],[-48.716832891442486,-26.891266226596155],[-48.72132090384624,-26.890187712813713],[-48.720523012207245,-26.892096235969465],[-48.71861111197102,-26.89638891031496],[-48.713630962368114,-26.908676526332794],[-48.703299939309694,-26.902471168238066],[-48.6957332624298,-26.897858011552653],[-48.68852659590278,-26.89367384827401],[-48.68748268408527,-26.892494013679432],[-48.6867958651602,-26.891884294107356],[-48.686145904044025,-26.891337871292325],[-48.68491380763924,-26.890348724641388],[-48.68446721002386,-26.890014965804763],[-48.68371431924752,-26.889320206370048],[-48.6825052087427,-26.887829844438638],[-48.6827989037002,-26.886642336717067],[-48.68277922517508,-26.886529363790427],[-48.68443904430464,-26.88655017442811],[-48.68613313546846,-26.886480070627563],[-48.68750012022045,-26.886090753500127],[-48.68920409401407,-26.88481717373857],[-48.69045177641034,-26.883537406149944],[-48.69118902586405,-26.882283522921515],[-48.691417191168306,-26.88129146683112],[-48.6913795899765,-26.87940799339856],[-48.69133767795389,-26.879087982196094]]]}},{"type":"Feature","id":"itajai-27","properties":{"id":"itajai-27","identificador_fonte":27,"nome_bruto":"São João","nome":"São João","fonte_id":"bairros","fonte_url":"https://arcgis.itajai.sc.gov.br/server/rest/services/Hosted/bairros_Itajai/FeatureServer/0"},"geometry":{"type":"Polygon","coordinates":[[[-48.67011995007021,-26.893043873200543],[-48.670327301930556,-26.893006695248545],[-48.67134205613691,-26.89277900644056],[-48.67163543559503,-26.89294064822568],[-48.67229941777249,-26.892943897493367],[-48.67261427854346,-26.892664215955524],[-48.67430749361427,-26.893973566789516],[-48.67497209541343,-26.89318233264791],[-48.67585096231812,-26.893744952589497],[-48.67793469935283,-26.893676989424684],[-48.68076226138916,-26.893580971466935],[-48.68179264865284,-26.89355229573855],[-48.68262288962897,-26.893543283718852],[-48.68245538132085,-26.89440673089749],[-48.682382358687576,-26.89564806519608],[-48.682367815162756,-26.896360288728143],[-48.68244228928065,-26.897538499318408],[-48.68281351312461,-26.898504991424208],[-48.683045578983865,-26.89897047625155],[-48.6834910206619,-26.899727296165114],[-48.68393484308898,-26.90009650929003],[-48.684375568847784,-26.900306077622503],[-48.68502959895931,-26.90049919533945],[-48.686079157717174,-26.90062469686249],[-48.686335261240075,-26.90069159206653],[-48.68660665443934,-26.90094397743517],[-48.68670421196989,-26.901147914638646],[-48.686697458055676,-26.90163512858485],[-48.686537540810576,-26.902151181194657],[-48.68618638542614,-26.902692596948288],[-48.68546982074074,-26.903538654571857],[-48.68457936642724,-26.90418236640431],[-48.68377040040304,-26.904570922438605],[-48.68303325743603,-26.90486660728903],[-48.682946740090465,-26.90505612744744],[-48.682987969769286,-26.905216394977405],[-48.68326052854335,-26.905411809192422],[-48.683857735134424,-26.905586900656782],[-48.68530315423577,-26.9057873025385],[-48.68579922260256,-26.905778337398964],[-48.68642087006713,-26.906002267060593],[-48.68674606353156,-26.906266934009437],[-48.68687464850861,-26.906508428235554],[-48.686930477027275,-26.906888373616184],[-48.68679229040903,-26.90727368813265],[-48.68618507888789,-26.908055992600474],[-48.68519714395267,-26.90895744422581],[-48.68499252577932,-26.90917067748283],[-48.68479131355551,-26.909839940411448],[-48.68473641432272,-26.910582849407866],[-48.673683895698375,-26.907073918780473],[-48.67255409848463,-26.906711466716523],[-48.672392710310554,-26.905787462672993],[-48.6716063885226,-26.90490704590915],[-48.671498284570845,-26.904316270073178],[-48.67138833058322,-26.903955158787188],[-48.670728884806024,-26.90261230946509],[-48.670618056724365,-26.902433398015162],[-48.668901574778275,-26.900962063286233],[-48.668416284850636,-26.900563938196985],[-48.66642792427412,-26.898812216736303],[-48.66621491138722,-26.89856232925802],[-48.66714190112994,-26.898301327341326],[-48.66806925263657,-26.897899920840544],[-48.6690260233979,-26.897178245343266],[-48.67001787890926,-26.896045646812187],[-48.67033291712868,-26.89508991936165],[-48.67043453574566,-26.894398120807164],[-48.67034642080085,-26.893626942623015],[-48.67011995007021,-26.893043873200543]]]}},{"type":"Feature","id":"itajai-28","properties":{"id":"itajai-28","identificador_fonte":28,"nome_bruto":"São Vicente","nome":"São Vicente","fonte_id":"bairros","fonte_url":"https://arcgis.itajai.sc.gov.br/server/rest/services/Hosted/bairros_Itajai/FeatureServer/0"},"geometry":{"type":"Polygon","coordinates":[[[-48.70954019234532,-26.9184745238715],[-48.70537392058793,-26.91717065271293],[-48.68473641432272,-26.910582849407866],[-48.68479131355551,-26.909839940411448],[-48.68499252577932,-26.90917067748283],[-48.68519714395267,-26.90895744422581],[-48.68618507888789,-26.908055992600474],[-48.68679229040903,-26.90727368813265],[-48.686930477027275,-26.906888373616184],[-48.68687464850861,-26.906508428235554],[-48.68674606353156,-26.906266934009437],[-48.68642087006713,-26.906002267060593],[-48.68579922260256,-26.905778337398964],[-48.68530315423577,-26.9057873025385],[-48.683857735134424,-26.905586900656782],[-48.68326052854335,-26.905411809192422],[-48.682987969769286,-26.905216394977405],[-48.682946740090465,-26.90505612744744],[-48.68303325743603,-26.90486660728903],[-48.68377040040304,-26.904570922438605],[-48.68457936642724,-26.90418236640431],[-48.68546982074074,-26.903538654571857],[-48.68618638542614,-26.902692596948288],[-48.686537540810576,-26.902151181194657],[-48.686697458055676,-26.90163512858485],[-48.68670421196989,-26.901147914638646],[-48.68660665443934,-26.90094397743517],[-48.686335261240075,-26.90069159206653],[-48.686079157717174,-26.90062469686249],[-48.68502959895931,-26.90049919533945],[-48.684375568847784,-26.900306077622503],[-48.68393484308898,-26.90009650929003],[-48.6834910206619,-26.899727296165114],[-48.683045578983865,-26.89897047625155],[-48.68281351312461,-26.898504991424208],[-48.68244228928065,-26.897538499318408],[-48.682367815162756,-26.896360288728143],[-48.682382358687576,-26.89564806519608],[-48.68245538132085,-26.89440673089749],[-48.68262288962897,-26.893543283718852],[-48.68281623043759,-26.89299032920325],[-48.6832105131035,-26.892515174723716],[-48.68345443069097,-26.89239948241651],[-48.68381340806094,-26.892408222336826],[-48.68405757666896,-26.892591767734952],[-48.68418809836107,-26.89289314231646],[-48.684598014719796,-26.893521132629598],[-48.685022794841835,-26.894043921540778],[-48.6856350422429,-26.894569782415548],[-48.6858894305476,-26.894876035932203],[-48.686815785574986,-26.895429839204933],[-48.68755845570408,-26.89579538719407],[-48.68806533256643,-26.895877784652697],[-48.688314099624755,-26.8958362606999],[-48.68879034576853,-26.895393779153054],[-48.68884115206196,-26.89508397789993],[-48.68880496440881,-26.894675855297844],[-48.68852659590278,-26.89367384827401],[-48.6957332624298,-26.897858011552653],[-48.703299939309694,-26.902471168238066],[-48.713630962368114,-26.908676526332794],[-48.70954019234532,-26.9184745238715]]]}},{"type":"Feature","id":"itajai-29","properties":{"id":"itajai-29","identificador_fonte":29,"nome_bruto":"Canhanduba","nome":"Canhanduba","fonte_id":"bairros","fonte_url":"https://arcgis.itajai.sc.gov.br/server/rest/services/Hosted/bairros_Itajai/FeatureServer/0"},"geometry":{"type":"Polygon","coordinates":[[[-48.66329296293206,-26.962651955488187],[-48.66266708528848,-26.962113975655942],[-48.66236678547051,-26.961213143326834],[-48.66240714379526,-26.9603314291126],[-48.6625835644267,-26.95817839934359],[-48.66290638959777,-26.957480624713206],[-48.66281273916346,-26.95722311421293],[-48.6623255977741,-26.956850789302553],[-48.661792499177814,-26.95606838661612],[-48.66041828973758,-26.95515716722248],[-48.65749070851646,-26.954625615369633],[-48.65461969388856,-26.952837492056965],[-48.65399969676026,-26.950617523681938],[-48.65271572811404,-26.94756642509251],[-48.653527274616955,-26.94622729567643],[-48.65408333283129,-26.94302779939669],[-48.65533527849121,-26.941701236017156],[-48.65649060885356,-26.940891951576674],[-48.66245000049257,-26.938791688291733],[-48.66403413560161,-26.939155308754987],[-48.66589661291392,-26.939378023136978],[-48.66668289859464,-26.939716343646985],[-48.66823041835345,-26.93963986722249],[-48.67001082676746,-26.939106109870355],[-48.67082859294398,-26.93872308292119],[-48.67199936842342,-26.938447764124145],[-48.672448845859876,-26.93845148393554],[-48.67615366854478,-26.940048593295867],[-48.676544890231035,-26.940462941662457],[-48.677682441592296,-26.940195583456855],[-48.678784935318085,-26.93944985572511],[-48.67925333388095,-26.939018627230627],[-48.682606543128834,-26.938541239345323],[-48.68269021471797,-26.940961829632993],[-48.68927579457617,-26.940705460227704],[-48.689206382339975,-26.939616159323045],[-48.695126929462326,-26.937983273350646],[-48.695705779653004,-26.937961934790305],[-48.69600644365439,-26.936976204196423],[-48.695964675744435,-26.936495599166037],[-48.69718767207848,-26.936860614375963],[-48.69797789444236,-26.937372405091796],[-48.69510784069778,-26.94027102983094],[-48.69523506510068,-26.941138762252226],[-48.69553522454192,-26.941753494291664],[-48.69611552519118,-26.942168439543334],[-48.69700615547952,-26.942059817735444],[-48.69750000031419,-26.942222244188244],[-48.696944444340375,-26.945833354426547],[-48.68835556739754,-26.950540426974886],[-48.68825993958197,-26.951571041197713],[-48.68893770855981,-26.95348562064923],[-48.69123908106472,-26.95684745953547],[-48.69927943107966,-26.961073039195483],[-48.70629753899293,-26.966571508430672],[-48.70800239860212,-26.96819938427378],[-48.70842392996162,-26.969450791828805],[-48.70833102436867,-26.970360470059013],[-48.70737296802508,-26.973511518635522],[-48.70503249747664,-26.979884937558506],[-48.70665781830185,-26.98792555041184],[-48.706577290006194,-26.988441782666328],[-48.70579984012352,-26.990943793792123],[-48.70577910101672,-26.991000609712746],[-48.68484926467362,-26.971676519280038],[-48.68417090981448,-26.972695010859997],[-48.6838302269276,-26.97295505754652],[-48.683497604380705,-26.97304796039793],[-48.68272572290606,-26.972701747521434],[-48.682034743461266,-26.972191273659732],[-48.68124441743445,-26.971881804169204],[-48.68044814368987,-26.971873487170228],[-48.67929937978464,-26.97168833792883],[-48.677822752830046,-26.97125013729415],[-48.677473731788076,-26.97122970906747],[-48.6770633596083,-26.971340831033395],[-48.67681569563876,-26.971299158557116],[-48.676467755003614,-26.970918769896272],[-48.675567551825054,-26.970181110755625],[-48.675272897788176,-26.96976774309527],[-48.675175922410325,-26.9694718053787],[-48.67508699569088,-26.968542824312223],[-48.67513709782402,-26.96811380510043],[-48.6750067111921,-26.967836054915978],[-48.67446716129255,-26.96754426263957],[-48.6741385577518,-26.967522385847705],[-48.67332444588435,-26.967639020703558],[-48.673276885301654,-26.967296967268787],[-48.673334852948024,-26.966790071582853],[-48.67324487657202,-26.966371373580834],[-48.673133832127874,-26.966124372747455],[-48.67284610974989,-26.965841253520832],[-48.6720705935698,-26.965569894451402],[-48.67045201544811,-26.965177897115613],[-48.6695102016681,-26.96456811721264],[-48.66904329352058,-26.964413828137832],[-48.668546821595896,-26.964090298491012],[-48.66714181734418,-26.963462741677482],[-48.66591869335866,-26.962768536686077],[-48.66541110756481,-26.962690765397312],[-48.66372291095712,-26.962802841083658],[-48.66329296293206,-26.962651955488187]]]}},{"type":"Feature","id":"itajai-30","properties":{"id":"itajai-30","identificador_fonte":30,"nome_bruto":"Ressacada","nome":"Ressacada","fonte_id":"bairros","fonte_url":"https://arcgis.itajai.sc.gov.br/server/rest/services/Hosted/bairros_Itajai/FeatureServer/0"},"geometry":{"type":"Polygon","coordinates":[[[-48.67075298228414,-26.926619981441092],[-48.67305555527297,-26.925277798885602],[-48.673204106990696,-26.92144278671916],[-48.67619633540012,-26.92350084081341],[-48.67870618767213,-26.92524575871339],[-48.678544001502104,-26.92554592622484],[-48.6783113387863,-26.925652453730297],[-48.6783246948217,-26.92569052861499],[-48.67870711267574,-26.929246172375038],[-48.67897931019039,-26.936505902586376],[-48.67734746924515,-26.939494570046897],[-48.67761504958002,-26.939432250363705],[-48.677682441592296,-26.940195583456855],[-48.676544890231035,-26.940462941662457],[-48.67615366854478,-26.940048593295867],[-48.672448845859876,-26.93845148393554],[-48.67199936842342,-26.938447764124145],[-48.67082859294398,-26.93872308292119],[-48.67001082676746,-26.939106109870355],[-48.66823041835345,-26.93963986722249],[-48.66668289859464,-26.939716343646985],[-48.66589661291392,-26.939378023136978],[-48.66403413560161,-26.939155308754987],[-48.66245000049257,-26.938791688291733],[-48.66179530150419,-26.93643367792676],[-48.661647033688666,-26.934065877372312],[-48.66239473372992,-26.932345584988383],[-48.66248131669774,-26.930614334934738],[-48.66267971403694,-26.93024429577796],[-48.66318681634555,-26.929859423473594],[-48.66374669341713,-26.929073598654735],[-48.66374284654698,-26.928643212743765],[-48.662777778125154,-26.92694446519509],[-48.66878199440607,-26.925837920897912],[-48.67075298228414,-26.926619981441092]]]}},{"type":"Feature","id":"itajai-31","properties":{"id":"itajai-31","identificador_fonte":31,"nome_bruto":"Carvalho","nome":"Carvalho","fonte_id":"bairros","fonte_url":"https://arcgis.itajai.sc.gov.br/server/rest/services/Hosted/bairros_Itajai/FeatureServer/0"},"geometry":{"type":"Polygon","coordinates":[[[-48.70230659143115,-26.933005365861057],[-48.69797789444236,-26.937372405091796],[-48.69718767207848,-26.936860614375963],[-48.695964675744435,-26.936495599166037],[-48.69600644365439,-26.936976204196423],[-48.695705779653004,-26.937961934790305],[-48.695126929462326,-26.937983273350646],[-48.689206382339975,-26.939616159323045],[-48.68927579457617,-26.940705460227704],[-48.68269021471797,-26.940961829632993],[-48.682606543128834,-26.938541239345323],[-48.67925333388095,-26.939018627230627],[-48.678784935318085,-26.93944985572511],[-48.677682441592296,-26.940195583456855],[-48.67761504958002,-26.939432250363705],[-48.67734746924515,-26.939494570046897],[-48.67897931019039,-26.936505902586376],[-48.67870711267574,-26.929246172375038],[-48.6783246948217,-26.92569052861499],[-48.6783113387863,-26.925652453730297],[-48.678544001502104,-26.92554592622484],[-48.67870618767213,-26.92524575871339],[-48.67907907056231,-26.925343642698696],[-48.682589159323896,-26.925067709911215],[-48.68288525323138,-26.925044342603297],[-48.68305719079811,-26.925036901292074],[-48.68294240149707,-26.92473474488084],[-48.68442864665578,-26.92419453423806],[-48.68442585400824,-26.923930555210855],[-48.68559419724124,-26.924122694398793],[-48.686321927012145,-26.924294222154437],[-48.68720543233207,-26.924622190901264],[-48.68783402262265,-26.924666693721537],[-48.688259706756305,-26.924371585655013],[-48.68842489159722,-26.92406650850457],[-48.688453138545384,-26.92361669520683],[-48.68832836872241,-26.923187174765822],[-48.687854616708705,-26.92240995231814],[-48.68731843439574,-26.921888191918377],[-48.687374631742316,-26.921626928388783],[-48.687928358254645,-26.921288321263884],[-48.68898860781167,-26.921054905232914],[-48.68949641146536,-26.92109741948983],[-48.68991972571816,-26.92122974407935],[-48.6906067279253,-26.92183945943256],[-48.69117103339554,-26.92347880934742],[-48.69100849842386,-26.92396632350188],[-48.690493108664164,-26.924607652448948],[-48.690138279757484,-26.92485832944801],[-48.689863644044635,-26.925230013776673],[-48.68959498386085,-26.925932375527644],[-48.689375462509986,-26.926407555247998],[-48.688398926484155,-26.926898829214263],[-48.68761300001745,-26.927085438790904],[-48.68717563563256,-26.927329054903307],[-48.686966760222816,-26.92759351540584],[-48.686938253324094,-26.9284635482104],[-48.68722222283423,-26.929166687327548],[-48.687706995921346,-26.92981069287304],[-48.688286612828975,-26.930790449889287],[-48.688679891175575,-26.93102043328037],[-48.688856559547304,-26.931204062608185],[-48.68917994040079,-26.931218872284177],[-48.68949368149276,-26.931185962423633],[-48.68997622364993,-26.930941789066498],[-48.69038469508211,-26.930686889539267],[-48.690634006171976,-26.93069097138044],[-48.690952445523166,-26.930948261014215],[-48.691176932228956,-26.93138950282104],[-48.691280046971244,-26.932318641814888],[-48.69146440314801,-26.93290666683859],[-48.691823230958114,-26.933526084531096],[-48.69250024528359,-26.934155463998387],[-48.69297735505397,-26.93443912627607],[-48.69352450962076,-26.93441002454822],[-48.6942523312946,-26.934108018230773],[-48.694791003740576,-26.93397413738876],[-48.69570032345967,-26.93387960367397],[-48.69660771010446,-26.933880157203088],[-48.6968860653126,-26.933761041948035],[-48.69711918983575,-26.933517526965794],[-48.69717590822621,-26.933337717782695],[-48.69713251505327,-26.93312298149066],[-48.697008682790425,-26.932949737967434],[-48.6967438484052,-26.932664799707123],[-48.69636136094209,-26.932163911789463],[-48.696310150405104,-26.932072707400255],[-48.69631150457186,-26.93200614335228],[-48.69635529425446,-26.931940271443764],[-48.696457046302754,-26.931894372138185],[-48.69667993583219,-26.93189325518435],[-48.697076715135545,-26.93195205149236],[-48.697896887641285,-26.932326909227154],[-48.69818728829175,-26.93239823469265],[-48.699778860462814,-26.93241468642266],[-48.70074805928928,-26.93250658618113],[-48.701792587959986,-26.932808980950863],[-48.70230659143115,-26.933005365861057]]]}},{"type":"Feature","id":"itajai-34","properties":{"id":"itajai-34","identificador_fonte":34,"nome_bruto":"São Roque","nome":"São Roque","fonte_id":"bairros","fonte_url":"https://arcgis.itajai.sc.gov.br/server/rest/services/Hosted/bairros_Itajai/FeatureServer/0"},"geometry":{"type":"Polygon","coordinates":[[[-48.758922338623684,-26.936014762509323],[-48.758716271670636,-26.934975898023694],[-48.75820098892063,-26.93450463196869],[-48.75711600079716,-26.933533076290015],[-48.75486759662219,-26.931718341665686],[-48.75321474124053,-26.930990372400853],[-48.75227718848147,-26.930799859915428],[-48.751363238604625,-26.930624456477688],[-48.750274783288376,-26.93036971352381],[-48.74936536103435,-26.929999128915213],[-48.747678838535776,-26.92926994648881],[-48.746396622230165,-26.928602869333318],[-48.745142936128275,-26.927771769510368],[-48.74298934822437,-26.92644645251073],[-48.739191034858806,-26.92417004188452],[-48.73534382905732,-26.92176596070196],[-48.73273207413828,-26.92014789215119],[-48.71960454336308,-26.91224061718869],[-48.71796596758457,-26.911245051772923],[-48.713630962368114,-26.908676526332794],[-48.71861111197102,-26.89638891031496],[-48.71953778385715,-26.89711365082254],[-48.72035194331203,-26.898702844700967],[-48.722777778038036,-26.900000020831158],[-48.72877226943698,-26.901909525384074],[-48.73202799893411,-26.90152300489033],[-48.73538073887209,-26.902705451765573],[-48.73755812936046,-26.90463268626048],[-48.73971692758915,-26.90561712362785],[-48.74803444252332,-26.905641333053044],[-48.74860535997217,-26.905733390622895],[-48.74965240270429,-26.905902214425865],[-48.754945960997624,-26.902403743633908],[-48.75818888916894,-26.899980577121408],[-48.75942695299758,-26.900997752671035],[-48.764610626268386,-26.90731977654872],[-48.77855600250047,-26.917276193789817],[-48.78037258933782,-26.918641745261425],[-48.7811363155634,-26.91929605275369],[-48.778926686288884,-26.921121180536797],[-48.77855702575064,-26.92157211479276],[-48.77669823838127,-26.9231058100632],[-48.77649603939957,-26.92308549220334],[-48.77637019776576,-26.923154312814948],[-48.77246451613335,-26.92639309731647],[-48.76984281496754,-26.928417051886964],[-48.76338556234786,-26.933681430295312],[-48.76146385426665,-26.93474321868163],[-48.758922338623684,-26.936014762509323]]]}},{"type":"Feature","id":"itajai-9","properties":{"id":"itajai-9","identificador_fonte":9,"nome_bruto":"Praia Brava","nome":"Praia Brava","fonte_id":"bairros","fonte_url":"https://arcgis.itajai.sc.gov.br/server/rest/services/Hosted/bairros_Itajai/FeatureServer/0"},"geometry":{"type":"Polygon","coordinates":[[[-48.62202429118471,-26.92547008641446],[-48.622093749947794,-26.925554532264094],[-48.62348861795668,-26.927145279285913],[-48.62429621966242,-26.92741401473528],[-48.62500757310524,-26.927667458345937],[-48.62533874128183,-26.92811496002531],[-48.62573687140387,-26.929005513722913],[-48.62597963904945,-26.929305736706972],[-48.62599913002273,-26.929588533004484],[-48.625788063719206,-26.92995856773347],[-48.625811370693484,-26.930059190509734],[-48.626229211954836,-26.930494480502436],[-48.62671403965894,-26.930643873709354],[-48.627176799138056,-26.93063343484435],[-48.62775957089902,-26.93047466700262],[-48.62883406238887,-26.930592579617496],[-48.62983691057589,-26.930792056566634],[-48.63046541716878,-26.931362998193073],[-48.63123020471521,-26.93222325019534],[-48.631894498273894,-26.933514627130474],[-48.63197536315015,-26.93483385294738],[-48.63288150328468,-26.93513450529828],[-48.6341148859067,-26.93491407873276],[-48.635190061809844,-26.934825826898056],[-48.63663424641292,-26.93546430663079],[-48.63777777784585,-26.93472224309567],[-48.63820952230128,-26.935641292743494],[-48.639401330974124,-26.935991678387506],[-48.641388888701094,-26.937222243468135],[-48.64325370266041,-26.938013896031244],[-48.643603605982946,-26.936774171875058],[-48.64495388655986,-26.936384509916014],[-48.64535621032505,-26.936054931595063],[-48.64710139849592,-26.936680967246886],[-48.64800462920438,-26.93674342342043],[-48.6485376040984,-26.937011722881156],[-48.64944444496303,-26.93833335485428],[-48.65089253239523,-26.93959608091858],[-48.65189019378724,-26.941658333938516],[-48.653344250225985,-26.942272232942532],[-48.65408333283129,-26.94302779939669],[-48.653527274616955,-26.94622729567643],[-48.65271572811404,-26.94756642509251],[-48.65399969676026,-26.950617523681938],[-48.65461969388856,-26.952837492056965],[-48.65749070851646,-26.954625615369633],[-48.66041828973758,-26.95515716722248],[-48.661792499177814,-26.95606838661612],[-48.6623255977741,-26.956850789302553],[-48.66281273916346,-26.95722311421293],[-48.66290638959777,-26.957480624713206],[-48.6625835644267,-26.95817839934359],[-48.66240714379526,-26.9603314291126],[-48.66236678547051,-26.961213143326834],[-48.66266708528848,-26.962113975655942],[-48.66329296293206,-26.962651955488187],[-48.662980118228,-26.962754958585073],[-48.662590346016344,-26.963071428411563],[-48.66201373667473,-26.9638357373047],[-48.66181907901926,-26.964184291544388],[-48.661568909473864,-26.964977183006596],[-48.660796364078976,-26.96590250094424],[-48.66029890970489,-26.966078921208517],[-48.659176003692544,-26.96616215378988],[-48.65877072877642,-26.965852665242686],[-48.65868828150418,-26.96548904818122],[-48.65857657992875,-26.965354502834906],[-48.65837023564106,-26.96533630106949],[-48.65798165335282,-26.965452830959027],[-48.657728467191035,-26.965331457102874],[-48.657498359751415,-26.96497829624949],[-48.657474644627925,-26.964651613444502],[-48.65739077654568,-26.964536227047244],[-48.65627809912129,-26.964527123016577],[-48.65557350884089,-26.96459828202491],[-48.6553039903432,-26.964410219922787],[-48.654904503291746,-26.964268193746122],[-48.653323013434964,-26.962288073958145],[-48.65271640163481,-26.961888964081975],[-48.651814492191534,-26.96156562723826],[-48.65123112535577,-26.96097684736584],[-48.65084713042226,-26.960856701276736],[-48.65010325221086,-26.96010260240042],[-48.649918100762015,-26.959654397791258],[-48.64952296665764,-26.959614855778828],[-48.649222670065974,-26.959358600388818],[-48.648999263515016,-26.95932119983637],[-48.64850957824469,-26.959050799869438],[-48.648483072969135,-26.958772368174873],[-48.64834942094825,-26.958580023295397],[-48.647497098585994,-26.958391574709967],[-48.647143437594316,-26.95843624310155],[-48.6467607447129,-26.95812657610543],[-48.64589012173799,-26.957972621321353],[-48.64553457132609,-26.958106571366642],[-48.64543179250217,-26.958247111847946],[-48.6454037790864,-26.95849631536266],[-48.64521219099211,-26.958505874986887],[-48.6446902623983,-26.957880648207993],[-48.64432663315207,-26.95762934932131],[-48.64404744982854,-26.957503937039313],[-48.64356217928967,-26.957485097710368],[-48.643452837847576,-26.957420934780338],[-48.64346083230237,-26.95587968784206],[-48.64293986281487,-26.956004609687135],[-48.64286975068959,-26.95583886624651],[-48.64269546219872,-26.955776532494696],[-48.642229588011055,-26.955197442230624],[-48.64198649647937,-26.9553073526052],[-48.641224826676584,-26.9553376377482],[-48.64067270213744,-26.955504104818935],[-48.63982502748567,-26.95602121032587],[-48.63932186167525,-26.956087772567166],[-48.639004910879244,-26.956031997964573],[-48.63880747764717,-26.95589457751237],[-48.63868096577672,-26.95565798414072],[-48.638780563806506,-26.95518548172702],[-48.638709715591006,-26.95480912681704],[-48.63797689100236,-26.954235090353436],[-48.637780635987,-26.954184984852333],[-48.63716719405071,-26.954154307080568],[-48.63560457682503,-26.95444490088112],[-48.63471876680587,-26.954422986024703],[-48.63442268256085,-26.954555439401233],[-48.63390978345917,-26.95455990666139],[-48.63361534801918,-26.954678362516795],[-48.632993800089054,-26.954566157524688],[-48.63289492071377,-26.954605285178086],[-48.63256441012371,-26.95487814057892],[-48.6326162736195,-26.955258503110556],[-48.632109397844,-26.95769840653435],[-48.63195246640877,-26.958285221129188],[-48.63162538919733,-26.95872734348763],[-48.63128662747842,-26.959025213694343],[-48.6304451229917,-26.95947964822577],[-48.62994248543087,-26.959614957174416],[-48.629556997538224,-26.959805526096154],[-48.62895026892124,-26.959864827175753],[-48.62846931059345,-26.96007444664661],[-48.628252803614664,-26.960055263343165],[-48.62834664529276,-26.959604836187133],[-48.62879789096627,-26.95859467711085],[-48.628863753181996,-26.958092545465252],[-48.62917961458129,-26.957212942237287],[-48.62917091729486,-26.956825255591855],[-48.62949070485365,-26.955335571045975],[-48.62943477650016,-26.954571172537147],[-48.62949231703682,-26.9542065993797],[-48.62937278018803,-26.953390227278774],[-48.62933962486935,-26.951897070116775],[-48.62880194832653,-26.947649154248754],[-48.62862800116788,-26.945481490978107],[-48.62851951474771,-26.944756757518075],[-48.62839125770329,-26.944408301411407],[-48.62839537577311,-26.94387676857247],[-48.62830062695936,-26.943677538638173],[-48.62815808845818,-26.94248028734033],[-48.62819686729562,-26.94217294688225],[-48.62792183037265,-26.9410380926524],[-48.627979466351725,-26.940300470989992],[-48.62773499976284,-26.939667287462886],[-48.62756005569375,-26.93874637267011],[-48.62753606218972,-26.937983145458375],[-48.62729869891611,-26.93722306240961],[-48.627303844255174,-26.936930360861854],[-48.627147308088006,-26.9362949487745],[-48.62703896456342,-26.93610182260331],[-48.626954016791146,-26.934896716224685],[-48.62653845527324,-26.933267103603686],[-48.6259004555297,-26.93193012414337],[-48.62580240155213,-26.93140737454651],[-48.625665220897424,-26.931141888060573],[-48.62544901442628,-26.930883998663237],[-48.62503122566871,-26.930600979645305],[-48.62488035366702,-26.930648063617678],[-48.624615348754574,-26.93102614170655],[-48.624291865626844,-26.931076852411323],[-48.6241870608503,-26.930975367543954],[-48.624162089707426,-26.9304991769278],[-48.624311713305865,-26.9303890855524],[-48.62422960383508,-26.93029369972656],[-48.62425933057998,-26.930158620873424],[-48.62454278116275,-26.929885888859896],[-48.624835522447185,-26.929898037677674],[-48.624925834238994,-26.929761641530494],[-48.62487930095751,-26.929167753088155],[-48.62460815916638,-26.92898092992338],[-48.62479709858901,-26.92887471883351],[-48.62420644610871,-26.92860556091771],[-48.62458350446034,-26.928537002911362],[-48.62460873278171,-26.928443819157515],[-48.62399219019418,-26.927936033960076],[-48.62276557124343,-26.92731639171192],[-48.622704376264274,-26.927118003058705],[-48.622394047392405,-26.927034314100386],[-48.62200576860387,-26.926715026652094],[-48.62170360282632,-26.926379074209784],[-48.621743780895365,-26.926215024371114],[-48.621617702264636,-26.926186322013262],[-48.62148893426005,-26.926039284886397],[-48.62157378957108,-26.925937596595208],[-48.62150413194391,-26.92582454355142],[-48.62172992034953,-26.925840955922837],[-48.621511511753965,-26.92571460770492],[-48.62157103291558,-26.92557604494237],[-48.62185676358116,-26.92561621645887],[-48.621795265023344,-26.925452127385146],[-48.62202429118471,-26.92547008641446]]]}}]}